instance,element_label,element_type,node_1,node_2,node_3,node_4
PART-6-1,1,S4R,82,83,1981,1978
PART-6-1,2,S4R,83,1,69,1981
PART-6-1,3,S4R,1978,1981,1982,1977
PART-6-1,4,S4R,1981,69,70,1982
PART-6-1,5,S4R,1977,1982,1983,1976
PART-6-1,6,S4R,1982,70,71,1983
PART-6-1,7,S4R,1976,1983,1975,1974
PART-6-1,8,S4R,1983,71,72,1975
PART-6-1,9,S4R,72,73,1984,1975
PART-6-1,10,S4R,73,74,1985,1984
PART-6-1,11,S4R,74,2,75,1985
PART-6-1,12,S4R,1975,1984,1980,1974
PART-6-1,13,S4R,1984,1985,1979,1980
PART-6-1,14,S4R,1985,75,76,1979
PART-6-1,15,S4R,76,77,1986,1979
PART-6-1,16,S4R,77,78,1987,1986
PART-6-1,17,S4R,78,79,1988,1987
PART-6-1,18,S4R,79,3,80,1988
PART-6-1,19,S4R,1979,1986,1989,1980
PART-6-1,20,S4R,1986,1987,1990,1989
PART-6-1,21,S4R,1987,1988,1991,1990
PART-6-1,22,S4R,1988,80,81,1991
PART-6-1,23,S4R,1980,1989,1976,1974
PART-6-1,24,S4R,1989,1990,1977,1976
PART-6-1,25,S4R,1990,1991,1978,1977
PART-6-1,26,S4R,1991,81,82,1978
PART-6-1,27,S4R,96,4,84,1994
PART-6-1,28,S4R,1994,84,85,1993
PART-6-1,29,S4R,1993,85,86,1992
PART-6-1,30,S4R,86,87,1997,1992
PART-6-1,31,S4R,87,88,1996,1997
PART-6-1,32,S4R,88,89,1995,1996
PART-6-1,33,S4R,89,5,90,1995
PART-6-1,34,S4R,90,91,1998,1995
PART-6-1,35,S4R,91,92,1999,1998
PART-6-1,36,S4R,92,6,93,1999
PART-6-1,37,S4R,1995,1998,2000,1996
PART-6-1,38,S4R,1998,1999,2001,2000
PART-6-1,39,S4R,1999,93,94,2001
PART-6-1,40,S4R,1996,2000,2002,1997
PART-6-1,41,S4R,2000,2001,2003,2002
PART-6-1,42,S4R,2001,94,95,2003
PART-6-1,43,S4R,1997,2002,1993,1992
PART-6-1,44,S4R,2002,2003,1994,1993
PART-6-1,45,S4R,2003,95,96,1994
PART-6-1,46,S4R,109,7,97,2006
PART-6-1,47,S4R,2006,97,98,2005
PART-6-1,48,S4R,2005,98,99,2004
PART-6-1,49,S4R,99,100,2009,2004
PART-6-1,50,S4R,100,101,2008,2009
PART-6-1,51,S4R,101,102,2007,2008
PART-6-1,52,S4R,102,8,103,2007
PART-6-1,53,S4R,103,104,2010,2007
PART-6-1,54,S4R,104,105,2011,2010
PART-6-1,55,S4R,105,9,106,2011
PART-6-1,56,S4R,2007,2010,2012,2008
PART-6-1,57,S4R,2010,2011,2013,2012
PART-6-1,58,S4R,2011,106,107,2013
PART-6-1,59,S4R,2008,2012,2014,2009
PART-6-1,60,S4R,2012,2013,2015,2014
PART-6-1,61,S4R,2013,107,108,2015
PART-6-1,62,S4R,2009,2014,2005,2004
PART-6-1,63,S4R,2014,2015,2006,2005
PART-6-1,64,S4R,2015,108,109,2006
PART-6-1,65,S4R,122,10,110,2018
PART-6-1,66,S4R,2018,110,111,2017
PART-6-1,67,S4R,2017,111,112,2016
PART-6-1,68,S4R,112,113,2021,2016
PART-6-1,69,S4R,113,114,2020,2021
PART-6-1,70,S4R,114,115,2019,2020
PART-6-1,71,S4R,115,11,116,2019
PART-6-1,72,S4R,116,117,2022,2019
PART-6-1,73,S4R,117,118,2023,2022
PART-6-1,74,S4R,118,12,119,2023
PART-6-1,75,S4R,2019,2022,2024,2020
PART-6-1,76,S4R,2022,2023,2025,2024
PART-6-1,77,S4R,2023,119,120,2025
PART-6-1,78,S4R,2020,2024,2026,2021
PART-6-1,79,S4R,2024,2025,2027,2026
PART-6-1,80,S4R,2025,120,121,2027
PART-6-1,81,S4R,2021,2026,2017,2016
PART-6-1,82,S4R,2026,2027,2018,2017
PART-6-1,83,S4R,2027,121,122,2018
PART-6-1,84,S4R,135,13,123,2030
PART-6-1,85,S4R,2030,123,124,2029
PART-6-1,86,S4R,2029,124,125,2028
PART-6-1,87,S4R,125,126,2033,2028
PART-6-1,88,S4R,126,127,2032,2033
PART-6-1,89,S4R,127,128,2031,2032
PART-6-1,90,S4R,128,14,129,2031
PART-6-1,91,S4R,129,130,2034,2031
PART-6-1,92,S4R,130,131,2035,2034
PART-6-1,93,S4R,131,15,132,2035
PART-6-1,94,S4R,2031,2034,2036,2032
PART-6-1,95,S4R,2034,2035,2037,2036
PART-6-1,96,S4R,2035,132,133,2037
PART-6-1,97,S4R,2032,2036,2038,2033
PART-6-1,98,S4R,2036,2037,2039,2038
PART-6-1,99,S4R,2037,133,134,2039
PART-6-1,100,S4R,2033,2038,2029,2028
PART-6-1,101,S4R,2038,2039,2030,2029
PART-6-1,102,S4R,2039,134,135,2030
PART-6-1,103,S4R,149,150,2047,2044
PART-6-1,104,S4R,150,16,136,2047
PART-6-1,105,S4R,2044,2047,2048,2043
PART-6-1,106,S4R,2047,136,137,2048
PART-6-1,107,S4R,2043,2048,2049,2042
PART-6-1,108,S4R,2048,137,138,2049
PART-6-1,109,S4R,2042,2049,2041,2040
PART-6-1,110,S4R,2049,138,139,2041
PART-6-1,111,S4R,139,140,2050,2041
PART-6-1,112,S4R,140,141,2051,2050
PART-6-1,113,S4R,141,17,142,2051
PART-6-1,114,S4R,2041,2050,2046,2040
PART-6-1,115,S4R,2050,2051,2045,2046
PART-6-1,116,S4R,2051,142,143,2045
PART-6-1,117,S4R,143,144,2052,2045
PART-6-1,118,S4R,144,145,2053,2052
PART-6-1,119,S4R,145,146,2054,2053
PART-6-1,120,S4R,146,18,147,2054
PART-6-1,121,S4R,2045,2052,2055,2046
PART-6-1,122,S4R,2052,2053,2056,2055
PART-6-1,123,S4R,2053,2054,2057,2056
PART-6-1,124,S4R,2054,147,148,2057
PART-6-1,125,S4R,2046,2055,2042,2040
PART-6-1,126,S4R,2055,2056,2043,2042
PART-6-1,127,S4R,2056,2057,2044,2043
PART-6-1,128,S4R,2057,148,149,2044
PART-6-1,129,S4R,166,167,2066,2063
PART-6-1,130,S4R,167,19,151,2066
PART-6-1,131,S4R,2063,2066,2067,2062
PART-6-1,132,S4R,2066,151,152,2067
PART-6-1,133,S4R,2062,2067,2068,2061
PART-6-1,134,S4R,2067,152,153,2068
PART-6-1,135,S4R,2061,2068,2069,2060
PART-6-1,136,S4R,2068,153,154,2069
PART-6-1,137,S4R,2060,2069,2059,2058
PART-6-1,138,S4R,2069,154,155,2059
PART-6-1,139,S4R,155,156,2070,2059
PART-6-1,140,S4R,156,157,2071,2070
PART-6-1,141,S4R,157,20,158,2071
PART-6-1,142,S4R,2059,2070,2065,2058
PART-6-1,143,S4R,2070,2071,2064,2065
PART-6-1,144,S4R,2071,158,159,2064
PART-6-1,145,S4R,159,160,2072,2064
PART-6-1,146,S4R,160,161,2073,2072
PART-6-1,147,S4R,161,162,2074,2073
PART-6-1,148,S4R,162,163,2075,2074
PART-6-1,149,S4R,163,21,164,2075
PART-6-1,150,S4R,2064,2072,2076,2065
PART-6-1,151,S4R,2072,2073,2077,2076
PART-6-1,152,S4R,2073,2074,2078,2077
PART-6-1,153,S4R,2074,2075,2079,2078
PART-6-1,154,S4R,2075,164,165,2079
PART-6-1,155,S4R,2065,2076,2060,2058
PART-6-1,156,S4R,2076,2077,2061,2060
PART-6-1,157,S4R,2077,2078,2062,2061
PART-6-1,158,S4R,2078,2079,2063,2062
PART-6-1,159,S4R,2079,165,166,2063
PART-6-1,160,S4R,177,22,168,2082
PART-6-1,161,S4R,2082,168,169,2081
PART-6-1,162,S4R,2081,169,170,2080
PART-6-1,163,S4R,170,171,2085,2080
PART-6-1,164,S4R,171,172,2084,2085
PART-6-1,165,S4R,172,173,2083,2084
PART-6-1,166,S4R,173,8,103,2083
PART-6-1,167,S4R,103,104,2086,2083
PART-6-1,168,S4R,104,105,2087,2086
PART-6-1,169,S4R,105,9,174,2087
PART-6-1,170,S4R,2083,2086,2088,2084
PART-6-1,171,S4R,2086,2087,2089,2088
PART-6-1,172,S4R,2087,174,175,2089
PART-6-1,173,S4R,2084,2088,2090,2085
PART-6-1,174,S4R,2088,2089,2091,2090
PART-6-1,175,S4R,2089,175,176,2091
PART-6-1,176,S4R,2085,2090,2081,2080
PART-6-1,177,S4R,2090,2091,2082,2081
PART-6-1,178,S4R,2091,176,177,2082
PART-6-1,179,S4R,187,23,178,2094
PART-6-1,180,S4R,2094,178,179,2093
PART-6-1,181,S4R,2093,179,180,2092
PART-6-1,182,S4R,180,181,2097,2092
PART-6-1,183,S4R,181,182,2096,2097
PART-6-1,184,S4R,182,183,2095,2096
PART-6-1,185,S4R,183,5,90,2095
PART-6-1,186,S4R,90,91,2098,2095
PART-6-1,187,S4R,91,92,2099,2098
PART-6-1,188,S4R,92,6,184,2099
PART-6-1,189,S4R,2095,2098,2100,2096
PART-6-1,190,S4R,2098,2099,2101,2100
PART-6-1,191,S4R,2099,184,185,2101
PART-6-1,192,S4R,2096,2100,2102,2097
PART-6-1,193,S4R,2100,2101,2103,2102
PART-6-1,194,S4R,2101,185,186,2103
PART-6-1,195,S4R,2097,2102,2093,2092
PART-6-1,196,S4R,2102,2103,2094,2093
PART-6-1,197,S4R,2103,186,187,2094
PART-6-1,198,S4R,201,202,2111,2108
PART-6-1,199,S4R,202,24,188,2111
PART-6-1,200,S4R,2108,2111,2112,2107
PART-6-1,201,S4R,2111,188,189,2112
PART-6-1,202,S4R,2107,2112,2113,2106
PART-6-1,203,S4R,2112,189,190,2113
PART-6-1,204,S4R,2106,2113,2105,2104
PART-6-1,205,S4R,2113,190,191,2105
PART-6-1,206,S4R,191,192,2114,2105
PART-6-1,207,S4R,192,193,2115,2114
PART-6-1,208,S4R,193,25,194,2115
PART-6-1,209,S4R,2105,2114,2110,2104
PART-6-1,210,S4R,2114,2115,2109,2110
PART-6-1,211,S4R,2115,194,195,2109
PART-6-1,212,S4R,195,196,2116,2109
PART-6-1,213,S4R,196,197,2117,2116
PART-6-1,214,S4R,197,198,2118,2117
PART-6-1,215,S4R,198,26,199,2118
PART-6-1,216,S4R,2109,2116,2119,2110
PART-6-1,217,S4R,2116,2117,2120,2119
PART-6-1,218,S4R,2117,2118,2121,2120
PART-6-1,219,S4R,2118,199,200,2121
PART-6-1,220,S4R,2110,2119,2106,2104
PART-6-1,221,S4R,2119,2120,2107,2106
PART-6-1,222,S4R,2120,2121,2108,2107
PART-6-1,223,S4R,2121,200,201,2108
PART-6-1,224,S4R,212,27,203,2124
PART-6-1,225,S4R,2124,203,204,2123
PART-6-1,226,S4R,2123,204,205,2122
PART-6-1,227,S4R,205,206,2127,2122
PART-6-1,228,S4R,206,207,2126,2127
PART-6-1,229,S4R,207,208,2125,2126
PART-6-1,230,S4R,208,11,116,2125
PART-6-1,231,S4R,116,117,2128,2125
PART-6-1,232,S4R,117,118,2129,2128
PART-6-1,233,S4R,118,12,209,2129
PART-6-1,234,S4R,2125,2128,2130,2126
PART-6-1,235,S4R,2128,2129,2131,2130
PART-6-1,236,S4R,2129,209,210,2131
PART-6-1,237,S4R,2126,2130,2132,2127
PART-6-1,238,S4R,2130,2131,2133,2132
PART-6-1,239,S4R,2131,210,211,2133
PART-6-1,240,S4R,2127,2132,2123,2122
PART-6-1,241,S4R,2132,2133,2124,2123
PART-6-1,242,S4R,2133,211,212,2124
PART-6-1,243,S4R,222,28,213,2136
PART-6-1,244,S4R,2136,213,214,2135
PART-6-1,245,S4R,2135,214,215,2134
PART-6-1,246,S4R,215,216,2139,2134
PART-6-1,247,S4R,216,217,2138,2139
PART-6-1,248,S4R,217,218,2137,2138
PART-6-1,249,S4R,218,14,129,2137
PART-6-1,250,S4R,129,130,2140,2137
PART-6-1,251,S4R,130,131,2141,2140
PART-6-1,252,S4R,131,15,219,2141
PART-6-1,253,S4R,2137,2140,2142,2138
PART-6-1,254,S4R,2140,2141,2143,2142
PART-6-1,255,S4R,2141,219,220,2143
PART-6-1,256,S4R,2138,2142,2144,2139
PART-6-1,257,S4R,2142,2143,2145,2144
PART-6-1,258,S4R,2143,220,221,2145
PART-6-1,259,S4R,2139,2144,2135,2134
PART-6-1,260,S4R,2144,2145,2136,2135
PART-6-1,261,S4R,2145,221,222,2136
PART-6-1,262,S4R,231,232,2153,2150
PART-6-1,263,S4R,232,29,223,2153
PART-6-1,264,S4R,2150,2153,2154,2149
PART-6-1,265,S4R,2153,223,224,2154
PART-6-1,266,S4R,2149,2154,2155,2148
PART-6-1,267,S4R,2154,224,225,2155
PART-6-1,268,S4R,2148,2155,2147,2146
PART-6-1,269,S4R,2155,225,226,2147
PART-6-1,270,S4R,226,227,2156,2147
PART-6-1,271,S4R,227,228,2157,2156
PART-6-1,272,S4R,228,17,142,2157
PART-6-1,273,S4R,2147,2156,2152,2146
PART-6-1,274,S4R,2156,2157,2151,2152
PART-6-1,275,S4R,2157,142,143,2151
PART-6-1,276,S4R,143,144,2158,2151
PART-6-1,277,S4R,144,145,2159,2158
PART-6-1,278,S4R,145,146,2160,2159
PART-6-1,279,S4R,146,18,229,2160
PART-6-1,280,S4R,2151,2158,2161,2152
PART-6-1,281,S4R,2158,2159,2162,2161
PART-6-1,282,S4R,2159,2160,2163,2162
PART-6-1,283,S4R,2160,229,230,2163
PART-6-1,284,S4R,2152,2161,2148,2146
PART-6-1,285,S4R,2161,2162,2149,2148
PART-6-1,286,S4R,2162,2163,2150,2149
PART-6-1,287,S4R,2163,230,231,2150
PART-6-1,288,S4R,241,242,2171,2168
PART-6-1,289,S4R,242,30,233,2171
PART-6-1,290,S4R,2168,2171,2172,2167
PART-6-1,291,S4R,2171,233,234,2172
PART-6-1,292,S4R,2167,2172,2173,2166
PART-6-1,293,S4R,2172,234,235,2173
PART-6-1,294,S4R,2166,2173,2165,2164
PART-6-1,295,S4R,2173,235,236,2165
PART-6-1,296,S4R,236,237,2174,2165
PART-6-1,297,S4R,237,238,2175,2174
PART-6-1,298,S4R,238,2,75,2175
PART-6-1,299,S4R,2165,2174,2170,2164
PART-6-1,300,S4R,2174,2175,2169,2170
PART-6-1,301,S4R,2175,75,76,2169
PART-6-1,302,S4R,76,77,2176,2169
PART-6-1,303,S4R,77,78,2177,2176
PART-6-1,304,S4R,78,79,2178,2177
PART-6-1,305,S4R,79,3,239,2178
PART-6-1,306,S4R,2169,2176,2179,2170
PART-6-1,307,S4R,2176,2177,2180,2179
PART-6-1,308,S4R,2177,2178,2181,2180
PART-6-1,309,S4R,2178,239,240,2181
PART-6-1,310,S4R,2170,2179,2166,2164
PART-6-1,311,S4R,2179,2180,2167,2166
PART-6-1,312,S4R,2180,2181,2168,2167
PART-6-1,313,S4R,2181,240,241,2168
PART-6-1,314,S4R,251,252,2189,2186
PART-6-1,315,S4R,252,31,243,2189
PART-6-1,316,S4R,2186,2189,2190,2185
PART-6-1,317,S4R,2189,243,244,2190
PART-6-1,318,S4R,2185,2190,2191,2184
PART-6-1,319,S4R,2190,244,245,2191
PART-6-1,320,S4R,2184,2191,2183,2182
PART-6-1,321,S4R,2191,245,246,2183
PART-6-1,322,S4R,246,247,2192,2183
PART-6-1,323,S4R,247,248,2193,2192
PART-6-1,324,S4R,248,25,194,2193
PART-6-1,325,S4R,2183,2192,2188,2182
PART-6-1,326,S4R,2192,2193,2187,2188
PART-6-1,327,S4R,2193,194,195,2187
PART-6-1,328,S4R,195,196,2194,2187
PART-6-1,329,S4R,196,197,2195,2194
PART-6-1,330,S4R,197,198,2196,2195
PART-6-1,331,S4R,198,26,249,2196
PART-6-1,332,S4R,2187,2194,2197,2188
PART-6-1,333,S4R,2194,2195,2198,2197
PART-6-1,334,S4R,2195,2196,2199,2198
PART-6-1,335,S4R,2196,249,250,2199
PART-6-1,336,S4R,2188,2197,2184,2182
PART-6-1,337,S4R,2197,2198,2185,2184
PART-6-1,338,S4R,2198,2199,2186,2185
PART-6-1,339,S4R,2199,250,251,2186
PART-6-1,340,S4R,262,263,2208,2205
PART-6-1,341,S4R,263,32,253,2208
PART-6-1,342,S4R,2205,2208,2209,2204
PART-6-1,343,S4R,2208,253,254,2209
PART-6-1,344,S4R,2204,2209,2210,2203
PART-6-1,345,S4R,2209,254,255,2210
PART-6-1,346,S4R,2203,2210,2211,2202
PART-6-1,347,S4R,2210,255,256,2211
PART-6-1,348,S4R,2202,2211,2201,2200
PART-6-1,349,S4R,2211,256,257,2201
PART-6-1,350,S4R,257,258,2212,2201
PART-6-1,351,S4R,258,259,2213,2212
PART-6-1,352,S4R,259,20,158,2213
PART-6-1,353,S4R,2201,2212,2207,2200
PART-6-1,354,S4R,2212,2213,2206,2207
PART-6-1,355,S4R,2213,158,159,2206
PART-6-1,356,S4R,159,160,2214,2206
PART-6-1,357,S4R,160,161,2215,2214
PART-6-1,358,S4R,161,162,2216,2215
PART-6-1,359,S4R,162,163,2217,2216
PART-6-1,360,S4R,163,21,260,2217
PART-6-1,361,S4R,2206,2214,2218,2207
PART-6-1,362,S4R,2214,2215,2219,2218
PART-6-1,363,S4R,2215,2216,2220,2219
PART-6-1,364,S4R,2216,2217,2221,2220
PART-6-1,365,S4R,2217,260,261,2221
PART-6-1,366,S4R,2207,2218,2202,2200
PART-6-1,367,S4R,2218,2219,2203,2202
PART-6-1,368,S4R,2219,2220,2204,2203
PART-6-1,369,S4R,2220,2221,2205,2204
PART-6-1,370,S4R,2221,261,262,2205
PART-6-1,371,S4R,439,440,2252,2226
PART-6-1,372,S4R,440,441,2253,2252
PART-6-1,373,S4R,441,442,2254,2253
PART-6-1,374,S4R,442,443,2255,2254
PART-6-1,375,S4R,443,444,2256,2255
PART-6-1,376,S4R,444,445,2257,2256
PART-6-1,377,S4R,445,446,2258,2257
PART-6-1,378,S4R,446,447,2259,2258
PART-6-1,379,S4R,447,448,2260,2259
PART-6-1,380,S4R,448,449,2261,2260
PART-6-1,381,S4R,449,450,2262,2261
PART-6-1,382,S4R,450,451,2263,2262
PART-6-1,383,S4R,451,452,33,2263
PART-6-1,384,S4R,2226,2252,2264,2225
PART-6-1,385,S4R,2252,2253,2265,2264
PART-6-1,386,S4R,2253,2254,2266,2265
PART-6-1,387,S4R,2254,2255,2267,2266
PART-6-1,388,S4R,2255,2256,2268,2267
PART-6-1,389,S4R,2256,2257,2269,2268
PART-6-1,390,S4R,2257,2258,2270,2269
PART-6-1,391,S4R,2258,2259,2271,2270
PART-6-1,392,S4R,2259,2260,2272,2271
PART-6-1,393,S4R,2260,2261,2273,2272
PART-6-1,394,S4R,2261,2262,2274,2273
PART-6-1,395,S4R,2262,2263,2275,2274
PART-6-1,396,S4R,2263,33,305,2275
PART-6-1,397,S4R,2225,2264,2276,2224
PART-6-1,398,S4R,2264,2265,2277,2276
PART-6-1,399,S4R,2265,2266,2278,2277
PART-6-1,400,S4R,2266,2267,2279,2278
PART-6-1,401,S4R,2267,2268,2280,2279
PART-6-1,402,S4R,2268,2269,2281,2280
PART-6-1,403,S4R,2269,2270,2282,2281
PART-6-1,404,S4R,2270,2271,2283,2282
PART-6-1,405,S4R,2271,2272,2284,2283
PART-6-1,406,S4R,2272,2273,2285,2284
PART-6-1,407,S4R,2273,2274,2286,2285
PART-6-1,408,S4R,2274,2275,2287,2286
PART-6-1,409,S4R,2275,305,304,2287
PART-6-1,410,S4R,2224,2276,2288,2223
PART-6-1,411,S4R,2276,2277,2289,2288
PART-6-1,412,S4R,2277,2278,2290,2289
PART-6-1,413,S4R,2278,2279,2291,2290
PART-6-1,414,S4R,2279,2280,2292,2291
PART-6-1,415,S4R,2280,2281,2293,2292
PART-6-1,416,S4R,2281,2282,2294,2293
PART-6-1,417,S4R,2282,2283,2295,2294
PART-6-1,418,S4R,2283,2284,2296,2295
PART-6-1,419,S4R,2284,2285,2297,2296
PART-6-1,420,S4R,2285,2286,2298,2297
PART-6-1,421,S4R,2286,2287,2299,2298
PART-6-1,422,S4R,2287,304,303,2299
PART-6-1,423,S4R,2223,2288,2300,2222
PART-6-1,424,S4R,2288,2289,2301,2300
PART-6-1,425,S4R,2289,2290,2302,2301
PART-6-1,426,S4R,2290,2291,2303,2302
PART-6-1,427,S4R,2291,2292,2304,2303
PART-6-1,428,S4R,2292,2293,2305,2304
PART-6-1,429,S4R,2293,2294,2306,2305
PART-6-1,430,S4R,2294,2295,2307,2306
PART-6-1,431,S4R,2295,2296,2308,2307
PART-6-1,432,S4R,2296,2297,2309,2308
PART-6-1,433,S4R,2297,2298,2310,2309
PART-6-1,434,S4R,2298,2299,2311,2310
PART-6-1,435,S4R,2299,303,302,2311
PART-6-1,436,S4R,2222,2300,2312,22
PART-6-1,437,S4R,2300,2301,2313,2312
PART-6-1,438,S4R,2301,2302,2314,2313
PART-6-1,439,S4R,2302,2303,2315,2314
PART-6-1,440,S4R,2303,2304,2316,2315
PART-6-1,441,S4R,2304,2305,2317,2316
PART-6-1,442,S4R,2305,2306,2318,2317
PART-6-1,443,S4R,2306,2307,2319,2318
PART-6-1,444,S4R,2307,2308,2320,2319
PART-6-1,445,S4R,2308,2309,2321,2320
PART-6-1,446,S4R,2309,2310,2322,2321
PART-6-1,447,S4R,2310,2311,2323,2322
PART-6-1,448,S4R,2311,302,301,2323
PART-6-1,449,S4R,22,2312,2324,177
PART-6-1,450,S4R,2312,2313,2325,2324
PART-6-1,451,S4R,2313,2314,2326,2325
PART-6-1,452,S4R,2314,2315,2327,2326
PART-6-1,453,S4R,2315,2316,2328,2327
PART-6-1,454,S4R,2316,2317,2329,2328
PART-6-1,455,S4R,2317,2318,2330,2329
PART-6-1,456,S4R,2318,2319,2331,2330
PART-6-1,457,S4R,2319,2320,2332,2331
PART-6-1,458,S4R,2320,2321,2333,2332
PART-6-1,459,S4R,2321,2322,2334,2333
PART-6-1,460,S4R,2322,2323,2335,2334
PART-6-1,461,S4R,2323,301,300,2335
PART-6-1,462,S4R,177,2324,2336,176
PART-6-1,463,S4R,2324,2325,2337,2336
PART-6-1,464,S4R,2325,2326,2338,2337
PART-6-1,465,S4R,2326,2327,2339,2338
PART-6-1,466,S4R,2327,2328,2340,2339
PART-6-1,467,S4R,2328,2329,2341,2340
PART-6-1,468,S4R,2329,2330,2342,2341
PART-6-1,469,S4R,2330,2331,2343,2342
PART-6-1,470,S4R,2331,2332,2344,2343
PART-6-1,471,S4R,2332,2333,2345,2344
PART-6-1,472,S4R,2333,2334,2346,2345
PART-6-1,473,S4R,2334,2335,2347,2346
PART-6-1,474,S4R,2335,300,299,2347
PART-6-1,475,S4R,176,2336,2348,175
PART-6-1,476,S4R,2336,2337,2349,2348
PART-6-1,477,S4R,2337,2338,2350,2349
PART-6-1,478,S4R,2338,2339,2351,2350
PART-6-1,479,S4R,2339,2340,2352,2351
PART-6-1,480,S4R,2340,2341,2353,2352
PART-6-1,481,S4R,2341,2342,2354,2353
PART-6-1,482,S4R,2342,2343,2355,2354
PART-6-1,483,S4R,2343,2344,2356,2355
PART-6-1,484,S4R,2344,2345,2357,2356
PART-6-1,485,S4R,2345,2346,2358,2357
PART-6-1,486,S4R,2346,2347,2359,2358
PART-6-1,487,S4R,2347,299,298,2359
PART-6-1,488,S4R,175,2348,2360,174
PART-6-1,489,S4R,2348,2349,2361,2360
PART-6-1,490,S4R,2349,2350,2362,2361
PART-6-1,491,S4R,2350,2351,2363,2362
PART-6-1,492,S4R,2351,2352,2364,2363
PART-6-1,493,S4R,2352,2353,2365,2364
PART-6-1,494,S4R,2353,2354,2366,2365
PART-6-1,495,S4R,2354,2355,2367,2366
PART-6-1,496,S4R,2355,2356,2368,2367
PART-6-1,497,S4R,2356,2357,2369,2368
PART-6-1,498,S4R,2357,2358,2370,2369
PART-6-1,499,S4R,2358,2359,2371,2370
PART-6-1,500,S4R,2359,298,297,2371
PART-6-1,501,S4R,174,2360,317,9
PART-6-1,502,S4R,2360,2361,316,317
PART-6-1,503,S4R,2361,2362,315,316
PART-6-1,504,S4R,2362,2363,314,315
PART-6-1,505,S4R,2363,2364,313,314
PART-6-1,506,S4R,2364,2365,312,313
PART-6-1,507,S4R,2365,2366,311,312
PART-6-1,508,S4R,2366,2367,310,311
PART-6-1,509,S4R,2367,2368,309,310
PART-6-1,510,S4R,2368,2369,308,309
PART-6-1,511,S4R,2369,2370,307,308
PART-6-1,512,S4R,2370,2371,306,307
PART-6-1,513,S4R,2371,297,34,306
PART-6-1,514,S4R,424,425,2372,2231
PART-6-1,515,S4R,425,426,2373,2372
PART-6-1,516,S4R,426,427,2374,2373
PART-6-1,517,S4R,427,428,2375,2374
PART-6-1,518,S4R,428,429,2376,2375
PART-6-1,519,S4R,429,430,2377,2376
PART-6-1,520,S4R,430,431,2378,2377
PART-6-1,521,S4R,431,432,2379,2378
PART-6-1,522,S4R,432,433,2380,2379
PART-6-1,523,S4R,433,434,2381,2380
PART-6-1,524,S4R,434,435,2382,2381
PART-6-1,525,S4R,435,436,2383,2382
PART-6-1,526,S4R,436,437,2384,2383
PART-6-1,527,S4R,437,438,2385,2384
PART-6-1,528,S4R,438,439,2226,2385
PART-6-1,529,S4R,2231,2372,2386,2230
PART-6-1,530,S4R,2372,2373,2387,2386
PART-6-1,531,S4R,2373,2374,2388,2387
PART-6-1,532,S4R,2374,2375,2389,2388
PART-6-1,533,S4R,2375,2376,2390,2389
PART-6-1,534,S4R,2376,2377,2391,2390
PART-6-1,535,S4R,2377,2378,2392,2391
PART-6-1,536,S4R,2378,2379,2393,2392
PART-6-1,537,S4R,2379,2380,2394,2393
PART-6-1,538,S4R,2380,2381,2395,2394
PART-6-1,539,S4R,2381,2382,2396,2395
PART-6-1,540,S4R,2382,2383,2397,2396
PART-6-1,541,S4R,2383,2384,2398,2397
PART-6-1,542,S4R,2384,2385,2399,2398
PART-6-1,543,S4R,2385,2226,2225,2399
PART-6-1,544,S4R,2230,2386,2400,2229
PART-6-1,545,S4R,2386,2387,2401,2400
PART-6-1,546,S4R,2387,2388,2402,2401
PART-6-1,547,S4R,2388,2389,2403,2402
PART-6-1,548,S4R,2389,2390,2404,2403
PART-6-1,549,S4R,2390,2391,2405,2404
PART-6-1,550,S4R,2391,2392,2406,2405
PART-6-1,551,S4R,2392,2393,2407,2406
PART-6-1,552,S4R,2393,2394,2408,2407
PART-6-1,553,S4R,2394,2395,2409,2408
PART-6-1,554,S4R,2395,2396,2410,2409
PART-6-1,555,S4R,2396,2397,2411,2410
PART-6-1,556,S4R,2397,2398,2412,2411
PART-6-1,557,S4R,2398,2399,2413,2412
PART-6-1,558,S4R,2399,2225,2224,2413
PART-6-1,559,S4R,2229,2400,2414,2228
PART-6-1,560,S4R,2400,2401,2415,2414
PART-6-1,561,S4R,2401,2402,2416,2415
PART-6-1,562,S4R,2402,2403,2417,2416
PART-6-1,563,S4R,2403,2404,2418,2417
PART-6-1,564,S4R,2404,2405,2419,2418
PART-6-1,565,S4R,2405,2406,2420,2419
PART-6-1,566,S4R,2406,2407,2421,2420
PART-6-1,567,S4R,2407,2408,2422,2421
PART-6-1,568,S4R,2408,2409,2423,2422
PART-6-1,569,S4R,2409,2410,2424,2423
PART-6-1,570,S4R,2410,2411,2425,2424
PART-6-1,571,S4R,2411,2412,2426,2425
PART-6-1,572,S4R,2412,2413,2427,2426
PART-6-1,573,S4R,2413,2224,2223,2427
PART-6-1,574,S4R,2228,2414,2428,2227
PART-6-1,575,S4R,2414,2415,2429,2428
PART-6-1,576,S4R,2415,2416,2430,2429
PART-6-1,577,S4R,2416,2417,2431,2430
PART-6-1,578,S4R,2417,2418,2432,2431
PART-6-1,579,S4R,2418,2419,2433,2432
PART-6-1,580,S4R,2419,2420,2434,2433
PART-6-1,581,S4R,2420,2421,2435,2434
PART-6-1,582,S4R,2421,2422,2436,2435
PART-6-1,583,S4R,2422,2423,2437,2436
PART-6-1,584,S4R,2423,2424,2438,2437
PART-6-1,585,S4R,2424,2425,2439,2438
PART-6-1,586,S4R,2425,2426,2440,2439
PART-6-1,587,S4R,2426,2427,2441,2440
PART-6-1,588,S4R,2427,2223,2222,2441
PART-6-1,589,S4R,2227,2428,2442,23
PART-6-1,590,S4R,2428,2429,2443,2442
PART-6-1,591,S4R,2429,2430,2444,2443
PART-6-1,592,S4R,2430,2431,2445,2444
PART-6-1,593,S4R,2431,2432,2446,2445
PART-6-1,594,S4R,2432,2433,2447,2446
PART-6-1,595,S4R,2433,2434,2448,2447
PART-6-1,596,S4R,2434,2435,2449,2448
PART-6-1,597,S4R,2435,2436,2450,2449
PART-6-1,598,S4R,2436,2437,2451,2450
PART-6-1,599,S4R,2437,2438,2452,2451
PART-6-1,600,S4R,2438,2439,2453,2452
PART-6-1,601,S4R,2439,2440,2454,2453
PART-6-1,602,S4R,2440,2441,2455,2454
PART-6-1,603,S4R,2441,2222,22,2455
PART-6-1,604,S4R,23,2442,2456,187
PART-6-1,605,S4R,2442,2443,2457,2456
PART-6-1,606,S4R,2443,2444,2458,2457
PART-6-1,607,S4R,2444,2445,2459,2458
PART-6-1,608,S4R,2445,2446,2460,2459
PART-6-1,609,S4R,2446,2447,2461,2460
PART-6-1,610,S4R,2447,2448,2462,2461
PART-6-1,611,S4R,2448,2449,2463,2462
PART-6-1,612,S4R,2449,2450,2464,2463
PART-6-1,613,S4R,2450,2451,2465,2464
PART-6-1,614,S4R,2451,2452,2466,2465
PART-6-1,615,S4R,2452,2453,2467,2466
PART-6-1,616,S4R,2453,2454,2468,2467
PART-6-1,617,S4R,2454,2455,2469,2468
PART-6-1,618,S4R,2455,22,177,2469
PART-6-1,619,S4R,187,2456,2470,186
PART-6-1,620,S4R,2456,2457,2471,2470
PART-6-1,621,S4R,2457,2458,2472,2471
PART-6-1,622,S4R,2458,2459,2473,2472
PART-6-1,623,S4R,2459,2460,2474,2473
PART-6-1,624,S4R,2460,2461,2475,2474
PART-6-1,625,S4R,2461,2462,2476,2475
PART-6-1,626,S4R,2462,2463,2477,2476
PART-6-1,627,S4R,2463,2464,2478,2477
PART-6-1,628,S4R,2464,2465,2479,2478
PART-6-1,629,S4R,2465,2466,2480,2479
PART-6-1,630,S4R,2466,2467,2481,2480
PART-6-1,631,S4R,2467,2468,2482,2481
PART-6-1,632,S4R,2468,2469,2483,2482
PART-6-1,633,S4R,2469,177,176,2483
PART-6-1,634,S4R,186,2470,2484,185
PART-6-1,635,S4R,2470,2471,2485,2484
PART-6-1,636,S4R,2471,2472,2486,2485
PART-6-1,637,S4R,2472,2473,2487,2486
PART-6-1,638,S4R,2473,2474,2488,2487
PART-6-1,639,S4R,2474,2475,2489,2488
PART-6-1,640,S4R,2475,2476,2490,2489
PART-6-1,641,S4R,2476,2477,2491,2490
PART-6-1,642,S4R,2477,2478,2492,2491
PART-6-1,643,S4R,2478,2479,2493,2492
PART-6-1,644,S4R,2479,2480,2494,2493
PART-6-1,645,S4R,2480,2481,2495,2494
PART-6-1,646,S4R,2481,2482,2496,2495
PART-6-1,647,S4R,2482,2483,2497,2496
PART-6-1,648,S4R,2483,176,175,2497
PART-6-1,649,S4R,185,2484,2498,184
PART-6-1,650,S4R,2484,2485,2499,2498
PART-6-1,651,S4R,2485,2486,2500,2499
PART-6-1,652,S4R,2486,2487,2501,2500
PART-6-1,653,S4R,2487,2488,2502,2501
PART-6-1,654,S4R,2488,2489,2503,2502
PART-6-1,655,S4R,2489,2490,2504,2503
PART-6-1,656,S4R,2490,2491,2505,2504
PART-6-1,657,S4R,2491,2492,2506,2505
PART-6-1,658,S4R,2492,2493,2507,2506
PART-6-1,659,S4R,2493,2494,2508,2507
PART-6-1,660,S4R,2494,2495,2509,2508
PART-6-1,661,S4R,2495,2496,2510,2509
PART-6-1,662,S4R,2496,2497,2511,2510
PART-6-1,663,S4R,2497,175,174,2511
PART-6-1,664,S4R,184,2498,331,6
PART-6-1,665,S4R,2498,2499,330,331
PART-6-1,666,S4R,2499,2500,329,330
PART-6-1,667,S4R,2500,2501,328,329
PART-6-1,668,S4R,2501,2502,327,328
PART-6-1,669,S4R,2502,2503,326,327
PART-6-1,670,S4R,2503,2504,325,326
PART-6-1,671,S4R,2504,2505,324,325
PART-6-1,672,S4R,2505,2506,323,324
PART-6-1,673,S4R,2506,2507,322,323
PART-6-1,674,S4R,2507,2508,321,322
PART-6-1,675,S4R,2508,2509,320,321
PART-6-1,676,S4R,2509,2510,319,320
PART-6-1,677,S4R,2510,2511,318,319
PART-6-1,678,S4R,2511,174,9,318
PART-6-1,679,S4R,465,2232,2512,464
PART-6-1,680,S4R,2232,2233,2513,2512
PART-6-1,681,S4R,2233,2234,2514,2513
PART-6-1,682,S4R,2234,2235,2515,2514
PART-6-1,683,S4R,2235,2236,2516,2515
PART-6-1,684,S4R,2236,19,2517,2516
PART-6-1,685,S4R,19,167,2518,2517
PART-6-1,686,S4R,167,166,2519,2518
PART-6-1,687,S4R,166,165,2520,2519
PART-6-1,688,S4R,165,164,2521,2520
PART-6-1,689,S4R,164,21,285,2521
PART-6-1,690,S4R,464,2512,2522,463
PART-6-1,691,S4R,2512,2513,2523,2522
PART-6-1,692,S4R,2513,2514,2524,2523
PART-6-1,693,S4R,2514,2515,2525,2524
PART-6-1,694,S4R,2515,2516,2526,2525
PART-6-1,695,S4R,2516,2517,2527,2526
PART-6-1,696,S4R,2517,2518,2528,2527
PART-6-1,697,S4R,2518,2519,2529,2528
PART-6-1,698,S4R,2519,2520,2530,2529
PART-6-1,699,S4R,2520,2521,2531,2530
PART-6-1,700,S4R,2521,285,286,2531
PART-6-1,701,S4R,463,2522,2532,462
PART-6-1,702,S4R,2522,2523,2533,2532
PART-6-1,703,S4R,2523,2524,2534,2533
PART-6-1,704,S4R,2524,2525,2535,2534
PART-6-1,705,S4R,2525,2526,2536,2535
PART-6-1,706,S4R,2526,2527,2537,2536
PART-6-1,707,S4R,2527,2528,2538,2537
PART-6-1,708,S4R,2528,2529,2539,2538
PART-6-1,709,S4R,2529,2530,2540,2539
PART-6-1,710,S4R,2530,2531,2541,2540
PART-6-1,711,S4R,2531,286,287,2541
PART-6-1,712,S4R,462,2532,2542,461
PART-6-1,713,S4R,2532,2533,2543,2542
PART-6-1,714,S4R,2533,2534,2544,2543
PART-6-1,715,S4R,2534,2535,2545,2544
PART-6-1,716,S4R,2535,2536,2546,2545
PART-6-1,717,S4R,2536,2537,2547,2546
PART-6-1,718,S4R,2537,2538,2548,2547
PART-6-1,719,S4R,2538,2539,2549,2548
PART-6-1,720,S4R,2539,2540,2550,2549
PART-6-1,721,S4R,2540,2541,2551,2550
PART-6-1,722,S4R,2541,287,288,2551
PART-6-1,723,S4R,461,2542,2552,460
PART-6-1,724,S4R,2542,2543,2553,2552
PART-6-1,725,S4R,2543,2544,2554,2553
PART-6-1,726,S4R,2544,2545,2555,2554
PART-6-1,727,S4R,2545,2546,2556,2555
PART-6-1,728,S4R,2546,2547,2557,2556
PART-6-1,729,S4R,2547,2548,2558,2557
PART-6-1,730,S4R,2548,2549,2559,2558
PART-6-1,731,S4R,2549,2550,2560,2559
PART-6-1,732,S4R,2550,2551,2561,2560
PART-6-1,733,S4R,2551,288,289,2561
PART-6-1,734,S4R,460,2552,2562,459
PART-6-1,735,S4R,2552,2553,2563,2562
PART-6-1,736,S4R,2553,2554,2564,2563
PART-6-1,737,S4R,2554,2555,2565,2564
PART-6-1,738,S4R,2555,2556,2566,2565
PART-6-1,739,S4R,2556,2557,2567,2566
PART-6-1,740,S4R,2557,2558,2568,2567
PART-6-1,741,S4R,2558,2559,2569,2568
PART-6-1,742,S4R,2559,2560,2570,2569
PART-6-1,743,S4R,2560,2561,2571,2570
PART-6-1,744,S4R,2561,289,290,2571
PART-6-1,745,S4R,459,2562,2572,458
PART-6-1,746,S4R,2562,2563,2573,2572
PART-6-1,747,S4R,2563,2564,2574,2573
PART-6-1,748,S4R,2564,2565,2575,2574
PART-6-1,749,S4R,2565,2566,2576,2575
PART-6-1,750,S4R,2566,2567,2577,2576
PART-6-1,751,S4R,2567,2568,2578,2577
PART-6-1,752,S4R,2568,2569,2579,2578
PART-6-1,753,S4R,2569,2570,2580,2579
PART-6-1,754,S4R,2570,2571,2581,2580
PART-6-1,755,S4R,2571,290,291,2581
PART-6-1,756,S4R,458,2572,2582,457
PART-6-1,757,S4R,2572,2573,2583,2582
PART-6-1,758,S4R,2573,2574,2584,2583
PART-6-1,759,S4R,2574,2575,2585,2584
PART-6-1,760,S4R,2575,2576,2586,2585
PART-6-1,761,S4R,2576,2577,2587,2586
PART-6-1,762,S4R,2577,2578,2588,2587
PART-6-1,763,S4R,2578,2579,2589,2588
PART-6-1,764,S4R,2579,2580,2590,2589
PART-6-1,765,S4R,2580,2581,2591,2590
PART-6-1,766,S4R,2581,291,292,2591
PART-6-1,767,S4R,457,2582,2592,456
PART-6-1,768,S4R,2582,2583,2593,2592
PART-6-1,769,S4R,2583,2584,2594,2593
PART-6-1,770,S4R,2584,2585,2595,2594
PART-6-1,771,S4R,2585,2586,2596,2595
PART-6-1,772,S4R,2586,2587,2597,2596
PART-6-1,773,S4R,2587,2588,2598,2597
PART-6-1,774,S4R,2588,2589,2599,2598
PART-6-1,775,S4R,2589,2590,2600,2599
PART-6-1,776,S4R,2590,2591,2601,2600
PART-6-1,777,S4R,2591,292,293,2601
PART-6-1,778,S4R,456,2592,2602,455
PART-6-1,779,S4R,2592,2593,2603,2602
PART-6-1,780,S4R,2593,2594,2604,2603
PART-6-1,781,S4R,2594,2595,2605,2604
PART-6-1,782,S4R,2595,2596,2606,2605
PART-6-1,783,S4R,2596,2597,2607,2606
PART-6-1,784,S4R,2597,2598,2608,2607
PART-6-1,785,S4R,2598,2599,2609,2608
PART-6-1,786,S4R,2599,2600,2610,2609
PART-6-1,787,S4R,2600,2601,2611,2610
PART-6-1,788,S4R,2601,293,294,2611
PART-6-1,789,S4R,455,2602,2612,454
PART-6-1,790,S4R,2602,2603,2613,2612
PART-6-1,791,S4R,2603,2604,2614,2613
PART-6-1,792,S4R,2604,2605,2615,2614
PART-6-1,793,S4R,2605,2606,2616,2615
PART-6-1,794,S4R,2606,2607,2617,2616
PART-6-1,795,S4R,2607,2608,2618,2617
PART-6-1,796,S4R,2608,2609,2619,2618
PART-6-1,797,S4R,2609,2610,2620,2619
PART-6-1,798,S4R,2610,2611,2621,2620
PART-6-1,799,S4R,2611,294,295,2621
PART-6-1,800,S4R,454,2612,2622,453
PART-6-1,801,S4R,2612,2613,2623,2622
PART-6-1,802,S4R,2613,2614,2624,2623
PART-6-1,803,S4R,2614,2615,2625,2624
PART-6-1,804,S4R,2615,2616,2626,2625
PART-6-1,805,S4R,2616,2617,2627,2626
PART-6-1,806,S4R,2617,2618,2628,2627
PART-6-1,807,S4R,2618,2619,2629,2628
PART-6-1,808,S4R,2619,2620,2630,2629
PART-6-1,809,S4R,2620,2621,2631,2630
PART-6-1,810,S4R,2621,295,296,2631
PART-6-1,811,S4R,453,2622,33,452
PART-6-1,812,S4R,2622,2623,305,33
PART-6-1,813,S4R,2623,2624,304,305
PART-6-1,814,S4R,2624,2625,303,304
PART-6-1,815,S4R,2625,2626,302,303
PART-6-1,816,S4R,2626,2627,301,302
PART-6-1,817,S4R,2627,2628,300,301
PART-6-1,818,S4R,2628,2629,299,300
PART-6-1,819,S4R,2629,2630,298,299
PART-6-1,820,S4R,2630,2631,297,298
PART-6-1,821,S4R,2631,296,34,297
PART-6-1,822,S4R,512,513,2632,2240
PART-6-1,823,S4R,513,514,2633,2632
PART-6-1,824,S4R,514,515,2634,2633
PART-6-1,825,S4R,515,516,2635,2634
PART-6-1,826,S4R,516,517,2636,2635
PART-6-1,827,S4R,517,518,2637,2636
PART-6-1,828,S4R,518,519,2638,2637
PART-6-1,829,S4R,519,520,2639,2638
PART-6-1,830,S4R,520,521,2640,2639
PART-6-1,831,S4R,521,522,2641,2640
PART-6-1,832,S4R,522,523,2642,2641
PART-6-1,833,S4R,523,524,2643,2642
PART-6-1,834,S4R,524,525,2644,2643
PART-6-1,835,S4R,525,526,2645,2644
PART-6-1,836,S4R,526,527,2646,2645
PART-6-1,837,S4R,527,528,2647,2646
PART-6-1,838,S4R,528,529,2648,2647
PART-6-1,839,S4R,529,530,2649,2648
PART-6-1,840,S4R,530,531,2650,2649
PART-6-1,841,S4R,531,532,2651,2650
PART-6-1,842,S4R,532,533,2652,2651
PART-6-1,843,S4R,533,534,2653,2652
PART-6-1,844,S4R,534,535,2654,2653
PART-6-1,845,S4R,535,536,2655,2654
PART-6-1,846,S4R,536,537,2656,2655
PART-6-1,847,S4R,537,538,2237,2656
PART-6-1,848,S4R,2240,2632,2657,2239
PART-6-1,849,S4R,2632,2633,2658,2657
PART-6-1,850,S4R,2633,2634,2659,2658
PART-6-1,851,S4R,2634,2635,2660,2659
PART-6-1,852,S4R,2635,2636,2661,2660
PART-6-1,853,S4R,2636,2637,2662,2661
PART-6-1,854,S4R,2637,2638,2663,2662
PART-6-1,855,S4R,2638,2639,2664,2663
PART-6-1,856,S4R,2639,2640,2665,2664
PART-6-1,857,S4R,2640,2641,2666,2665
PART-6-1,858,S4R,2641,2642,2667,2666
PART-6-1,859,S4R,2642,2643,2668,2667
PART-6-1,860,S4R,2643,2644,2669,2668
PART-6-1,861,S4R,2644,2645,2670,2669
PART-6-1,862,S4R,2645,2646,2671,2670
PART-6-1,863,S4R,2646,2647,2672,2671
PART-6-1,864,S4R,2647,2648,2673,2672
PART-6-1,865,S4R,2648,2649,2674,2673
PART-6-1,866,S4R,2649,2650,2675,2674
PART-6-1,867,S4R,2650,2651,2676,2675
PART-6-1,868,S4R,2651,2652,2677,2676
PART-6-1,869,S4R,2652,2653,2678,2677
PART-6-1,870,S4R,2653,2654,2679,2678
PART-6-1,871,S4R,2654,2655,2680,2679
PART-6-1,872,S4R,2655,2656,2681,2680
PART-6-1,873,S4R,2656,2237,2238,2681
PART-6-1,874,S4R,2239,2657,2682,32
PART-6-1,875,S4R,2657,2658,2683,2682
PART-6-1,876,S4R,2658,2659,2684,2683
PART-6-1,877,S4R,2659,2660,2685,2684
PART-6-1,878,S4R,2660,2661,2686,2685
PART-6-1,879,S4R,2661,2662,2687,2686
PART-6-1,880,S4R,2662,2663,2688,2687
PART-6-1,881,S4R,2663,2664,2689,2688
PART-6-1,882,S4R,2664,2665,2690,2689
PART-6-1,883,S4R,2665,2666,2691,2690
PART-6-1,884,S4R,2666,2667,2692,2691
PART-6-1,885,S4R,2667,2668,2693,2692
PART-6-1,886,S4R,2668,2669,2694,2693
PART-6-1,887,S4R,2669,2670,2695,2694
PART-6-1,888,S4R,2670,2671,2696,2695
PART-6-1,889,S4R,2671,2672,2697,2696
PART-6-1,890,S4R,2672,2673,2698,2697
PART-6-1,891,S4R,2673,2674,2699,2698
PART-6-1,892,S4R,2674,2675,2700,2699
PART-6-1,893,S4R,2675,2676,2701,2700
PART-6-1,894,S4R,2676,2677,2702,2701
PART-6-1,895,S4R,2677,2678,2703,2702
PART-6-1,896,S4R,2678,2679,2704,2703
PART-6-1,897,S4R,2679,2680,2705,2704
PART-6-1,898,S4R,2680,2681,2706,2705
PART-6-1,899,S4R,2681,2238,7,2706
PART-6-1,900,S4R,32,2682,2707,263
PART-6-1,901,S4R,2682,2683,2708,2707
PART-6-1,902,S4R,2683,2684,2709,2708
PART-6-1,903,S4R,2684,2685,2710,2709
PART-6-1,904,S4R,2685,2686,2711,2710
PART-6-1,905,S4R,2686,2687,2712,2711
PART-6-1,906,S4R,2687,2688,2713,2712
PART-6-1,907,S4R,2688,2689,2714,2713
PART-6-1,908,S4R,2689,2690,2715,2714
PART-6-1,909,S4R,2690,2691,2716,2715
PART-6-1,910,S4R,2691,2692,2717,2716
PART-6-1,911,S4R,2692,2693,2718,2717
PART-6-1,912,S4R,2693,2694,2719,2718
PART-6-1,913,S4R,2694,2695,2720,2719
PART-6-1,914,S4R,2695,2696,2721,2720
PART-6-1,915,S4R,2696,2697,2722,2721
PART-6-1,916,S4R,2697,2698,2723,2722
PART-6-1,917,S4R,2698,2699,2724,2723
PART-6-1,918,S4R,2699,2700,2725,2724
PART-6-1,919,S4R,2700,2701,2726,2725
PART-6-1,920,S4R,2701,2702,2727,2726
PART-6-1,921,S4R,2702,2703,2728,2727
PART-6-1,922,S4R,2703,2704,2729,2728
PART-6-1,923,S4R,2704,2705,2730,2729
PART-6-1,924,S4R,2705,2706,2731,2730
PART-6-1,925,S4R,2706,7,109,2731
PART-6-1,926,S4R,263,2707,2732,262
PART-6-1,927,S4R,2707,2708,2733,2732
PART-6-1,928,S4R,2708,2709,2734,2733
PART-6-1,929,S4R,2709,2710,2735,2734
PART-6-1,930,S4R,2710,2711,2736,2735
PART-6-1,931,S4R,2711,2712,2737,2736
PART-6-1,932,S4R,2712,2713,2738,2737
PART-6-1,933,S4R,2713,2714,2739,2738
PART-6-1,934,S4R,2714,2715,2740,2739
PART-6-1,935,S4R,2715,2716,2741,2740
PART-6-1,936,S4R,2716,2717,2742,2741
PART-6-1,937,S4R,2717,2718,2743,2742
PART-6-1,938,S4R,2718,2719,2744,2743
PART-6-1,939,S4R,2719,2720,2745,2744
PART-6-1,940,S4R,2720,2721,2746,2745
PART-6-1,941,S4R,2721,2722,2747,2746
PART-6-1,942,S4R,2722,2723,2748,2747
PART-6-1,943,S4R,2723,2724,2749,2748
PART-6-1,944,S4R,2724,2725,2750,2749
PART-6-1,945,S4R,2725,2726,2751,2750
PART-6-1,946,S4R,2726,2727,2752,2751
PART-6-1,947,S4R,2727,2728,2753,2752
PART-6-1,948,S4R,2728,2729,2754,2753
PART-6-1,949,S4R,2729,2730,2755,2754
PART-6-1,950,S4R,2730,2731,2756,2755
PART-6-1,951,S4R,2731,109,108,2756
PART-6-1,952,S4R,262,2732,2757,261
PART-6-1,953,S4R,2732,2733,2758,2757
PART-6-1,954,S4R,2733,2734,2759,2758
PART-6-1,955,S4R,2734,2735,2760,2759
PART-6-1,956,S4R,2735,2736,2761,2760
PART-6-1,957,S4R,2736,2737,2762,2761
PART-6-1,958,S4R,2737,2738,2763,2762
PART-6-1,959,S4R,2738,2739,2764,2763
PART-6-1,960,S4R,2739,2740,2765,2764
PART-6-1,961,S4R,2740,2741,2766,2765
PART-6-1,962,S4R,2741,2742,2767,2766
PART-6-1,963,S4R,2742,2743,2768,2767
PART-6-1,964,S4R,2743,2744,2769,2768
PART-6-1,965,S4R,2744,2745,2770,2769
PART-6-1,966,S4R,2745,2746,2771,2770
PART-6-1,967,S4R,2746,2747,2772,2771
PART-6-1,968,S4R,2747,2748,2773,2772
PART-6-1,969,S4R,2748,2749,2774,2773
PART-6-1,970,S4R,2749,2750,2775,2774
PART-6-1,971,S4R,2750,2751,2776,2775
PART-6-1,972,S4R,2751,2752,2777,2776
PART-6-1,973,S4R,2752,2753,2778,2777
PART-6-1,974,S4R,2753,2754,2779,2778
PART-6-1,975,S4R,2754,2755,2780,2779
PART-6-1,976,S4R,2755,2756,2781,2780
PART-6-1,977,S4R,2756,108,107,2781
PART-6-1,978,S4R,261,2757,2782,260
PART-6-1,979,S4R,2757,2758,2783,2782
PART-6-1,980,S4R,2758,2759,2784,2783
PART-6-1,981,S4R,2759,2760,2785,2784
PART-6-1,982,S4R,2760,2761,2786,2785
PART-6-1,983,S4R,2761,2762,2787,2786
PART-6-1,984,S4R,2762,2763,2788,2787
PART-6-1,985,S4R,2763,2764,2789,2788
PART-6-1,986,S4R,2764,2765,2790,2789
PART-6-1,987,S4R,2765,2766,2791,2790
PART-6-1,988,S4R,2766,2767,2792,2791
PART-6-1,989,S4R,2767,2768,2793,2792
PART-6-1,990,S4R,2768,2769,2794,2793
PART-6-1,991,S4R,2769,2770,2795,2794
PART-6-1,992,S4R,2770,2771,2796,2795
PART-6-1,993,S4R,2771,2772,2797,2796
PART-6-1,994,S4R,2772,2773,2798,2797
PART-6-1,995,S4R,2773,2774,2799,2798
PART-6-1,996,S4R,2774,2775,2800,2799
PART-6-1,997,S4R,2775,2776,2801,2800
PART-6-1,998,S4R,2776,2777,2802,2801
PART-6-1,999,S4R,2777,2778,2803,2802
PART-6-1,1000,S4R,2778,2779,2804,2803
PART-6-1,1001,S4R,2779,2780,2805,2804
PART-6-1,1002,S4R,2780,2781,2806,2805
PART-6-1,1003,S4R,2781,107,106,2806
PART-6-1,1004,S4R,260,2782,285,21
PART-6-1,1005,S4R,2782,2783,286,285
PART-6-1,1006,S4R,2783,2784,287,286
PART-6-1,1007,S4R,2784,2785,288,287
PART-6-1,1008,S4R,2785,2786,289,288
PART-6-1,1009,S4R,2786,2787,290,289
PART-6-1,1010,S4R,2787,2788,291,290
PART-6-1,1011,S4R,2788,2789,292,291
PART-6-1,1012,S4R,2789,2790,293,292
PART-6-1,1013,S4R,2790,2791,294,293
PART-6-1,1014,S4R,2791,2792,295,294
PART-6-1,1015,S4R,2792,2793,296,295
PART-6-1,1016,S4R,2793,2794,34,296
PART-6-1,1017,S4R,2794,2795,306,34
PART-6-1,1018,S4R,2795,2796,307,306
PART-6-1,1019,S4R,2796,2797,308,307
PART-6-1,1020,S4R,2797,2798,309,308
PART-6-1,1021,S4R,2798,2799,310,309
PART-6-1,1022,S4R,2799,2800,311,310
PART-6-1,1023,S4R,2800,2801,312,311
PART-6-1,1024,S4R,2801,2802,313,312
PART-6-1,1025,S4R,2802,2803,314,313
PART-6-1,1026,S4R,2803,2804,315,314
PART-6-1,1027,S4R,2804,2805,316,315
PART-6-1,1028,S4R,2805,2806,317,316
PART-6-1,1029,S4R,2806,106,9,317
PART-6-1,1030,S4R,424,2231,2807,423
PART-6-1,1031,S4R,2231,2230,2808,2807
PART-6-1,1032,S4R,2230,2229,2809,2808
PART-6-1,1033,S4R,2229,2228,2810,2809
PART-6-1,1034,S4R,2228,2227,2811,2810
PART-6-1,1035,S4R,2227,23,2812,2811
PART-6-1,1036,S4R,23,187,2813,2812
PART-6-1,1037,S4R,187,186,2814,2813
PART-6-1,1038,S4R,186,185,2815,2814
PART-6-1,1039,S4R,185,184,2816,2815
PART-6-1,1040,S4R,184,6,332,2816
PART-6-1,1041,S4R,423,2807,2817,422
PART-6-1,1042,S4R,2807,2808,2818,2817
PART-6-1,1043,S4R,2808,2809,2819,2818
PART-6-1,1044,S4R,2809,2810,2820,2819
PART-6-1,1045,S4R,2810,2811,2821,2820
PART-6-1,1046,S4R,2811,2812,2822,2821
PART-6-1,1047,S4R,2812,2813,2823,2822
PART-6-1,1048,S4R,2813,2814,2824,2823
PART-6-1,1049,S4R,2814,2815,2825,2824
PART-6-1,1050,S4R,2815,2816,2826,2825
PART-6-1,1051,S4R,2816,332,333,2826
PART-6-1,1052,S4R,422,2817,2827,421
PART-6-1,1053,S4R,2817,2818,2828,2827
PART-6-1,1054,S4R,2818,2819,2829,2828
PART-6-1,1055,S4R,2819,2820,2830,2829
PART-6-1,1056,S4R,2820,2821,2831,2830
PART-6-1,1057,S4R,2821,2822,2832,2831
PART-6-1,1058,S4R,2822,2823,2833,2832
PART-6-1,1059,S4R,2823,2824,2834,2833
PART-6-1,1060,S4R,2824,2825,2835,2834
PART-6-1,1061,S4R,2825,2826,2836,2835
PART-6-1,1062,S4R,2826,333,334,2836
PART-6-1,1063,S4R,421,2827,2837,420
PART-6-1,1064,S4R,2827,2828,2838,2837
PART-6-1,1065,S4R,2828,2829,2839,2838
PART-6-1,1066,S4R,2829,2830,2840,2839
PART-6-1,1067,S4R,2830,2831,2841,2840
PART-6-1,1068,S4R,2831,2832,2842,2841
PART-6-1,1069,S4R,2832,2833,2843,2842
PART-6-1,1070,S4R,2833,2834,2844,2843
PART-6-1,1071,S4R,2834,2835,2845,2844
PART-6-1,1072,S4R,2835,2836,2846,2845
PART-6-1,1073,S4R,2836,334,335,2846
PART-6-1,1074,S4R,420,2837,2847,419
PART-6-1,1075,S4R,2837,2838,2848,2847
PART-6-1,1076,S4R,2838,2839,2849,2848
PART-6-1,1077,S4R,2839,2840,2850,2849
PART-6-1,1078,S4R,2840,2841,2851,2850
PART-6-1,1079,S4R,2841,2842,2852,2851
PART-6-1,1080,S4R,2842,2843,2853,2852
PART-6-1,1081,S4R,2843,2844,2854,2853
PART-6-1,1082,S4R,2844,2845,2855,2854
PART-6-1,1083,S4R,2845,2846,2856,2855
PART-6-1,1084,S4R,2846,335,336,2856
PART-6-1,1085,S4R,419,2847,2857,418
PART-6-1,1086,S4R,2847,2848,2858,2857
PART-6-1,1087,S4R,2848,2849,2859,2858
PART-6-1,1088,S4R,2849,2850,2860,2859
PART-6-1,1089,S4R,2850,2851,2861,2860
PART-6-1,1090,S4R,2851,2852,2862,2861
PART-6-1,1091,S4R,2852,2853,2863,2862
PART-6-1,1092,S4R,2853,2854,2864,2863
PART-6-1,1093,S4R,2854,2855,2865,2864
PART-6-1,1094,S4R,2855,2856,2866,2865
PART-6-1,1095,S4R,2856,336,337,2866
PART-6-1,1096,S4R,418,2857,2867,417
PART-6-1,1097,S4R,2857,2858,2868,2867
PART-6-1,1098,S4R,2858,2859,2869,2868
PART-6-1,1099,S4R,2859,2860,2870,2869
PART-6-1,1100,S4R,2860,2861,2871,2870
PART-6-1,1101,S4R,2861,2862,2872,2871
PART-6-1,1102,S4R,2862,2863,2873,2872
PART-6-1,1103,S4R,2863,2864,2874,2873
PART-6-1,1104,S4R,2864,2865,2875,2874
PART-6-1,1105,S4R,2865,2866,2876,2875
PART-6-1,1106,S4R,2866,337,338,2876
PART-6-1,1107,S4R,417,2867,2877,416
PART-6-1,1108,S4R,2867,2868,2878,2877
PART-6-1,1109,S4R,2868,2869,2879,2878
PART-6-1,1110,S4R,2869,2870,2880,2879
PART-6-1,1111,S4R,2870,2871,2881,2880
PART-6-1,1112,S4R,2871,2872,2882,2881
PART-6-1,1113,S4R,2872,2873,2883,2882
PART-6-1,1114,S4R,2873,2874,2884,2883
PART-6-1,1115,S4R,2874,2875,2885,2884
PART-6-1,1116,S4R,2875,2876,2886,2885
PART-6-1,1117,S4R,2876,338,339,2886
PART-6-1,1118,S4R,416,2877,2887,415
PART-6-1,1119,S4R,2877,2878,2888,2887
PART-6-1,1120,S4R,2878,2879,2889,2888
PART-6-1,1121,S4R,2879,2880,2890,2889
PART-6-1,1122,S4R,2880,2881,2891,2890
PART-6-1,1123,S4R,2881,2882,2892,2891
PART-6-1,1124,S4R,2882,2883,2893,2892
PART-6-1,1125,S4R,2883,2884,2894,2893
PART-6-1,1126,S4R,2884,2885,2895,2894
PART-6-1,1127,S4R,2885,2886,2896,2895
PART-6-1,1128,S4R,2886,339,340,2896
PART-6-1,1129,S4R,415,2887,2897,414
PART-6-1,1130,S4R,2887,2888,2898,2897
PART-6-1,1131,S4R,2888,2889,2899,2898
PART-6-1,1132,S4R,2889,2890,2900,2899
PART-6-1,1133,S4R,2890,2891,2901,2900
PART-6-1,1134,S4R,2891,2892,2902,2901
PART-6-1,1135,S4R,2892,2893,2903,2902
PART-6-1,1136,S4R,2893,2894,2904,2903
PART-6-1,1137,S4R,2894,2895,2905,2904
PART-6-1,1138,S4R,2895,2896,2906,2905
PART-6-1,1139,S4R,2896,340,341,2906
PART-6-1,1140,S4R,414,2897,2907,413
PART-6-1,1141,S4R,2897,2898,2908,2907
PART-6-1,1142,S4R,2898,2899,2909,2908
PART-6-1,1143,S4R,2899,2900,2910,2909
PART-6-1,1144,S4R,2900,2901,2911,2910
PART-6-1,1145,S4R,2901,2902,2912,2911
PART-6-1,1146,S4R,2902,2903,2913,2912
PART-6-1,1147,S4R,2903,2904,2914,2913
PART-6-1,1148,S4R,2904,2905,2915,2914
PART-6-1,1149,S4R,2905,2906,2916,2915
PART-6-1,1150,S4R,2906,341,342,2916
PART-6-1,1151,S4R,413,2907,2917,412
PART-6-1,1152,S4R,2907,2908,2918,2917
PART-6-1,1153,S4R,2908,2909,2919,2918
PART-6-1,1154,S4R,2909,2910,2920,2919
PART-6-1,1155,S4R,2910,2911,2921,2920
PART-6-1,1156,S4R,2911,2912,2922,2921
PART-6-1,1157,S4R,2912,2913,2923,2922
PART-6-1,1158,S4R,2913,2914,2924,2923
PART-6-1,1159,S4R,2914,2915,2925,2924
PART-6-1,1160,S4R,2915,2916,2926,2925
PART-6-1,1161,S4R,2916,342,343,2926
PART-6-1,1162,S4R,412,2917,35,411
PART-6-1,1163,S4R,2917,2918,352,35
PART-6-1,1164,S4R,2918,2919,351,352
PART-6-1,1165,S4R,2919,2920,350,351
PART-6-1,1166,S4R,2920,2921,349,350
PART-6-1,1167,S4R,2921,2922,348,349
PART-6-1,1168,S4R,2922,2923,347,348
PART-6-1,1169,S4R,2923,2924,346,347
PART-6-1,1170,S4R,2924,2925,345,346
PART-6-1,1171,S4R,2925,2926,344,345
PART-6-1,1172,S4R,2926,343,36,344
PART-6-1,1173,S4R,553,2241,2927,552
PART-6-1,1174,S4R,2241,2242,2928,2927
PART-6-1,1175,S4R,2242,4,2929,2928
PART-6-1,1176,S4R,4,96,2930,2929
PART-6-1,1177,S4R,96,95,2931,2930
PART-6-1,1178,S4R,95,94,2932,2931
PART-6-1,1179,S4R,94,93,2933,2932
PART-6-1,1180,S4R,93,6,331,2933
PART-6-1,1181,S4R,552,2927,2934,551
PART-6-1,1182,S4R,2927,2928,2935,2934
PART-6-1,1183,S4R,2928,2929,2936,2935
PART-6-1,1184,S4R,2929,2930,2937,2936
PART-6-1,1185,S4R,2930,2931,2938,2937
PART-6-1,1186,S4R,2931,2932,2939,2938
PART-6-1,1187,S4R,2932,2933,2940,2939
PART-6-1,1188,S4R,2933,331,330,2940
PART-6-1,1189,S4R,551,2934,2941,550
PART-6-1,1190,S4R,2934,2935,2942,2941
PART-6-1,1191,S4R,2935,2936,2943,2942
PART-6-1,1192,S4R,2936,2937,2944,2943
PART-6-1,1193,S4R,2937,2938,2945,2944
PART-6-1,1194,S4R,2938,2939,2946,2945
PART-6-1,1195,S4R,2939,2940,2947,2946
PART-6-1,1196,S4R,2940,330,329,2947
PART-6-1,1197,S4R,550,2941,2948,549
PART-6-1,1198,S4R,2941,2942,2949,2948
PART-6-1,1199,S4R,2942,2943,2950,2949
PART-6-1,1200,S4R,2943,2944,2951,2950
PART-6-1,1201,S4R,2944,2945,2952,2951
PART-6-1,1202,S4R,2945,2946,2953,2952
PART-6-1,1203,S4R,2946,2947,2954,2953
PART-6-1,1204,S4R,2947,329,328,2954
PART-6-1,1205,S4R,549,2948,2955,548
PART-6-1,1206,S4R,2948,2949,2956,2955
PART-6-1,1207,S4R,2949,2950,2957,2956
PART-6-1,1208,S4R,2950,2951,2958,2957
PART-6-1,1209,S4R,2951,2952,2959,2958
PART-6-1,1210,S4R,2952,2953,2960,2959
PART-6-1,1211,S4R,2953,2954,2961,2960
PART-6-1,1212,S4R,2954,328,327,2961
PART-6-1,1213,S4R,548,2955,2962,547
PART-6-1,1214,S4R,2955,2956,2963,2962
PART-6-1,1215,S4R,2956,2957,2964,2963
PART-6-1,1216,S4R,2957,2958,2965,2964
PART-6-1,1217,S4R,2958,2959,2966,2965
PART-6-1,1218,S4R,2959,2960,2967,2966
PART-6-1,1219,S4R,2960,2961,2968,2967
PART-6-1,1220,S4R,2961,327,326,2968
PART-6-1,1221,S4R,547,2962,2969,546
PART-6-1,1222,S4R,2962,2963,2970,2969
PART-6-1,1223,S4R,2963,2964,2971,2970
PART-6-1,1224,S4R,2964,2965,2972,2971
PART-6-1,1225,S4R,2965,2966,2973,2972
PART-6-1,1226,S4R,2966,2967,2974,2973
PART-6-1,1227,S4R,2967,2968,2975,2974
PART-6-1,1228,S4R,2968,326,325,2975
PART-6-1,1229,S4R,546,2969,2976,545
PART-6-1,1230,S4R,2969,2970,2977,2976
PART-6-1,1231,S4R,2970,2971,2978,2977
PART-6-1,1232,S4R,2971,2972,2979,2978
PART-6-1,1233,S4R,2972,2973,2980,2979
PART-6-1,1234,S4R,2973,2974,2981,2980
PART-6-1,1235,S4R,2974,2975,2982,2981
PART-6-1,1236,S4R,2975,325,324,2982
PART-6-1,1237,S4R,545,2976,2983,544
PART-6-1,1238,S4R,2976,2977,2984,2983
PART-6-1,1239,S4R,2977,2978,2985,2984
PART-6-1,1240,S4R,2978,2979,2986,2985
PART-6-1,1241,S4R,2979,2980,2987,2986
PART-6-1,1242,S4R,2980,2981,2988,2987
PART-6-1,1243,S4R,2981,2982,2989,2988
PART-6-1,1244,S4R,2982,324,323,2989
PART-6-1,1245,S4R,544,2983,2990,543
PART-6-1,1246,S4R,2983,2984,2991,2990
PART-6-1,1247,S4R,2984,2985,2992,2991
PART-6-1,1248,S4R,2985,2986,2993,2992
PART-6-1,1249,S4R,2986,2987,2994,2993
PART-6-1,1250,S4R,2987,2988,2995,2994
PART-6-1,1251,S4R,2988,2989,2996,2995
PART-6-1,1252,S4R,2989,323,322,2996
PART-6-1,1253,S4R,543,2990,2997,542
PART-6-1,1254,S4R,2990,2991,2998,2997
PART-6-1,1255,S4R,2991,2992,2999,2998
PART-6-1,1256,S4R,2992,2993,3000,2999
PART-6-1,1257,S4R,2993,2994,3001,3000
PART-6-1,1258,S4R,2994,2995,3002,3001
PART-6-1,1259,S4R,2995,2996,3003,3002
PART-6-1,1260,S4R,2996,322,321,3003
PART-6-1,1261,S4R,542,2997,3004,541
PART-6-1,1262,S4R,2997,2998,3005,3004
PART-6-1,1263,S4R,2998,2999,3006,3005
PART-6-1,1264,S4R,2999,3000,3007,3006
PART-6-1,1265,S4R,3000,3001,3008,3007
PART-6-1,1266,S4R,3001,3002,3009,3008
PART-6-1,1267,S4R,3002,3003,3010,3009
PART-6-1,1268,S4R,3003,321,320,3010
PART-6-1,1269,S4R,541,3004,3011,540
PART-6-1,1270,S4R,3004,3005,3012,3011
PART-6-1,1271,S4R,3005,3006,3013,3012
PART-6-1,1272,S4R,3006,3007,3014,3013
PART-6-1,1273,S4R,3007,3008,3015,3014
PART-6-1,1274,S4R,3008,3009,3016,3015
PART-6-1,1275,S4R,3009,3010,3017,3016
PART-6-1,1276,S4R,3010,320,319,3017
PART-6-1,1277,S4R,540,3011,3018,539
PART-6-1,1278,S4R,3011,3012,3019,3018
PART-6-1,1279,S4R,3012,3013,3020,3019
PART-6-1,1280,S4R,3013,3014,3021,3020
PART-6-1,1281,S4R,3014,3015,3022,3021
PART-6-1,1282,S4R,3015,3016,3023,3022
PART-6-1,1283,S4R,3016,3017,3024,3023
PART-6-1,1284,S4R,3017,319,318,3024
PART-6-1,1285,S4R,539,3018,2237,538
PART-6-1,1286,S4R,3018,3019,2238,2237
PART-6-1,1287,S4R,3019,3020,7,2238
PART-6-1,1288,S4R,3020,3021,109,7
PART-6-1,1289,S4R,3021,3022,108,109
PART-6-1,1290,S4R,3022,3023,107,108
PART-6-1,1291,S4R,3023,3024,106,107
PART-6-1,1292,S4R,3024,318,9,106
PART-6-1,1293,S4R,465,466,3025,2232
PART-6-1,1294,S4R,466,467,3026,3025
PART-6-1,1295,S4R,467,468,3027,3026
PART-6-1,1296,S4R,468,469,3028,3027
PART-6-1,1297,S4R,469,470,3029,3028
PART-6-1,1298,S4R,470,471,3030,3029
PART-6-1,1299,S4R,471,472,3031,3030
PART-6-1,1300,S4R,472,473,3032,3031
PART-6-1,1301,S4R,473,474,3033,3032
PART-6-1,1302,S4R,474,475,3034,3033
PART-6-1,1303,S4R,475,476,3035,3034
PART-6-1,1304,S4R,476,477,3036,3035
PART-6-1,1305,S4R,477,478,37,3036
PART-6-1,1306,S4R,2232,3025,3037,2233
PART-6-1,1307,S4R,3025,3026,3038,3037
PART-6-1,1308,S4R,3026,3027,3039,3038
PART-6-1,1309,S4R,3027,3028,3040,3039
PART-6-1,1310,S4R,3028,3029,3041,3040
PART-6-1,1311,S4R,3029,3030,3042,3041
PART-6-1,1312,S4R,3030,3031,3043,3042
PART-6-1,1313,S4R,3031,3032,3044,3043
PART-6-1,1314,S4R,3032,3033,3045,3044
PART-6-1,1315,S4R,3033,3034,3046,3045
PART-6-1,1316,S4R,3034,3035,3047,3046
PART-6-1,1317,S4R,3035,3036,3048,3047
PART-6-1,1318,S4R,3036,37,264,3048
PART-6-1,1319,S4R,2233,3037,3049,2234
PART-6-1,1320,S4R,3037,3038,3050,3049
PART-6-1,1321,S4R,3038,3039,3051,3050
PART-6-1,1322,S4R,3039,3040,3052,3051
PART-6-1,1323,S4R,3040,3041,3053,3052
PART-6-1,1324,S4R,3041,3042,3054,3053
PART-6-1,1325,S4R,3042,3043,3055,3054
PART-6-1,1326,S4R,3043,3044,3056,3055
PART-6-1,1327,S4R,3044,3045,3057,3056
PART-6-1,1328,S4R,3045,3046,3058,3057
PART-6-1,1329,S4R,3046,3047,3059,3058
PART-6-1,1330,S4R,3047,3048,3060,3059
PART-6-1,1331,S4R,3048,264,265,3060
PART-6-1,1332,S4R,2234,3049,3061,2235
PART-6-1,1333,S4R,3049,3050,3062,3061
PART-6-1,1334,S4R,3050,3051,3063,3062
PART-6-1,1335,S4R,3051,3052,3064,3063
PART-6-1,1336,S4R,3052,3053,3065,3064
PART-6-1,1337,S4R,3053,3054,3066,3065
PART-6-1,1338,S4R,3054,3055,3067,3066
PART-6-1,1339,S4R,3055,3056,3068,3067
PART-6-1,1340,S4R,3056,3057,3069,3068
PART-6-1,1341,S4R,3057,3058,3070,3069
PART-6-1,1342,S4R,3058,3059,3071,3070
PART-6-1,1343,S4R,3059,3060,3072,3071
PART-6-1,1344,S4R,3060,265,266,3072
PART-6-1,1345,S4R,2235,3061,3073,2236
PART-6-1,1346,S4R,3061,3062,3074,3073
PART-6-1,1347,S4R,3062,3063,3075,3074
PART-6-1,1348,S4R,3063,3064,3076,3075
PART-6-1,1349,S4R,3064,3065,3077,3076
PART-6-1,1350,S4R,3065,3066,3078,3077
PART-6-1,1351,S4R,3066,3067,3079,3078
PART-6-1,1352,S4R,3067,3068,3080,3079
PART-6-1,1353,S4R,3068,3069,3081,3080
PART-6-1,1354,S4R,3069,3070,3082,3081
PART-6-1,1355,S4R,3070,3071,3083,3082
PART-6-1,1356,S4R,3071,3072,3084,3083
PART-6-1,1357,S4R,3072,266,267,3084
PART-6-1,1358,S4R,2236,3073,3085,19
PART-6-1,1359,S4R,3073,3074,3086,3085
PART-6-1,1360,S4R,3074,3075,3087,3086
PART-6-1,1361,S4R,3075,3076,3088,3087
PART-6-1,1362,S4R,3076,3077,3089,3088
PART-6-1,1363,S4R,3077,3078,3090,3089
PART-6-1,1364,S4R,3078,3079,3091,3090
PART-6-1,1365,S4R,3079,3080,3092,3091
PART-6-1,1366,S4R,3080,3081,3093,3092
PART-6-1,1367,S4R,3081,3082,3094,3093
PART-6-1,1368,S4R,3082,3083,3095,3094
PART-6-1,1369,S4R,3083,3084,3096,3095
PART-6-1,1370,S4R,3084,267,268,3096
PART-6-1,1371,S4R,19,3085,3097,167
PART-6-1,1372,S4R,3085,3086,3098,3097
PART-6-1,1373,S4R,3086,3087,3099,3098
PART-6-1,1374,S4R,3087,3088,3100,3099
PART-6-1,1375,S4R,3088,3089,3101,3100
PART-6-1,1376,S4R,3089,3090,3102,3101
PART-6-1,1377,S4R,3090,3091,3103,3102
PART-6-1,1378,S4R,3091,3092,3104,3103
PART-6-1,1379,S4R,3092,3093,3105,3104
PART-6-1,1380,S4R,3093,3094,3106,3105
PART-6-1,1381,S4R,3094,3095,3107,3106
PART-6-1,1382,S4R,3095,3096,3108,3107
PART-6-1,1383,S4R,3096,268,269,3108
PART-6-1,1384,S4R,167,3097,3109,166
PART-6-1,1385,S4R,3097,3098,3110,3109
PART-6-1,1386,S4R,3098,3099,3111,3110
PART-6-1,1387,S4R,3099,3100,3112,3111
PART-6-1,1388,S4R,3100,3101,3113,3112
PART-6-1,1389,S4R,3101,3102,3114,3113
PART-6-1,1390,S4R,3102,3103,3115,3114
PART-6-1,1391,S4R,3103,3104,3116,3115
PART-6-1,1392,S4R,3104,3105,3117,3116
PART-6-1,1393,S4R,3105,3106,3118,3117
PART-6-1,1394,S4R,3106,3107,3119,3118
PART-6-1,1395,S4R,3107,3108,3120,3119
PART-6-1,1396,S4R,3108,269,270,3120
PART-6-1,1397,S4R,166,3109,3121,165
PART-6-1,1398,S4R,3109,3110,3122,3121
PART-6-1,1399,S4R,3110,3111,3123,3122
PART-6-1,1400,S4R,3111,3112,3124,3123
PART-6-1,1401,S4R,3112,3113,3125,3124
PART-6-1,1402,S4R,3113,3114,3126,3125
PART-6-1,1403,S4R,3114,3115,3127,3126
PART-6-1,1404,S4R,3115,3116,3128,3127
PART-6-1,1405,S4R,3116,3117,3129,3128
PART-6-1,1406,S4R,3117,3118,3130,3129
PART-6-1,1407,S4R,3118,3119,3131,3130
PART-6-1,1408,S4R,3119,3120,3132,3131
PART-6-1,1409,S4R,3120,270,271,3132
PART-6-1,1410,S4R,165,3121,3133,164
PART-6-1,1411,S4R,3121,3122,3134,3133
PART-6-1,1412,S4R,3122,3123,3135,3134
PART-6-1,1413,S4R,3123,3124,3136,3135
PART-6-1,1414,S4R,3124,3125,3137,3136
PART-6-1,1415,S4R,3125,3126,3138,3137
PART-6-1,1416,S4R,3126,3127,3139,3138
PART-6-1,1417,S4R,3127,3128,3140,3139
PART-6-1,1418,S4R,3128,3129,3141,3140
PART-6-1,1419,S4R,3129,3130,3142,3141
PART-6-1,1420,S4R,3130,3131,3143,3142
PART-6-1,1421,S4R,3131,3132,3144,3143
PART-6-1,1422,S4R,3132,271,272,3144
PART-6-1,1423,S4R,164,3133,284,21
PART-6-1,1424,S4R,3133,3134,283,284
PART-6-1,1425,S4R,3134,3135,282,283
PART-6-1,1426,S4R,3135,3136,281,282
PART-6-1,1427,S4R,3136,3137,280,281
PART-6-1,1428,S4R,3137,3138,279,280
PART-6-1,1429,S4R,3138,3139,278,279
PART-6-1,1430,S4R,3139,3140,277,278
PART-6-1,1431,S4R,3140,3141,276,277
PART-6-1,1432,S4R,3141,3142,275,276
PART-6-1,1433,S4R,3142,3143,274,275
PART-6-1,1434,S4R,3143,3144,273,274
PART-6-1,1435,S4R,3144,272,38,273
PART-6-1,1436,S4R,512,2240,3145,511
PART-6-1,1437,S4R,2240,2239,3146,3145
PART-6-1,1438,S4R,2239,32,3147,3146
PART-6-1,1439,S4R,32,263,3148,3147
PART-6-1,1440,S4R,263,262,3149,3148
PART-6-1,1441,S4R,262,261,3150,3149
PART-6-1,1442,S4R,261,260,3151,3150
PART-6-1,1443,S4R,260,21,284,3151
PART-6-1,1444,S4R,511,3145,3152,510
PART-6-1,1445,S4R,3145,3146,3153,3152
PART-6-1,1446,S4R,3146,3147,3154,3153
PART-6-1,1447,S4R,3147,3148,3155,3154
PART-6-1,1448,S4R,3148,3149,3156,3155
PART-6-1,1449,S4R,3149,3150,3157,3156
PART-6-1,1450,S4R,3150,3151,3158,3157
PART-6-1,1451,S4R,3151,284,283,3158
PART-6-1,1452,S4R,510,3152,3159,509
PART-6-1,1453,S4R,3152,3153,3160,3159
PART-6-1,1454,S4R,3153,3154,3161,3160
PART-6-1,1455,S4R,3154,3155,3162,3161
PART-6-1,1456,S4R,3155,3156,3163,3162
PART-6-1,1457,S4R,3156,3157,3164,3163
PART-6-1,1458,S4R,3157,3158,3165,3164
PART-6-1,1459,S4R,3158,283,282,3165
PART-6-1,1460,S4R,509,3159,3166,508
PART-6-1,1461,S4R,3159,3160,3167,3166
PART-6-1,1462,S4R,3160,3161,3168,3167
PART-6-1,1463,S4R,3161,3162,3169,3168
PART-6-1,1464,S4R,3162,3163,3170,3169
PART-6-1,1465,S4R,3163,3164,3171,3170
PART-6-1,1466,S4R,3164,3165,3172,3171
PART-6-1,1467,S4R,3165,282,281,3172
PART-6-1,1468,S4R,508,3166,3173,507
PART-6-1,1469,S4R,3166,3167,3174,3173
PART-6-1,1470,S4R,3167,3168,3175,3174
PART-6-1,1471,S4R,3168,3169,3176,3175
PART-6-1,1472,S4R,3169,3170,3177,3176
PART-6-1,1473,S4R,3170,3171,3178,3177
PART-6-1,1474,S4R,3171,3172,3179,3178
PART-6-1,1475,S4R,3172,281,280,3179
PART-6-1,1476,S4R,507,3173,3180,506
PART-6-1,1477,S4R,3173,3174,3181,3180
PART-6-1,1478,S4R,3174,3175,3182,3181
PART-6-1,1479,S4R,3175,3176,3183,3182
PART-6-1,1480,S4R,3176,3177,3184,3183
PART-6-1,1481,S4R,3177,3178,3185,3184
PART-6-1,1482,S4R,3178,3179,3186,3185
PART-6-1,1483,S4R,3179,280,279,3186
PART-6-1,1484,S4R,506,3180,3187,505
PART-6-1,1485,S4R,3180,3181,3188,3187
PART-6-1,1486,S4R,3181,3182,3189,3188
PART-6-1,1487,S4R,3182,3183,3190,3189
PART-6-1,1488,S4R,3183,3184,3191,3190
PART-6-1,1489,S4R,3184,3185,3192,3191
PART-6-1,1490,S4R,3185,3186,3193,3192
PART-6-1,1491,S4R,3186,279,278,3193
PART-6-1,1492,S4R,505,3187,3194,504
PART-6-1,1493,S4R,3187,3188,3195,3194
PART-6-1,1494,S4R,3188,3189,3196,3195
PART-6-1,1495,S4R,3189,3190,3197,3196
PART-6-1,1496,S4R,3190,3191,3198,3197
PART-6-1,1497,S4R,3191,3192,3199,3198
PART-6-1,1498,S4R,3192,3193,3200,3199
PART-6-1,1499,S4R,3193,278,277,3200
PART-6-1,1500,S4R,504,3194,3201,503
PART-6-1,1501,S4R,3194,3195,3202,3201
PART-6-1,1502,S4R,3195,3196,3203,3202
PART-6-1,1503,S4R,3196,3197,3204,3203
PART-6-1,1504,S4R,3197,3198,3205,3204
PART-6-1,1505,S4R,3198,3199,3206,3205
PART-6-1,1506,S4R,3199,3200,3207,3206
PART-6-1,1507,S4R,3200,277,276,3207
PART-6-1,1508,S4R,503,3201,3208,502
PART-6-1,1509,S4R,3201,3202,3209,3208
PART-6-1,1510,S4R,3202,3203,3210,3209
PART-6-1,1511,S4R,3203,3204,3211,3210
PART-6-1,1512,S4R,3204,3205,3212,3211
PART-6-1,1513,S4R,3205,3206,3213,3212
PART-6-1,1514,S4R,3206,3207,3214,3213
PART-6-1,1515,S4R,3207,276,275,3214
PART-6-1,1516,S4R,502,3208,3215,501
PART-6-1,1517,S4R,3208,3209,3216,3215
PART-6-1,1518,S4R,3209,3210,3217,3216
PART-6-1,1519,S4R,3210,3211,3218,3217
PART-6-1,1520,S4R,3211,3212,3219,3218
PART-6-1,1521,S4R,3212,3213,3220,3219
PART-6-1,1522,S4R,3213,3214,3221,3220
PART-6-1,1523,S4R,3214,275,274,3221
PART-6-1,1524,S4R,501,3215,3222,500
PART-6-1,1525,S4R,3215,3216,3223,3222
PART-6-1,1526,S4R,3216,3217,3224,3223
PART-6-1,1527,S4R,3217,3218,3225,3224
PART-6-1,1528,S4R,3218,3219,3226,3225
PART-6-1,1529,S4R,3219,3220,3227,3226
PART-6-1,1530,S4R,3220,3221,3228,3227
PART-6-1,1531,S4R,3221,274,273,3228
PART-6-1,1532,S4R,500,3222,3229,499
PART-6-1,1533,S4R,3222,3223,3230,3229
PART-6-1,1534,S4R,3223,3224,3231,3230
PART-6-1,1535,S4R,3224,3225,3232,3231
PART-6-1,1536,S4R,3225,3226,3233,3232
PART-6-1,1537,S4R,3226,3227,3234,3233
PART-6-1,1538,S4R,3227,3228,3235,3234
PART-6-1,1539,S4R,3228,273,38,3235
PART-6-1,1540,S4R,499,3229,3236,498
PART-6-1,1541,S4R,3229,3230,3237,3236
PART-6-1,1542,S4R,3230,3231,3238,3237
PART-6-1,1543,S4R,3231,3232,3239,3238
PART-6-1,1544,S4R,3232,3233,3240,3239
PART-6-1,1545,S4R,3233,3234,3241,3240
PART-6-1,1546,S4R,3234,3235,3242,3241
PART-6-1,1547,S4R,3235,38,2243,3242
PART-6-1,1548,S4R,498,3236,497,39
PART-6-1,1549,S4R,3236,3237,496,497
PART-6-1,1550,S4R,3237,3238,495,496
PART-6-1,1551,S4R,3238,3239,494,495
PART-6-1,1552,S4R,3239,3240,493,494
PART-6-1,1553,S4R,3240,3241,492,493
PART-6-1,1554,S4R,3241,3242,491,492
PART-6-1,1555,S4R,3242,2243,490,491
PART-6-1,1556,S4R,553,554,3243,2241
PART-6-1,1557,S4R,554,555,3244,3243
PART-6-1,1558,S4R,555,556,3245,3244
PART-6-1,1559,S4R,556,557,3246,3245
PART-6-1,1560,S4R,557,558,3247,3246
PART-6-1,1561,S4R,558,559,3248,3247
PART-6-1,1562,S4R,559,560,3249,3248
PART-6-1,1563,S4R,560,561,3250,3249
PART-6-1,1564,S4R,561,562,3251,3250
PART-6-1,1565,S4R,562,563,3252,3251
PART-6-1,1566,S4R,563,564,3253,3252
PART-6-1,1567,S4R,564,565,3254,3253
PART-6-1,1568,S4R,565,566,3255,3254
PART-6-1,1569,S4R,566,567,3256,3255
PART-6-1,1570,S4R,567,568,3257,3256
PART-6-1,1571,S4R,568,569,3258,3257
PART-6-1,1572,S4R,569,570,3259,3258
PART-6-1,1573,S4R,570,571,3260,3259
PART-6-1,1574,S4R,571,572,3261,3260
PART-6-1,1575,S4R,572,573,3262,3261
PART-6-1,1576,S4R,573,574,3263,3262
PART-6-1,1577,S4R,574,575,3264,3263
PART-6-1,1578,S4R,575,576,3265,3264
PART-6-1,1579,S4R,576,577,3266,3265
PART-6-1,1580,S4R,577,578,2244,3266
PART-6-1,1581,S4R,2241,3243,3267,2242
PART-6-1,1582,S4R,3243,3244,3268,3267
PART-6-1,1583,S4R,3244,3245,3269,3268
PART-6-1,1584,S4R,3245,3246,3270,3269
PART-6-1,1585,S4R,3246,3247,3271,3270
PART-6-1,1586,S4R,3247,3248,3272,3271
PART-6-1,1587,S4R,3248,3249,3273,3272
PART-6-1,1588,S4R,3249,3250,3274,3273
PART-6-1,1589,S4R,3250,3251,3275,3274
PART-6-1,1590,S4R,3251,3252,3276,3275
PART-6-1,1591,S4R,3252,3253,3277,3276
PART-6-1,1592,S4R,3253,3254,3278,3277
PART-6-1,1593,S4R,3254,3255,3279,3278
PART-6-1,1594,S4R,3255,3256,3280,3279
PART-6-1,1595,S4R,3256,3257,3281,3280
PART-6-1,1596,S4R,3257,3258,3282,3281
PART-6-1,1597,S4R,3258,3259,3283,3282
PART-6-1,1598,S4R,3259,3260,3284,3283
PART-6-1,1599,S4R,3260,3261,3285,3284
PART-6-1,1600,S4R,3261,3262,3286,3285
PART-6-1,1601,S4R,3262,3263,3287,3286
PART-6-1,1602,S4R,3263,3264,3288,3287
PART-6-1,1603,S4R,3264,3265,3289,3288
PART-6-1,1604,S4R,3265,3266,3290,3289
PART-6-1,1605,S4R,3266,2244,2245,3290
PART-6-1,1606,S4R,2242,3267,3291,4
PART-6-1,1607,S4R,3267,3268,3292,3291
PART-6-1,1608,S4R,3268,3269,3293,3292
PART-6-1,1609,S4R,3269,3270,3294,3293
PART-6-1,1610,S4R,3270,3271,3295,3294
PART-6-1,1611,S4R,3271,3272,3296,3295
PART-6-1,1612,S4R,3272,3273,3297,3296
PART-6-1,1613,S4R,3273,3274,3298,3297
PART-6-1,1614,S4R,3274,3275,3299,3298
PART-6-1,1615,S4R,3275,3276,3300,3299
PART-6-1,1616,S4R,3276,3277,3301,3300
PART-6-1,1617,S4R,3277,3278,3302,3301
PART-6-1,1618,S4R,3278,3279,3303,3302
PART-6-1,1619,S4R,3279,3280,3304,3303
PART-6-1,1620,S4R,3280,3281,3305,3304
PART-6-1,1621,S4R,3281,3282,3306,3305
PART-6-1,1622,S4R,3282,3283,3307,3306
PART-6-1,1623,S4R,3283,3284,3308,3307
PART-6-1,1624,S4R,3284,3285,3309,3308
PART-6-1,1625,S4R,3285,3286,3310,3309
PART-6-1,1626,S4R,3286,3287,3311,3310
PART-6-1,1627,S4R,3287,3288,3312,3311
PART-6-1,1628,S4R,3288,3289,3313,3312
PART-6-1,1629,S4R,3289,3290,3314,3313
PART-6-1,1630,S4R,3290,2245,1,3314
PART-6-1,1631,S4R,4,3291,3315,96
PART-6-1,1632,S4R,3291,3292,3316,3315
PART-6-1,1633,S4R,3292,3293,3317,3316
PART-6-1,1634,S4R,3293,3294,3318,3317
PART-6-1,1635,S4R,3294,3295,3319,3318
PART-6-1,1636,S4R,3295,3296,3320,3319
PART-6-1,1637,S4R,3296,3297,3321,3320
PART-6-1,1638,S4R,3297,3298,3322,3321
PART-6-1,1639,S4R,3298,3299,3323,3322
PART-6-1,1640,S4R,3299,3300,3324,3323
PART-6-1,1641,S4R,3300,3301,3325,3324
PART-6-1,1642,S4R,3301,3302,3326,3325
PART-6-1,1643,S4R,3302,3303,3327,3326
PART-6-1,1644,S4R,3303,3304,3328,3327
PART-6-1,1645,S4R,3304,3305,3329,3328
PART-6-1,1646,S4R,3305,3306,3330,3329
PART-6-1,1647,S4R,3306,3307,3331,3330
PART-6-1,1648,S4R,3307,3308,3332,3331
PART-6-1,1649,S4R,3308,3309,3333,3332
PART-6-1,1650,S4R,3309,3310,3334,3333
PART-6-1,1651,S4R,3310,3311,3335,3334
PART-6-1,1652,S4R,3311,3312,3336,3335
PART-6-1,1653,S4R,3312,3313,3337,3336
PART-6-1,1654,S4R,3313,3314,3338,3337
PART-6-1,1655,S4R,3314,1,83,3338
PART-6-1,1656,S4R,96,3315,3339,95
PART-6-1,1657,S4R,3315,3316,3340,3339
PART-6-1,1658,S4R,3316,3317,3341,3340
PART-6-1,1659,S4R,3317,3318,3342,3341
PART-6-1,1660,S4R,3318,3319,3343,3342
PART-6-1,1661,S4R,3319,3320,3344,3343
PART-6-1,1662,S4R,3320,3321,3345,3344
PART-6-1,1663,S4R,3321,3322,3346,3345
PART-6-1,1664,S4R,3322,3323,3347,3346
PART-6-1,1665,S4R,3323,3324,3348,3347
PART-6-1,1666,S4R,3324,3325,3349,3348
PART-6-1,1667,S4R,3325,3326,3350,3349
PART-6-1,1668,S4R,3326,3327,3351,3350
PART-6-1,1669,S4R,3327,3328,3352,3351
PART-6-1,1670,S4R,3328,3329,3353,3352
PART-6-1,1671,S4R,3329,3330,3354,3353
PART-6-1,1672,S4R,3330,3331,3355,3354
PART-6-1,1673,S4R,3331,3332,3356,3355
PART-6-1,1674,S4R,3332,3333,3357,3356
PART-6-1,1675,S4R,3333,3334,3358,3357
PART-6-1,1676,S4R,3334,3335,3359,3358
PART-6-1,1677,S4R,3335,3336,3360,3359
PART-6-1,1678,S4R,3336,3337,3361,3360
PART-6-1,1679,S4R,3337,3338,3362,3361
PART-6-1,1680,S4R,3338,83,82,3362
PART-6-1,1681,S4R,95,3339,3363,94
PART-6-1,1682,S4R,3339,3340,3364,3363
PART-6-1,1683,S4R,3340,3341,3365,3364
PART-6-1,1684,S4R,3341,3342,3366,3365
PART-6-1,1685,S4R,3342,3343,3367,3366
PART-6-1,1686,S4R,3343,3344,3368,3367
PART-6-1,1687,S4R,3344,3345,3369,3368
PART-6-1,1688,S4R,3345,3346,3370,3369
PART-6-1,1689,S4R,3346,3347,3371,3370
PART-6-1,1690,S4R,3347,3348,3372,3371
PART-6-1,1691,S4R,3348,3349,3373,3372
PART-6-1,1692,S4R,3349,3350,3374,3373
PART-6-1,1693,S4R,3350,3351,3375,3374
PART-6-1,1694,S4R,3351,3352,3376,3375
PART-6-1,1695,S4R,3352,3353,3377,3376
PART-6-1,1696,S4R,3353,3354,3378,3377
PART-6-1,1697,S4R,3354,3355,3379,3378
PART-6-1,1698,S4R,3355,3356,3380,3379
PART-6-1,1699,S4R,3356,3357,3381,3380
PART-6-1,1700,S4R,3357,3358,3382,3381
PART-6-1,1701,S4R,3358,3359,3383,3382
PART-6-1,1702,S4R,3359,3360,3384,3383
PART-6-1,1703,S4R,3360,3361,3385,3384
PART-6-1,1704,S4R,3361,3362,3386,3385
PART-6-1,1705,S4R,3362,82,81,3386
PART-6-1,1706,S4R,94,3363,3387,93
PART-6-1,1707,S4R,3363,3364,3388,3387
PART-6-1,1708,S4R,3364,3365,3389,3388
PART-6-1,1709,S4R,3365,3366,3390,3389
PART-6-1,1710,S4R,3366,3367,3391,3390
PART-6-1,1711,S4R,3367,3368,3392,3391
PART-6-1,1712,S4R,3368,3369,3393,3392
PART-6-1,1713,S4R,3369,3370,3394,3393
PART-6-1,1714,S4R,3370,3371,3395,3394
PART-6-1,1715,S4R,3371,3372,3396,3395
PART-6-1,1716,S4R,3372,3373,3397,3396
PART-6-1,1717,S4R,3373,3374,3398,3397
PART-6-1,1718,S4R,3374,3375,3399,3398
PART-6-1,1719,S4R,3375,3376,3400,3399
PART-6-1,1720,S4R,3376,3377,3401,3400
PART-6-1,1721,S4R,3377,3378,3402,3401
PART-6-1,1722,S4R,3378,3379,3403,3402
PART-6-1,1723,S4R,3379,3380,3404,3403
PART-6-1,1724,S4R,3380,3381,3405,3404
PART-6-1,1725,S4R,3381,3382,3406,3405
PART-6-1,1726,S4R,3382,3383,3407,3406
PART-6-1,1727,S4R,3383,3384,3408,3407
PART-6-1,1728,S4R,3384,3385,3409,3408
PART-6-1,1729,S4R,3385,3386,3410,3409
PART-6-1,1730,S4R,3386,81,80,3410
PART-6-1,1731,S4R,93,3387,332,6
PART-6-1,1732,S4R,3387,3388,333,332
PART-6-1,1733,S4R,3388,3389,334,333
PART-6-1,1734,S4R,3389,3390,335,334
PART-6-1,1735,S4R,3390,3391,336,335
PART-6-1,1736,S4R,3391,3392,337,336
PART-6-1,1737,S4R,3392,3393,338,337
PART-6-1,1738,S4R,3393,3394,339,338
PART-6-1,1739,S4R,3394,3395,340,339
PART-6-1,1740,S4R,3395,3396,341,340
PART-6-1,1741,S4R,3396,3397,342,341
PART-6-1,1742,S4R,3397,3398,343,342
PART-6-1,1743,S4R,3398,3399,36,343
PART-6-1,1744,S4R,3399,3400,353,36
PART-6-1,1745,S4R,3400,3401,354,353
PART-6-1,1746,S4R,3401,3402,355,354
PART-6-1,1747,S4R,3402,3403,356,355
PART-6-1,1748,S4R,3403,3404,357,356
PART-6-1,1749,S4R,3404,3405,358,357
PART-6-1,1750,S4R,3405,3406,359,358
PART-6-1,1751,S4R,3406,3407,360,359
PART-6-1,1752,S4R,3407,3408,361,360
PART-6-1,1753,S4R,3408,3409,362,361
PART-6-1,1754,S4R,3409,3410,363,362
PART-6-1,1755,S4R,3410,80,3,363
PART-6-1,1756,S4R,399,400,3411,2250
PART-6-1,1757,S4R,400,401,3412,3411
PART-6-1,1758,S4R,401,402,3413,3412
PART-6-1,1759,S4R,402,403,3414,3413
PART-6-1,1760,S4R,403,404,3415,3414
PART-6-1,1761,S4R,404,405,3416,3415
PART-6-1,1762,S4R,405,406,3417,3416
PART-6-1,1763,S4R,406,407,3418,3417
PART-6-1,1764,S4R,407,408,3419,3418
PART-6-1,1765,S4R,408,409,3420,3419
PART-6-1,1766,S4R,409,410,3421,3420
PART-6-1,1767,S4R,410,411,35,3421
PART-6-1,1768,S4R,2250,3411,3422,2249
PART-6-1,1769,S4R,3411,3412,3423,3422
PART-6-1,1770,S4R,3412,3413,3424,3423
PART-6-1,1771,S4R,3413,3414,3425,3424
PART-6-1,1772,S4R,3414,3415,3426,3425
PART-6-1,1773,S4R,3415,3416,3427,3426
PART-6-1,1774,S4R,3416,3417,3428,3427
PART-6-1,1775,S4R,3417,3418,3429,3428
PART-6-1,1776,S4R,3418,3419,3430,3429
PART-6-1,1777,S4R,3419,3420,3431,3430
PART-6-1,1778,S4R,3420,3421,3432,3431
PART-6-1,1779,S4R,3421,35,352,3432
PART-6-1,1780,S4R,2249,3422,3433,2248
PART-6-1,1781,S4R,3422,3423,3434,3433
PART-6-1,1782,S4R,3423,3424,3435,3434
PART-6-1,1783,S4R,3424,3425,3436,3435
PART-6-1,1784,S4R,3425,3426,3437,3436
PART-6-1,1785,S4R,3426,3427,3438,3437
PART-6-1,1786,S4R,3427,3428,3439,3438
PART-6-1,1787,S4R,3428,3429,3440,3439
PART-6-1,1788,S4R,3429,3430,3441,3440
PART-6-1,1789,S4R,3430,3431,3442,3441
PART-6-1,1790,S4R,3431,3432,3443,3442
PART-6-1,1791,S4R,3432,352,351,3443
PART-6-1,1792,S4R,2248,3433,3444,2247
PART-6-1,1793,S4R,3433,3434,3445,3444
PART-6-1,1794,S4R,3434,3435,3446,3445
PART-6-1,1795,S4R,3435,3436,3447,3446
PART-6-1,1796,S4R,3436,3437,3448,3447
PART-6-1,1797,S4R,3437,3438,3449,3448
PART-6-1,1798,S4R,3438,3439,3450,3449
PART-6-1,1799,S4R,3439,3440,3451,3450
PART-6-1,1800,S4R,3440,3441,3452,3451
PART-6-1,1801,S4R,3441,3442,3453,3452
PART-6-1,1802,S4R,3442,3443,3454,3453
PART-6-1,1803,S4R,3443,351,350,3454
PART-6-1,1804,S4R,2247,3444,3455,2246
PART-6-1,1805,S4R,3444,3445,3456,3455
PART-6-1,1806,S4R,3445,3446,3457,3456
PART-6-1,1807,S4R,3446,3447,3458,3457
PART-6-1,1808,S4R,3447,3448,3459,3458
PART-6-1,1809,S4R,3448,3449,3460,3459
PART-6-1,1810,S4R,3449,3450,3461,3460
PART-6-1,1811,S4R,3450,3451,3462,3461
PART-6-1,1812,S4R,3451,3452,3463,3462
PART-6-1,1813,S4R,3452,3453,3464,3463
PART-6-1,1814,S4R,3453,3454,3465,3464
PART-6-1,1815,S4R,3454,350,349,3465
PART-6-1,1816,S4R,2246,3455,3466,30
PART-6-1,1817,S4R,3455,3456,3467,3466
PART-6-1,1818,S4R,3456,3457,3468,3467
PART-6-1,1819,S4R,3457,3458,3469,3468
PART-6-1,1820,S4R,3458,3459,3470,3469
PART-6-1,1821,S4R,3459,3460,3471,3470
PART-6-1,1822,S4R,3460,3461,3472,3471
PART-6-1,1823,S4R,3461,3462,3473,3472
PART-6-1,1824,S4R,3462,3463,3474,3473
PART-6-1,1825,S4R,3463,3464,3475,3474
PART-6-1,1826,S4R,3464,3465,3476,3475
PART-6-1,1827,S4R,3465,349,348,3476
PART-6-1,1828,S4R,30,3466,3477,242
PART-6-1,1829,S4R,3466,3467,3478,3477
PART-6-1,1830,S4R,3467,3468,3479,3478
PART-6-1,1831,S4R,3468,3469,3480,3479
PART-6-1,1832,S4R,3469,3470,3481,3480
PART-6-1,1833,S4R,3470,3471,3482,3481
PART-6-1,1834,S4R,3471,3472,3483,3482
PART-6-1,1835,S4R,3472,3473,3484,3483
PART-6-1,1836,S4R,3473,3474,3485,3484
PART-6-1,1837,S4R,3474,3475,3486,3485
PART-6-1,1838,S4R,3475,3476,3487,3486
PART-6-1,1839,S4R,3476,348,347,3487
PART-6-1,1840,S4R,242,3477,3488,241
PART-6-1,1841,S4R,3477,3478,3489,3488
PART-6-1,1842,S4R,3478,3479,3490,3489
PART-6-1,1843,S4R,3479,3480,3491,3490
PART-6-1,1844,S4R,3480,3481,3492,3491
PART-6-1,1845,S4R,3481,3482,3493,3492
PART-6-1,1846,S4R,3482,3483,3494,3493
PART-6-1,1847,S4R,3483,3484,3495,3494
PART-6-1,1848,S4R,3484,3485,3496,3495
PART-6-1,1849,S4R,3485,3486,3497,3496
PART-6-1,1850,S4R,3486,3487,3498,3497
PART-6-1,1851,S4R,3487,347,346,3498
PART-6-1,1852,S4R,241,3488,3499,240
PART-6-1,1853,S4R,3488,3489,3500,3499
PART-6-1,1854,S4R,3489,3490,3501,3500
PART-6-1,1855,S4R,3490,3491,3502,3501
PART-6-1,1856,S4R,3491,3492,3503,3502
PART-6-1,1857,S4R,3492,3493,3504,3503
PART-6-1,1858,S4R,3493,3494,3505,3504
PART-6-1,1859,S4R,3494,3495,3506,3505
PART-6-1,1860,S4R,3495,3496,3507,3506
PART-6-1,1861,S4R,3496,3497,3508,3507
PART-6-1,1862,S4R,3497,3498,3509,3508
PART-6-1,1863,S4R,3498,346,345,3509
PART-6-1,1864,S4R,240,3499,3510,239
PART-6-1,1865,S4R,3499,3500,3511,3510
PART-6-1,1866,S4R,3500,3501,3512,3511
PART-6-1,1867,S4R,3501,3502,3513,3512
PART-6-1,1868,S4R,3502,3503,3514,3513
PART-6-1,1869,S4R,3503,3504,3515,3514
PART-6-1,1870,S4R,3504,3505,3516,3515
PART-6-1,1871,S4R,3505,3506,3517,3516
PART-6-1,1872,S4R,3506,3507,3518,3517
PART-6-1,1873,S4R,3507,3508,3519,3518
PART-6-1,1874,S4R,3508,3509,3520,3519
PART-6-1,1875,S4R,3509,345,344,3520
PART-6-1,1876,S4R,239,3510,363,3
PART-6-1,1877,S4R,3510,3511,362,363
PART-6-1,1878,S4R,3511,3512,361,362
PART-6-1,1879,S4R,3512,3513,360,361
PART-6-1,1880,S4R,3513,3514,359,360
PART-6-1,1881,S4R,3514,3515,358,359
PART-6-1,1882,S4R,3515,3516,357,358
PART-6-1,1883,S4R,3516,3517,356,357
PART-6-1,1884,S4R,3517,3518,355,356
PART-6-1,1885,S4R,3518,3519,354,355
PART-6-1,1886,S4R,3519,3520,353,354
PART-6-1,1887,S4R,3520,344,36,353
PART-6-1,1888,S4R,490,2243,3521,489
PART-6-1,1889,S4R,2243,38,272,3521
PART-6-1,1890,S4R,489,3521,3522,488
PART-6-1,1891,S4R,3521,272,271,3522
PART-6-1,1892,S4R,488,3522,3523,487
PART-6-1,1893,S4R,3522,271,270,3523
PART-6-1,1894,S4R,487,3523,3524,486
PART-6-1,1895,S4R,3523,270,269,3524
PART-6-1,1896,S4R,486,3524,3525,485
PART-6-1,1897,S4R,3524,269,268,3525
PART-6-1,1898,S4R,485,3525,3526,484
PART-6-1,1899,S4R,3525,268,267,3526
PART-6-1,1900,S4R,484,3526,3527,483
PART-6-1,1901,S4R,3526,267,266,3527
PART-6-1,1902,S4R,483,3527,3528,482
PART-6-1,1903,S4R,3527,266,265,3528
PART-6-1,1904,S4R,482,3528,3529,481
PART-6-1,1905,S4R,3528,265,264,3529
PART-6-1,1906,S4R,481,3529,3530,480
PART-6-1,1907,S4R,3529,264,37,3530
PART-6-1,1908,S4R,480,3530,479,40
PART-6-1,1909,S4R,3530,37,478,479
PART-6-1,1910,S4R,600,2251,3531,599
PART-6-1,1911,S4R,2251,41,3532,3531
PART-6-1,1912,S4R,41,375,3533,3532
PART-6-1,1913,S4R,375,374,3534,3533
PART-6-1,1914,S4R,374,373,3535,3534
PART-6-1,1915,S4R,373,372,3536,3535
PART-6-1,1916,S4R,372,371,3537,3536
PART-6-1,1917,S4R,371,370,3538,3537
PART-6-1,1918,S4R,370,369,3539,3538
PART-6-1,1919,S4R,369,368,3540,3539
PART-6-1,1920,S4R,368,367,3541,3540
PART-6-1,1921,S4R,367,366,3542,3541
PART-6-1,1922,S4R,366,365,3543,3542
PART-6-1,1923,S4R,365,364,3544,3543
PART-6-1,1924,S4R,364,3,80,3544
PART-6-1,1925,S4R,599,3531,3545,598
PART-6-1,1926,S4R,3531,3532,3546,3545
PART-6-1,1927,S4R,3532,3533,3547,3546
PART-6-1,1928,S4R,3533,3534,3548,3547
PART-6-1,1929,S4R,3534,3535,3549,3548
PART-6-1,1930,S4R,3535,3536,3550,3549
PART-6-1,1931,S4R,3536,3537,3551,3550
PART-6-1,1932,S4R,3537,3538,3552,3551
PART-6-1,1933,S4R,3538,3539,3553,3552
PART-6-1,1934,S4R,3539,3540,3554,3553
PART-6-1,1935,S4R,3540,3541,3555,3554
PART-6-1,1936,S4R,3541,3542,3556,3555
PART-6-1,1937,S4R,3542,3543,3557,3556
PART-6-1,1938,S4R,3543,3544,3558,3557
PART-6-1,1939,S4R,3544,80,81,3558
PART-6-1,1940,S4R,598,3545,3559,597
PART-6-1,1941,S4R,3545,3546,3560,3559
PART-6-1,1942,S4R,3546,3547,3561,3560
PART-6-1,1943,S4R,3547,3548,3562,3561
PART-6-1,1944,S4R,3548,3549,3563,3562
PART-6-1,1945,S4R,3549,3550,3564,3563
PART-6-1,1946,S4R,3550,3551,3565,3564
PART-6-1,1947,S4R,3551,3552,3566,3565
PART-6-1,1948,S4R,3552,3553,3567,3566
PART-6-1,1949,S4R,3553,3554,3568,3567
PART-6-1,1950,S4R,3554,3555,3569,3568
PART-6-1,1951,S4R,3555,3556,3570,3569
PART-6-1,1952,S4R,3556,3557,3571,3570
PART-6-1,1953,S4R,3557,3558,3572,3571
PART-6-1,1954,S4R,3558,81,82,3572
PART-6-1,1955,S4R,597,3559,3573,596
PART-6-1,1956,S4R,3559,3560,3574,3573
PART-6-1,1957,S4R,3560,3561,3575,3574
PART-6-1,1958,S4R,3561,3562,3576,3575
PART-6-1,1959,S4R,3562,3563,3577,3576
PART-6-1,1960,S4R,3563,3564,3578,3577
PART-6-1,1961,S4R,3564,3565,3579,3578
PART-6-1,1962,S4R,3565,3566,3580,3579
PART-6-1,1963,S4R,3566,3567,3581,3580
PART-6-1,1964,S4R,3567,3568,3582,3581
PART-6-1,1965,S4R,3568,3569,3583,3582
PART-6-1,1966,S4R,3569,3570,3584,3583
PART-6-1,1967,S4R,3570,3571,3585,3584
PART-6-1,1968,S4R,3571,3572,3586,3585
PART-6-1,1969,S4R,3572,82,83,3586
PART-6-1,1970,S4R,596,3573,3587,595
PART-6-1,1971,S4R,3573,3574,3588,3587
PART-6-1,1972,S4R,3574,3575,3589,3588
PART-6-1,1973,S4R,3575,3576,3590,3589
PART-6-1,1974,S4R,3576,3577,3591,3590
PART-6-1,1975,S4R,3577,3578,3592,3591
PART-6-1,1976,S4R,3578,3579,3593,3592
PART-6-1,1977,S4R,3579,3580,3594,3593
PART-6-1,1978,S4R,3580,3581,3595,3594
PART-6-1,1979,S4R,3581,3582,3596,3595
PART-6-1,1980,S4R,3582,3583,3597,3596
PART-6-1,1981,S4R,3583,3584,3598,3597
PART-6-1,1982,S4R,3584,3585,3599,3598
PART-6-1,1983,S4R,3585,3586,3600,3599
PART-6-1,1984,S4R,3586,83,1,3600
PART-6-1,1985,S4R,595,3587,3601,594
PART-6-1,1986,S4R,3587,3588,3602,3601
PART-6-1,1987,S4R,3588,3589,3603,3602
PART-6-1,1988,S4R,3589,3590,3604,3603
PART-6-1,1989,S4R,3590,3591,3605,3604
PART-6-1,1990,S4R,3591,3592,3606,3605
PART-6-1,1991,S4R,3592,3593,3607,3606
PART-6-1,1992,S4R,3593,3594,3608,3607
PART-6-1,1993,S4R,3594,3595,3609,3608
PART-6-1,1994,S4R,3595,3596,3610,3609
PART-6-1,1995,S4R,3596,3597,3611,3610
PART-6-1,1996,S4R,3597,3598,3612,3611
PART-6-1,1997,S4R,3598,3599,3613,3612
PART-6-1,1998,S4R,3599,3600,3614,3613
PART-6-1,1999,S4R,3600,1,2245,3614
PART-6-1,2000,S4R,594,3601,3615,593
PART-6-1,2001,S4R,3601,3602,3616,3615
PART-6-1,2002,S4R,3602,3603,3617,3616
PART-6-1,2003,S4R,3603,3604,3618,3617
PART-6-1,2004,S4R,3604,3605,3619,3618
PART-6-1,2005,S4R,3605,3606,3620,3619
PART-6-1,2006,S4R,3606,3607,3621,3620
PART-6-1,2007,S4R,3607,3608,3622,3621
PART-6-1,2008,S4R,3608,3609,3623,3622
PART-6-1,2009,S4R,3609,3610,3624,3623
PART-6-1,2010,S4R,3610,3611,3625,3624
PART-6-1,2011,S4R,3611,3612,3626,3625
PART-6-1,2012,S4R,3612,3613,3627,3626
PART-6-1,2013,S4R,3613,3614,3628,3627
PART-6-1,2014,S4R,3614,2245,2244,3628
PART-6-1,2015,S4R,593,3615,592,42
PART-6-1,2016,S4R,3615,3616,591,592
PART-6-1,2017,S4R,3616,3617,590,591
PART-6-1,2018,S4R,3617,3618,589,590
PART-6-1,2019,S4R,3618,3619,588,589
PART-6-1,2020,S4R,3619,3620,587,588
PART-6-1,2021,S4R,3620,3621,586,587
PART-6-1,2022,S4R,3621,3622,585,586
PART-6-1,2023,S4R,3622,3623,584,585
PART-6-1,2024,S4R,3623,3624,583,584
PART-6-1,2025,S4R,3624,3625,582,583
PART-6-1,2026,S4R,3625,3626,581,582
PART-6-1,2027,S4R,3626,3627,580,581
PART-6-1,2028,S4R,3627,3628,579,580
PART-6-1,2029,S4R,3628,2244,578,579
PART-6-1,2030,S4R,399,2250,3629,398
PART-6-1,2031,S4R,2250,2249,3630,3629
PART-6-1,2032,S4R,2249,2248,3631,3630
PART-6-1,2033,S4R,2248,2247,3632,3631
PART-6-1,2034,S4R,2247,2246,3633,3632
PART-6-1,2035,S4R,2246,30,3634,3633
PART-6-1,2036,S4R,30,242,3635,3634
PART-6-1,2037,S4R,242,241,3636,3635
PART-6-1,2038,S4R,241,240,3637,3636
PART-6-1,2039,S4R,240,239,3638,3637
PART-6-1,2040,S4R,239,3,364,3638
PART-6-1,2041,S4R,398,3629,3639,397
PART-6-1,2042,S4R,3629,3630,3640,3639
PART-6-1,2043,S4R,3630,3631,3641,3640
PART-6-1,2044,S4R,3631,3632,3642,3641
PART-6-1,2045,S4R,3632,3633,3643,3642
PART-6-1,2046,S4R,3633,3634,3644,3643
PART-6-1,2047,S4R,3634,3635,3645,3644
PART-6-1,2048,S4R,3635,3636,3646,3645
PART-6-1,2049,S4R,3636,3637,3647,3646
PART-6-1,2050,S4R,3637,3638,3648,3647
PART-6-1,2051,S4R,3638,364,365,3648
PART-6-1,2052,S4R,397,3639,3649,396
PART-6-1,2053,S4R,3639,3640,3650,3649
PART-6-1,2054,S4R,3640,3641,3651,3650
PART-6-1,2055,S4R,3641,3642,3652,3651
PART-6-1,2056,S4R,3642,3643,3653,3652
PART-6-1,2057,S4R,3643,3644,3654,3653
PART-6-1,2058,S4R,3644,3645,3655,3654
PART-6-1,2059,S4R,3645,3646,3656,3655
PART-6-1,2060,S4R,3646,3647,3657,3656
PART-6-1,2061,S4R,3647,3648,3658,3657
PART-6-1,2062,S4R,3648,365,366,3658
PART-6-1,2063,S4R,396,3649,3659,395
PART-6-1,2064,S4R,3649,3650,3660,3659
PART-6-1,2065,S4R,3650,3651,3661,3660
PART-6-1,2066,S4R,3651,3652,3662,3661
PART-6-1,2067,S4R,3652,3653,3663,3662
PART-6-1,2068,S4R,3653,3654,3664,3663
PART-6-1,2069,S4R,3654,3655,3665,3664
PART-6-1,2070,S4R,3655,3656,3666,3665
PART-6-1,2071,S4R,3656,3657,3667,3666
PART-6-1,2072,S4R,3657,3658,3668,3667
PART-6-1,2073,S4R,3658,366,367,3668
PART-6-1,2074,S4R,395,3659,3669,394
PART-6-1,2075,S4R,3659,3660,3670,3669
PART-6-1,2076,S4R,3660,3661,3671,3670
PART-6-1,2077,S4R,3661,3662,3672,3671
PART-6-1,2078,S4R,3662,3663,3673,3672
PART-6-1,2079,S4R,3663,3664,3674,3673
PART-6-1,2080,S4R,3664,3665,3675,3674
PART-6-1,2081,S4R,3665,3666,3676,3675
PART-6-1,2082,S4R,3666,3667,3677,3676
PART-6-1,2083,S4R,3667,3668,3678,3677
PART-6-1,2084,S4R,3668,367,368,3678
PART-6-1,2085,S4R,394,3669,3679,393
PART-6-1,2086,S4R,3669,3670,3680,3679
PART-6-1,2087,S4R,3670,3671,3681,3680
PART-6-1,2088,S4R,3671,3672,3682,3681
PART-6-1,2089,S4R,3672,3673,3683,3682
PART-6-1,2090,S4R,3673,3674,3684,3683
PART-6-1,2091,S4R,3674,3675,3685,3684
PART-6-1,2092,S4R,3675,3676,3686,3685
PART-6-1,2093,S4R,3676,3677,3687,3686
PART-6-1,2094,S4R,3677,3678,3688,3687
PART-6-1,2095,S4R,3678,368,369,3688
PART-6-1,2096,S4R,393,3679,3689,392
PART-6-1,2097,S4R,3679,3680,3690,3689
PART-6-1,2098,S4R,3680,3681,3691,3690
PART-6-1,2099,S4R,3681,3682,3692,3691
PART-6-1,2100,S4R,3682,3683,3693,3692
PART-6-1,2101,S4R,3683,3684,3694,3693
PART-6-1,2102,S4R,3684,3685,3695,3694
PART-6-1,2103,S4R,3685,3686,3696,3695
PART-6-1,2104,S4R,3686,3687,3697,3696
PART-6-1,2105,S4R,3687,3688,3698,3697
PART-6-1,2106,S4R,3688,369,370,3698
PART-6-1,2107,S4R,392,3689,3699,391
PART-6-1,2108,S4R,3689,3690,3700,3699
PART-6-1,2109,S4R,3690,3691,3701,3700
PART-6-1,2110,S4R,3691,3692,3702,3701
PART-6-1,2111,S4R,3692,3693,3703,3702
PART-6-1,2112,S4R,3693,3694,3704,3703
PART-6-1,2113,S4R,3694,3695,3705,3704
PART-6-1,2114,S4R,3695,3696,3706,3705
PART-6-1,2115,S4R,3696,3697,3707,3706
PART-6-1,2116,S4R,3697,3698,3708,3707
PART-6-1,2117,S4R,3698,370,371,3708
PART-6-1,2118,S4R,391,3699,3709,390
PART-6-1,2119,S4R,3699,3700,3710,3709
PART-6-1,2120,S4R,3700,3701,3711,3710
PART-6-1,2121,S4R,3701,3702,3712,3711
PART-6-1,2122,S4R,3702,3703,3713,3712
PART-6-1,2123,S4R,3703,3704,3714,3713
PART-6-1,2124,S4R,3704,3705,3715,3714
PART-6-1,2125,S4R,3705,3706,3716,3715
PART-6-1,2126,S4R,3706,3707,3717,3716
PART-6-1,2127,S4R,3707,3708,3718,3717
PART-6-1,2128,S4R,3708,371,372,3718
PART-6-1,2129,S4R,390,3709,3719,389
PART-6-1,2130,S4R,3709,3710,3720,3719
PART-6-1,2131,S4R,3710,3711,3721,3720
PART-6-1,2132,S4R,3711,3712,3722,3721
PART-6-1,2133,S4R,3712,3713,3723,3722
PART-6-1,2134,S4R,3713,3714,3724,3723
PART-6-1,2135,S4R,3714,3715,3725,3724
PART-6-1,2136,S4R,3715,3716,3726,3725
PART-6-1,2137,S4R,3716,3717,3727,3726
PART-6-1,2138,S4R,3717,3718,3728,3727
PART-6-1,2139,S4R,3718,372,373,3728
PART-6-1,2140,S4R,389,3719,3729,388
PART-6-1,2141,S4R,3719,3720,3730,3729
PART-6-1,2142,S4R,3720,3721,3731,3730
PART-6-1,2143,S4R,3721,3722,3732,3731
PART-6-1,2144,S4R,3722,3723,3733,3732
PART-6-1,2145,S4R,3723,3724,3734,3733
PART-6-1,2146,S4R,3724,3725,3735,3734
PART-6-1,2147,S4R,3725,3726,3736,3735
PART-6-1,2148,S4R,3726,3727,3737,3736
PART-6-1,2149,S4R,3727,3728,3738,3737
PART-6-1,2150,S4R,3728,373,374,3738
PART-6-1,2151,S4R,388,3729,3739,387
PART-6-1,2152,S4R,3729,3730,3740,3739
PART-6-1,2153,S4R,3730,3731,3741,3740
PART-6-1,2154,S4R,3731,3732,3742,3741
PART-6-1,2155,S4R,3732,3733,3743,3742
PART-6-1,2156,S4R,3733,3734,3744,3743
PART-6-1,2157,S4R,3734,3735,3745,3744
PART-6-1,2158,S4R,3735,3736,3746,3745
PART-6-1,2159,S4R,3736,3737,3747,3746
PART-6-1,2160,S4R,3737,3738,3748,3747
PART-6-1,2161,S4R,3738,374,375,3748
PART-6-1,2162,S4R,387,3739,43,386
PART-6-1,2163,S4R,3739,3740,384,43
PART-6-1,2164,S4R,3740,3741,383,384
PART-6-1,2165,S4R,3741,3742,382,383
PART-6-1,2166,S4R,3742,3743,381,382
PART-6-1,2167,S4R,3743,3744,380,381
PART-6-1,2168,S4R,3744,3745,379,380
PART-6-1,2169,S4R,3745,3746,378,379
PART-6-1,2170,S4R,3746,3747,377,378
PART-6-1,2171,S4R,3747,3748,376,377
PART-6-1,2172,S4R,3748,375,41,376
PART-6-1,2173,S4R,41,2251,3749,376
PART-6-1,2174,S4R,2251,600,601,3749
PART-6-1,2175,S4R,376,3749,3750,377
PART-6-1,2176,S4R,3749,601,602,3750
PART-6-1,2177,S4R,377,3750,3751,378
PART-6-1,2178,S4R,3750,602,603,3751
PART-6-1,2179,S4R,378,3751,3752,379
PART-6-1,2180,S4R,3751,603,604,3752
PART-6-1,2181,S4R,379,3752,3753,380
PART-6-1,2182,S4R,3752,604,605,3753
PART-6-1,2183,S4R,380,3753,3754,381
PART-6-1,2184,S4R,3753,605,606,3754
PART-6-1,2185,S4R,381,3754,3755,382
PART-6-1,2186,S4R,3754,606,607,3755
PART-6-1,2187,S4R,382,3755,3756,383
PART-6-1,2188,S4R,3755,607,608,3756
PART-6-1,2189,S4R,383,3756,3757,384
PART-6-1,2190,S4R,3756,608,609,3757
PART-6-1,2191,S4R,384,3757,3758,43
PART-6-1,2192,S4R,3757,609,610,3758
PART-6-1,2193,S4R,43,3758,385,386
PART-6-1,2194,S4R,3758,610,44,385
PART-6-1,2195,S4R,900,901,3789,3762
PART-6-1,2196,S4R,901,902,3790,3789
PART-6-1,2197,S4R,902,903,3791,3790
PART-6-1,2198,S4R,903,904,3792,3791
PART-6-1,2199,S4R,904,905,3793,3792
PART-6-1,2200,S4R,905,906,3794,3793
PART-6-1,2201,S4R,906,907,3795,3794
PART-6-1,2202,S4R,907,908,3796,3795
PART-6-1,2203,S4R,908,909,3797,3796
PART-6-1,2204,S4R,909,910,3798,3797
PART-6-1,2205,S4R,910,911,3799,3798
PART-6-1,2206,S4R,911,912,3800,3799
PART-6-1,2207,S4R,912,913,3801,3800
PART-6-1,2208,S4R,913,914,3802,3801
PART-6-1,2209,S4R,914,915,3803,3802
PART-6-1,2210,S4R,915,916,3804,3803
PART-6-1,2211,S4R,916,917,3805,3804
PART-6-1,2212,S4R,917,918,3806,3805
PART-6-1,2213,S4R,918,919,3807,3806
PART-6-1,2214,S4R,919,920,3808,3807
PART-6-1,2215,S4R,920,921,3809,3808
PART-6-1,2216,S4R,921,922,3810,3809
PART-6-1,2217,S4R,922,923,3811,3810
PART-6-1,2218,S4R,923,924,3812,3811
PART-6-1,2219,S4R,924,925,3759,3812
PART-6-1,2220,S4R,3762,3789,3813,3761
PART-6-1,2221,S4R,3789,3790,3814,3813
PART-6-1,2222,S4R,3790,3791,3815,3814
PART-6-1,2223,S4R,3791,3792,3816,3815
PART-6-1,2224,S4R,3792,3793,3817,3816
PART-6-1,2225,S4R,3793,3794,3818,3817
PART-6-1,2226,S4R,3794,3795,3819,3818
PART-6-1,2227,S4R,3795,3796,3820,3819
PART-6-1,2228,S4R,3796,3797,3821,3820
PART-6-1,2229,S4R,3797,3798,3822,3821
PART-6-1,2230,S4R,3798,3799,3823,3822
PART-6-1,2231,S4R,3799,3800,3824,3823
PART-6-1,2232,S4R,3800,3801,3825,3824
PART-6-1,2233,S4R,3801,3802,3826,3825
PART-6-1,2234,S4R,3802,3803,3827,3826
PART-6-1,2235,S4R,3803,3804,3828,3827
PART-6-1,2236,S4R,3804,3805,3829,3828
PART-6-1,2237,S4R,3805,3806,3830,3829
PART-6-1,2238,S4R,3806,3807,3831,3830
PART-6-1,2239,S4R,3807,3808,3832,3831
PART-6-1,2240,S4R,3808,3809,3833,3832
PART-6-1,2241,S4R,3809,3810,3834,3833
PART-6-1,2242,S4R,3810,3811,3835,3834
PART-6-1,2243,S4R,3811,3812,3836,3835
PART-6-1,2244,S4R,3812,3759,3760,3836
PART-6-1,2245,S4R,3761,3813,3837,13
PART-6-1,2246,S4R,3813,3814,3838,3837
PART-6-1,2247,S4R,3814,3815,3839,3838
PART-6-1,2248,S4R,3815,3816,3840,3839
PART-6-1,2249,S4R,3816,3817,3841,3840
PART-6-1,2250,S4R,3817,3818,3842,3841
PART-6-1,2251,S4R,3818,3819,3843,3842
PART-6-1,2252,S4R,3819,3820,3844,3843
PART-6-1,2253,S4R,3820,3821,3845,3844
PART-6-1,2254,S4R,3821,3822,3846,3845
PART-6-1,2255,S4R,3822,3823,3847,3846
PART-6-1,2256,S4R,3823,3824,3848,3847
PART-6-1,2257,S4R,3824,3825,3849,3848
PART-6-1,2258,S4R,3825,3826,3850,3849
PART-6-1,2259,S4R,3826,3827,3851,3850
PART-6-1,2260,S4R,3827,3828,3852,3851
PART-6-1,2261,S4R,3828,3829,3853,3852
PART-6-1,2262,S4R,3829,3830,3854,3853
PART-6-1,2263,S4R,3830,3831,3855,3854
PART-6-1,2264,S4R,3831,3832,3856,3855
PART-6-1,2265,S4R,3832,3833,3857,3856
PART-6-1,2266,S4R,3833,3834,3858,3857
PART-6-1,2267,S4R,3834,3835,3859,3858
PART-6-1,2268,S4R,3835,3836,3860,3859
PART-6-1,2269,S4R,3836,3760,16,3860
PART-6-1,2270,S4R,13,3837,3861,135
PART-6-1,2271,S4R,3837,3838,3862,3861
PART-6-1,2272,S4R,3838,3839,3863,3862
PART-6-1,2273,S4R,3839,3840,3864,3863
PART-6-1,2274,S4R,3840,3841,3865,3864
PART-6-1,2275,S4R,3841,3842,3866,3865
PART-6-1,2276,S4R,3842,3843,3867,3866
PART-6-1,2277,S4R,3843,3844,3868,3867
PART-6-1,2278,S4R,3844,3845,3869,3868
PART-6-1,2279,S4R,3845,3846,3870,3869
PART-6-1,2280,S4R,3846,3847,3871,3870
PART-6-1,2281,S4R,3847,3848,3872,3871
PART-6-1,2282,S4R,3848,3849,3873,3872
PART-6-1,2283,S4R,3849,3850,3874,3873
PART-6-1,2284,S4R,3850,3851,3875,3874
PART-6-1,2285,S4R,3851,3852,3876,3875
PART-6-1,2286,S4R,3852,3853,3877,3876
PART-6-1,2287,S4R,3853,3854,3878,3877
PART-6-1,2288,S4R,3854,3855,3879,3878
PART-6-1,2289,S4R,3855,3856,3880,3879
PART-6-1,2290,S4R,3856,3857,3881,3880
PART-6-1,2291,S4R,3857,3858,3882,3881
PART-6-1,2292,S4R,3858,3859,3883,3882
PART-6-1,2293,S4R,3859,3860,3884,3883
PART-6-1,2294,S4R,3860,16,150,3884
PART-6-1,2295,S4R,135,3861,3885,134
PART-6-1,2296,S4R,3861,3862,3886,3885
PART-6-1,2297,S4R,3862,3863,3887,3886
PART-6-1,2298,S4R,3863,3864,3888,3887
PART-6-1,2299,S4R,3864,3865,3889,3888
PART-6-1,2300,S4R,3865,3866,3890,3889
PART-6-1,2301,S4R,3866,3867,3891,3890
PART-6-1,2302,S4R,3867,3868,3892,3891
PART-6-1,2303,S4R,3868,3869,3893,3892
PART-6-1,2304,S4R,3869,3870,3894,3893
PART-6-1,2305,S4R,3870,3871,3895,3894
PART-6-1,2306,S4R,3871,3872,3896,3895
PART-6-1,2307,S4R,3872,3873,3897,3896
PART-6-1,2308,S4R,3873,3874,3898,3897
PART-6-1,2309,S4R,3874,3875,3899,3898
PART-6-1,2310,S4R,3875,3876,3900,3899
PART-6-1,2311,S4R,3876,3877,3901,3900
PART-6-1,2312,S4R,3877,3878,3902,3901
PART-6-1,2313,S4R,3878,3879,3903,3902
PART-6-1,2314,S4R,3879,3880,3904,3903
PART-6-1,2315,S4R,3880,3881,3905,3904
PART-6-1,2316,S4R,3881,3882,3906,3905
PART-6-1,2317,S4R,3882,3883,3907,3906
PART-6-1,2318,S4R,3883,3884,3908,3907
PART-6-1,2319,S4R,3884,150,149,3908
PART-6-1,2320,S4R,134,3885,3909,133
PART-6-1,2321,S4R,3885,3886,3910,3909
PART-6-1,2322,S4R,3886,3887,3911,3910
PART-6-1,2323,S4R,3887,3888,3912,3911
PART-6-1,2324,S4R,3888,3889,3913,3912
PART-6-1,2325,S4R,3889,3890,3914,3913
PART-6-1,2326,S4R,3890,3891,3915,3914
PART-6-1,2327,S4R,3891,3892,3916,3915
PART-6-1,2328,S4R,3892,3893,3917,3916
PART-6-1,2329,S4R,3893,3894,3918,3917
PART-6-1,2330,S4R,3894,3895,3919,3918
PART-6-1,2331,S4R,3895,3896,3920,3919
PART-6-1,2332,S4R,3896,3897,3921,3920
PART-6-1,2333,S4R,3897,3898,3922,3921
PART-6-1,2334,S4R,3898,3899,3923,3922
PART-6-1,2335,S4R,3899,3900,3924,3923
PART-6-1,2336,S4R,3900,3901,3925,3924
PART-6-1,2337,S4R,3901,3902,3926,3925
PART-6-1,2338,S4R,3902,3903,3927,3926
PART-6-1,2339,S4R,3903,3904,3928,3927
PART-6-1,2340,S4R,3904,3905,3929,3928
PART-6-1,2341,S4R,3905,3906,3930,3929
PART-6-1,2342,S4R,3906,3907,3931,3930
PART-6-1,2343,S4R,3907,3908,3932,3931
PART-6-1,2344,S4R,3908,149,148,3932
PART-6-1,2345,S4R,133,3909,3933,132
PART-6-1,2346,S4R,3909,3910,3934,3933
PART-6-1,2347,S4R,3910,3911,3935,3934
PART-6-1,2348,S4R,3911,3912,3936,3935
PART-6-1,2349,S4R,3912,3913,3937,3936
PART-6-1,2350,S4R,3913,3914,3938,3937
PART-6-1,2351,S4R,3914,3915,3939,3938
PART-6-1,2352,S4R,3915,3916,3940,3939
PART-6-1,2353,S4R,3916,3917,3941,3940
PART-6-1,2354,S4R,3917,3918,3942,3941
PART-6-1,2355,S4R,3918,3919,3943,3942
PART-6-1,2356,S4R,3919,3920,3944,3943
PART-6-1,2357,S4R,3920,3921,3945,3944
PART-6-1,2358,S4R,3921,3922,3946,3945
PART-6-1,2359,S4R,3922,3923,3947,3946
PART-6-1,2360,S4R,3923,3924,3948,3947
PART-6-1,2361,S4R,3924,3925,3949,3948
PART-6-1,2362,S4R,3925,3926,3950,3949
PART-6-1,2363,S4R,3926,3927,3951,3950
PART-6-1,2364,S4R,3927,3928,3952,3951
PART-6-1,2365,S4R,3928,3929,3953,3952
PART-6-1,2366,S4R,3929,3930,3954,3953
PART-6-1,2367,S4R,3930,3931,3955,3954
PART-6-1,2368,S4R,3931,3932,3956,3955
PART-6-1,2369,S4R,3932,148,147,3956
PART-6-1,2370,S4R,132,3933,654,15
PART-6-1,2371,S4R,3933,3934,653,654
PART-6-1,2372,S4R,3934,3935,652,653
PART-6-1,2373,S4R,3935,3936,651,652
PART-6-1,2374,S4R,3936,3937,650,651
PART-6-1,2375,S4R,3937,3938,649,650
PART-6-1,2376,S4R,3938,3939,648,649
PART-6-1,2377,S4R,3939,3940,647,648
PART-6-1,2378,S4R,3940,3941,646,647
PART-6-1,2379,S4R,3941,3942,645,646
PART-6-1,2380,S4R,3942,3943,644,645
PART-6-1,2381,S4R,3943,3944,643,644
PART-6-1,2382,S4R,3944,3945,45,643
PART-6-1,2383,S4R,3945,3946,642,45
PART-6-1,2384,S4R,3946,3947,641,642
PART-6-1,2385,S4R,3947,3948,640,641
PART-6-1,2386,S4R,3948,3949,639,640
PART-6-1,2387,S4R,3949,3950,638,639
PART-6-1,2388,S4R,3950,3951,637,638
PART-6-1,2389,S4R,3951,3952,636,637
PART-6-1,2390,S4R,3952,3953,635,636
PART-6-1,2391,S4R,3953,3954,634,635
PART-6-1,2392,S4R,3954,3955,633,634
PART-6-1,2393,S4R,3955,3956,632,633
PART-6-1,2394,S4R,3956,147,18,632
PART-6-1,2395,S4R,900,3762,3957,899
PART-6-1,2396,S4R,3762,3761,3958,3957
PART-6-1,2397,S4R,3761,13,3959,3958
PART-6-1,2398,S4R,13,135,3960,3959
PART-6-1,2399,S4R,135,134,3961,3960
PART-6-1,2400,S4R,134,133,3962,3961
PART-6-1,2401,S4R,133,132,3963,3962
PART-6-1,2402,S4R,132,15,655,3963
PART-6-1,2403,S4R,899,3957,3964,898
PART-6-1,2404,S4R,3957,3958,3965,3964
PART-6-1,2405,S4R,3958,3959,3966,3965
PART-6-1,2406,S4R,3959,3960,3967,3966
PART-6-1,2407,S4R,3960,3961,3968,3967
PART-6-1,2408,S4R,3961,3962,3969,3968
PART-6-1,2409,S4R,3962,3963,3970,3969
PART-6-1,2410,S4R,3963,655,656,3970
PART-6-1,2411,S4R,898,3964,3971,897
PART-6-1,2412,S4R,3964,3965,3972,3971
PART-6-1,2413,S4R,3965,3966,3973,3972
PART-6-1,2414,S4R,3966,3967,3974,3973
PART-6-1,2415,S4R,3967,3968,3975,3974
PART-6-1,2416,S4R,3968,3969,3976,3975
PART-6-1,2417,S4R,3969,3970,3977,3976
PART-6-1,2418,S4R,3970,656,657,3977
PART-6-1,2419,S4R,897,3971,3978,896
PART-6-1,2420,S4R,3971,3972,3979,3978
PART-6-1,2421,S4R,3972,3973,3980,3979
PART-6-1,2422,S4R,3973,3974,3981,3980
PART-6-1,2423,S4R,3974,3975,3982,3981
PART-6-1,2424,S4R,3975,3976,3983,3982
PART-6-1,2425,S4R,3976,3977,3984,3983
PART-6-1,2426,S4R,3977,657,658,3984
PART-6-1,2427,S4R,896,3978,3985,895
PART-6-1,2428,S4R,3978,3979,3986,3985
PART-6-1,2429,S4R,3979,3980,3987,3986
PART-6-1,2430,S4R,3980,3981,3988,3987
PART-6-1,2431,S4R,3981,3982,3989,3988
PART-6-1,2432,S4R,3982,3983,3990,3989
PART-6-1,2433,S4R,3983,3984,3991,3990
PART-6-1,2434,S4R,3984,658,659,3991
PART-6-1,2435,S4R,895,3985,3992,894
PART-6-1,2436,S4R,3985,3986,3993,3992
PART-6-1,2437,S4R,3986,3987,3994,3993
PART-6-1,2438,S4R,3987,3988,3995,3994
PART-6-1,2439,S4R,3988,3989,3996,3995
PART-6-1,2440,S4R,3989,3990,3997,3996
PART-6-1,2441,S4R,3990,3991,3998,3997
PART-6-1,2442,S4R,3991,659,660,3998
PART-6-1,2443,S4R,894,3992,3999,893
PART-6-1,2444,S4R,3992,3993,4000,3999
PART-6-1,2445,S4R,3993,3994,4001,4000
PART-6-1,2446,S4R,3994,3995,4002,4001
PART-6-1,2447,S4R,3995,3996,4003,4002
PART-6-1,2448,S4R,3996,3997,4004,4003
PART-6-1,2449,S4R,3997,3998,4005,4004
PART-6-1,2450,S4R,3998,660,661,4005
PART-6-1,2451,S4R,893,3999,4006,892
PART-6-1,2452,S4R,3999,4000,4007,4006
PART-6-1,2453,S4R,4000,4001,4008,4007
PART-6-1,2454,S4R,4001,4002,4009,4008
PART-6-1,2455,S4R,4002,4003,4010,4009
PART-6-1,2456,S4R,4003,4004,4011,4010
PART-6-1,2457,S4R,4004,4005,4012,4011
PART-6-1,2458,S4R,4005,661,662,4012
PART-6-1,2459,S4R,892,4006,4013,891
PART-6-1,2460,S4R,4006,4007,4014,4013
PART-6-1,2461,S4R,4007,4008,4015,4014
PART-6-1,2462,S4R,4008,4009,4016,4015
PART-6-1,2463,S4R,4009,4010,4017,4016
PART-6-1,2464,S4R,4010,4011,4018,4017
PART-6-1,2465,S4R,4011,4012,4019,4018
PART-6-1,2466,S4R,4012,662,663,4019
PART-6-1,2467,S4R,891,4013,4020,890
PART-6-1,2468,S4R,4013,4014,4021,4020
PART-6-1,2469,S4R,4014,4015,4022,4021
PART-6-1,2470,S4R,4015,4016,4023,4022
PART-6-1,2471,S4R,4016,4017,4024,4023
PART-6-1,2472,S4R,4017,4018,4025,4024
PART-6-1,2473,S4R,4018,4019,4026,4025
PART-6-1,2474,S4R,4019,663,664,4026
PART-6-1,2475,S4R,890,4020,4027,889
PART-6-1,2476,S4R,4020,4021,4028,4027
PART-6-1,2477,S4R,4021,4022,4029,4028
PART-6-1,2478,S4R,4022,4023,4030,4029
PART-6-1,2479,S4R,4023,4024,4031,4030
PART-6-1,2480,S4R,4024,4025,4032,4031
PART-6-1,2481,S4R,4025,4026,4033,4032
PART-6-1,2482,S4R,4026,664,665,4033
PART-6-1,2483,S4R,889,4027,4034,888
PART-6-1,2484,S4R,4027,4028,4035,4034
PART-6-1,2485,S4R,4028,4029,4036,4035
PART-6-1,2486,S4R,4029,4030,4037,4036
PART-6-1,2487,S4R,4030,4031,4038,4037
PART-6-1,2488,S4R,4031,4032,4039,4038
PART-6-1,2489,S4R,4032,4033,4040,4039
PART-6-1,2490,S4R,4033,665,666,4040
PART-6-1,2491,S4R,888,4034,4041,887
PART-6-1,2492,S4R,4034,4035,4042,4041
PART-6-1,2493,S4R,4035,4036,4043,4042
PART-6-1,2494,S4R,4036,4037,4044,4043
PART-6-1,2495,S4R,4037,4038,4045,4044
PART-6-1,2496,S4R,4038,4039,4046,4045
PART-6-1,2497,S4R,4039,4040,4047,4046
PART-6-1,2498,S4R,4040,666,667,4047
PART-6-1,2499,S4R,887,4041,4048,886
PART-6-1,2500,S4R,4041,4042,4049,4048
PART-6-1,2501,S4R,4042,4043,4050,4049
PART-6-1,2502,S4R,4043,4044,4051,4050
PART-6-1,2503,S4R,4044,4045,4052,4051
PART-6-1,2504,S4R,4045,4046,4053,4052
PART-6-1,2505,S4R,4046,4047,4054,4053
PART-6-1,2506,S4R,4047,667,668,4054
PART-6-1,2507,S4R,886,4048,3764,885
PART-6-1,2508,S4R,4048,4049,3763,3764
PART-6-1,2509,S4R,4049,4050,10,3763
PART-6-1,2510,S4R,4050,4051,122,10
PART-6-1,2511,S4R,4051,4052,121,122
PART-6-1,2512,S4R,4052,4053,120,121
PART-6-1,2513,S4R,4053,4054,119,120
PART-6-1,2514,S4R,4054,668,12,119
PART-6-1,2515,S4R,947,3765,4055,946
PART-6-1,2516,S4R,3765,46,4056,4055
PART-6-1,2517,S4R,46,622,4057,4056
PART-6-1,2518,S4R,622,621,4058,4057
PART-6-1,2519,S4R,621,620,4059,4058
PART-6-1,2520,S4R,620,619,4060,4059
PART-6-1,2521,S4R,619,618,4061,4060
PART-6-1,2522,S4R,618,617,4062,4061
PART-6-1,2523,S4R,617,616,4063,4062
PART-6-1,2524,S4R,616,615,4064,4063
PART-6-1,2525,S4R,615,614,4065,4064
PART-6-1,2526,S4R,614,613,4066,4065
PART-6-1,2527,S4R,613,612,4067,4066
PART-6-1,2528,S4R,612,611,4068,4067
PART-6-1,2529,S4R,611,18,147,4068
PART-6-1,2530,S4R,946,4055,4069,945
PART-6-1,2531,S4R,4055,4056,4070,4069
PART-6-1,2532,S4R,4056,4057,4071,4070
PART-6-1,2533,S4R,4057,4058,4072,4071
PART-6-1,2534,S4R,4058,4059,4073,4072
PART-6-1,2535,S4R,4059,4060,4074,4073
PART-6-1,2536,S4R,4060,4061,4075,4074
PART-6-1,2537,S4R,4061,4062,4076,4075
PART-6-1,2538,S4R,4062,4063,4077,4076
PART-6-1,2539,S4R,4063,4064,4078,4077
PART-6-1,2540,S4R,4064,4065,4079,4078
PART-6-1,2541,S4R,4065,4066,4080,4079
PART-6-1,2542,S4R,4066,4067,4081,4080
PART-6-1,2543,S4R,4067,4068,4082,4081
PART-6-1,2544,S4R,4068,147,148,4082
PART-6-1,2545,S4R,945,4069,4083,944
PART-6-1,2546,S4R,4069,4070,4084,4083
PART-6-1,2547,S4R,4070,4071,4085,4084
PART-6-1,2548,S4R,4071,4072,4086,4085
PART-6-1,2549,S4R,4072,4073,4087,4086
PART-6-1,2550,S4R,4073,4074,4088,4087
PART-6-1,2551,S4R,4074,4075,4089,4088
PART-6-1,2552,S4R,4075,4076,4090,4089
PART-6-1,2553,S4R,4076,4077,4091,4090
PART-6-1,2554,S4R,4077,4078,4092,4091
PART-6-1,2555,S4R,4078,4079,4093,4092
PART-6-1,2556,S4R,4079,4080,4094,4093
PART-6-1,2557,S4R,4080,4081,4095,4094
PART-6-1,2558,S4R,4081,4082,4096,4095
PART-6-1,2559,S4R,4082,148,149,4096
PART-6-1,2560,S4R,944,4083,4097,943
PART-6-1,2561,S4R,4083,4084,4098,4097
PART-6-1,2562,S4R,4084,4085,4099,4098
PART-6-1,2563,S4R,4085,4086,4100,4099
PART-6-1,2564,S4R,4086,4087,4101,4100
PART-6-1,2565,S4R,4087,4088,4102,4101
PART-6-1,2566,S4R,4088,4089,4103,4102
PART-6-1,2567,S4R,4089,4090,4104,4103
PART-6-1,2568,S4R,4090,4091,4105,4104
PART-6-1,2569,S4R,4091,4092,4106,4105
PART-6-1,2570,S4R,4092,4093,4107,4106
PART-6-1,2571,S4R,4093,4094,4108,4107
PART-6-1,2572,S4R,4094,4095,4109,4108
PART-6-1,2573,S4R,4095,4096,4110,4109
PART-6-1,2574,S4R,4096,149,150,4110
PART-6-1,2575,S4R,943,4097,4111,942
PART-6-1,2576,S4R,4097,4098,4112,4111
PART-6-1,2577,S4R,4098,4099,4113,4112
PART-6-1,2578,S4R,4099,4100,4114,4113
PART-6-1,2579,S4R,4100,4101,4115,4114
PART-6-1,2580,S4R,4101,4102,4116,4115
PART-6-1,2581,S4R,4102,4103,4117,4116
PART-6-1,2582,S4R,4103,4104,4118,4117
PART-6-1,2583,S4R,4104,4105,4119,4118
PART-6-1,2584,S4R,4105,4106,4120,4119
PART-6-1,2585,S4R,4106,4107,4121,4120
PART-6-1,2586,S4R,4107,4108,4122,4121
PART-6-1,2587,S4R,4108,4109,4123,4122
PART-6-1,2588,S4R,4109,4110,4124,4123
PART-6-1,2589,S4R,4110,150,16,4124
PART-6-1,2590,S4R,942,4111,4125,941
PART-6-1,2591,S4R,4111,4112,4126,4125
PART-6-1,2592,S4R,4112,4113,4127,4126
PART-6-1,2593,S4R,4113,4114,4128,4127
PART-6-1,2594,S4R,4114,4115,4129,4128
PART-6-1,2595,S4R,4115,4116,4130,4129
PART-6-1,2596,S4R,4116,4117,4131,4130
PART-6-1,2597,S4R,4117,4118,4132,4131
PART-6-1,2598,S4R,4118,4119,4133,4132
PART-6-1,2599,S4R,4119,4120,4134,4133
PART-6-1,2600,S4R,4120,4121,4135,4134
PART-6-1,2601,S4R,4121,4122,4136,4135
PART-6-1,2602,S4R,4122,4123,4137,4136
PART-6-1,2603,S4R,4123,4124,4138,4137
PART-6-1,2604,S4R,4124,16,3760,4138
PART-6-1,2605,S4R,941,4125,4139,940
PART-6-1,2606,S4R,4125,4126,4140,4139
PART-6-1,2607,S4R,4126,4127,4141,4140
PART-6-1,2608,S4R,4127,4128,4142,4141
PART-6-1,2609,S4R,4128,4129,4143,4142
PART-6-1,2610,S4R,4129,4130,4144,4143
PART-6-1,2611,S4R,4130,4131,4145,4144
PART-6-1,2612,S4R,4131,4132,4146,4145
PART-6-1,2613,S4R,4132,4133,4147,4146
PART-6-1,2614,S4R,4133,4134,4148,4147
PART-6-1,2615,S4R,4134,4135,4149,4148
PART-6-1,2616,S4R,4135,4136,4150,4149
PART-6-1,2617,S4R,4136,4137,4151,4150
PART-6-1,2618,S4R,4137,4138,4152,4151
PART-6-1,2619,S4R,4138,3760,3759,4152
PART-6-1,2620,S4R,940,4139,939,47
PART-6-1,2621,S4R,4139,4140,938,939
PART-6-1,2622,S4R,4140,4141,937,938
PART-6-1,2623,S4R,4141,4142,936,937
PART-6-1,2624,S4R,4142,4143,935,936
PART-6-1,2625,S4R,4143,4144,934,935
PART-6-1,2626,S4R,4144,4145,933,934
PART-6-1,2627,S4R,4145,4146,932,933
PART-6-1,2628,S4R,4146,4147,931,932
PART-6-1,2629,S4R,4147,4148,930,931
PART-6-1,2630,S4R,4148,4149,929,930
PART-6-1,2631,S4R,4149,4150,928,929
PART-6-1,2632,S4R,4150,4151,927,928
PART-6-1,2633,S4R,4151,4152,926,927
PART-6-1,2634,S4R,4152,3759,925,926
PART-6-1,2635,S4R,746,747,4153,3770
PART-6-1,2636,S4R,747,748,4154,4153
PART-6-1,2637,S4R,748,749,4155,4154
PART-6-1,2638,S4R,749,750,4156,4155
PART-6-1,2639,S4R,750,751,4157,4156
PART-6-1,2640,S4R,751,752,4158,4157
PART-6-1,2641,S4R,752,753,4159,4158
PART-6-1,2642,S4R,753,754,4160,4159
PART-6-1,2643,S4R,754,755,4161,4160
PART-6-1,2644,S4R,755,756,4162,4161
PART-6-1,2645,S4R,756,757,4163,4162
PART-6-1,2646,S4R,757,758,48,4163
PART-6-1,2647,S4R,3770,4153,4164,3769
PART-6-1,2648,S4R,4153,4154,4165,4164
PART-6-1,2649,S4R,4154,4155,4166,4165
PART-6-1,2650,S4R,4155,4156,4167,4166
PART-6-1,2651,S4R,4156,4157,4168,4167
PART-6-1,2652,S4R,4157,4158,4169,4168
PART-6-1,2653,S4R,4158,4159,4170,4169
PART-6-1,2654,S4R,4159,4160,4171,4170
PART-6-1,2655,S4R,4160,4161,4172,4171
PART-6-1,2656,S4R,4161,4162,4173,4172
PART-6-1,2657,S4R,4162,4163,4174,4173
PART-6-1,2658,S4R,4163,48,731,4174
PART-6-1,2659,S4R,3769,4164,4175,3768
PART-6-1,2660,S4R,4164,4165,4176,4175
PART-6-1,2661,S4R,4165,4166,4177,4176
PART-6-1,2662,S4R,4166,4167,4178,4177
PART-6-1,2663,S4R,4167,4168,4179,4178
PART-6-1,2664,S4R,4168,4169,4180,4179
PART-6-1,2665,S4R,4169,4170,4181,4180
PART-6-1,2666,S4R,4170,4171,4182,4181
PART-6-1,2667,S4R,4171,4172,4183,4182
PART-6-1,2668,S4R,4172,4173,4184,4183
PART-6-1,2669,S4R,4173,4174,4185,4184
PART-6-1,2670,S4R,4174,731,730,4185
PART-6-1,2671,S4R,3768,4175,4186,3767
PART-6-1,2672,S4R,4175,4176,4187,4186
PART-6-1,2673,S4R,4176,4177,4188,4187
PART-6-1,2674,S4R,4177,4178,4189,4188
PART-6-1,2675,S4R,4178,4179,4190,4189
PART-6-1,2676,S4R,4179,4180,4191,4190
PART-6-1,2677,S4R,4180,4181,4192,4191
PART-6-1,2678,S4R,4181,4182,4193,4192
PART-6-1,2679,S4R,4182,4183,4194,4193
PART-6-1,2680,S4R,4183,4184,4195,4194
PART-6-1,2681,S4R,4184,4185,4196,4195
PART-6-1,2682,S4R,4185,730,729,4196
PART-6-1,2683,S4R,3767,4186,4197,3766
PART-6-1,2684,S4R,4186,4187,4198,4197
PART-6-1,2685,S4R,4187,4188,4199,4198
PART-6-1,2686,S4R,4188,4189,4200,4199
PART-6-1,2687,S4R,4189,4190,4201,4200
PART-6-1,2688,S4R,4190,4191,4202,4201
PART-6-1,2689,S4R,4191,4192,4203,4202
PART-6-1,2690,S4R,4192,4193,4204,4203
PART-6-1,2691,S4R,4193,4194,4205,4204
PART-6-1,2692,S4R,4194,4195,4206,4205
PART-6-1,2693,S4R,4195,4196,4207,4206
PART-6-1,2694,S4R,4196,729,728,4207
PART-6-1,2695,S4R,3766,4197,4208,29
PART-6-1,2696,S4R,4197,4198,4209,4208
PART-6-1,2697,S4R,4198,4199,4210,4209
PART-6-1,2698,S4R,4199,4200,4211,4210
PART-6-1,2699,S4R,4200,4201,4212,4211
PART-6-1,2700,S4R,4201,4202,4213,4212
PART-6-1,2701,S4R,4202,4203,4214,4213
PART-6-1,2702,S4R,4203,4204,4215,4214
PART-6-1,2703,S4R,4204,4205,4216,4215
PART-6-1,2704,S4R,4205,4206,4217,4216
PART-6-1,2705,S4R,4206,4207,4218,4217
PART-6-1,2706,S4R,4207,728,727,4218
PART-6-1,2707,S4R,29,4208,4219,232
PART-6-1,2708,S4R,4208,4209,4220,4219
PART-6-1,2709,S4R,4209,4210,4221,4220
PART-6-1,2710,S4R,4210,4211,4222,4221
PART-6-1,2711,S4R,4211,4212,4223,4222
PART-6-1,2712,S4R,4212,4213,4224,4223
PART-6-1,2713,S4R,4213,4214,4225,4224
PART-6-1,2714,S4R,4214,4215,4226,4225
PART-6-1,2715,S4R,4215,4216,4227,4226
PART-6-1,2716,S4R,4216,4217,4228,4227
PART-6-1,2717,S4R,4217,4218,4229,4228
PART-6-1,2718,S4R,4218,727,726,4229
PART-6-1,2719,S4R,232,4219,4230,231
PART-6-1,2720,S4R,4219,4220,4231,4230
PART-6-1,2721,S4R,4220,4221,4232,4231
PART-6-1,2722,S4R,4221,4222,4233,4232
PART-6-1,2723,S4R,4222,4223,4234,4233
PART-6-1,2724,S4R,4223,4224,4235,4234
PART-6-1,2725,S4R,4224,4225,4236,4235
PART-6-1,2726,S4R,4225,4226,4237,4236
PART-6-1,2727,S4R,4226,4227,4238,4237
PART-6-1,2728,S4R,4227,4228,4239,4238
PART-6-1,2729,S4R,4228,4229,4240,4239
PART-6-1,2730,S4R,4229,726,725,4240
PART-6-1,2731,S4R,231,4230,4241,230
PART-6-1,2732,S4R,4230,4231,4242,4241
PART-6-1,2733,S4R,4231,4232,4243,4242
PART-6-1,2734,S4R,4232,4233,4244,4243
PART-6-1,2735,S4R,4233,4234,4245,4244
PART-6-1,2736,S4R,4234,4235,4246,4245
PART-6-1,2737,S4R,4235,4236,4247,4246
PART-6-1,2738,S4R,4236,4237,4248,4247
PART-6-1,2739,S4R,4237,4238,4249,4248
PART-6-1,2740,S4R,4238,4239,4250,4249
PART-6-1,2741,S4R,4239,4240,4251,4250
PART-6-1,2742,S4R,4240,725,724,4251
PART-6-1,2743,S4R,230,4241,4252,229
PART-6-1,2744,S4R,4241,4242,4253,4252
PART-6-1,2745,S4R,4242,4243,4254,4253
PART-6-1,2746,S4R,4243,4244,4255,4254
PART-6-1,2747,S4R,4244,4245,4256,4255
PART-6-1,2748,S4R,4245,4246,4257,4256
PART-6-1,2749,S4R,4246,4247,4258,4257
PART-6-1,2750,S4R,4247,4248,4259,4258
PART-6-1,2751,S4R,4248,4249,4260,4259
PART-6-1,2752,S4R,4249,4250,4261,4260
PART-6-1,2753,S4R,4250,4251,4262,4261
PART-6-1,2754,S4R,4251,724,723,4262
PART-6-1,2755,S4R,229,4252,632,18
PART-6-1,2756,S4R,4252,4253,633,632
PART-6-1,2757,S4R,4253,4254,634,633
PART-6-1,2758,S4R,4254,4255,635,634
PART-6-1,2759,S4R,4255,4256,636,635
PART-6-1,2760,S4R,4256,4257,637,636
PART-6-1,2761,S4R,4257,4258,638,637
PART-6-1,2762,S4R,4258,4259,639,638
PART-6-1,2763,S4R,4259,4260,640,639
PART-6-1,2764,S4R,4260,4261,641,640
PART-6-1,2765,S4R,4261,4262,642,641
PART-6-1,2766,S4R,4262,723,45,642
PART-6-1,2767,S4R,771,3771,4263,770
PART-6-1,2768,S4R,3771,3772,4264,4263
PART-6-1,2769,S4R,3772,3773,4265,4264
PART-6-1,2770,S4R,3773,3774,4266,4265
PART-6-1,2771,S4R,3774,3775,4267,4266
PART-6-1,2772,S4R,3775,28,4268,4267
PART-6-1,2773,S4R,28,222,4269,4268
PART-6-1,2774,S4R,222,221,4270,4269
PART-6-1,2775,S4R,221,220,4271,4270
PART-6-1,2776,S4R,220,219,4272,4271
PART-6-1,2777,S4R,219,15,654,4272
PART-6-1,2778,S4R,770,4263,4273,769
PART-6-1,2779,S4R,4263,4264,4274,4273
PART-6-1,2780,S4R,4264,4265,4275,4274
PART-6-1,2781,S4R,4265,4266,4276,4275
PART-6-1,2782,S4R,4266,4267,4277,4276
PART-6-1,2783,S4R,4267,4268,4278,4277
PART-6-1,2784,S4R,4268,4269,4279,4278
PART-6-1,2785,S4R,4269,4270,4280,4279
PART-6-1,2786,S4R,4270,4271,4281,4280
PART-6-1,2787,S4R,4271,4272,4282,4281
PART-6-1,2788,S4R,4272,654,653,4282
PART-6-1,2789,S4R,769,4273,4283,768
PART-6-1,2790,S4R,4273,4274,4284,4283
PART-6-1,2791,S4R,4274,4275,4285,4284
PART-6-1,2792,S4R,4275,4276,4286,4285
PART-6-1,2793,S4R,4276,4277,4287,4286
PART-6-1,2794,S4R,4277,4278,4288,4287
PART-6-1,2795,S4R,4278,4279,4289,4288
PART-6-1,2796,S4R,4279,4280,4290,4289
PART-6-1,2797,S4R,4280,4281,4291,4290
PART-6-1,2798,S4R,4281,4282,4292,4291
PART-6-1,2799,S4R,4282,653,652,4292
PART-6-1,2800,S4R,768,4283,4293,767
PART-6-1,2801,S4R,4283,4284,4294,4293
PART-6-1,2802,S4R,4284,4285,4295,4294
PART-6-1,2803,S4R,4285,4286,4296,4295
PART-6-1,2804,S4R,4286,4287,4297,4296
PART-6-1,2805,S4R,4287,4288,4298,4297
PART-6-1,2806,S4R,4288,4289,4299,4298
PART-6-1,2807,S4R,4289,4290,4300,4299
PART-6-1,2808,S4R,4290,4291,4301,4300
PART-6-1,2809,S4R,4291,4292,4302,4301
PART-6-1,2810,S4R,4292,652,651,4302
PART-6-1,2811,S4R,767,4293,4303,766
PART-6-1,2812,S4R,4293,4294,4304,4303
PART-6-1,2813,S4R,4294,4295,4305,4304
PART-6-1,2814,S4R,4295,4296,4306,4305
PART-6-1,2815,S4R,4296,4297,4307,4306
PART-6-1,2816,S4R,4297,4298,4308,4307
PART-6-1,2817,S4R,4298,4299,4309,4308
PART-6-1,2818,S4R,4299,4300,4310,4309
PART-6-1,2819,S4R,4300,4301,4311,4310
PART-6-1,2820,S4R,4301,4302,4312,4311
PART-6-1,2821,S4R,4302,651,650,4312
PART-6-1,2822,S4R,766,4303,4313,765
PART-6-1,2823,S4R,4303,4304,4314,4313
PART-6-1,2824,S4R,4304,4305,4315,4314
PART-6-1,2825,S4R,4305,4306,4316,4315
PART-6-1,2826,S4R,4306,4307,4317,4316
PART-6-1,2827,S4R,4307,4308,4318,4317
PART-6-1,2828,S4R,4308,4309,4319,4318
PART-6-1,2829,S4R,4309,4310,4320,4319
PART-6-1,2830,S4R,4310,4311,4321,4320
PART-6-1,2831,S4R,4311,4312,4322,4321
PART-6-1,2832,S4R,4312,650,649,4322
PART-6-1,2833,S4R,765,4313,4323,764
PART-6-1,2834,S4R,4313,4314,4324,4323
PART-6-1,2835,S4R,4314,4315,4325,4324
PART-6-1,2836,S4R,4315,4316,4326,4325
PART-6-1,2837,S4R,4316,4317,4327,4326
PART-6-1,2838,S4R,4317,4318,4328,4327
PART-6-1,2839,S4R,4318,4319,4329,4328
PART-6-1,2840,S4R,4319,4320,4330,4329
PART-6-1,2841,S4R,4320,4321,4331,4330
PART-6-1,2842,S4R,4321,4322,4332,4331
PART-6-1,2843,S4R,4322,649,648,4332
PART-6-1,2844,S4R,764,4323,4333,763
PART-6-1,2845,S4R,4323,4324,4334,4333
PART-6-1,2846,S4R,4324,4325,4335,4334
PART-6-1,2847,S4R,4325,4326,4336,4335
PART-6-1,2848,S4R,4326,4327,4337,4336
PART-6-1,2849,S4R,4327,4328,4338,4337
PART-6-1,2850,S4R,4328,4329,4339,4338
PART-6-1,2851,S4R,4329,4330,4340,4339
PART-6-1,2852,S4R,4330,4331,4341,4340
PART-6-1,2853,S4R,4331,4332,4342,4341
PART-6-1,2854,S4R,4332,648,647,4342
PART-6-1,2855,S4R,763,4333,4343,762
PART-6-1,2856,S4R,4333,4334,4344,4343
PART-6-1,2857,S4R,4334,4335,4345,4344
PART-6-1,2858,S4R,4335,4336,4346,4345
PART-6-1,2859,S4R,4336,4337,4347,4346
PART-6-1,2860,S4R,4337,4338,4348,4347
PART-6-1,2861,S4R,4338,4339,4349,4348
PART-6-1,2862,S4R,4339,4340,4350,4349
PART-6-1,2863,S4R,4340,4341,4351,4350
PART-6-1,2864,S4R,4341,4342,4352,4351
PART-6-1,2865,S4R,4342,647,646,4352
PART-6-1,2866,S4R,762,4343,4353,761
PART-6-1,2867,S4R,4343,4344,4354,4353
PART-6-1,2868,S4R,4344,4345,4355,4354
PART-6-1,2869,S4R,4345,4346,4356,4355
PART-6-1,2870,S4R,4346,4347,4357,4356
PART-6-1,2871,S4R,4347,4348,4358,4357
PART-6-1,2872,S4R,4348,4349,4359,4358
PART-6-1,2873,S4R,4349,4350,4360,4359
PART-6-1,2874,S4R,4350,4351,4361,4360
PART-6-1,2875,S4R,4351,4352,4362,4361
PART-6-1,2876,S4R,4352,646,645,4362
PART-6-1,2877,S4R,761,4353,4363,760
PART-6-1,2878,S4R,4353,4354,4364,4363
PART-6-1,2879,S4R,4354,4355,4365,4364
PART-6-1,2880,S4R,4355,4356,4366,4365
PART-6-1,2881,S4R,4356,4357,4367,4366
PART-6-1,2882,S4R,4357,4358,4368,4367
PART-6-1,2883,S4R,4358,4359,4369,4368
PART-6-1,2884,S4R,4359,4360,4370,4369
PART-6-1,2885,S4R,4360,4361,4371,4370
PART-6-1,2886,S4R,4361,4362,4372,4371
PART-6-1,2887,S4R,4362,645,644,4372
PART-6-1,2888,S4R,760,4363,4373,759
PART-6-1,2889,S4R,4363,4364,4374,4373
PART-6-1,2890,S4R,4364,4365,4375,4374
PART-6-1,2891,S4R,4365,4366,4376,4375
PART-6-1,2892,S4R,4366,4367,4377,4376
PART-6-1,2893,S4R,4367,4368,4378,4377
PART-6-1,2894,S4R,4368,4369,4379,4378
PART-6-1,2895,S4R,4369,4370,4380,4379
PART-6-1,2896,S4R,4370,4371,4381,4380
PART-6-1,2897,S4R,4371,4372,4382,4381
PART-6-1,2898,S4R,4372,644,643,4382
PART-6-1,2899,S4R,759,4373,48,758
PART-6-1,2900,S4R,4373,4374,731,48
PART-6-1,2901,S4R,4374,4375,730,731
PART-6-1,2902,S4R,4375,4376,729,730
PART-6-1,2903,S4R,4376,4377,728,729
PART-6-1,2904,S4R,4377,4378,727,728
PART-6-1,2905,S4R,4378,4379,726,727
PART-6-1,2906,S4R,4379,4380,725,726
PART-6-1,2907,S4R,4380,4381,724,725
PART-6-1,2908,S4R,4381,4382,723,724
PART-6-1,2909,S4R,4382,643,45,723
PART-6-1,2910,S4R,771,772,4383,3771
PART-6-1,2911,S4R,772,773,4384,4383
PART-6-1,2912,S4R,773,774,4385,4384
PART-6-1,2913,S4R,774,775,4386,4385
PART-6-1,2914,S4R,775,776,4387,4386
PART-6-1,2915,S4R,776,777,4388,4387
PART-6-1,2916,S4R,777,778,4389,4388
PART-6-1,2917,S4R,778,779,4390,4389
PART-6-1,2918,S4R,779,780,4391,4390
PART-6-1,2919,S4R,780,781,4392,4391
PART-6-1,2920,S4R,781,782,4393,4392
PART-6-1,2921,S4R,782,783,4394,4393
PART-6-1,2922,S4R,783,784,4395,4394
PART-6-1,2923,S4R,784,785,4396,4395
PART-6-1,2924,S4R,785,786,3776,4396
PART-6-1,2925,S4R,3771,4383,4397,3772
PART-6-1,2926,S4R,4383,4384,4398,4397
PART-6-1,2927,S4R,4384,4385,4399,4398
PART-6-1,2928,S4R,4385,4386,4400,4399
PART-6-1,2929,S4R,4386,4387,4401,4400
PART-6-1,2930,S4R,4387,4388,4402,4401
PART-6-1,2931,S4R,4388,4389,4403,4402
PART-6-1,2932,S4R,4389,4390,4404,4403
PART-6-1,2933,S4R,4390,4391,4405,4404
PART-6-1,2934,S4R,4391,4392,4406,4405
PART-6-1,2935,S4R,4392,4393,4407,4406
PART-6-1,2936,S4R,4393,4394,4408,4407
PART-6-1,2937,S4R,4394,4395,4409,4408
PART-6-1,2938,S4R,4395,4396,4410,4409
PART-6-1,2939,S4R,4396,3776,3777,4410
PART-6-1,2940,S4R,3772,4397,4411,3773
PART-6-1,2941,S4R,4397,4398,4412,4411
PART-6-1,2942,S4R,4398,4399,4413,4412
PART-6-1,2943,S4R,4399,4400,4414,4413
PART-6-1,2944,S4R,4400,4401,4415,4414
PART-6-1,2945,S4R,4401,4402,4416,4415
PART-6-1,2946,S4R,4402,4403,4417,4416
PART-6-1,2947,S4R,4403,4404,4418,4417
PART-6-1,2948,S4R,4404,4405,4419,4418
PART-6-1,2949,S4R,4405,4406,4420,4419
PART-6-1,2950,S4R,4406,4407,4421,4420
PART-6-1,2951,S4R,4407,4408,4422,4421
PART-6-1,2952,S4R,4408,4409,4423,4422
PART-6-1,2953,S4R,4409,4410,4424,4423
PART-6-1,2954,S4R,4410,3777,3778,4424
PART-6-1,2955,S4R,3773,4411,4425,3774
PART-6-1,2956,S4R,4411,4412,4426,4425
PART-6-1,2957,S4R,4412,4413,4427,4426
PART-6-1,2958,S4R,4413,4414,4428,4427
PART-6-1,2959,S4R,4414,4415,4429,4428
PART-6-1,2960,S4R,4415,4416,4430,4429
PART-6-1,2961,S4R,4416,4417,4431,4430
PART-6-1,2962,S4R,4417,4418,4432,4431
PART-6-1,2963,S4R,4418,4419,4433,4432
PART-6-1,2964,S4R,4419,4420,4434,4433
PART-6-1,2965,S4R,4420,4421,4435,4434
PART-6-1,2966,S4R,4421,4422,4436,4435
PART-6-1,2967,S4R,4422,4423,4437,4436
PART-6-1,2968,S4R,4423,4424,4438,4437
PART-6-1,2969,S4R,4424,3778,3779,4438
PART-6-1,2970,S4R,3774,4425,4439,3775
PART-6-1,2971,S4R,4425,4426,4440,4439
PART-6-1,2972,S4R,4426,4427,4441,4440
PART-6-1,2973,S4R,4427,4428,4442,4441
PART-6-1,2974,S4R,4428,4429,4443,4442
PART-6-1,2975,S4R,4429,4430,4444,4443
PART-6-1,2976,S4R,4430,4431,4445,4444
PART-6-1,2977,S4R,4431,4432,4446,4445
PART-6-1,2978,S4R,4432,4433,4447,4446
PART-6-1,2979,S4R,4433,4434,4448,4447
PART-6-1,2980,S4R,4434,4435,4449,4448
PART-6-1,2981,S4R,4435,4436,4450,4449
PART-6-1,2982,S4R,4436,4437,4451,4450
PART-6-1,2983,S4R,4437,4438,4452,4451
PART-6-1,2984,S4R,4438,3779,3780,4452
PART-6-1,2985,S4R,3775,4439,4453,28
PART-6-1,2986,S4R,4439,4440,4454,4453
PART-6-1,2987,S4R,4440,4441,4455,4454
PART-6-1,2988,S4R,4441,4442,4456,4455
PART-6-1,2989,S4R,4442,4443,4457,4456
PART-6-1,2990,S4R,4443,4444,4458,4457
PART-6-1,2991,S4R,4444,4445,4459,4458
PART-6-1,2992,S4R,4445,4446,4460,4459
PART-6-1,2993,S4R,4446,4447,4461,4460
PART-6-1,2994,S4R,4447,4448,4462,4461
PART-6-1,2995,S4R,4448,4449,4463,4462
PART-6-1,2996,S4R,4449,4450,4464,4463
PART-6-1,2997,S4R,4450,4451,4465,4464
PART-6-1,2998,S4R,4451,4452,4466,4465
PART-6-1,2999,S4R,4452,3780,27,4466
PART-6-1,3000,S4R,28,4453,4467,222
PART-6-1,3001,S4R,4453,4454,4468,4467
PART-6-1,3002,S4R,4454,4455,4469,4468
PART-6-1,3003,S4R,4455,4456,4470,4469
PART-6-1,3004,S4R,4456,4457,4471,4470
PART-6-1,3005,S4R,4457,4458,4472,4471
PART-6-1,3006,S4R,4458,4459,4473,4472
PART-6-1,3007,S4R,4459,4460,4474,4473
PART-6-1,3008,S4R,4460,4461,4475,4474
PART-6-1,3009,S4R,4461,4462,4476,4475
PART-6-1,3010,S4R,4462,4463,4477,4476
PART-6-1,3011,S4R,4463,4464,4478,4477
PART-6-1,3012,S4R,4464,4465,4479,4478
PART-6-1,3013,S4R,4465,4466,4480,4479
PART-6-1,3014,S4R,4466,27,212,4480
PART-6-1,3015,S4R,222,4467,4481,221
PART-6-1,3016,S4R,4467,4468,4482,4481
PART-6-1,3017,S4R,4468,4469,4483,4482
PART-6-1,3018,S4R,4469,4470,4484,4483
PART-6-1,3019,S4R,4470,4471,4485,4484
PART-6-1,3020,S4R,4471,4472,4486,4485
PART-6-1,3021,S4R,4472,4473,4487,4486
PART-6-1,3022,S4R,4473,4474,4488,4487
PART-6-1,3023,S4R,4474,4475,4489,4488
PART-6-1,3024,S4R,4475,4476,4490,4489
PART-6-1,3025,S4R,4476,4477,4491,4490
PART-6-1,3026,S4R,4477,4478,4492,4491
PART-6-1,3027,S4R,4478,4479,4493,4492
PART-6-1,3028,S4R,4479,4480,4494,4493
PART-6-1,3029,S4R,4480,212,211,4494
PART-6-1,3030,S4R,221,4481,4495,220
PART-6-1,3031,S4R,4481,4482,4496,4495
PART-6-1,3032,S4R,4482,4483,4497,4496
PART-6-1,3033,S4R,4483,4484,4498,4497
PART-6-1,3034,S4R,4484,4485,4499,4498
PART-6-1,3035,S4R,4485,4486,4500,4499
PART-6-1,3036,S4R,4486,4487,4501,4500
PART-6-1,3037,S4R,4487,4488,4502,4501
PART-6-1,3038,S4R,4488,4489,4503,4502
PART-6-1,3039,S4R,4489,4490,4504,4503
PART-6-1,3040,S4R,4490,4491,4505,4504
PART-6-1,3041,S4R,4491,4492,4506,4505
PART-6-1,3042,S4R,4492,4493,4507,4506
PART-6-1,3043,S4R,4493,4494,4508,4507
PART-6-1,3044,S4R,4494,211,210,4508
PART-6-1,3045,S4R,220,4495,4509,219
PART-6-1,3046,S4R,4495,4496,4510,4509
PART-6-1,3047,S4R,4496,4497,4511,4510
PART-6-1,3048,S4R,4497,4498,4512,4511
PART-6-1,3049,S4R,4498,4499,4513,4512
PART-6-1,3050,S4R,4499,4500,4514,4513
PART-6-1,3051,S4R,4500,4501,4515,4514
PART-6-1,3052,S4R,4501,4502,4516,4515
PART-6-1,3053,S4R,4502,4503,4517,4516
PART-6-1,3054,S4R,4503,4504,4518,4517
PART-6-1,3055,S4R,4504,4505,4519,4518
PART-6-1,3056,S4R,4505,4506,4520,4519
PART-6-1,3057,S4R,4506,4507,4521,4520
PART-6-1,3058,S4R,4507,4508,4522,4521
PART-6-1,3059,S4R,4508,210,209,4522
PART-6-1,3060,S4R,219,4509,655,15
PART-6-1,3061,S4R,4509,4510,656,655
PART-6-1,3062,S4R,4510,4511,657,656
PART-6-1,3063,S4R,4511,4512,658,657
PART-6-1,3064,S4R,4512,4513,659,658
PART-6-1,3065,S4R,4513,4514,660,659
PART-6-1,3066,S4R,4514,4515,661,660
PART-6-1,3067,S4R,4515,4516,662,661
PART-6-1,3068,S4R,4516,4517,663,662
PART-6-1,3069,S4R,4517,4518,664,663
PART-6-1,3070,S4R,4518,4519,665,664
PART-6-1,3071,S4R,4519,4520,666,665
PART-6-1,3072,S4R,4520,4521,667,666
PART-6-1,3073,S4R,4521,4522,668,667
PART-6-1,3074,S4R,4522,209,12,668
PART-6-1,3075,S4R,859,860,4523,3782
PART-6-1,3076,S4R,860,861,4524,4523
PART-6-1,3077,S4R,861,862,4525,4524
PART-6-1,3078,S4R,862,863,4526,4525
PART-6-1,3079,S4R,863,864,4527,4526
PART-6-1,3080,S4R,864,865,4528,4527
PART-6-1,3081,S4R,865,866,4529,4528
PART-6-1,3082,S4R,866,867,4530,4529
PART-6-1,3083,S4R,867,868,4531,4530
PART-6-1,3084,S4R,868,869,4532,4531
PART-6-1,3085,S4R,869,870,4533,4532
PART-6-1,3086,S4R,870,871,4534,4533
PART-6-1,3087,S4R,871,872,4535,4534
PART-6-1,3088,S4R,872,873,4536,4535
PART-6-1,3089,S4R,873,874,4537,4536
PART-6-1,3090,S4R,874,875,4538,4537
PART-6-1,3091,S4R,875,876,4539,4538
PART-6-1,3092,S4R,876,877,4540,4539
PART-6-1,3093,S4R,877,878,4541,4540
PART-6-1,3094,S4R,878,879,4542,4541
PART-6-1,3095,S4R,879,880,4543,4542
PART-6-1,3096,S4R,880,881,4544,4543
PART-6-1,3097,S4R,881,882,4545,4544
PART-6-1,3098,S4R,882,883,4546,4545
PART-6-1,3099,S4R,883,884,4547,4546
PART-6-1,3100,S4R,884,885,3764,4547
PART-6-1,3101,S4R,3782,4523,4548,3781
PART-6-1,3102,S4R,4523,4524,4549,4548
PART-6-1,3103,S4R,4524,4525,4550,4549
PART-6-1,3104,S4R,4525,4526,4551,4550
PART-6-1,3105,S4R,4526,4527,4552,4551
PART-6-1,3106,S4R,4527,4528,4553,4552
PART-6-1,3107,S4R,4528,4529,4554,4553
PART-6-1,3108,S4R,4529,4530,4555,4554
PART-6-1,3109,S4R,4530,4531,4556,4555
PART-6-1,3110,S4R,4531,4532,4557,4556
PART-6-1,3111,S4R,4532,4533,4558,4557
PART-6-1,3112,S4R,4533,4534,4559,4558
PART-6-1,3113,S4R,4534,4535,4560,4559
PART-6-1,3114,S4R,4535,4536,4561,4560
PART-6-1,3115,S4R,4536,4537,4562,4561
PART-6-1,3116,S4R,4537,4538,4563,4562
PART-6-1,3117,S4R,4538,4539,4564,4563
PART-6-1,3118,S4R,4539,4540,4565,4564
PART-6-1,3119,S4R,4540,4541,4566,4565
PART-6-1,3120,S4R,4541,4542,4567,4566
PART-6-1,3121,S4R,4542,4543,4568,4567
PART-6-1,3122,S4R,4543,4544,4569,4568
PART-6-1,3123,S4R,4544,4545,4570,4569
PART-6-1,3124,S4R,4545,4546,4571,4570
PART-6-1,3125,S4R,4546,4547,4572,4571
PART-6-1,3126,S4R,4547,3764,3763,4572
PART-6-1,3127,S4R,3781,4548,4573,31
PART-6-1,3128,S4R,4548,4549,4574,4573
PART-6-1,3129,S4R,4549,4550,4575,4574
PART-6-1,3130,S4R,4550,4551,4576,4575
PART-6-1,3131,S4R,4551,4552,4577,4576
PART-6-1,3132,S4R,4552,4553,4578,4577
PART-6-1,3133,S4R,4553,4554,4579,4578
PART-6-1,3134,S4R,4554,4555,4580,4579
PART-6-1,3135,S4R,4555,4556,4581,4580
PART-6-1,3136,S4R,4556,4557,4582,4581
PART-6-1,3137,S4R,4557,4558,4583,4582
PART-6-1,3138,S4R,4558,4559,4584,4583
PART-6-1,3139,S4R,4559,4560,4585,4584
PART-6-1,3140,S4R,4560,4561,4586,4585
PART-6-1,3141,S4R,4561,4562,4587,4586
PART-6-1,3142,S4R,4562,4563,4588,4587
PART-6-1,3143,S4R,4563,4564,4589,4588
PART-6-1,3144,S4R,4564,4565,4590,4589
PART-6-1,3145,S4R,4565,4566,4591,4590
PART-6-1,3146,S4R,4566,4567,4592,4591
PART-6-1,3147,S4R,4567,4568,4593,4592
PART-6-1,3148,S4R,4568,4569,4594,4593
PART-6-1,3149,S4R,4569,4570,4595,4594
PART-6-1,3150,S4R,4570,4571,4596,4595
PART-6-1,3151,S4R,4571,4572,4597,4596
PART-6-1,3152,S4R,4572,3763,10,4597
PART-6-1,3153,S4R,31,4573,4598,252
PART-6-1,3154,S4R,4573,4574,4599,4598
PART-6-1,3155,S4R,4574,4575,4600,4599
PART-6-1,3156,S4R,4575,4576,4601,4600
PART-6-1,3157,S4R,4576,4577,4602,4601
PART-6-1,3158,S4R,4577,4578,4603,4602
PART-6-1,3159,S4R,4578,4579,4604,4603
PART-6-1,3160,S4R,4579,4580,4605,4604
PART-6-1,3161,S4R,4580,4581,4606,4605
PART-6-1,3162,S4R,4581,4582,4607,4606
PART-6-1,3163,S4R,4582,4583,4608,4607
PART-6-1,3164,S4R,4583,4584,4609,4608
PART-6-1,3165,S4R,4584,4585,4610,4609
PART-6-1,3166,S4R,4585,4586,4611,4610
PART-6-1,3167,S4R,4586,4587,4612,4611
PART-6-1,3168,S4R,4587,4588,4613,4612
PART-6-1,3169,S4R,4588,4589,4614,4613
PART-6-1,3170,S4R,4589,4590,4615,4614
PART-6-1,3171,S4R,4590,4591,4616,4615
PART-6-1,3172,S4R,4591,4592,4617,4616
PART-6-1,3173,S4R,4592,4593,4618,4617
PART-6-1,3174,S4R,4593,4594,4619,4618
PART-6-1,3175,S4R,4594,4595,4620,4619
PART-6-1,3176,S4R,4595,4596,4621,4620
PART-6-1,3177,S4R,4596,4597,4622,4621
PART-6-1,3178,S4R,4597,10,122,4622
PART-6-1,3179,S4R,252,4598,4623,251
PART-6-1,3180,S4R,4598,4599,4624,4623
PART-6-1,3181,S4R,4599,4600,4625,4624
PART-6-1,3182,S4R,4600,4601,4626,4625
PART-6-1,3183,S4R,4601,4602,4627,4626
PART-6-1,3184,S4R,4602,4603,4628,4627
PART-6-1,3185,S4R,4603,4604,4629,4628
PART-6-1,3186,S4R,4604,4605,4630,4629
PART-6-1,3187,S4R,4605,4606,4631,4630
PART-6-1,3188,S4R,4606,4607,4632,4631
PART-6-1,3189,S4R,4607,4608,4633,4632
PART-6-1,3190,S4R,4608,4609,4634,4633
PART-6-1,3191,S4R,4609,4610,4635,4634
PART-6-1,3192,S4R,4610,4611,4636,4635
PART-6-1,3193,S4R,4611,4612,4637,4636
PART-6-1,3194,S4R,4612,4613,4638,4637
PART-6-1,3195,S4R,4613,4614,4639,4638
PART-6-1,3196,S4R,4614,4615,4640,4639
PART-6-1,3197,S4R,4615,4616,4641,4640
PART-6-1,3198,S4R,4616,4617,4642,4641
PART-6-1,3199,S4R,4617,4618,4643,4642
PART-6-1,3200,S4R,4618,4619,4644,4643
PART-6-1,3201,S4R,4619,4620,4645,4644
PART-6-1,3202,S4R,4620,4621,4646,4645
PART-6-1,3203,S4R,4621,4622,4647,4646
PART-6-1,3204,S4R,4622,122,121,4647
PART-6-1,3205,S4R,251,4623,4648,250
PART-6-1,3206,S4R,4623,4624,4649,4648
PART-6-1,3207,S4R,4624,4625,4650,4649
PART-6-1,3208,S4R,4625,4626,4651,4650
PART-6-1,3209,S4R,4626,4627,4652,4651
PART-6-1,3210,S4R,4627,4628,4653,4652
PART-6-1,3211,S4R,4628,4629,4654,4653
PART-6-1,3212,S4R,4629,4630,4655,4654
PART-6-1,3213,S4R,4630,4631,4656,4655
PART-6-1,3214,S4R,4631,4632,4657,4656
PART-6-1,3215,S4R,4632,4633,4658,4657
PART-6-1,3216,S4R,4633,4634,4659,4658
PART-6-1,3217,S4R,4634,4635,4660,4659
PART-6-1,3218,S4R,4635,4636,4661,4660
PART-6-1,3219,S4R,4636,4637,4662,4661
PART-6-1,3220,S4R,4637,4638,4663,4662
PART-6-1,3221,S4R,4638,4639,4664,4663
PART-6-1,3222,S4R,4639,4640,4665,4664
PART-6-1,3223,S4R,4640,4641,4666,4665
PART-6-1,3224,S4R,4641,4642,4667,4666
PART-6-1,3225,S4R,4642,4643,4668,4667
PART-6-1,3226,S4R,4643,4644,4669,4668
PART-6-1,3227,S4R,4644,4645,4670,4669
PART-6-1,3228,S4R,4645,4646,4671,4670
PART-6-1,3229,S4R,4646,4647,4672,4671
PART-6-1,3230,S4R,4647,121,120,4672
PART-6-1,3231,S4R,250,4648,4673,249
PART-6-1,3232,S4R,4648,4649,4674,4673
PART-6-1,3233,S4R,4649,4650,4675,4674
PART-6-1,3234,S4R,4650,4651,4676,4675
PART-6-1,3235,S4R,4651,4652,4677,4676
PART-6-1,3236,S4R,4652,4653,4678,4677
PART-6-1,3237,S4R,4653,4654,4679,4678
PART-6-1,3238,S4R,4654,4655,4680,4679
PART-6-1,3239,S4R,4655,4656,4681,4680
PART-6-1,3240,S4R,4656,4657,4682,4681
PART-6-1,3241,S4R,4657,4658,4683,4682
PART-6-1,3242,S4R,4658,4659,4684,4683
PART-6-1,3243,S4R,4659,4660,4685,4684
PART-6-1,3244,S4R,4660,4661,4686,4685
PART-6-1,3245,S4R,4661,4662,4687,4686
PART-6-1,3246,S4R,4662,4663,4688,4687
PART-6-1,3247,S4R,4663,4664,4689,4688
PART-6-1,3248,S4R,4664,4665,4690,4689
PART-6-1,3249,S4R,4665,4666,4691,4690
PART-6-1,3250,S4R,4666,4667,4692,4691
PART-6-1,3251,S4R,4667,4668,4693,4692
PART-6-1,3252,S4R,4668,4669,4694,4693
PART-6-1,3253,S4R,4669,4670,4695,4694
PART-6-1,3254,S4R,4670,4671,4696,4695
PART-6-1,3255,S4R,4671,4672,4697,4696
PART-6-1,3256,S4R,4672,120,119,4697
PART-6-1,3257,S4R,249,4673,692,26
PART-6-1,3258,S4R,4673,4674,691,692
PART-6-1,3259,S4R,4674,4675,690,691
PART-6-1,3260,S4R,4675,4676,689,690
PART-6-1,3261,S4R,4676,4677,688,689
PART-6-1,3262,S4R,4677,4678,687,688
PART-6-1,3263,S4R,4678,4679,686,687
PART-6-1,3264,S4R,4679,4680,685,686
PART-6-1,3265,S4R,4680,4681,684,685
PART-6-1,3266,S4R,4681,4682,683,684
PART-6-1,3267,S4R,4682,4683,682,683
PART-6-1,3268,S4R,4683,4684,681,682
PART-6-1,3269,S4R,4684,4685,49,681
PART-6-1,3270,S4R,4685,4686,680,49
PART-6-1,3271,S4R,4686,4687,679,680
PART-6-1,3272,S4R,4687,4688,678,679
PART-6-1,3273,S4R,4688,4689,677,678
PART-6-1,3274,S4R,4689,4690,676,677
PART-6-1,3275,S4R,4690,4691,675,676
PART-6-1,3276,S4R,4691,4692,674,675
PART-6-1,3277,S4R,4692,4693,673,674
PART-6-1,3278,S4R,4693,4694,672,673
PART-6-1,3279,S4R,4694,4695,671,672
PART-6-1,3280,S4R,4695,4696,670,671
PART-6-1,3281,S4R,4696,4697,669,670
PART-6-1,3282,S4R,4697,119,12,669
PART-6-1,3283,S4R,46,3765,4698,623
PART-6-1,3284,S4R,3765,947,948,4698
PART-6-1,3285,S4R,623,4698,4699,624
PART-6-1,3286,S4R,4698,948,949,4699
PART-6-1,3287,S4R,624,4699,4700,625
PART-6-1,3288,S4R,4699,949,950,4700
PART-6-1,3289,S4R,625,4700,4701,626
PART-6-1,3290,S4R,4700,950,951,4701
PART-6-1,3291,S4R,626,4701,4702,627
PART-6-1,3292,S4R,4701,951,952,4702
PART-6-1,3293,S4R,627,4702,4703,628
PART-6-1,3294,S4R,4702,952,953,4703
PART-6-1,3295,S4R,628,4703,4704,629
PART-6-1,3296,S4R,4703,953,954,4704
PART-6-1,3297,S4R,629,4704,4705,630
PART-6-1,3298,S4R,4704,954,955,4705
PART-6-1,3299,S4R,630,4705,4706,631
PART-6-1,3300,S4R,4705,955,956,4706
PART-6-1,3301,S4R,631,4706,4707,51
PART-6-1,3302,S4R,4706,956,957,4707
PART-6-1,3303,S4R,51,4707,732,733
PART-6-1,3304,S4R,4707,957,50,732
PART-6-1,3305,S4R,746,3770,4708,745
PART-6-1,3306,S4R,3770,3769,4709,4708
PART-6-1,3307,S4R,3769,3768,4710,4709
PART-6-1,3308,S4R,3768,3767,4711,4710
PART-6-1,3309,S4R,3767,3766,4712,4711
PART-6-1,3310,S4R,3766,29,4713,4712
PART-6-1,3311,S4R,29,232,4714,4713
PART-6-1,3312,S4R,232,231,4715,4714
PART-6-1,3313,S4R,231,230,4716,4715
PART-6-1,3314,S4R,230,229,4717,4716
PART-6-1,3315,S4R,229,18,611,4717
PART-6-1,3316,S4R,745,4708,4718,744
PART-6-1,3317,S4R,4708,4709,4719,4718
PART-6-1,3318,S4R,4709,4710,4720,4719
PART-6-1,3319,S4R,4710,4711,4721,4720
PART-6-1,3320,S4R,4711,4712,4722,4721
PART-6-1,3321,S4R,4712,4713,4723,4722
PART-6-1,3322,S4R,4713,4714,4724,4723
PART-6-1,3323,S4R,4714,4715,4725,4724
PART-6-1,3324,S4R,4715,4716,4726,4725
PART-6-1,3325,S4R,4716,4717,4727,4726
PART-6-1,3326,S4R,4717,611,612,4727
PART-6-1,3327,S4R,744,4718,4728,743
PART-6-1,3328,S4R,4718,4719,4729,4728
PART-6-1,3329,S4R,4719,4720,4730,4729
PART-6-1,3330,S4R,4720,4721,4731,4730
PART-6-1,3331,S4R,4721,4722,4732,4731
PART-6-1,3332,S4R,4722,4723,4733,4732
PART-6-1,3333,S4R,4723,4724,4734,4733
PART-6-1,3334,S4R,4724,4725,4735,4734
PART-6-1,3335,S4R,4725,4726,4736,4735
PART-6-1,3336,S4R,4726,4727,4737,4736
PART-6-1,3337,S4R,4727,612,613,4737
PART-6-1,3338,S4R,743,4728,4738,742
PART-6-1,3339,S4R,4728,4729,4739,4738
PART-6-1,3340,S4R,4729,4730,4740,4739
PART-6-1,3341,S4R,4730,4731,4741,4740
PART-6-1,3342,S4R,4731,4732,4742,4741
PART-6-1,3343,S4R,4732,4733,4743,4742
PART-6-1,3344,S4R,4733,4734,4744,4743
PART-6-1,3345,S4R,4734,4735,4745,4744
PART-6-1,3346,S4R,4735,4736,4746,4745
PART-6-1,3347,S4R,4736,4737,4747,4746
PART-6-1,3348,S4R,4737,613,614,4747
PART-6-1,3349,S4R,742,4738,4748,741
PART-6-1,3350,S4R,4738,4739,4749,4748
PART-6-1,3351,S4R,4739,4740,4750,4749
PART-6-1,3352,S4R,4740,4741,4751,4750
PART-6-1,3353,S4R,4741,4742,4752,4751
PART-6-1,3354,S4R,4742,4743,4753,4752
PART-6-1,3355,S4R,4743,4744,4754,4753
PART-6-1,3356,S4R,4744,4745,4755,4754
PART-6-1,3357,S4R,4745,4746,4756,4755
PART-6-1,3358,S4R,4746,4747,4757,4756
PART-6-1,3359,S4R,4747,614,615,4757
PART-6-1,3360,S4R,741,4748,4758,740
PART-6-1,3361,S4R,4748,4749,4759,4758
PART-6-1,3362,S4R,4749,4750,4760,4759
PART-6-1,3363,S4R,4750,4751,4761,4760
PART-6-1,3364,S4R,4751,4752,4762,4761
PART-6-1,3365,S4R,4752,4753,4763,4762
PART-6-1,3366,S4R,4753,4754,4764,4763
PART-6-1,3367,S4R,4754,4755,4765,4764
PART-6-1,3368,S4R,4755,4756,4766,4765
PART-6-1,3369,S4R,4756,4757,4767,4766
PART-6-1,3370,S4R,4757,615,616,4767
PART-6-1,3371,S4R,740,4758,4768,739
PART-6-1,3372,S4R,4758,4759,4769,4768
PART-6-1,3373,S4R,4759,4760,4770,4769
PART-6-1,3374,S4R,4760,4761,4771,4770
PART-6-1,3375,S4R,4761,4762,4772,4771
PART-6-1,3376,S4R,4762,4763,4773,4772
PART-6-1,3377,S4R,4763,4764,4774,4773
PART-6-1,3378,S4R,4764,4765,4775,4774
PART-6-1,3379,S4R,4765,4766,4776,4775
PART-6-1,3380,S4R,4766,4767,4777,4776
PART-6-1,3381,S4R,4767,616,617,4777
PART-6-1,3382,S4R,739,4768,4778,738
PART-6-1,3383,S4R,4768,4769,4779,4778
PART-6-1,3384,S4R,4769,4770,4780,4779
PART-6-1,3385,S4R,4770,4771,4781,4780
PART-6-1,3386,S4R,4771,4772,4782,4781
PART-6-1,3387,S4R,4772,4773,4783,4782
PART-6-1,3388,S4R,4773,4774,4784,4783
PART-6-1,3389,S4R,4774,4775,4785,4784
PART-6-1,3390,S4R,4775,4776,4786,4785
PART-6-1,3391,S4R,4776,4777,4787,4786
PART-6-1,3392,S4R,4777,617,618,4787
PART-6-1,3393,S4R,738,4778,4788,737
PART-6-1,3394,S4R,4778,4779,4789,4788
PART-6-1,3395,S4R,4779,4780,4790,4789
PART-6-1,3396,S4R,4780,4781,4791,4790
PART-6-1,3397,S4R,4781,4782,4792,4791
PART-6-1,3398,S4R,4782,4783,4793,4792
PART-6-1,3399,S4R,4783,4784,4794,4793
PART-6-1,3400,S4R,4784,4785,4795,4794
PART-6-1,3401,S4R,4785,4786,4796,4795
PART-6-1,3402,S4R,4786,4787,4797,4796
PART-6-1,3403,S4R,4787,618,619,4797
PART-6-1,3404,S4R,737,4788,4798,736
PART-6-1,3405,S4R,4788,4789,4799,4798
PART-6-1,3406,S4R,4789,4790,4800,4799
PART-6-1,3407,S4R,4790,4791,4801,4800
PART-6-1,3408,S4R,4791,4792,4802,4801
PART-6-1,3409,S4R,4792,4793,4803,4802
PART-6-1,3410,S4R,4793,4794,4804,4803
PART-6-1,3411,S4R,4794,4795,4805,4804
PART-6-1,3412,S4R,4795,4796,4806,4805
PART-6-1,3413,S4R,4796,4797,4807,4806
PART-6-1,3414,S4R,4797,619,620,4807
PART-6-1,3415,S4R,736,4798,4808,735
PART-6-1,3416,S4R,4798,4799,4809,4808
PART-6-1,3417,S4R,4799,4800,4810,4809
PART-6-1,3418,S4R,4800,4801,4811,4810
PART-6-1,3419,S4R,4801,4802,4812,4811
PART-6-1,3420,S4R,4802,4803,4813,4812
PART-6-1,3421,S4R,4803,4804,4814,4813
PART-6-1,3422,S4R,4804,4805,4815,4814
PART-6-1,3423,S4R,4805,4806,4816,4815
PART-6-1,3424,S4R,4806,4807,4817,4816
PART-6-1,3425,S4R,4807,620,621,4817
PART-6-1,3426,S4R,735,4808,4818,734
PART-6-1,3427,S4R,4808,4809,4819,4818
PART-6-1,3428,S4R,4809,4810,4820,4819
PART-6-1,3429,S4R,4810,4811,4821,4820
PART-6-1,3430,S4R,4811,4812,4822,4821
PART-6-1,3431,S4R,4812,4813,4823,4822
PART-6-1,3432,S4R,4813,4814,4824,4823
PART-6-1,3433,S4R,4814,4815,4825,4824
PART-6-1,3434,S4R,4815,4816,4826,4825
PART-6-1,3435,S4R,4816,4817,4827,4826
PART-6-1,3436,S4R,4817,621,622,4827
PART-6-1,3437,S4R,734,4818,51,733
PART-6-1,3438,S4R,4818,4819,631,51
PART-6-1,3439,S4R,4819,4820,630,631
PART-6-1,3440,S4R,4820,4821,629,630
PART-6-1,3441,S4R,4821,4822,628,629
PART-6-1,3442,S4R,4822,4823,627,628
PART-6-1,3443,S4R,4823,4824,626,627
PART-6-1,3444,S4R,4824,4825,625,626
PART-6-1,3445,S4R,4825,4826,624,625
PART-6-1,3446,S4R,4826,4827,623,624
PART-6-1,3447,S4R,4827,622,46,623
PART-6-1,3448,S4R,786,787,4828,3776
PART-6-1,3449,S4R,787,788,4829,4828
PART-6-1,3450,S4R,788,789,4830,4829
PART-6-1,3451,S4R,789,790,4831,4830
PART-6-1,3452,S4R,790,791,4832,4831
PART-6-1,3453,S4R,791,792,4833,4832
PART-6-1,3454,S4R,792,793,4834,4833
PART-6-1,3455,S4R,793,794,4835,4834
PART-6-1,3456,S4R,794,795,4836,4835
PART-6-1,3457,S4R,795,796,4837,4836
PART-6-1,3458,S4R,796,797,4838,4837
PART-6-1,3459,S4R,797,798,4839,4838
PART-6-1,3460,S4R,798,799,52,4839
PART-6-1,3461,S4R,3776,4828,4840,3777
PART-6-1,3462,S4R,4828,4829,4841,4840
PART-6-1,3463,S4R,4829,4830,4842,4841
PART-6-1,3464,S4R,4830,4831,4843,4842
PART-6-1,3465,S4R,4831,4832,4844,4843
PART-6-1,3466,S4R,4832,4833,4845,4844
PART-6-1,3467,S4R,4833,4834,4846,4845
PART-6-1,3468,S4R,4834,4835,4847,4846
PART-6-1,3469,S4R,4835,4836,4848,4847
PART-6-1,3470,S4R,4836,4837,4849,4848
PART-6-1,3471,S4R,4837,4838,4850,4849
PART-6-1,3472,S4R,4838,4839,4851,4850
PART-6-1,3473,S4R,4839,52,722,4851
PART-6-1,3474,S4R,3777,4840,4852,3778
PART-6-1,3475,S4R,4840,4841,4853,4852
PART-6-1,3476,S4R,4841,4842,4854,4853
PART-6-1,3477,S4R,4842,4843,4855,4854
PART-6-1,3478,S4R,4843,4844,4856,4855
PART-6-1,3479,S4R,4844,4845,4857,4856
PART-6-1,3480,S4R,4845,4846,4858,4857
PART-6-1,3481,S4R,4846,4847,4859,4858
PART-6-1,3482,S4R,4847,4848,4860,4859
PART-6-1,3483,S4R,4848,4849,4861,4860
PART-6-1,3484,S4R,4849,4850,4862,4861
PART-6-1,3485,S4R,4850,4851,4863,4862
PART-6-1,3486,S4R,4851,722,721,4863
PART-6-1,3487,S4R,3778,4852,4864,3779
PART-6-1,3488,S4R,4852,4853,4865,4864
PART-6-1,3489,S4R,4853,4854,4866,4865
PART-6-1,3490,S4R,4854,4855,4867,4866
PART-6-1,3491,S4R,4855,4856,4868,4867
PART-6-1,3492,S4R,4856,4857,4869,4868
PART-6-1,3493,S4R,4857,4858,4870,4869
PART-6-1,3494,S4R,4858,4859,4871,4870
PART-6-1,3495,S4R,4859,4860,4872,4871
PART-6-1,3496,S4R,4860,4861,4873,4872
PART-6-1,3497,S4R,4861,4862,4874,4873
PART-6-1,3498,S4R,4862,4863,4875,4874
PART-6-1,3499,S4R,4863,721,720,4875
PART-6-1,3500,S4R,3779,4864,4876,3780
PART-6-1,3501,S4R,4864,4865,4877,4876
PART-6-1,3502,S4R,4865,4866,4878,4877
PART-6-1,3503,S4R,4866,4867,4879,4878
PART-6-1,3504,S4R,4867,4868,4880,4879
PART-6-1,3505,S4R,4868,4869,4881,4880
PART-6-1,3506,S4R,4869,4870,4882,4881
PART-6-1,3507,S4R,4870,4871,4883,4882
PART-6-1,3508,S4R,4871,4872,4884,4883
PART-6-1,3509,S4R,4872,4873,4885,4884
PART-6-1,3510,S4R,4873,4874,4886,4885
PART-6-1,3511,S4R,4874,4875,4887,4886
PART-6-1,3512,S4R,4875,720,719,4887
PART-6-1,3513,S4R,3780,4876,4888,27
PART-6-1,3514,S4R,4876,4877,4889,4888
PART-6-1,3515,S4R,4877,4878,4890,4889
PART-6-1,3516,S4R,4878,4879,4891,4890
PART-6-1,3517,S4R,4879,4880,4892,4891
PART-6-1,3518,S4R,4880,4881,4893,4892
PART-6-1,3519,S4R,4881,4882,4894,4893
PART-6-1,3520,S4R,4882,4883,4895,4894
PART-6-1,3521,S4R,4883,4884,4896,4895
PART-6-1,3522,S4R,4884,4885,4897,4896
PART-6-1,3523,S4R,4885,4886,4898,4897
PART-6-1,3524,S4R,4886,4887,4899,4898
PART-6-1,3525,S4R,4887,719,718,4899
PART-6-1,3526,S4R,27,4888,4900,212
PART-6-1,3527,S4R,4888,4889,4901,4900
PART-6-1,3528,S4R,4889,4890,4902,4901
PART-6-1,3529,S4R,4890,4891,4903,4902
PART-6-1,3530,S4R,4891,4892,4904,4903
PART-6-1,3531,S4R,4892,4893,4905,4904
PART-6-1,3532,S4R,4893,4894,4906,4905
PART-6-1,3533,S4R,4894,4895,4907,4906
PART-6-1,3534,S4R,4895,4896,4908,4907
PART-6-1,3535,S4R,4896,4897,4909,4908
PART-6-1,3536,S4R,4897,4898,4910,4909
PART-6-1,3537,S4R,4898,4899,4911,4910
PART-6-1,3538,S4R,4899,718,717,4911
PART-6-1,3539,S4R,212,4900,4912,211
PART-6-1,3540,S4R,4900,4901,4913,4912
PART-6-1,3541,S4R,4901,4902,4914,4913
PART-6-1,3542,S4R,4902,4903,4915,4914
PART-6-1,3543,S4R,4903,4904,4916,4915
PART-6-1,3544,S4R,4904,4905,4917,4916
PART-6-1,3545,S4R,4905,4906,4918,4917
PART-6-1,3546,S4R,4906,4907,4919,4918
PART-6-1,3547,S4R,4907,4908,4920,4919
PART-6-1,3548,S4R,4908,4909,4921,4920
PART-6-1,3549,S4R,4909,4910,4922,4921
PART-6-1,3550,S4R,4910,4911,4923,4922
PART-6-1,3551,S4R,4911,717,716,4923
PART-6-1,3552,S4R,211,4912,4924,210
PART-6-1,3553,S4R,4912,4913,4925,4924
PART-6-1,3554,S4R,4913,4914,4926,4925
PART-6-1,3555,S4R,4914,4915,4927,4926
PART-6-1,3556,S4R,4915,4916,4928,4927
PART-6-1,3557,S4R,4916,4917,4929,4928
PART-6-1,3558,S4R,4917,4918,4930,4929
PART-6-1,3559,S4R,4918,4919,4931,4930
PART-6-1,3560,S4R,4919,4920,4932,4931
PART-6-1,3561,S4R,4920,4921,4933,4932
PART-6-1,3562,S4R,4921,4922,4934,4933
PART-6-1,3563,S4R,4922,4923,4935,4934
PART-6-1,3564,S4R,4923,716,715,4935
PART-6-1,3565,S4R,210,4924,4936,209
PART-6-1,3566,S4R,4924,4925,4937,4936
PART-6-1,3567,S4R,4925,4926,4938,4937
PART-6-1,3568,S4R,4926,4927,4939,4938
PART-6-1,3569,S4R,4927,4928,4940,4939
PART-6-1,3570,S4R,4928,4929,4941,4940
PART-6-1,3571,S4R,4929,4930,4942,4941
PART-6-1,3572,S4R,4930,4931,4943,4942
PART-6-1,3573,S4R,4931,4932,4944,4943
PART-6-1,3574,S4R,4932,4933,4945,4944
PART-6-1,3575,S4R,4933,4934,4946,4945
PART-6-1,3576,S4R,4934,4935,4947,4946
PART-6-1,3577,S4R,4935,715,714,4947
PART-6-1,3578,S4R,209,4936,669,12
PART-6-1,3579,S4R,4936,4937,670,669
PART-6-1,3580,S4R,4937,4938,671,670
PART-6-1,3581,S4R,4938,4939,672,671
PART-6-1,3582,S4R,4939,4940,673,672
PART-6-1,3583,S4R,4940,4941,674,673
PART-6-1,3584,S4R,4941,4942,675,674
PART-6-1,3585,S4R,4942,4943,676,675
PART-6-1,3586,S4R,4943,4944,677,676
PART-6-1,3587,S4R,4944,4945,678,677
PART-6-1,3588,S4R,4945,4946,679,678
PART-6-1,3589,S4R,4946,4947,680,679
PART-6-1,3590,S4R,4947,714,49,680
PART-6-1,3591,S4R,859,3782,4948,858
PART-6-1,3592,S4R,3782,3781,4949,4948
PART-6-1,3593,S4R,3781,31,4950,4949
PART-6-1,3594,S4R,31,252,4951,4950
PART-6-1,3595,S4R,252,251,4952,4951
PART-6-1,3596,S4R,251,250,4953,4952
PART-6-1,3597,S4R,250,249,4954,4953
PART-6-1,3598,S4R,249,26,693,4954
PART-6-1,3599,S4R,858,4948,4955,857
PART-6-1,3600,S4R,4948,4949,4956,4955
PART-6-1,3601,S4R,4949,4950,4957,4956
PART-6-1,3602,S4R,4950,4951,4958,4957
PART-6-1,3603,S4R,4951,4952,4959,4958
PART-6-1,3604,S4R,4952,4953,4960,4959
PART-6-1,3605,S4R,4953,4954,4961,4960
PART-6-1,3606,S4R,4954,693,694,4961
PART-6-1,3607,S4R,857,4955,4962,856
PART-6-1,3608,S4R,4955,4956,4963,4962
PART-6-1,3609,S4R,4956,4957,4964,4963
PART-6-1,3610,S4R,4957,4958,4965,4964
PART-6-1,3611,S4R,4958,4959,4966,4965
PART-6-1,3612,S4R,4959,4960,4967,4966
PART-6-1,3613,S4R,4960,4961,4968,4967
PART-6-1,3614,S4R,4961,694,695,4968
PART-6-1,3615,S4R,856,4962,4969,855
PART-6-1,3616,S4R,4962,4963,4970,4969
PART-6-1,3617,S4R,4963,4964,4971,4970
PART-6-1,3618,S4R,4964,4965,4972,4971
PART-6-1,3619,S4R,4965,4966,4973,4972
PART-6-1,3620,S4R,4966,4967,4974,4973
PART-6-1,3621,S4R,4967,4968,4975,4974
PART-6-1,3622,S4R,4968,695,696,4975
PART-6-1,3623,S4R,855,4969,4976,854
PART-6-1,3624,S4R,4969,4970,4977,4976
PART-6-1,3625,S4R,4970,4971,4978,4977
PART-6-1,3626,S4R,4971,4972,4979,4978
PART-6-1,3627,S4R,4972,4973,4980,4979
PART-6-1,3628,S4R,4973,4974,4981,4980
PART-6-1,3629,S4R,4974,4975,4982,4981
PART-6-1,3630,S4R,4975,696,697,4982
PART-6-1,3631,S4R,854,4976,4983,853
PART-6-1,3632,S4R,4976,4977,4984,4983
PART-6-1,3633,S4R,4977,4978,4985,4984
PART-6-1,3634,S4R,4978,4979,4986,4985
PART-6-1,3635,S4R,4979,4980,4987,4986
PART-6-1,3636,S4R,4980,4981,4988,4987
PART-6-1,3637,S4R,4981,4982,4989,4988
PART-6-1,3638,S4R,4982,697,698,4989
PART-6-1,3639,S4R,853,4983,4990,852
PART-6-1,3640,S4R,4983,4984,4991,4990
PART-6-1,3641,S4R,4984,4985,4992,4991
PART-6-1,3642,S4R,4985,4986,4993,4992
PART-6-1,3643,S4R,4986,4987,4994,4993
PART-6-1,3644,S4R,4987,4988,4995,4994
PART-6-1,3645,S4R,4988,4989,4996,4995
PART-6-1,3646,S4R,4989,698,699,4996
PART-6-1,3647,S4R,852,4990,4997,851
PART-6-1,3648,S4R,4990,4991,4998,4997
PART-6-1,3649,S4R,4991,4992,4999,4998
PART-6-1,3650,S4R,4992,4993,5000,4999
PART-6-1,3651,S4R,4993,4994,5001,5000
PART-6-1,3652,S4R,4994,4995,5002,5001
PART-6-1,3653,S4R,4995,4996,5003,5002
PART-6-1,3654,S4R,4996,699,700,5003
PART-6-1,3655,S4R,851,4997,5004,850
PART-6-1,3656,S4R,4997,4998,5005,5004
PART-6-1,3657,S4R,4998,4999,5006,5005
PART-6-1,3658,S4R,4999,5000,5007,5006
PART-6-1,3659,S4R,5000,5001,5008,5007
PART-6-1,3660,S4R,5001,5002,5009,5008
PART-6-1,3661,S4R,5002,5003,5010,5009
PART-6-1,3662,S4R,5003,700,701,5010
PART-6-1,3663,S4R,850,5004,5011,849
PART-6-1,3664,S4R,5004,5005,5012,5011
PART-6-1,3665,S4R,5005,5006,5013,5012
PART-6-1,3666,S4R,5006,5007,5014,5013
PART-6-1,3667,S4R,5007,5008,5015,5014
PART-6-1,3668,S4R,5008,5009,5016,5015
PART-6-1,3669,S4R,5009,5010,5017,5016
PART-6-1,3670,S4R,5010,701,702,5017
PART-6-1,3671,S4R,849,5011,5018,848
PART-6-1,3672,S4R,5011,5012,5019,5018
PART-6-1,3673,S4R,5012,5013,5020,5019
PART-6-1,3674,S4R,5013,5014,5021,5020
PART-6-1,3675,S4R,5014,5015,5022,5021
PART-6-1,3676,S4R,5015,5016,5023,5022
PART-6-1,3677,S4R,5016,5017,5024,5023
PART-6-1,3678,S4R,5017,702,703,5024
PART-6-1,3679,S4R,848,5018,5025,847
PART-6-1,3680,S4R,5018,5019,5026,5025
PART-6-1,3681,S4R,5019,5020,5027,5026
PART-6-1,3682,S4R,5020,5021,5028,5027
PART-6-1,3683,S4R,5021,5022,5029,5028
PART-6-1,3684,S4R,5022,5023,5030,5029
PART-6-1,3685,S4R,5023,5024,5031,5030
PART-6-1,3686,S4R,5024,703,704,5031
PART-6-1,3687,S4R,847,5025,5032,846
PART-6-1,3688,S4R,5025,5026,5033,5032
PART-6-1,3689,S4R,5026,5027,5034,5033
PART-6-1,3690,S4R,5027,5028,5035,5034
PART-6-1,3691,S4R,5028,5029,5036,5035
PART-6-1,3692,S4R,5029,5030,5037,5036
PART-6-1,3693,S4R,5030,5031,5038,5037
PART-6-1,3694,S4R,5031,704,53,5038
PART-6-1,3695,S4R,846,5032,5039,845
PART-6-1,3696,S4R,5032,5033,5040,5039
PART-6-1,3697,S4R,5033,5034,5041,5040
PART-6-1,3698,S4R,5034,5035,5042,5041
PART-6-1,3699,S4R,5035,5036,5043,5042
PART-6-1,3700,S4R,5036,5037,5044,5043
PART-6-1,3701,S4R,5037,5038,5045,5044
PART-6-1,3702,S4R,5038,53,3783,5045
PART-6-1,3703,S4R,845,5039,844,54
PART-6-1,3704,S4R,5039,5040,843,844
PART-6-1,3705,S4R,5040,5041,842,843
PART-6-1,3706,S4R,5041,5042,841,842
PART-6-1,3707,S4R,5042,5043,840,841
PART-6-1,3708,S4R,5043,5044,839,840
PART-6-1,3709,S4R,5044,5045,838,839
PART-6-1,3710,S4R,5045,3783,837,838
PART-6-1,3711,S4R,812,3784,5046,811
PART-6-1,3712,S4R,3784,3785,5047,5046
PART-6-1,3713,S4R,3785,3786,5048,5047
PART-6-1,3714,S4R,3786,3787,5049,5048
PART-6-1,3715,S4R,3787,3788,5050,5049
PART-6-1,3716,S4R,3788,24,5051,5050
PART-6-1,3717,S4R,24,202,5052,5051
PART-6-1,3718,S4R,202,201,5053,5052
PART-6-1,3719,S4R,201,200,5054,5053
PART-6-1,3720,S4R,200,199,5055,5054
PART-6-1,3721,S4R,199,26,692,5055
PART-6-1,3722,S4R,811,5046,5056,810
PART-6-1,3723,S4R,5046,5047,5057,5056
PART-6-1,3724,S4R,5047,5048,5058,5057
PART-6-1,3725,S4R,5048,5049,5059,5058
PART-6-1,3726,S4R,5049,5050,5060,5059
PART-6-1,3727,S4R,5050,5051,5061,5060
PART-6-1,3728,S4R,5051,5052,5062,5061
PART-6-1,3729,S4R,5052,5053,5063,5062
PART-6-1,3730,S4R,5053,5054,5064,5063
PART-6-1,3731,S4R,5054,5055,5065,5064
PART-6-1,3732,S4R,5055,692,691,5065
PART-6-1,3733,S4R,810,5056,5066,809
PART-6-1,3734,S4R,5056,5057,5067,5066
PART-6-1,3735,S4R,5057,5058,5068,5067
PART-6-1,3736,S4R,5058,5059,5069,5068
PART-6-1,3737,S4R,5059,5060,5070,5069
PART-6-1,3738,S4R,5060,5061,5071,5070
PART-6-1,3739,S4R,5061,5062,5072,5071
PART-6-1,3740,S4R,5062,5063,5073,5072
PART-6-1,3741,S4R,5063,5064,5074,5073
PART-6-1,3742,S4R,5064,5065,5075,5074
PART-6-1,3743,S4R,5065,691,690,5075
PART-6-1,3744,S4R,809,5066,5076,808
PART-6-1,3745,S4R,5066,5067,5077,5076
PART-6-1,3746,S4R,5067,5068,5078,5077
PART-6-1,3747,S4R,5068,5069,5079,5078
PART-6-1,3748,S4R,5069,5070,5080,5079
PART-6-1,3749,S4R,5070,5071,5081,5080
PART-6-1,3750,S4R,5071,5072,5082,5081
PART-6-1,3751,S4R,5072,5073,5083,5082
PART-6-1,3752,S4R,5073,5074,5084,5083
PART-6-1,3753,S4R,5074,5075,5085,5084
PART-6-1,3754,S4R,5075,690,689,5085
PART-6-1,3755,S4R,808,5076,5086,807
PART-6-1,3756,S4R,5076,5077,5087,5086
PART-6-1,3757,S4R,5077,5078,5088,5087
PART-6-1,3758,S4R,5078,5079,5089,5088
PART-6-1,3759,S4R,5079,5080,5090,5089
PART-6-1,3760,S4R,5080,5081,5091,5090
PART-6-1,3761,S4R,5081,5082,5092,5091
PART-6-1,3762,S4R,5082,5083,5093,5092
PART-6-1,3763,S4R,5083,5084,5094,5093
PART-6-1,3764,S4R,5084,5085,5095,5094
PART-6-1,3765,S4R,5085,689,688,5095
PART-6-1,3766,S4R,807,5086,5096,806
PART-6-1,3767,S4R,5086,5087,5097,5096
PART-6-1,3768,S4R,5087,5088,5098,5097
PART-6-1,3769,S4R,5088,5089,5099,5098
PART-6-1,3770,S4R,5089,5090,5100,5099
PART-6-1,3771,S4R,5090,5091,5101,5100
PART-6-1,3772,S4R,5091,5092,5102,5101
PART-6-1,3773,S4R,5092,5093,5103,5102
PART-6-1,3774,S4R,5093,5094,5104,5103
PART-6-1,3775,S4R,5094,5095,5105,5104
PART-6-1,3776,S4R,5095,688,687,5105
PART-6-1,3777,S4R,806,5096,5106,805
PART-6-1,3778,S4R,5096,5097,5107,5106
PART-6-1,3779,S4R,5097,5098,5108,5107
PART-6-1,3780,S4R,5098,5099,5109,5108
PART-6-1,3781,S4R,5099,5100,5110,5109
PART-6-1,3782,S4R,5100,5101,5111,5110
PART-6-1,3783,S4R,5101,5102,5112,5111
PART-6-1,3784,S4R,5102,5103,5113,5112
PART-6-1,3785,S4R,5103,5104,5114,5113
PART-6-1,3786,S4R,5104,5105,5115,5114
PART-6-1,3787,S4R,5105,687,686,5115
PART-6-1,3788,S4R,805,5106,5116,804
PART-6-1,3789,S4R,5106,5107,5117,5116
PART-6-1,3790,S4R,5107,5108,5118,5117
PART-6-1,3791,S4R,5108,5109,5119,5118
PART-6-1,3792,S4R,5109,5110,5120,5119
PART-6-1,3793,S4R,5110,5111,5121,5120
PART-6-1,3794,S4R,5111,5112,5122,5121
PART-6-1,3795,S4R,5112,5113,5123,5122
PART-6-1,3796,S4R,5113,5114,5124,5123
PART-6-1,3797,S4R,5114,5115,5125,5124
PART-6-1,3798,S4R,5115,686,685,5125
PART-6-1,3799,S4R,804,5116,5126,803
PART-6-1,3800,S4R,5116,5117,5127,5126
PART-6-1,3801,S4R,5117,5118,5128,5127
PART-6-1,3802,S4R,5118,5119,5129,5128
PART-6-1,3803,S4R,5119,5120,5130,5129
PART-6-1,3804,S4R,5120,5121,5131,5130
PART-6-1,3805,S4R,5121,5122,5132,5131
PART-6-1,3806,S4R,5122,5123,5133,5132
PART-6-1,3807,S4R,5123,5124,5134,5133
PART-6-1,3808,S4R,5124,5125,5135,5134
PART-6-1,3809,S4R,5125,685,684,5135
PART-6-1,3810,S4R,803,5126,5136,802
PART-6-1,3811,S4R,5126,5127,5137,5136
PART-6-1,3812,S4R,5127,5128,5138,5137
PART-6-1,3813,S4R,5128,5129,5139,5138
PART-6-1,3814,S4R,5129,5130,5140,5139
PART-6-1,3815,S4R,5130,5131,5141,5140
PART-6-1,3816,S4R,5131,5132,5142,5141
PART-6-1,3817,S4R,5132,5133,5143,5142
PART-6-1,3818,S4R,5133,5134,5144,5143
PART-6-1,3819,S4R,5134,5135,5145,5144
PART-6-1,3820,S4R,5135,684,683,5145
PART-6-1,3821,S4R,802,5136,5146,801
PART-6-1,3822,S4R,5136,5137,5147,5146
PART-6-1,3823,S4R,5137,5138,5148,5147
PART-6-1,3824,S4R,5138,5139,5149,5148
PART-6-1,3825,S4R,5139,5140,5150,5149
PART-6-1,3826,S4R,5140,5141,5151,5150
PART-6-1,3827,S4R,5141,5142,5152,5151
PART-6-1,3828,S4R,5142,5143,5153,5152
PART-6-1,3829,S4R,5143,5144,5154,5153
PART-6-1,3830,S4R,5144,5145,5155,5154
PART-6-1,3831,S4R,5145,683,682,5155
PART-6-1,3832,S4R,801,5146,5156,800
PART-6-1,3833,S4R,5146,5147,5157,5156
PART-6-1,3834,S4R,5147,5148,5158,5157
PART-6-1,3835,S4R,5148,5149,5159,5158
PART-6-1,3836,S4R,5149,5150,5160,5159
PART-6-1,3837,S4R,5150,5151,5161,5160
PART-6-1,3838,S4R,5151,5152,5162,5161
PART-6-1,3839,S4R,5152,5153,5163,5162
PART-6-1,3840,S4R,5153,5154,5164,5163
PART-6-1,3841,S4R,5154,5155,5165,5164
PART-6-1,3842,S4R,5155,682,681,5165
PART-6-1,3843,S4R,800,5156,52,799
PART-6-1,3844,S4R,5156,5157,722,52
PART-6-1,3845,S4R,5157,5158,721,722
PART-6-1,3846,S4R,5158,5159,720,721
PART-6-1,3847,S4R,5159,5160,719,720
PART-6-1,3848,S4R,5160,5161,718,719
PART-6-1,3849,S4R,5161,5162,717,718
PART-6-1,3850,S4R,5162,5163,716,717
PART-6-1,3851,S4R,5163,5164,715,716
PART-6-1,3852,S4R,5164,5165,714,715
PART-6-1,3853,S4R,5165,681,49,714
PART-6-1,3854,S4R,812,813,5166,3784
PART-6-1,3855,S4R,813,814,5167,5166
PART-6-1,3856,S4R,814,815,5168,5167
PART-6-1,3857,S4R,815,816,5169,5168
PART-6-1,3858,S4R,816,817,5170,5169
PART-6-1,3859,S4R,817,818,5171,5170
PART-6-1,3860,S4R,818,819,5172,5171
PART-6-1,3861,S4R,819,820,5173,5172
PART-6-1,3862,S4R,820,821,5174,5173
PART-6-1,3863,S4R,821,822,5175,5174
PART-6-1,3864,S4R,822,823,5176,5175
PART-6-1,3865,S4R,823,824,5177,5176
PART-6-1,3866,S4R,824,825,55,5177
PART-6-1,3867,S4R,3784,5166,5178,3785
PART-6-1,3868,S4R,5166,5167,5179,5178
PART-6-1,3869,S4R,5167,5168,5180,5179
PART-6-1,3870,S4R,5168,5169,5181,5180
PART-6-1,3871,S4R,5169,5170,5182,5181
PART-6-1,3872,S4R,5170,5171,5183,5182
PART-6-1,3873,S4R,5171,5172,5184,5183
PART-6-1,3874,S4R,5172,5173,5185,5184
PART-6-1,3875,S4R,5173,5174,5186,5185
PART-6-1,3876,S4R,5174,5175,5187,5186
PART-6-1,3877,S4R,5175,5176,5188,5187
PART-6-1,3878,S4R,5176,5177,5189,5188
PART-6-1,3879,S4R,5177,55,713,5189
PART-6-1,3880,S4R,3785,5178,5190,3786
PART-6-1,3881,S4R,5178,5179,5191,5190
PART-6-1,3882,S4R,5179,5180,5192,5191
PART-6-1,3883,S4R,5180,5181,5193,5192
PART-6-1,3884,S4R,5181,5182,5194,5193
PART-6-1,3885,S4R,5182,5183,5195,5194
PART-6-1,3886,S4R,5183,5184,5196,5195
PART-6-1,3887,S4R,5184,5185,5197,5196
PART-6-1,3888,S4R,5185,5186,5198,5197
PART-6-1,3889,S4R,5186,5187,5199,5198
PART-6-1,3890,S4R,5187,5188,5200,5199
PART-6-1,3891,S4R,5188,5189,5201,5200
PART-6-1,3892,S4R,5189,713,712,5201
PART-6-1,3893,S4R,3786,5190,5202,3787
PART-6-1,3894,S4R,5190,5191,5203,5202
PART-6-1,3895,S4R,5191,5192,5204,5203
PART-6-1,3896,S4R,5192,5193,5205,5204
PART-6-1,3897,S4R,5193,5194,5206,5205
PART-6-1,3898,S4R,5194,5195,5207,5206
PART-6-1,3899,S4R,5195,5196,5208,5207
PART-6-1,3900,S4R,5196,5197,5209,5208
PART-6-1,3901,S4R,5197,5198,5210,5209
PART-6-1,3902,S4R,5198,5199,5211,5210
PART-6-1,3903,S4R,5199,5200,5212,5211
PART-6-1,3904,S4R,5200,5201,5213,5212
PART-6-1,3905,S4R,5201,712,711,5213
PART-6-1,3906,S4R,3787,5202,5214,3788
PART-6-1,3907,S4R,5202,5203,5215,5214
PART-6-1,3908,S4R,5203,5204,5216,5215
PART-6-1,3909,S4R,5204,5205,5217,5216
PART-6-1,3910,S4R,5205,5206,5218,5217
PART-6-1,3911,S4R,5206,5207,5219,5218
PART-6-1,3912,S4R,5207,5208,5220,5219
PART-6-1,3913,S4R,5208,5209,5221,5220
PART-6-1,3914,S4R,5209,5210,5222,5221
PART-6-1,3915,S4R,5210,5211,5223,5222
PART-6-1,3916,S4R,5211,5212,5224,5223
PART-6-1,3917,S4R,5212,5213,5225,5224
PART-6-1,3918,S4R,5213,711,710,5225
PART-6-1,3919,S4R,3788,5214,5226,24
PART-6-1,3920,S4R,5214,5215,5227,5226
PART-6-1,3921,S4R,5215,5216,5228,5227
PART-6-1,3922,S4R,5216,5217,5229,5228
PART-6-1,3923,S4R,5217,5218,5230,5229
PART-6-1,3924,S4R,5218,5219,5231,5230
PART-6-1,3925,S4R,5219,5220,5232,5231
PART-6-1,3926,S4R,5220,5221,5233,5232
PART-6-1,3927,S4R,5221,5222,5234,5233
PART-6-1,3928,S4R,5222,5223,5235,5234
PART-6-1,3929,S4R,5223,5224,5236,5235
PART-6-1,3930,S4R,5224,5225,5237,5236
PART-6-1,3931,S4R,5225,710,709,5237
PART-6-1,3932,S4R,24,5226,5238,202
PART-6-1,3933,S4R,5226,5227,5239,5238
PART-6-1,3934,S4R,5227,5228,5240,5239
PART-6-1,3935,S4R,5228,5229,5241,5240
PART-6-1,3936,S4R,5229,5230,5242,5241
PART-6-1,3937,S4R,5230,5231,5243,5242
PART-6-1,3938,S4R,5231,5232,5244,5243
PART-6-1,3939,S4R,5232,5233,5245,5244
PART-6-1,3940,S4R,5233,5234,5246,5245
PART-6-1,3941,S4R,5234,5235,5247,5246
PART-6-1,3942,S4R,5235,5236,5248,5247
PART-6-1,3943,S4R,5236,5237,5249,5248
PART-6-1,3944,S4R,5237,709,708,5249
PART-6-1,3945,S4R,202,5238,5250,201
PART-6-1,3946,S4R,5238,5239,5251,5250
PART-6-1,3947,S4R,5239,5240,5252,5251
PART-6-1,3948,S4R,5240,5241,5253,5252
PART-6-1,3949,S4R,5241,5242,5254,5253
PART-6-1,3950,S4R,5242,5243,5255,5254
PART-6-1,3951,S4R,5243,5244,5256,5255
PART-6-1,3952,S4R,5244,5245,5257,5256
PART-6-1,3953,S4R,5245,5246,5258,5257
PART-6-1,3954,S4R,5246,5247,5259,5258
PART-6-1,3955,S4R,5247,5248,5260,5259
PART-6-1,3956,S4R,5248,5249,5261,5260
PART-6-1,3957,S4R,5249,708,707,5261
PART-6-1,3958,S4R,201,5250,5262,200
PART-6-1,3959,S4R,5250,5251,5263,5262
PART-6-1,3960,S4R,5251,5252,5264,5263
PART-6-1,3961,S4R,5252,5253,5265,5264
PART-6-1,3962,S4R,5253,5254,5266,5265
PART-6-1,3963,S4R,5254,5255,5267,5266
PART-6-1,3964,S4R,5255,5256,5268,5267
PART-6-1,3965,S4R,5256,5257,5269,5268
PART-6-1,3966,S4R,5257,5258,5270,5269
PART-6-1,3967,S4R,5258,5259,5271,5270
PART-6-1,3968,S4R,5259,5260,5272,5271
PART-6-1,3969,S4R,5260,5261,5273,5272
PART-6-1,3970,S4R,5261,707,706,5273
PART-6-1,3971,S4R,200,5262,5274,199
PART-6-1,3972,S4R,5262,5263,5275,5274
PART-6-1,3973,S4R,5263,5264,5276,5275
PART-6-1,3974,S4R,5264,5265,5277,5276
PART-6-1,3975,S4R,5265,5266,5278,5277
PART-6-1,3976,S4R,5266,5267,5279,5278
PART-6-1,3977,S4R,5267,5268,5280,5279
PART-6-1,3978,S4R,5268,5269,5281,5280
PART-6-1,3979,S4R,5269,5270,5282,5281
PART-6-1,3980,S4R,5270,5271,5283,5282
PART-6-1,3981,S4R,5271,5272,5284,5283
PART-6-1,3982,S4R,5272,5273,5285,5284
PART-6-1,3983,S4R,5273,706,705,5285
PART-6-1,3984,S4R,199,5274,693,26
PART-6-1,3985,S4R,5274,5275,694,693
PART-6-1,3986,S4R,5275,5276,695,694
PART-6-1,3987,S4R,5276,5277,696,695
PART-6-1,3988,S4R,5277,5278,697,696
PART-6-1,3989,S4R,5278,5279,698,697
PART-6-1,3990,S4R,5279,5280,699,698
PART-6-1,3991,S4R,5280,5281,700,699
PART-6-1,3992,S4R,5281,5282,701,700
PART-6-1,3993,S4R,5282,5283,702,701
PART-6-1,3994,S4R,5283,5284,703,702
PART-6-1,3995,S4R,5284,5285,704,703
PART-6-1,3996,S4R,5285,705,53,704
PART-6-1,3997,S4R,837,3783,5286,836
PART-6-1,3998,S4R,3783,53,705,5286
PART-6-1,3999,S4R,836,5286,5287,835
PART-6-1,4000,S4R,5286,705,706,5287
PART-6-1,4001,S4R,835,5287,5288,834
PART-6-1,4002,S4R,5287,706,707,5288
PART-6-1,4003,S4R,834,5288,5289,833
PART-6-1,4004,S4R,5288,707,708,5289
PART-6-1,4005,S4R,833,5289,5290,832
PART-6-1,4006,S4R,5289,708,709,5290
PART-6-1,4007,S4R,832,5290,5291,831
PART-6-1,4008,S4R,5290,709,710,5291
PART-6-1,4009,S4R,831,5291,5292,830
PART-6-1,4010,S4R,5291,710,711,5292
PART-6-1,4011,S4R,830,5292,5293,829
PART-6-1,4012,S4R,5292,711,712,5293
PART-6-1,4013,S4R,829,5293,5294,828
PART-6-1,4014,S4R,5293,712,713,5294
PART-6-1,4015,S4R,828,5294,5295,827
PART-6-1,4016,S4R,5294,713,55,5295
PART-6-1,4017,S4R,827,5295,826,56
PART-6-1,4018,S4R,5295,55,825,826
PART-6-1,4019,S4R,25,5296,5320,194
PART-6-1,4020,S4R,5296,5297,5321,5320
PART-6-1,4021,S4R,5297,5298,5322,5321
PART-6-1,4022,S4R,5298,5299,5323,5322
PART-6-1,4023,S4R,5299,5300,5324,5323
PART-6-1,4024,S4R,5300,5301,5325,5324
PART-6-1,4025,S4R,5301,5302,5326,5325
PART-6-1,4026,S4R,5302,5303,5327,5326
PART-6-1,4027,S4R,5303,5304,5328,5327
PART-6-1,4028,S4R,5304,5305,5329,5328
PART-6-1,4029,S4R,5305,5306,5330,5329
PART-6-1,4030,S4R,5306,5307,5331,5330
PART-6-1,4031,S4R,5307,1012,1013,5331
PART-6-1,4032,S4R,194,5320,5332,195
PART-6-1,4033,S4R,5320,5321,5333,5332
PART-6-1,4034,S4R,5321,5322,5334,5333
PART-6-1,4035,S4R,5322,5323,5335,5334
PART-6-1,4036,S4R,5323,5324,5336,5335
PART-6-1,4037,S4R,5324,5325,5337,5336
PART-6-1,4038,S4R,5325,5326,5338,5337
PART-6-1,4039,S4R,5326,5327,5339,5338
PART-6-1,4040,S4R,5327,5328,5340,5339
PART-6-1,4041,S4R,5328,5329,5341,5340
PART-6-1,4042,S4R,5329,5330,5342,5341
PART-6-1,4043,S4R,5330,5331,5343,5342
PART-6-1,4044,S4R,5331,1013,1014,5343
PART-6-1,4045,S4R,195,5332,5344,196
PART-6-1,4046,S4R,5332,5333,5345,5344
PART-6-1,4047,S4R,5333,5334,5346,5345
PART-6-1,4048,S4R,5334,5335,5347,5346
PART-6-1,4049,S4R,5335,5336,5348,5347
PART-6-1,4050,S4R,5336,5337,5349,5348
PART-6-1,4051,S4R,5337,5338,5350,5349
PART-6-1,4052,S4R,5338,5339,5351,5350
PART-6-1,4053,S4R,5339,5340,5352,5351
PART-6-1,4054,S4R,5340,5341,5353,5352
PART-6-1,4055,S4R,5341,5342,5354,5353
PART-6-1,4056,S4R,5342,5343,5355,5354
PART-6-1,4057,S4R,5343,1014,1015,5355
PART-6-1,4058,S4R,196,5344,5356,197
PART-6-1,4059,S4R,5344,5345,5357,5356
PART-6-1,4060,S4R,5345,5346,5358,5357
PART-6-1,4061,S4R,5346,5347,5359,5358
PART-6-1,4062,S4R,5347,5348,5360,5359
PART-6-1,4063,S4R,5348,5349,5361,5360
PART-6-1,4064,S4R,5349,5350,5362,5361
PART-6-1,4065,S4R,5350,5351,5363,5362
PART-6-1,4066,S4R,5351,5352,5364,5363
PART-6-1,4067,S4R,5352,5353,5365,5364
PART-6-1,4068,S4R,5353,5354,5366,5365
PART-6-1,4069,S4R,5354,5355,5367,5366
PART-6-1,4070,S4R,5355,1015,1016,5367
PART-6-1,4071,S4R,197,5356,5368,198
PART-6-1,4072,S4R,5356,5357,5369,5368
PART-6-1,4073,S4R,5357,5358,5370,5369
PART-6-1,4074,S4R,5358,5359,5371,5370
PART-6-1,4075,S4R,5359,5360,5372,5371
PART-6-1,4076,S4R,5360,5361,5373,5372
PART-6-1,4077,S4R,5361,5362,5374,5373
PART-6-1,4078,S4R,5362,5363,5375,5374
PART-6-1,4079,S4R,5363,5364,5376,5375
PART-6-1,4080,S4R,5364,5365,5377,5376
PART-6-1,4081,S4R,5365,5366,5378,5377
PART-6-1,4082,S4R,5366,5367,5379,5378
PART-6-1,4083,S4R,5367,1016,1017,5379
PART-6-1,4084,S4R,198,5368,692,26
PART-6-1,4085,S4R,5368,5369,691,692
PART-6-1,4086,S4R,5369,5370,690,691
PART-6-1,4087,S4R,5370,5371,689,690
PART-6-1,4088,S4R,5371,5372,688,689
PART-6-1,4089,S4R,5372,5373,687,688
PART-6-1,4090,S4R,5373,5374,686,687
PART-6-1,4091,S4R,5374,5375,685,686
PART-6-1,4092,S4R,5375,5376,684,685
PART-6-1,4093,S4R,5376,5377,683,684
PART-6-1,4094,S4R,5377,5378,682,683
PART-6-1,4095,S4R,5378,5379,681,682
PART-6-1,4096,S4R,5379,1017,49,681
PART-6-1,4097,S4R,1012,5307,5380,1011
PART-6-1,4098,S4R,5307,5306,5381,5380
PART-6-1,4099,S4R,5306,5305,5382,5381
PART-6-1,4100,S4R,5305,5304,5383,5382
PART-6-1,4101,S4R,5304,5303,5384,5383
PART-6-1,4102,S4R,5303,5302,5385,5384
PART-6-1,4103,S4R,5302,5301,5386,5385
PART-6-1,4104,S4R,5301,5300,5387,5386
PART-6-1,4105,S4R,5300,5299,5388,5387
PART-6-1,4106,S4R,5299,5298,5389,5388
PART-6-1,4107,S4R,5298,5297,5390,5389
PART-6-1,4108,S4R,5297,5296,5391,5390
PART-6-1,4109,S4R,5296,25,5392,5391
PART-6-1,4110,S4R,25,5308,5393,5392
PART-6-1,4111,S4R,5308,5309,5394,5393
PART-6-1,4112,S4R,5309,5310,5395,5394
PART-6-1,4113,S4R,5310,5311,5396,5395
PART-6-1,4114,S4R,5311,5312,5397,5396
PART-6-1,4115,S4R,5312,5313,5398,5397
PART-6-1,4116,S4R,5313,5314,5399,5398
PART-6-1,4117,S4R,5314,5315,5400,5399
PART-6-1,4118,S4R,5315,5316,5401,5400
PART-6-1,4119,S4R,5316,5317,5402,5401
PART-6-1,4120,S4R,5317,5318,5403,5402
PART-6-1,4121,S4R,5318,5319,5404,5403
PART-6-1,4122,S4R,5319,1023,1024,5404
PART-6-1,4123,S4R,1011,5380,5405,1010
PART-6-1,4124,S4R,5380,5381,5406,5405
PART-6-1,4125,S4R,5381,5382,5407,5406
PART-6-1,4126,S4R,5382,5383,5408,5407
PART-6-1,4127,S4R,5383,5384,5409,5408
PART-6-1,4128,S4R,5384,5385,5410,5409
PART-6-1,4129,S4R,5385,5386,5411,5410
PART-6-1,4130,S4R,5386,5387,5412,5411
PART-6-1,4131,S4R,5387,5388,5413,5412
PART-6-1,4132,S4R,5388,5389,5414,5413
PART-6-1,4133,S4R,5389,5390,5415,5414
PART-6-1,4134,S4R,5390,5391,5416,5415
PART-6-1,4135,S4R,5391,5392,5417,5416
PART-6-1,4136,S4R,5392,5393,5418,5417
PART-6-1,4137,S4R,5393,5394,5419,5418
PART-6-1,4138,S4R,5394,5395,5420,5419
PART-6-1,4139,S4R,5395,5396,5421,5420
PART-6-1,4140,S4R,5396,5397,5422,5421
PART-6-1,4141,S4R,5397,5398,5423,5422
PART-6-1,4142,S4R,5398,5399,5424,5423
PART-6-1,4143,S4R,5399,5400,5425,5424
PART-6-1,4144,S4R,5400,5401,5426,5425
PART-6-1,4145,S4R,5401,5402,5427,5426
PART-6-1,4146,S4R,5402,5403,5428,5427
PART-6-1,4147,S4R,5403,5404,5429,5428
PART-6-1,4148,S4R,5404,1024,1025,5429
PART-6-1,4149,S4R,1010,5405,5430,1009
PART-6-1,4150,S4R,5405,5406,5431,5430
PART-6-1,4151,S4R,5406,5407,5432,5431
PART-6-1,4152,S4R,5407,5408,5433,5432
PART-6-1,4153,S4R,5408,5409,5434,5433
PART-6-1,4154,S4R,5409,5410,5435,5434
PART-6-1,4155,S4R,5410,5411,5436,5435
PART-6-1,4156,S4R,5411,5412,5437,5436
PART-6-1,4157,S4R,5412,5413,5438,5437
PART-6-1,4158,S4R,5413,5414,5439,5438
PART-6-1,4159,S4R,5414,5415,5440,5439
PART-6-1,4160,S4R,5415,5416,5441,5440
PART-6-1,4161,S4R,5416,5417,5442,5441
PART-6-1,4162,S4R,5417,5418,5443,5442
PART-6-1,4163,S4R,5418,5419,5444,5443
PART-6-1,4164,S4R,5419,5420,5445,5444
PART-6-1,4165,S4R,5420,5421,5446,5445
PART-6-1,4166,S4R,5421,5422,5447,5446
PART-6-1,4167,S4R,5422,5423,5448,5447
PART-6-1,4168,S4R,5423,5424,5449,5448
PART-6-1,4169,S4R,5424,5425,5450,5449
PART-6-1,4170,S4R,5425,5426,5451,5450
PART-6-1,4171,S4R,5426,5427,5452,5451
PART-6-1,4172,S4R,5427,5428,5453,5452
PART-6-1,4173,S4R,5428,5429,5454,5453
PART-6-1,4174,S4R,5429,1025,1026,5454
PART-6-1,4175,S4R,1009,5430,5455,1008
PART-6-1,4176,S4R,5430,5431,5456,5455
PART-6-1,4177,S4R,5431,5432,5457,5456
PART-6-1,4178,S4R,5432,5433,5458,5457
PART-6-1,4179,S4R,5433,5434,5459,5458
PART-6-1,4180,S4R,5434,5435,5460,5459
PART-6-1,4181,S4R,5435,5436,5461,5460
PART-6-1,4182,S4R,5436,5437,5462,5461
PART-6-1,4183,S4R,5437,5438,5463,5462
PART-6-1,4184,S4R,5438,5439,5464,5463
PART-6-1,4185,S4R,5439,5440,5465,5464
PART-6-1,4186,S4R,5440,5441,5466,5465
PART-6-1,4187,S4R,5441,5442,5467,5466
PART-6-1,4188,S4R,5442,5443,5468,5467
PART-6-1,4189,S4R,5443,5444,5469,5468
PART-6-1,4190,S4R,5444,5445,5470,5469
PART-6-1,4191,S4R,5445,5446,5471,5470
PART-6-1,4192,S4R,5446,5447,5472,5471
PART-6-1,4193,S4R,5447,5448,5473,5472
PART-6-1,4194,S4R,5448,5449,5474,5473
PART-6-1,4195,S4R,5449,5450,5475,5474
PART-6-1,4196,S4R,5450,5451,5476,5475
PART-6-1,4197,S4R,5451,5452,5477,5476
PART-6-1,4198,S4R,5452,5453,5478,5477
PART-6-1,4199,S4R,5453,5454,5479,5478
PART-6-1,4200,S4R,5454,1026,1027,5479
PART-6-1,4201,S4R,1008,5455,5480,1007
PART-6-1,4202,S4R,5455,5456,5481,5480
PART-6-1,4203,S4R,5456,5457,5482,5481
PART-6-1,4204,S4R,5457,5458,5483,5482
PART-6-1,4205,S4R,5458,5459,5484,5483
PART-6-1,4206,S4R,5459,5460,5485,5484
PART-6-1,4207,S4R,5460,5461,5486,5485
PART-6-1,4208,S4R,5461,5462,5487,5486
PART-6-1,4209,S4R,5462,5463,5488,5487
PART-6-1,4210,S4R,5463,5464,5489,5488
PART-6-1,4211,S4R,5464,5465,5490,5489
PART-6-1,4212,S4R,5465,5466,5491,5490
PART-6-1,4213,S4R,5466,5467,5492,5491
PART-6-1,4214,S4R,5467,5468,5493,5492
PART-6-1,4215,S4R,5468,5469,5494,5493
PART-6-1,4216,S4R,5469,5470,5495,5494
PART-6-1,4217,S4R,5470,5471,5496,5495
PART-6-1,4218,S4R,5471,5472,5497,5496
PART-6-1,4219,S4R,5472,5473,5498,5497
PART-6-1,4220,S4R,5473,5474,5499,5498
PART-6-1,4221,S4R,5474,5475,5500,5499
PART-6-1,4222,S4R,5475,5476,5501,5500
PART-6-1,4223,S4R,5476,5477,5502,5501
PART-6-1,4224,S4R,5477,5478,5503,5502
PART-6-1,4225,S4R,5478,5479,5504,5503
PART-6-1,4226,S4R,5479,1027,1028,5504
PART-6-1,4227,S4R,1007,5480,5505,1006
PART-6-1,4228,S4R,5480,5481,5506,5505
PART-6-1,4229,S4R,5481,5482,5507,5506
PART-6-1,4230,S4R,5482,5483,5508,5507
PART-6-1,4231,S4R,5483,5484,5509,5508
PART-6-1,4232,S4R,5484,5485,5510,5509
PART-6-1,4233,S4R,5485,5486,5511,5510
PART-6-1,4234,S4R,5486,5487,5512,5511
PART-6-1,4235,S4R,5487,5488,5513,5512
PART-6-1,4236,S4R,5488,5489,5514,5513
PART-6-1,4237,S4R,5489,5490,5515,5514
PART-6-1,4238,S4R,5490,5491,5516,5515
PART-6-1,4239,S4R,5491,5492,5517,5516
PART-6-1,4240,S4R,5492,5493,5518,5517
PART-6-1,4241,S4R,5493,5494,5519,5518
PART-6-1,4242,S4R,5494,5495,5520,5519
PART-6-1,4243,S4R,5495,5496,5521,5520
PART-6-1,4244,S4R,5496,5497,5522,5521
PART-6-1,4245,S4R,5497,5498,5523,5522
PART-6-1,4246,S4R,5498,5499,5524,5523
PART-6-1,4247,S4R,5499,5500,5525,5524
PART-6-1,4248,S4R,5500,5501,5526,5525
PART-6-1,4249,S4R,5501,5502,5527,5526
PART-6-1,4250,S4R,5502,5503,5528,5527
PART-6-1,4251,S4R,5503,5504,5529,5528
PART-6-1,4252,S4R,5504,1028,1029,5529
PART-6-1,4253,S4R,1006,5505,5530,1005
PART-6-1,4254,S4R,5505,5506,5531,5530
PART-6-1,4255,S4R,5506,5507,5532,5531
PART-6-1,4256,S4R,5507,5508,5533,5532
PART-6-1,4257,S4R,5508,5509,5534,5533
PART-6-1,4258,S4R,5509,5510,5535,5534
PART-6-1,4259,S4R,5510,5511,5536,5535
PART-6-1,4260,S4R,5511,5512,5537,5536
PART-6-1,4261,S4R,5512,5513,5538,5537
PART-6-1,4262,S4R,5513,5514,5539,5538
PART-6-1,4263,S4R,5514,5515,5540,5539
PART-6-1,4264,S4R,5515,5516,5541,5540
PART-6-1,4265,S4R,5516,5517,5542,5541
PART-6-1,4266,S4R,5517,5518,5543,5542
PART-6-1,4267,S4R,5518,5519,5544,5543
PART-6-1,4268,S4R,5519,5520,5545,5544
PART-6-1,4269,S4R,5520,5521,5546,5545
PART-6-1,4270,S4R,5521,5522,5547,5546
PART-6-1,4271,S4R,5522,5523,5548,5547
PART-6-1,4272,S4R,5523,5524,5549,5548
PART-6-1,4273,S4R,5524,5525,5550,5549
PART-6-1,4274,S4R,5525,5526,5551,5550
PART-6-1,4275,S4R,5526,5527,5552,5551
PART-6-1,4276,S4R,5527,5528,5553,5552
PART-6-1,4277,S4R,5528,5529,5554,5553
PART-6-1,4278,S4R,5529,1029,1030,5554
PART-6-1,4279,S4R,1005,5530,5555,1004
PART-6-1,4280,S4R,5530,5531,5556,5555
PART-6-1,4281,S4R,5531,5532,5557,5556
PART-6-1,4282,S4R,5532,5533,5558,5557
PART-6-1,4283,S4R,5533,5534,5559,5558
PART-6-1,4284,S4R,5534,5535,5560,5559
PART-6-1,4285,S4R,5535,5536,5561,5560
PART-6-1,4286,S4R,5536,5537,5562,5561
PART-6-1,4287,S4R,5537,5538,5563,5562
PART-6-1,4288,S4R,5538,5539,5564,5563
PART-6-1,4289,S4R,5539,5540,5565,5564
PART-6-1,4290,S4R,5540,5541,5566,5565
PART-6-1,4291,S4R,5541,5542,5567,5566
PART-6-1,4292,S4R,5542,5543,5568,5567
PART-6-1,4293,S4R,5543,5544,5569,5568
PART-6-1,4294,S4R,5544,5545,5570,5569
PART-6-1,4295,S4R,5545,5546,5571,5570
PART-6-1,4296,S4R,5546,5547,5572,5571
PART-6-1,4297,S4R,5547,5548,5573,5572
PART-6-1,4298,S4R,5548,5549,5574,5573
PART-6-1,4299,S4R,5549,5550,5575,5574
PART-6-1,4300,S4R,5550,5551,5576,5575
PART-6-1,4301,S4R,5551,5552,5577,5576
PART-6-1,4302,S4R,5552,5553,5578,5577
PART-6-1,4303,S4R,5553,5554,5579,5578
PART-6-1,4304,S4R,5554,1030,1031,5579
PART-6-1,4305,S4R,1004,5555,5580,1003
PART-6-1,4306,S4R,5555,5556,5581,5580
PART-6-1,4307,S4R,5556,5557,5582,5581
PART-6-1,4308,S4R,5557,5558,5583,5582
PART-6-1,4309,S4R,5558,5559,5584,5583
PART-6-1,4310,S4R,5559,5560,5585,5584
PART-6-1,4311,S4R,5560,5561,5586,5585
PART-6-1,4312,S4R,5561,5562,5587,5586
PART-6-1,4313,S4R,5562,5563,5588,5587
PART-6-1,4314,S4R,5563,5564,5589,5588
PART-6-1,4315,S4R,5564,5565,5590,5589
PART-6-1,4316,S4R,5565,5566,5591,5590
PART-6-1,4317,S4R,5566,5567,5592,5591
PART-6-1,4318,S4R,5567,5568,5593,5592
PART-6-1,4319,S4R,5568,5569,5594,5593
PART-6-1,4320,S4R,5569,5570,5595,5594
PART-6-1,4321,S4R,5570,5571,5596,5595
PART-6-1,4322,S4R,5571,5572,5597,5596
PART-6-1,4323,S4R,5572,5573,5598,5597
PART-6-1,4324,S4R,5573,5574,5599,5598
PART-6-1,4325,S4R,5574,5575,5600,5599
PART-6-1,4326,S4R,5575,5576,5601,5600
PART-6-1,4327,S4R,5576,5577,5602,5601
PART-6-1,4328,S4R,5577,5578,5603,5602
PART-6-1,4329,S4R,5578,5579,5604,5603
PART-6-1,4330,S4R,5579,1031,1032,5604
PART-6-1,4331,S4R,1003,5580,5605,1002
PART-6-1,4332,S4R,5580,5581,5606,5605
PART-6-1,4333,S4R,5581,5582,5607,5606
PART-6-1,4334,S4R,5582,5583,5608,5607
PART-6-1,4335,S4R,5583,5584,5609,5608
PART-6-1,4336,S4R,5584,5585,5610,5609
PART-6-1,4337,S4R,5585,5586,5611,5610
PART-6-1,4338,S4R,5586,5587,5612,5611
PART-6-1,4339,S4R,5587,5588,5613,5612
PART-6-1,4340,S4R,5588,5589,5614,5613
PART-6-1,4341,S4R,5589,5590,5615,5614
PART-6-1,4342,S4R,5590,5591,5616,5615
PART-6-1,4343,S4R,5591,5592,5617,5616
PART-6-1,4344,S4R,5592,5593,5618,5617
PART-6-1,4345,S4R,5593,5594,5619,5618
PART-6-1,4346,S4R,5594,5595,5620,5619
PART-6-1,4347,S4R,5595,5596,5621,5620
PART-6-1,4348,S4R,5596,5597,5622,5621
PART-6-1,4349,S4R,5597,5598,5623,5622
PART-6-1,4350,S4R,5598,5599,5624,5623
PART-6-1,4351,S4R,5599,5600,5625,5624
PART-6-1,4352,S4R,5600,5601,5626,5625
PART-6-1,4353,S4R,5601,5602,5627,5626
PART-6-1,4354,S4R,5602,5603,5628,5627
PART-6-1,4355,S4R,5603,5604,5629,5628
PART-6-1,4356,S4R,5604,1032,1033,5629
PART-6-1,4357,S4R,1002,5605,5630,1001
PART-6-1,4358,S4R,5605,5606,5631,5630
PART-6-1,4359,S4R,5606,5607,5632,5631
PART-6-1,4360,S4R,5607,5608,5633,5632
PART-6-1,4361,S4R,5608,5609,5634,5633
PART-6-1,4362,S4R,5609,5610,5635,5634
PART-6-1,4363,S4R,5610,5611,5636,5635
PART-6-1,4364,S4R,5611,5612,5637,5636
PART-6-1,4365,S4R,5612,5613,5638,5637
PART-6-1,4366,S4R,5613,5614,5639,5638
PART-6-1,4367,S4R,5614,5615,5640,5639
PART-6-1,4368,S4R,5615,5616,5641,5640
PART-6-1,4369,S4R,5616,5617,5642,5641
PART-6-1,4370,S4R,5617,5618,5643,5642
PART-6-1,4371,S4R,5618,5619,5644,5643
PART-6-1,4372,S4R,5619,5620,5645,5644
PART-6-1,4373,S4R,5620,5621,5646,5645
PART-6-1,4374,S4R,5621,5622,5647,5646
PART-6-1,4375,S4R,5622,5623,5648,5647
PART-6-1,4376,S4R,5623,5624,5649,5648
PART-6-1,4377,S4R,5624,5625,5650,5649
PART-6-1,4378,S4R,5625,5626,5651,5650
PART-6-1,4379,S4R,5626,5627,5652,5651
PART-6-1,4380,S4R,5627,5628,5653,5652
PART-6-1,4381,S4R,5628,5629,5654,5653
PART-6-1,4382,S4R,5629,1033,1034,5654
PART-6-1,4383,S4R,1001,5630,5655,1000
PART-6-1,4384,S4R,5630,5631,5656,5655
PART-6-1,4385,S4R,5631,5632,5657,5656
PART-6-1,4386,S4R,5632,5633,5658,5657
PART-6-1,4387,S4R,5633,5634,5659,5658
PART-6-1,4388,S4R,5634,5635,5660,5659
PART-6-1,4389,S4R,5635,5636,5661,5660
PART-6-1,4390,S4R,5636,5637,5662,5661
PART-6-1,4391,S4R,5637,5638,5663,5662
PART-6-1,4392,S4R,5638,5639,5664,5663
PART-6-1,4393,S4R,5639,5640,5665,5664
PART-6-1,4394,S4R,5640,5641,5666,5665
PART-6-1,4395,S4R,5641,5642,5667,5666
PART-6-1,4396,S4R,5642,5643,5668,5667
PART-6-1,4397,S4R,5643,5644,5669,5668
PART-6-1,4398,S4R,5644,5645,5670,5669
PART-6-1,4399,S4R,5645,5646,5671,5670
PART-6-1,4400,S4R,5646,5647,5672,5671
PART-6-1,4401,S4R,5647,5648,5673,5672
PART-6-1,4402,S4R,5648,5649,5674,5673
PART-6-1,4403,S4R,5649,5650,5675,5674
PART-6-1,4404,S4R,5650,5651,5676,5675
PART-6-1,4405,S4R,5651,5652,5677,5676
PART-6-1,4406,S4R,5652,5653,5678,5677
PART-6-1,4407,S4R,5653,5654,5679,5678
PART-6-1,4408,S4R,5654,1034,1035,5679
PART-6-1,4409,S4R,1000,5655,5680,999
PART-6-1,4410,S4R,5655,5656,5681,5680
PART-6-1,4411,S4R,5656,5657,5682,5681
PART-6-1,4412,S4R,5657,5658,5683,5682
PART-6-1,4413,S4R,5658,5659,5684,5683
PART-6-1,4414,S4R,5659,5660,5685,5684
PART-6-1,4415,S4R,5660,5661,5686,5685
PART-6-1,4416,S4R,5661,5662,5687,5686
PART-6-1,4417,S4R,5662,5663,5688,5687
PART-6-1,4418,S4R,5663,5664,5689,5688
PART-6-1,4419,S4R,5664,5665,5690,5689
PART-6-1,4420,S4R,5665,5666,5691,5690
PART-6-1,4421,S4R,5666,5667,5692,5691
PART-6-1,4422,S4R,5667,5668,5693,5692
PART-6-1,4423,S4R,5668,5669,5694,5693
PART-6-1,4424,S4R,5669,5670,5695,5694
PART-6-1,4425,S4R,5670,5671,5696,5695
PART-6-1,4426,S4R,5671,5672,5697,5696
PART-6-1,4427,S4R,5672,5673,5698,5697
PART-6-1,4428,S4R,5673,5674,5699,5698
PART-6-1,4429,S4R,5674,5675,5700,5699
PART-6-1,4430,S4R,5675,5676,5701,5700
PART-6-1,4431,S4R,5676,5677,5702,5701
PART-6-1,4432,S4R,5677,5678,5703,5702
PART-6-1,4433,S4R,5678,5679,5704,5703
PART-6-1,4434,S4R,5679,1035,1036,5704
PART-6-1,4435,S4R,999,5680,5705,998
PART-6-1,4436,S4R,5680,5681,5706,5705
PART-6-1,4437,S4R,5681,5682,5707,5706
PART-6-1,4438,S4R,5682,5683,5708,5707
PART-6-1,4439,S4R,5683,5684,5709,5708
PART-6-1,4440,S4R,5684,5685,5710,5709
PART-6-1,4441,S4R,5685,5686,5711,5710
PART-6-1,4442,S4R,5686,5687,5712,5711
PART-6-1,4443,S4R,5687,5688,5713,5712
PART-6-1,4444,S4R,5688,5689,5714,5713
PART-6-1,4445,S4R,5689,5690,5715,5714
PART-6-1,4446,S4R,5690,5691,5716,5715
PART-6-1,4447,S4R,5691,5692,5717,5716
PART-6-1,4448,S4R,5692,5693,5718,5717
PART-6-1,4449,S4R,5693,5694,5719,5718
PART-6-1,4450,S4R,5694,5695,5720,5719
PART-6-1,4451,S4R,5695,5696,5721,5720
PART-6-1,4452,S4R,5696,5697,5722,5721
PART-6-1,4453,S4R,5697,5698,5723,5722
PART-6-1,4454,S4R,5698,5699,5724,5723
PART-6-1,4455,S4R,5699,5700,5725,5724
PART-6-1,4456,S4R,5700,5701,5726,5725
PART-6-1,4457,S4R,5701,5702,5727,5726
PART-6-1,4458,S4R,5702,5703,5728,5727
PART-6-1,4459,S4R,5703,5704,5729,5728
PART-6-1,4460,S4R,5704,1036,1037,5729
PART-6-1,4461,S4R,998,5705,5730,997
PART-6-1,4462,S4R,5705,5706,5731,5730
PART-6-1,4463,S4R,5706,5707,5732,5731
PART-6-1,4464,S4R,5707,5708,5733,5732
PART-6-1,4465,S4R,5708,5709,5734,5733
PART-6-1,4466,S4R,5709,5710,5735,5734
PART-6-1,4467,S4R,5710,5711,5736,5735
PART-6-1,4468,S4R,5711,5712,5737,5736
PART-6-1,4469,S4R,5712,5713,5738,5737
PART-6-1,4470,S4R,5713,5714,5739,5738
PART-6-1,4471,S4R,5714,5715,5740,5739
PART-6-1,4472,S4R,5715,5716,5741,5740
PART-6-1,4473,S4R,5716,5717,5742,5741
PART-6-1,4474,S4R,5717,5718,5743,5742
PART-6-1,4475,S4R,5718,5719,5744,5743
PART-6-1,4476,S4R,5719,5720,5745,5744
PART-6-1,4477,S4R,5720,5721,5746,5745
PART-6-1,4478,S4R,5721,5722,5747,5746
PART-6-1,4479,S4R,5722,5723,5748,5747
PART-6-1,4480,S4R,5723,5724,5749,5748
PART-6-1,4481,S4R,5724,5725,5750,5749
PART-6-1,4482,S4R,5725,5726,5751,5750
PART-6-1,4483,S4R,5726,5727,5752,5751
PART-6-1,4484,S4R,5727,5728,5753,5752
PART-6-1,4485,S4R,5728,5729,5754,5753
PART-6-1,4486,S4R,5729,1037,1038,5754
PART-6-1,4487,S4R,997,5730,5755,996
PART-6-1,4488,S4R,5730,5731,5756,5755
PART-6-1,4489,S4R,5731,5732,5757,5756
PART-6-1,4490,S4R,5732,5733,5758,5757
PART-6-1,4491,S4R,5733,5734,5759,5758
PART-6-1,4492,S4R,5734,5735,5760,5759
PART-6-1,4493,S4R,5735,5736,5761,5760
PART-6-1,4494,S4R,5736,5737,5762,5761
PART-6-1,4495,S4R,5737,5738,5763,5762
PART-6-1,4496,S4R,5738,5739,5764,5763
PART-6-1,4497,S4R,5739,5740,5765,5764
PART-6-1,4498,S4R,5740,5741,5766,5765
PART-6-1,4499,S4R,5741,5742,5767,5766
PART-6-1,4500,S4R,5742,5743,5768,5767
PART-6-1,4501,S4R,5743,5744,5769,5768
PART-6-1,4502,S4R,5744,5745,5770,5769
PART-6-1,4503,S4R,5745,5746,5771,5770
PART-6-1,4504,S4R,5746,5747,5772,5771
PART-6-1,4505,S4R,5747,5748,5773,5772
PART-6-1,4506,S4R,5748,5749,5774,5773
PART-6-1,4507,S4R,5749,5750,5775,5774
PART-6-1,4508,S4R,5750,5751,5776,5775
PART-6-1,4509,S4R,5751,5752,5777,5776
PART-6-1,4510,S4R,5752,5753,5778,5777
PART-6-1,4511,S4R,5753,5754,5779,5778
PART-6-1,4512,S4R,5754,1038,1039,5779
PART-6-1,4513,S4R,996,5755,5780,995
PART-6-1,4514,S4R,5755,5756,5781,5780
PART-6-1,4515,S4R,5756,5757,5782,5781
PART-6-1,4516,S4R,5757,5758,5783,5782
PART-6-1,4517,S4R,5758,5759,5784,5783
PART-6-1,4518,S4R,5759,5760,5785,5784
PART-6-1,4519,S4R,5760,5761,5786,5785
PART-6-1,4520,S4R,5761,5762,5787,5786
PART-6-1,4521,S4R,5762,5763,5788,5787
PART-6-1,4522,S4R,5763,5764,5789,5788
PART-6-1,4523,S4R,5764,5765,5790,5789
PART-6-1,4524,S4R,5765,5766,5791,5790
PART-6-1,4525,S4R,5766,5767,5792,5791
PART-6-1,4526,S4R,5767,5768,5793,5792
PART-6-1,4527,S4R,5768,5769,5794,5793
PART-6-1,4528,S4R,5769,5770,5795,5794
PART-6-1,4529,S4R,5770,5771,5796,5795
PART-6-1,4530,S4R,5771,5772,5797,5796
PART-6-1,4531,S4R,5772,5773,5798,5797
PART-6-1,4532,S4R,5773,5774,5799,5798
PART-6-1,4533,S4R,5774,5775,5800,5799
PART-6-1,4534,S4R,5775,5776,5801,5800
PART-6-1,4535,S4R,5776,5777,5802,5801
PART-6-1,4536,S4R,5777,5778,5803,5802
PART-6-1,4537,S4R,5778,5779,5804,5803
PART-6-1,4538,S4R,5779,1039,1040,5804
PART-6-1,4539,S4R,995,5780,5805,994
PART-6-1,4540,S4R,5780,5781,5806,5805
PART-6-1,4541,S4R,5781,5782,5807,5806
PART-6-1,4542,S4R,5782,5783,5808,5807
PART-6-1,4543,S4R,5783,5784,5809,5808
PART-6-1,4544,S4R,5784,5785,5810,5809
PART-6-1,4545,S4R,5785,5786,5811,5810
PART-6-1,4546,S4R,5786,5787,5812,5811
PART-6-1,4547,S4R,5787,5788,5813,5812
PART-6-1,4548,S4R,5788,5789,5814,5813
PART-6-1,4549,S4R,5789,5790,5815,5814
PART-6-1,4550,S4R,5790,5791,5816,5815
PART-6-1,4551,S4R,5791,5792,5817,5816
PART-6-1,4552,S4R,5792,5793,5818,5817
PART-6-1,4553,S4R,5793,5794,5819,5818
PART-6-1,4554,S4R,5794,5795,5820,5819
PART-6-1,4555,S4R,5795,5796,5821,5820
PART-6-1,4556,S4R,5796,5797,5822,5821
PART-6-1,4557,S4R,5797,5798,5823,5822
PART-6-1,4558,S4R,5798,5799,5824,5823
PART-6-1,4559,S4R,5799,5800,5825,5824
PART-6-1,4560,S4R,5800,5801,5826,5825
PART-6-1,4561,S4R,5801,5802,5827,5826
PART-6-1,4562,S4R,5802,5803,5828,5827
PART-6-1,4563,S4R,5803,5804,5829,5828
PART-6-1,4564,S4R,5804,1040,1041,5829
PART-6-1,4565,S4R,994,5805,5830,993
PART-6-1,4566,S4R,5805,5806,5831,5830
PART-6-1,4567,S4R,5806,5807,5832,5831
PART-6-1,4568,S4R,5807,5808,5833,5832
PART-6-1,4569,S4R,5808,5809,5834,5833
PART-6-1,4570,S4R,5809,5810,5835,5834
PART-6-1,4571,S4R,5810,5811,5836,5835
PART-6-1,4572,S4R,5811,5812,5837,5836
PART-6-1,4573,S4R,5812,5813,5838,5837
PART-6-1,4574,S4R,5813,5814,5839,5838
PART-6-1,4575,S4R,5814,5815,5840,5839
PART-6-1,4576,S4R,5815,5816,5841,5840
PART-6-1,4577,S4R,5816,5817,5842,5841
PART-6-1,4578,S4R,5817,5818,5843,5842
PART-6-1,4579,S4R,5818,5819,5844,5843
PART-6-1,4580,S4R,5819,5820,5845,5844
PART-6-1,4581,S4R,5820,5821,5846,5845
PART-6-1,4582,S4R,5821,5822,5847,5846
PART-6-1,4583,S4R,5822,5823,5848,5847
PART-6-1,4584,S4R,5823,5824,5849,5848
PART-6-1,4585,S4R,5824,5825,5850,5849
PART-6-1,4586,S4R,5825,5826,5851,5850
PART-6-1,4587,S4R,5826,5827,5852,5851
PART-6-1,4588,S4R,5827,5828,5853,5852
PART-6-1,4589,S4R,5828,5829,5854,5853
PART-6-1,4590,S4R,5829,1041,1042,5854
PART-6-1,4591,S4R,993,5830,5855,992
PART-6-1,4592,S4R,5830,5831,5856,5855
PART-6-1,4593,S4R,5831,5832,5857,5856
PART-6-1,4594,S4R,5832,5833,5858,5857
PART-6-1,4595,S4R,5833,5834,5859,5858
PART-6-1,4596,S4R,5834,5835,5860,5859
PART-6-1,4597,S4R,5835,5836,5861,5860
PART-6-1,4598,S4R,5836,5837,5862,5861
PART-6-1,4599,S4R,5837,5838,5863,5862
PART-6-1,4600,S4R,5838,5839,5864,5863
PART-6-1,4601,S4R,5839,5840,5865,5864
PART-6-1,4602,S4R,5840,5841,5866,5865
PART-6-1,4603,S4R,5841,5842,5867,5866
PART-6-1,4604,S4R,5842,5843,5868,5867
PART-6-1,4605,S4R,5843,5844,5869,5868
PART-6-1,4606,S4R,5844,5845,5870,5869
PART-6-1,4607,S4R,5845,5846,5871,5870
PART-6-1,4608,S4R,5846,5847,5872,5871
PART-6-1,4609,S4R,5847,5848,5873,5872
PART-6-1,4610,S4R,5848,5849,5874,5873
PART-6-1,4611,S4R,5849,5850,5875,5874
PART-6-1,4612,S4R,5850,5851,5876,5875
PART-6-1,4613,S4R,5851,5852,5877,5876
PART-6-1,4614,S4R,5852,5853,5878,5877
PART-6-1,4615,S4R,5853,5854,5879,5878
PART-6-1,4616,S4R,5854,1042,1043,5879
PART-6-1,4617,S4R,992,5855,5880,991
PART-6-1,4618,S4R,5855,5856,5881,5880
PART-6-1,4619,S4R,5856,5857,5882,5881
PART-6-1,4620,S4R,5857,5858,5883,5882
PART-6-1,4621,S4R,5858,5859,5884,5883
PART-6-1,4622,S4R,5859,5860,5885,5884
PART-6-1,4623,S4R,5860,5861,5886,5885
PART-6-1,4624,S4R,5861,5862,5887,5886
PART-6-1,4625,S4R,5862,5863,5888,5887
PART-6-1,4626,S4R,5863,5864,5889,5888
PART-6-1,4627,S4R,5864,5865,5890,5889
PART-6-1,4628,S4R,5865,5866,5891,5890
PART-6-1,4629,S4R,5866,5867,5892,5891
PART-6-1,4630,S4R,5867,5868,5893,5892
PART-6-1,4631,S4R,5868,5869,5894,5893
PART-6-1,4632,S4R,5869,5870,5895,5894
PART-6-1,4633,S4R,5870,5871,5896,5895
PART-6-1,4634,S4R,5871,5872,5897,5896
PART-6-1,4635,S4R,5872,5873,5898,5897
PART-6-1,4636,S4R,5873,5874,5899,5898
PART-6-1,4637,S4R,5874,5875,5900,5899
PART-6-1,4638,S4R,5875,5876,5901,5900
PART-6-1,4639,S4R,5876,5877,5902,5901
PART-6-1,4640,S4R,5877,5878,5903,5902
PART-6-1,4641,S4R,5878,5879,5904,5903
PART-6-1,4642,S4R,5879,1043,1044,5904
PART-6-1,4643,S4R,991,5880,5905,990
PART-6-1,4644,S4R,5880,5881,5906,5905
PART-6-1,4645,S4R,5881,5882,5907,5906
PART-6-1,4646,S4R,5882,5883,5908,5907
PART-6-1,4647,S4R,5883,5884,5909,5908
PART-6-1,4648,S4R,5884,5885,5910,5909
PART-6-1,4649,S4R,5885,5886,5911,5910
PART-6-1,4650,S4R,5886,5887,5912,5911
PART-6-1,4651,S4R,5887,5888,5913,5912
PART-6-1,4652,S4R,5888,5889,5914,5913
PART-6-1,4653,S4R,5889,5890,5915,5914
PART-6-1,4654,S4R,5890,5891,5916,5915
PART-6-1,4655,S4R,5891,5892,5917,5916
PART-6-1,4656,S4R,5892,5893,5918,5917
PART-6-1,4657,S4R,5893,5894,5919,5918
PART-6-1,4658,S4R,5894,5895,5920,5919
PART-6-1,4659,S4R,5895,5896,5921,5920
PART-6-1,4660,S4R,5896,5897,5922,5921
PART-6-1,4661,S4R,5897,5898,5923,5922
PART-6-1,4662,S4R,5898,5899,5924,5923
PART-6-1,4663,S4R,5899,5900,5925,5924
PART-6-1,4664,S4R,5900,5901,5926,5925
PART-6-1,4665,S4R,5901,5902,5927,5926
PART-6-1,4666,S4R,5902,5903,5928,5927
PART-6-1,4667,S4R,5903,5904,5929,5928
PART-6-1,4668,S4R,5904,1044,1045,5929
PART-6-1,4669,S4R,990,5905,5930,989
PART-6-1,4670,S4R,5905,5906,5931,5930
PART-6-1,4671,S4R,5906,5907,5932,5931
PART-6-1,4672,S4R,5907,5908,5933,5932
PART-6-1,4673,S4R,5908,5909,5934,5933
PART-6-1,4674,S4R,5909,5910,5935,5934
PART-6-1,4675,S4R,5910,5911,5936,5935
PART-6-1,4676,S4R,5911,5912,5937,5936
PART-6-1,4677,S4R,5912,5913,5938,5937
PART-6-1,4678,S4R,5913,5914,5939,5938
PART-6-1,4679,S4R,5914,5915,5940,5939
PART-6-1,4680,S4R,5915,5916,5941,5940
PART-6-1,4681,S4R,5916,5917,5942,5941
PART-6-1,4682,S4R,5917,5918,5943,5942
PART-6-1,4683,S4R,5918,5919,5944,5943
PART-6-1,4684,S4R,5919,5920,5945,5944
PART-6-1,4685,S4R,5920,5921,5946,5945
PART-6-1,4686,S4R,5921,5922,5947,5946
PART-6-1,4687,S4R,5922,5923,5948,5947
PART-6-1,4688,S4R,5923,5924,5949,5948
PART-6-1,4689,S4R,5924,5925,5950,5949
PART-6-1,4690,S4R,5925,5926,5951,5950
PART-6-1,4691,S4R,5926,5927,5952,5951
PART-6-1,4692,S4R,5927,5928,5953,5952
PART-6-1,4693,S4R,5928,5929,5954,5953
PART-6-1,4694,S4R,5929,1045,1046,5954
PART-6-1,4695,S4R,989,5930,5955,988
PART-6-1,4696,S4R,5930,5931,5956,5955
PART-6-1,4697,S4R,5931,5932,5957,5956
PART-6-1,4698,S4R,5932,5933,5958,5957
PART-6-1,4699,S4R,5933,5934,5959,5958
PART-6-1,4700,S4R,5934,5935,5960,5959
PART-6-1,4701,S4R,5935,5936,5961,5960
PART-6-1,4702,S4R,5936,5937,5962,5961
PART-6-1,4703,S4R,5937,5938,5963,5962
PART-6-1,4704,S4R,5938,5939,5964,5963
PART-6-1,4705,S4R,5939,5940,5965,5964
PART-6-1,4706,S4R,5940,5941,5966,5965
PART-6-1,4707,S4R,5941,5942,5967,5966
PART-6-1,4708,S4R,5942,5943,5968,5967
PART-6-1,4709,S4R,5943,5944,5969,5968
PART-6-1,4710,S4R,5944,5945,5970,5969
PART-6-1,4711,S4R,5945,5946,5971,5970
PART-6-1,4712,S4R,5946,5947,5972,5971
PART-6-1,4713,S4R,5947,5948,5973,5972
PART-6-1,4714,S4R,5948,5949,5974,5973
PART-6-1,4715,S4R,5949,5950,5975,5974
PART-6-1,4716,S4R,5950,5951,5976,5975
PART-6-1,4717,S4R,5951,5952,5977,5976
PART-6-1,4718,S4R,5952,5953,5978,5977
PART-6-1,4719,S4R,5953,5954,5979,5978
PART-6-1,4720,S4R,5954,1046,1047,5979
PART-6-1,4721,S4R,988,5955,5980,987
PART-6-1,4722,S4R,5955,5956,5981,5980
PART-6-1,4723,S4R,5956,5957,5982,5981
PART-6-1,4724,S4R,5957,5958,5983,5982
PART-6-1,4725,S4R,5958,5959,5984,5983
PART-6-1,4726,S4R,5959,5960,5985,5984
PART-6-1,4727,S4R,5960,5961,5986,5985
PART-6-1,4728,S4R,5961,5962,5987,5986
PART-6-1,4729,S4R,5962,5963,5988,5987
PART-6-1,4730,S4R,5963,5964,5989,5988
PART-6-1,4731,S4R,5964,5965,5990,5989
PART-6-1,4732,S4R,5965,5966,5991,5990
PART-6-1,4733,S4R,5966,5967,5992,5991
PART-6-1,4734,S4R,5967,5968,5993,5992
PART-6-1,4735,S4R,5968,5969,5994,5993
PART-6-1,4736,S4R,5969,5970,5995,5994
PART-6-1,4737,S4R,5970,5971,5996,5995
PART-6-1,4738,S4R,5971,5972,5997,5996
PART-6-1,4739,S4R,5972,5973,5998,5997
PART-6-1,4740,S4R,5973,5974,5999,5998
PART-6-1,4741,S4R,5974,5975,6000,5999
PART-6-1,4742,S4R,5975,5976,6001,6000
PART-6-1,4743,S4R,5976,5977,6002,6001
PART-6-1,4744,S4R,5977,5978,6003,6002
PART-6-1,4745,S4R,5978,5979,6004,6003
PART-6-1,4746,S4R,5979,1047,1048,6004
PART-6-1,4747,S4R,987,5980,6005,986
PART-6-1,4748,S4R,5980,5981,6006,6005
PART-6-1,4749,S4R,5981,5982,6007,6006
PART-6-1,4750,S4R,5982,5983,6008,6007
PART-6-1,4751,S4R,5983,5984,6009,6008
PART-6-1,4752,S4R,5984,5985,6010,6009
PART-6-1,4753,S4R,5985,5986,6011,6010
PART-6-1,4754,S4R,5986,5987,6012,6011
PART-6-1,4755,S4R,5987,5988,6013,6012
PART-6-1,4756,S4R,5988,5989,6014,6013
PART-6-1,4757,S4R,5989,5990,6015,6014
PART-6-1,4758,S4R,5990,5991,6016,6015
PART-6-1,4759,S4R,5991,5992,6017,6016
PART-6-1,4760,S4R,5992,5993,6018,6017
PART-6-1,4761,S4R,5993,5994,6019,6018
PART-6-1,4762,S4R,5994,5995,6020,6019
PART-6-1,4763,S4R,5995,5996,6021,6020
PART-6-1,4764,S4R,5996,5997,6022,6021
PART-6-1,4765,S4R,5997,5998,6023,6022
PART-6-1,4766,S4R,5998,5999,6024,6023
PART-6-1,4767,S4R,5999,6000,6025,6024
PART-6-1,4768,S4R,6000,6001,6026,6025
PART-6-1,4769,S4R,6001,6002,6027,6026
PART-6-1,4770,S4R,6002,6003,6028,6027
PART-6-1,4771,S4R,6003,6004,6029,6028
PART-6-1,4772,S4R,6004,1048,1049,6029
PART-6-1,4773,S4R,986,6005,6030,985
PART-6-1,4774,S4R,6005,6006,6031,6030
PART-6-1,4775,S4R,6006,6007,6032,6031
PART-6-1,4776,S4R,6007,6008,6033,6032
PART-6-1,4777,S4R,6008,6009,6034,6033
PART-6-1,4778,S4R,6009,6010,6035,6034
PART-6-1,4779,S4R,6010,6011,6036,6035
PART-6-1,4780,S4R,6011,6012,6037,6036
PART-6-1,4781,S4R,6012,6013,6038,6037
PART-6-1,4782,S4R,6013,6014,6039,6038
PART-6-1,4783,S4R,6014,6015,6040,6039
PART-6-1,4784,S4R,6015,6016,6041,6040
PART-6-1,4785,S4R,6016,6017,6042,6041
PART-6-1,4786,S4R,6017,6018,6043,6042
PART-6-1,4787,S4R,6018,6019,6044,6043
PART-6-1,4788,S4R,6019,6020,6045,6044
PART-6-1,4789,S4R,6020,6021,6046,6045
PART-6-1,4790,S4R,6021,6022,6047,6046
PART-6-1,4791,S4R,6022,6023,6048,6047
PART-6-1,4792,S4R,6023,6024,6049,6048
PART-6-1,4793,S4R,6024,6025,6050,6049
PART-6-1,4794,S4R,6025,6026,6051,6050
PART-6-1,4795,S4R,6026,6027,6052,6051
PART-6-1,4796,S4R,6027,6028,6053,6052
PART-6-1,4797,S4R,6028,6029,6054,6053
PART-6-1,4798,S4R,6029,1049,1050,6054
PART-6-1,4799,S4R,985,6030,6055,984
PART-6-1,4800,S4R,6030,6031,6056,6055
PART-6-1,4801,S4R,6031,6032,6057,6056
PART-6-1,4802,S4R,6032,6033,6058,6057
PART-6-1,4803,S4R,6033,6034,6059,6058
PART-6-1,4804,S4R,6034,6035,6060,6059
PART-6-1,4805,S4R,6035,6036,6061,6060
PART-6-1,4806,S4R,6036,6037,6062,6061
PART-6-1,4807,S4R,6037,6038,6063,6062
PART-6-1,4808,S4R,6038,6039,6064,6063
PART-6-1,4809,S4R,6039,6040,6065,6064
PART-6-1,4810,S4R,6040,6041,6066,6065
PART-6-1,4811,S4R,6041,6042,6067,6066
PART-6-1,4812,S4R,6042,6043,6068,6067
PART-6-1,4813,S4R,6043,6044,6069,6068
PART-6-1,4814,S4R,6044,6045,6070,6069
PART-6-1,4815,S4R,6045,6046,6071,6070
PART-6-1,4816,S4R,6046,6047,6072,6071
PART-6-1,4817,S4R,6047,6048,6073,6072
PART-6-1,4818,S4R,6048,6049,6074,6073
PART-6-1,4819,S4R,6049,6050,6075,6074
PART-6-1,4820,S4R,6050,6051,6076,6075
PART-6-1,4821,S4R,6051,6052,6077,6076
PART-6-1,4822,S4R,6052,6053,6078,6077
PART-6-1,4823,S4R,6053,6054,6079,6078
PART-6-1,4824,S4R,6054,1050,1051,6079
PART-6-1,4825,S4R,984,6055,6080,983
PART-6-1,4826,S4R,6055,6056,6081,6080
PART-6-1,4827,S4R,6056,6057,6082,6081
PART-6-1,4828,S4R,6057,6058,6083,6082
PART-6-1,4829,S4R,6058,6059,6084,6083
PART-6-1,4830,S4R,6059,6060,6085,6084
PART-6-1,4831,S4R,6060,6061,6086,6085
PART-6-1,4832,S4R,6061,6062,6087,6086
PART-6-1,4833,S4R,6062,6063,6088,6087
PART-6-1,4834,S4R,6063,6064,6089,6088
PART-6-1,4835,S4R,6064,6065,6090,6089
PART-6-1,4836,S4R,6065,6066,6091,6090
PART-6-1,4837,S4R,6066,6067,6092,6091
PART-6-1,4838,S4R,6067,6068,6093,6092
PART-6-1,4839,S4R,6068,6069,6094,6093
PART-6-1,4840,S4R,6069,6070,6095,6094
PART-6-1,4841,S4R,6070,6071,6096,6095
PART-6-1,4842,S4R,6071,6072,6097,6096
PART-6-1,4843,S4R,6072,6073,6098,6097
PART-6-1,4844,S4R,6073,6074,6099,6098
PART-6-1,4845,S4R,6074,6075,6100,6099
PART-6-1,4846,S4R,6075,6076,6101,6100
PART-6-1,4847,S4R,6076,6077,6102,6101
PART-6-1,4848,S4R,6077,6078,6103,6102
PART-6-1,4849,S4R,6078,6079,6104,6103
PART-6-1,4850,S4R,6079,1051,1052,6104
PART-6-1,4851,S4R,983,6080,982,58
PART-6-1,4852,S4R,6080,6081,981,982
PART-6-1,4853,S4R,6081,6082,980,981
PART-6-1,4854,S4R,6082,6083,979,980
PART-6-1,4855,S4R,6083,6084,978,979
PART-6-1,4856,S4R,6084,6085,977,978
PART-6-1,4857,S4R,6085,6086,976,977
PART-6-1,4858,S4R,6086,6087,975,976
PART-6-1,4859,S4R,6087,6088,974,975
PART-6-1,4860,S4R,6088,6089,973,974
PART-6-1,4861,S4R,6089,6090,972,973
PART-6-1,4862,S4R,6090,6091,971,972
PART-6-1,4863,S4R,6091,6092,970,971
PART-6-1,4864,S4R,6092,6093,969,970
PART-6-1,4865,S4R,6093,6094,968,969
PART-6-1,4866,S4R,6094,6095,967,968
PART-6-1,4867,S4R,6095,6096,966,967
PART-6-1,4868,S4R,6096,6097,965,966
PART-6-1,4869,S4R,6097,6098,964,965
PART-6-1,4870,S4R,6098,6099,963,964
PART-6-1,4871,S4R,6099,6100,962,963
PART-6-1,4872,S4R,6100,6101,961,962
PART-6-1,4873,S4R,6101,6102,960,961
PART-6-1,4874,S4R,6102,6103,959,960
PART-6-1,4875,S4R,6103,6104,958,959
PART-6-1,4876,S4R,6104,1052,57,958
PART-6-1,4877,S4R,1023,5319,6105,1022
PART-6-1,4878,S4R,5319,5318,6106,6105
PART-6-1,4879,S4R,5318,5317,6107,6106
PART-6-1,4880,S4R,5317,5316,6108,6107
PART-6-1,4881,S4R,5316,5315,6109,6108
PART-6-1,4882,S4R,5315,5314,6110,6109
PART-6-1,4883,S4R,5314,5313,6111,6110
PART-6-1,4884,S4R,5313,5312,6112,6111
PART-6-1,4885,S4R,5312,5311,6113,6112
PART-6-1,4886,S4R,5311,5310,6114,6113
PART-6-1,4887,S4R,5310,5309,6115,6114
PART-6-1,4888,S4R,5309,5308,6116,6115
PART-6-1,4889,S4R,5308,25,194,6116
PART-6-1,4890,S4R,1022,6105,6117,1021
PART-6-1,4891,S4R,6105,6106,6118,6117
PART-6-1,4892,S4R,6106,6107,6119,6118
PART-6-1,4893,S4R,6107,6108,6120,6119
PART-6-1,4894,S4R,6108,6109,6121,6120
PART-6-1,4895,S4R,6109,6110,6122,6121
PART-6-1,4896,S4R,6110,6111,6123,6122
PART-6-1,4897,S4R,6111,6112,6124,6123
PART-6-1,4898,S4R,6112,6113,6125,6124
PART-6-1,4899,S4R,6113,6114,6126,6125
PART-6-1,4900,S4R,6114,6115,6127,6126
PART-6-1,4901,S4R,6115,6116,6128,6127
PART-6-1,4902,S4R,6116,194,195,6128
PART-6-1,4903,S4R,1021,6117,6129,1020
PART-6-1,4904,S4R,6117,6118,6130,6129
PART-6-1,4905,S4R,6118,6119,6131,6130
PART-6-1,4906,S4R,6119,6120,6132,6131
PART-6-1,4907,S4R,6120,6121,6133,6132
PART-6-1,4908,S4R,6121,6122,6134,6133
PART-6-1,4909,S4R,6122,6123,6135,6134
PART-6-1,4910,S4R,6123,6124,6136,6135
PART-6-1,4911,S4R,6124,6125,6137,6136
PART-6-1,4912,S4R,6125,6126,6138,6137
PART-6-1,4913,S4R,6126,6127,6139,6138
PART-6-1,4914,S4R,6127,6128,6140,6139
PART-6-1,4915,S4R,6128,195,196,6140
PART-6-1,4916,S4R,1020,6129,6141,1019
PART-6-1,4917,S4R,6129,6130,6142,6141
PART-6-1,4918,S4R,6130,6131,6143,6142
PART-6-1,4919,S4R,6131,6132,6144,6143
PART-6-1,4920,S4R,6132,6133,6145,6144
PART-6-1,4921,S4R,6133,6134,6146,6145
PART-6-1,4922,S4R,6134,6135,6147,6146
PART-6-1,4923,S4R,6135,6136,6148,6147
PART-6-1,4924,S4R,6136,6137,6149,6148
PART-6-1,4925,S4R,6137,6138,6150,6149
PART-6-1,4926,S4R,6138,6139,6151,6150
PART-6-1,4927,S4R,6139,6140,6152,6151
PART-6-1,4928,S4R,6140,196,197,6152
PART-6-1,4929,S4R,1019,6141,6153,1018
PART-6-1,4930,S4R,6141,6142,6154,6153
PART-6-1,4931,S4R,6142,6143,6155,6154
PART-6-1,4932,S4R,6143,6144,6156,6155
PART-6-1,4933,S4R,6144,6145,6157,6156
PART-6-1,4934,S4R,6145,6146,6158,6157
PART-6-1,4935,S4R,6146,6147,6159,6158
PART-6-1,4936,S4R,6147,6148,6160,6159
PART-6-1,4937,S4R,6148,6149,6161,6160
PART-6-1,4938,S4R,6149,6150,6162,6161
PART-6-1,4939,S4R,6150,6151,6163,6162
PART-6-1,4940,S4R,6151,6152,6164,6163
PART-6-1,4941,S4R,6152,197,198,6164
PART-6-1,4942,S4R,1018,6153,704,53
PART-6-1,4943,S4R,6153,6154,703,704
PART-6-1,4944,S4R,6154,6155,702,703
PART-6-1,4945,S4R,6155,6156,701,702
PART-6-1,4946,S4R,6156,6157,700,701
PART-6-1,4947,S4R,6157,6158,699,700
PART-6-1,4948,S4R,6158,6159,698,699
PART-6-1,4949,S4R,6159,6160,697,698
PART-6-1,4950,S4R,6160,6161,696,697
PART-6-1,4951,S4R,6161,6162,695,696
PART-6-1,4952,S4R,6162,6163,694,695
PART-6-1,4953,S4R,6163,6164,693,694
PART-6-1,4954,S4R,6164,198,26,693
PART-6-1,4955,S4R,59,1053,6165,1105
PART-6-1,4956,S4R,1053,1054,6166,6165
PART-6-1,4957,S4R,1054,1055,6167,6166
PART-6-1,4958,S4R,1055,1056,6168,6167
PART-6-1,4959,S4R,1056,1057,6169,6168
PART-6-1,4960,S4R,1057,1058,6170,6169
PART-6-1,4961,S4R,1058,1059,6171,6170
PART-6-1,4962,S4R,1059,1060,6172,6171
PART-6-1,4963,S4R,1060,1061,6173,6172
PART-6-1,4964,S4R,1061,1062,6174,6173
PART-6-1,4965,S4R,1062,1063,6175,6174
PART-6-1,4966,S4R,1063,1064,6176,6175
PART-6-1,4967,S4R,1064,1065,6177,6176
PART-6-1,4968,S4R,1065,1066,6178,6177
PART-6-1,4969,S4R,1066,1067,6179,6178
PART-6-1,4970,S4R,1067,1068,6180,6179
PART-6-1,4971,S4R,1068,1069,6181,6180
PART-6-1,4972,S4R,1069,1070,6182,6181
PART-6-1,4973,S4R,1070,1071,6183,6182
PART-6-1,4974,S4R,1071,1072,6184,6183
PART-6-1,4975,S4R,1072,1073,6185,6184
PART-6-1,4976,S4R,1073,1074,6186,6185
PART-6-1,4977,S4R,1074,1075,6187,6186
PART-6-1,4978,S4R,1075,1076,6188,6187
PART-6-1,4979,S4R,1076,1077,6189,6188
PART-6-1,4980,S4R,1077,60,1078,6189
PART-6-1,4981,S4R,1105,6165,6190,1104
PART-6-1,4982,S4R,6165,6166,6191,6190
PART-6-1,4983,S4R,6166,6167,6192,6191
PART-6-1,4984,S4R,6167,6168,6193,6192
PART-6-1,4985,S4R,6168,6169,6194,6193
PART-6-1,4986,S4R,6169,6170,6195,6194
PART-6-1,4987,S4R,6170,6171,6196,6195
PART-6-1,4988,S4R,6171,6172,6197,6196
PART-6-1,4989,S4R,6172,6173,6198,6197
PART-6-1,4990,S4R,6173,6174,6199,6198
PART-6-1,4991,S4R,6174,6175,6200,6199
PART-6-1,4992,S4R,6175,6176,6201,6200
PART-6-1,4993,S4R,6176,6177,6202,6201
PART-6-1,4994,S4R,6177,6178,6203,6202
PART-6-1,4995,S4R,6178,6179,6204,6203
PART-6-1,4996,S4R,6179,6180,6205,6204
PART-6-1,4997,S4R,6180,6181,6206,6205
PART-6-1,4998,S4R,6181,6182,6207,6206
PART-6-1,4999,S4R,6182,6183,6208,6207
PART-6-1,5000,S4R,6183,6184,6209,6208
PART-6-1,5001,S4R,6184,6185,6210,6209
PART-6-1,5002,S4R,6185,6186,6211,6210
PART-6-1,5003,S4R,6186,6187,6212,6211
PART-6-1,5004,S4R,6187,6188,6213,6212
PART-6-1,5005,S4R,6188,6189,6214,6213
PART-6-1,5006,S4R,6189,1078,1079,6214
PART-6-1,5007,S4R,1104,6190,6215,1103
PART-6-1,5008,S4R,6190,6191,6216,6215
PART-6-1,5009,S4R,6191,6192,6217,6216
PART-6-1,5010,S4R,6192,6193,6218,6217
PART-6-1,5011,S4R,6193,6194,6219,6218
PART-6-1,5012,S4R,6194,6195,6220,6219
PART-6-1,5013,S4R,6195,6196,6221,6220
PART-6-1,5014,S4R,6196,6197,6222,6221
PART-6-1,5015,S4R,6197,6198,6223,6222
PART-6-1,5016,S4R,6198,6199,6224,6223
PART-6-1,5017,S4R,6199,6200,6225,6224
PART-6-1,5018,S4R,6200,6201,6226,6225
PART-6-1,5019,S4R,6201,6202,6227,6226
PART-6-1,5020,S4R,6202,6203,6228,6227
PART-6-1,5021,S4R,6203,6204,6229,6228
PART-6-1,5022,S4R,6204,6205,6230,6229
PART-6-1,5023,S4R,6205,6206,6231,6230
PART-6-1,5024,S4R,6206,6207,6232,6231
PART-6-1,5025,S4R,6207,6208,6233,6232
PART-6-1,5026,S4R,6208,6209,6234,6233
PART-6-1,5027,S4R,6209,6210,6235,6234
PART-6-1,5028,S4R,6210,6211,6236,6235
PART-6-1,5029,S4R,6211,6212,6237,6236
PART-6-1,5030,S4R,6212,6213,6238,6237
PART-6-1,5031,S4R,6213,6214,6239,6238
PART-6-1,5032,S4R,6214,1079,1080,6239
PART-6-1,5033,S4R,1103,6215,6240,1102
PART-6-1,5034,S4R,6215,6216,6241,6240
PART-6-1,5035,S4R,6216,6217,6242,6241
PART-6-1,5036,S4R,6217,6218,6243,6242
PART-6-1,5037,S4R,6218,6219,6244,6243
PART-6-1,5038,S4R,6219,6220,6245,6244
PART-6-1,5039,S4R,6220,6221,6246,6245
PART-6-1,5040,S4R,6221,6222,6247,6246
PART-6-1,5041,S4R,6222,6223,6248,6247
PART-6-1,5042,S4R,6223,6224,6249,6248
PART-6-1,5043,S4R,6224,6225,6250,6249
PART-6-1,5044,S4R,6225,6226,6251,6250
PART-6-1,5045,S4R,6226,6227,6252,6251
PART-6-1,5046,S4R,6227,6228,6253,6252
PART-6-1,5047,S4R,6228,6229,6254,6253
PART-6-1,5048,S4R,6229,6230,6255,6254
PART-6-1,5049,S4R,6230,6231,6256,6255
PART-6-1,5050,S4R,6231,6232,6257,6256
PART-6-1,5051,S4R,6232,6233,6258,6257
PART-6-1,5052,S4R,6233,6234,6259,6258
PART-6-1,5053,S4R,6234,6235,6260,6259
PART-6-1,5054,S4R,6235,6236,6261,6260
PART-6-1,5055,S4R,6236,6237,6262,6261
PART-6-1,5056,S4R,6237,6238,6263,6262
PART-6-1,5057,S4R,6238,6239,6264,6263
PART-6-1,5058,S4R,6239,1080,1081,6264
PART-6-1,5059,S4R,1102,6240,6265,1101
PART-6-1,5060,S4R,6240,6241,6266,6265
PART-6-1,5061,S4R,6241,6242,6267,6266
PART-6-1,5062,S4R,6242,6243,6268,6267
PART-6-1,5063,S4R,6243,6244,6269,6268
PART-6-1,5064,S4R,6244,6245,6270,6269
PART-6-1,5065,S4R,6245,6246,6271,6270
PART-6-1,5066,S4R,6246,6247,6272,6271
PART-6-1,5067,S4R,6247,6248,6273,6272
PART-6-1,5068,S4R,6248,6249,6274,6273
PART-6-1,5069,S4R,6249,6250,6275,6274
PART-6-1,5070,S4R,6250,6251,6276,6275
PART-6-1,5071,S4R,6251,6252,6277,6276
PART-6-1,5072,S4R,6252,6253,6278,6277
PART-6-1,5073,S4R,6253,6254,6279,6278
PART-6-1,5074,S4R,6254,6255,6280,6279
PART-6-1,5075,S4R,6255,6256,6281,6280
PART-6-1,5076,S4R,6256,6257,6282,6281
PART-6-1,5077,S4R,6257,6258,6283,6282
PART-6-1,5078,S4R,6258,6259,6284,6283
PART-6-1,5079,S4R,6259,6260,6285,6284
PART-6-1,5080,S4R,6260,6261,6286,6285
PART-6-1,5081,S4R,6261,6262,6287,6286
PART-6-1,5082,S4R,6262,6263,6288,6287
PART-6-1,5083,S4R,6263,6264,6289,6288
PART-6-1,5084,S4R,6264,1081,1082,6289
PART-6-1,5085,S4R,1101,6265,6290,1100
PART-6-1,5086,S4R,6265,6266,6291,6290
PART-6-1,5087,S4R,6266,6267,6292,6291
PART-6-1,5088,S4R,6267,6268,6293,6292
PART-6-1,5089,S4R,6268,6269,6294,6293
PART-6-1,5090,S4R,6269,6270,6295,6294
PART-6-1,5091,S4R,6270,6271,6296,6295
PART-6-1,5092,S4R,6271,6272,6297,6296
PART-6-1,5093,S4R,6272,6273,6298,6297
PART-6-1,5094,S4R,6273,6274,6299,6298
PART-6-1,5095,S4R,6274,6275,6300,6299
PART-6-1,5096,S4R,6275,6276,6301,6300
PART-6-1,5097,S4R,6276,6277,6302,6301
PART-6-1,5098,S4R,6277,6278,6303,6302
PART-6-1,5099,S4R,6278,6279,6304,6303
PART-6-1,5100,S4R,6279,6280,6305,6304
PART-6-1,5101,S4R,6280,6281,6306,6305
PART-6-1,5102,S4R,6281,6282,6307,6306
PART-6-1,5103,S4R,6282,6283,6308,6307
PART-6-1,5104,S4R,6283,6284,6309,6308
PART-6-1,5105,S4R,6284,6285,6310,6309
PART-6-1,5106,S4R,6285,6286,6311,6310
PART-6-1,5107,S4R,6286,6287,6312,6311
PART-6-1,5108,S4R,6287,6288,6313,6312
PART-6-1,5109,S4R,6288,6289,6314,6313
PART-6-1,5110,S4R,6289,1082,1083,6314
PART-6-1,5111,S4R,1100,6290,6315,1099
PART-6-1,5112,S4R,6290,6291,6316,6315
PART-6-1,5113,S4R,6291,6292,6317,6316
PART-6-1,5114,S4R,6292,6293,6318,6317
PART-6-1,5115,S4R,6293,6294,6319,6318
PART-6-1,5116,S4R,6294,6295,6320,6319
PART-6-1,5117,S4R,6295,6296,6321,6320
PART-6-1,5118,S4R,6296,6297,6322,6321
PART-6-1,5119,S4R,6297,6298,6323,6322
PART-6-1,5120,S4R,6298,6299,6324,6323
PART-6-1,5121,S4R,6299,6300,6325,6324
PART-6-1,5122,S4R,6300,6301,6326,6325
PART-6-1,5123,S4R,6301,6302,6327,6326
PART-6-1,5124,S4R,6302,6303,6328,6327
PART-6-1,5125,S4R,6303,6304,6329,6328
PART-6-1,5126,S4R,6304,6305,6330,6329
PART-6-1,5127,S4R,6305,6306,6331,6330
PART-6-1,5128,S4R,6306,6307,6332,6331
PART-6-1,5129,S4R,6307,6308,6333,6332
PART-6-1,5130,S4R,6308,6309,6334,6333
PART-6-1,5131,S4R,6309,6310,6335,6334
PART-6-1,5132,S4R,6310,6311,6336,6335
PART-6-1,5133,S4R,6311,6312,6337,6336
PART-6-1,5134,S4R,6312,6313,6338,6337
PART-6-1,5135,S4R,6313,6314,6339,6338
PART-6-1,5136,S4R,6314,1083,1084,6339
PART-6-1,5137,S4R,1099,6315,6340,1098
PART-6-1,5138,S4R,6315,6316,6341,6340
PART-6-1,5139,S4R,6316,6317,6342,6341
PART-6-1,5140,S4R,6317,6318,6343,6342
PART-6-1,5141,S4R,6318,6319,6344,6343
PART-6-1,5142,S4R,6319,6320,6345,6344
PART-6-1,5143,S4R,6320,6321,6346,6345
PART-6-1,5144,S4R,6321,6322,6347,6346
PART-6-1,5145,S4R,6322,6323,6348,6347
PART-6-1,5146,S4R,6323,6324,6349,6348
PART-6-1,5147,S4R,6324,6325,6350,6349
PART-6-1,5148,S4R,6325,6326,6351,6350
PART-6-1,5149,S4R,6326,6327,6352,6351
PART-6-1,5150,S4R,6327,6328,6353,6352
PART-6-1,5151,S4R,6328,6329,6354,6353
PART-6-1,5152,S4R,6329,6330,6355,6354
PART-6-1,5153,S4R,6330,6331,6356,6355
PART-6-1,5154,S4R,6331,6332,6357,6356
PART-6-1,5155,S4R,6332,6333,6358,6357
PART-6-1,5156,S4R,6333,6334,6359,6358
PART-6-1,5157,S4R,6334,6335,6360,6359
PART-6-1,5158,S4R,6335,6336,6361,6360
PART-6-1,5159,S4R,6336,6337,6362,6361
PART-6-1,5160,S4R,6337,6338,6363,6362
PART-6-1,5161,S4R,6338,6339,6364,6363
PART-6-1,5162,S4R,6339,1084,1085,6364
PART-6-1,5163,S4R,1098,6340,6365,1097
PART-6-1,5164,S4R,6340,6341,6366,6365
PART-6-1,5165,S4R,6341,6342,6367,6366
PART-6-1,5166,S4R,6342,6343,6368,6367
PART-6-1,5167,S4R,6343,6344,6369,6368
PART-6-1,5168,S4R,6344,6345,6370,6369
PART-6-1,5169,S4R,6345,6346,6371,6370
PART-6-1,5170,S4R,6346,6347,6372,6371
PART-6-1,5171,S4R,6347,6348,6373,6372
PART-6-1,5172,S4R,6348,6349,6374,6373
PART-6-1,5173,S4R,6349,6350,6375,6374
PART-6-1,5174,S4R,6350,6351,6376,6375
PART-6-1,5175,S4R,6351,6352,6377,6376
PART-6-1,5176,S4R,6352,6353,6378,6377
PART-6-1,5177,S4R,6353,6354,6379,6378
PART-6-1,5178,S4R,6354,6355,6380,6379
PART-6-1,5179,S4R,6355,6356,6381,6380
PART-6-1,5180,S4R,6356,6357,6382,6381
PART-6-1,5181,S4R,6357,6358,6383,6382
PART-6-1,5182,S4R,6358,6359,6384,6383
PART-6-1,5183,S4R,6359,6360,6385,6384
PART-6-1,5184,S4R,6360,6361,6386,6385
PART-6-1,5185,S4R,6361,6362,6387,6386
PART-6-1,5186,S4R,6362,6363,6388,6387
PART-6-1,5187,S4R,6363,6364,6389,6388
PART-6-1,5188,S4R,6364,1085,1086,6389
PART-6-1,5189,S4R,1097,6365,6390,1096
PART-6-1,5190,S4R,6365,6366,6391,6390
PART-6-1,5191,S4R,6366,6367,6392,6391
PART-6-1,5192,S4R,6367,6368,6393,6392
PART-6-1,5193,S4R,6368,6369,6394,6393
PART-6-1,5194,S4R,6369,6370,6395,6394
PART-6-1,5195,S4R,6370,6371,6396,6395
PART-6-1,5196,S4R,6371,6372,6397,6396
PART-6-1,5197,S4R,6372,6373,6398,6397
PART-6-1,5198,S4R,6373,6374,6399,6398
PART-6-1,5199,S4R,6374,6375,6400,6399
PART-6-1,5200,S4R,6375,6376,6401,6400
PART-6-1,5201,S4R,6376,6377,6402,6401
PART-6-1,5202,S4R,6377,6378,6403,6402
PART-6-1,5203,S4R,6378,6379,6404,6403
PART-6-1,5204,S4R,6379,6380,6405,6404
PART-6-1,5205,S4R,6380,6381,6406,6405
PART-6-1,5206,S4R,6381,6382,6407,6406
PART-6-1,5207,S4R,6382,6383,6408,6407
PART-6-1,5208,S4R,6383,6384,6409,6408
PART-6-1,5209,S4R,6384,6385,6410,6409
PART-6-1,5210,S4R,6385,6386,6411,6410
PART-6-1,5211,S4R,6386,6387,6412,6411
PART-6-1,5212,S4R,6387,6388,6413,6412
PART-6-1,5213,S4R,6388,6389,6414,6413
PART-6-1,5214,S4R,6389,1086,1087,6414
PART-6-1,5215,S4R,1096,6390,6415,1095
PART-6-1,5216,S4R,6390,6391,6416,6415
PART-6-1,5217,S4R,6391,6392,6417,6416
PART-6-1,5218,S4R,6392,6393,6418,6417
PART-6-1,5219,S4R,6393,6394,6419,6418
PART-6-1,5220,S4R,6394,6395,6420,6419
PART-6-1,5221,S4R,6395,6396,6421,6420
PART-6-1,5222,S4R,6396,6397,6422,6421
PART-6-1,5223,S4R,6397,6398,6423,6422
PART-6-1,5224,S4R,6398,6399,6424,6423
PART-6-1,5225,S4R,6399,6400,6425,6424
PART-6-1,5226,S4R,6400,6401,6426,6425
PART-6-1,5227,S4R,6401,6402,6427,6426
PART-6-1,5228,S4R,6402,6403,6428,6427
PART-6-1,5229,S4R,6403,6404,6429,6428
PART-6-1,5230,S4R,6404,6405,6430,6429
PART-6-1,5231,S4R,6405,6406,6431,6430
PART-6-1,5232,S4R,6406,6407,6432,6431
PART-6-1,5233,S4R,6407,6408,6433,6432
PART-6-1,5234,S4R,6408,6409,6434,6433
PART-6-1,5235,S4R,6409,6410,6435,6434
PART-6-1,5236,S4R,6410,6411,6436,6435
PART-6-1,5237,S4R,6411,6412,6437,6436
PART-6-1,5238,S4R,6412,6413,6438,6437
PART-6-1,5239,S4R,6413,6414,6439,6438
PART-6-1,5240,S4R,6414,1087,1088,6439
PART-6-1,5241,S4R,1095,6415,6440,1094
PART-6-1,5242,S4R,6415,6416,6441,6440
PART-6-1,5243,S4R,6416,6417,6442,6441
PART-6-1,5244,S4R,6417,6418,6443,6442
PART-6-1,5245,S4R,6418,6419,6444,6443
PART-6-1,5246,S4R,6419,6420,6445,6444
PART-6-1,5247,S4R,6420,6421,6446,6445
PART-6-1,5248,S4R,6421,6422,6447,6446
PART-6-1,5249,S4R,6422,6423,6448,6447
PART-6-1,5250,S4R,6423,6424,6449,6448
PART-6-1,5251,S4R,6424,6425,6450,6449
PART-6-1,5252,S4R,6425,6426,6451,6450
PART-6-1,5253,S4R,6426,6427,6452,6451
PART-6-1,5254,S4R,6427,6428,6453,6452
PART-6-1,5255,S4R,6428,6429,6454,6453
PART-6-1,5256,S4R,6429,6430,6455,6454
PART-6-1,5257,S4R,6430,6431,6456,6455
PART-6-1,5258,S4R,6431,6432,6457,6456
PART-6-1,5259,S4R,6432,6433,6458,6457
PART-6-1,5260,S4R,6433,6434,6459,6458
PART-6-1,5261,S4R,6434,6435,6460,6459
PART-6-1,5262,S4R,6435,6436,6461,6460
PART-6-1,5263,S4R,6436,6437,6462,6461
PART-6-1,5264,S4R,6437,6438,6463,6462
PART-6-1,5265,S4R,6438,6439,6464,6463
PART-6-1,5266,S4R,6439,1088,1089,6464
PART-6-1,5267,S4R,1094,6440,6465,1093
PART-6-1,5268,S4R,6440,6441,6466,6465
PART-6-1,5269,S4R,6441,6442,6467,6466
PART-6-1,5270,S4R,6442,6443,6468,6467
PART-6-1,5271,S4R,6443,6444,6469,6468
PART-6-1,5272,S4R,6444,6445,6470,6469
PART-6-1,5273,S4R,6445,6446,6471,6470
PART-6-1,5274,S4R,6446,6447,6472,6471
PART-6-1,5275,S4R,6447,6448,6473,6472
PART-6-1,5276,S4R,6448,6449,6474,6473
PART-6-1,5277,S4R,6449,6450,6475,6474
PART-6-1,5278,S4R,6450,6451,6476,6475
PART-6-1,5279,S4R,6451,6452,6477,6476
PART-6-1,5280,S4R,6452,6453,6478,6477
PART-6-1,5281,S4R,6453,6454,6479,6478
PART-6-1,5282,S4R,6454,6455,6480,6479
PART-6-1,5283,S4R,6455,6456,6481,6480
PART-6-1,5284,S4R,6456,6457,6482,6481
PART-6-1,5285,S4R,6457,6458,6483,6482
PART-6-1,5286,S4R,6458,6459,6484,6483
PART-6-1,5287,S4R,6459,6460,6485,6484
PART-6-1,5288,S4R,6460,6461,6486,6485
PART-6-1,5289,S4R,6461,6462,6487,6486
PART-6-1,5290,S4R,6462,6463,6488,6487
PART-6-1,5291,S4R,6463,6464,6489,6488
PART-6-1,5292,S4R,6464,1089,1090,6489
PART-6-1,5293,S4R,1093,6465,6490,1092
PART-6-1,5294,S4R,6465,6466,6491,6490
PART-6-1,5295,S4R,6466,6467,6492,6491
PART-6-1,5296,S4R,6467,6468,6493,6492
PART-6-1,5297,S4R,6468,6469,6494,6493
PART-6-1,5298,S4R,6469,6470,6495,6494
PART-6-1,5299,S4R,6470,6471,6496,6495
PART-6-1,5300,S4R,6471,6472,6497,6496
PART-6-1,5301,S4R,6472,6473,6498,6497
PART-6-1,5302,S4R,6473,6474,6499,6498
PART-6-1,5303,S4R,6474,6475,6500,6499
PART-6-1,5304,S4R,6475,6476,6501,6500
PART-6-1,5305,S4R,6476,6477,6502,6501
PART-6-1,5306,S4R,6477,6478,6503,6502
PART-6-1,5307,S4R,6478,6479,6504,6503
PART-6-1,5308,S4R,6479,6480,6505,6504
PART-6-1,5309,S4R,6480,6481,6506,6505
PART-6-1,5310,S4R,6481,6482,6507,6506
PART-6-1,5311,S4R,6482,6483,6508,6507
PART-6-1,5312,S4R,6483,6484,6509,6508
PART-6-1,5313,S4R,6484,6485,6510,6509
PART-6-1,5314,S4R,6485,6486,6511,6510
PART-6-1,5315,S4R,6486,6487,6512,6511
PART-6-1,5316,S4R,6487,6488,6513,6512
PART-6-1,5317,S4R,6488,6489,6514,6513
PART-6-1,5318,S4R,6489,1090,1091,6514
PART-6-1,5319,S4R,1092,6490,958,57
PART-6-1,5320,S4R,6490,6491,959,958
PART-6-1,5321,S4R,6491,6492,960,959
PART-6-1,5322,S4R,6492,6493,961,960
PART-6-1,5323,S4R,6493,6494,962,961
PART-6-1,5324,S4R,6494,6495,963,962
PART-6-1,5325,S4R,6495,6496,964,963
PART-6-1,5326,S4R,6496,6497,965,964
PART-6-1,5327,S4R,6497,6498,966,965
PART-6-1,5328,S4R,6498,6499,967,966
PART-6-1,5329,S4R,6499,6500,968,967
PART-6-1,5330,S4R,6500,6501,969,968
PART-6-1,5331,S4R,6501,6502,970,969
PART-6-1,5332,S4R,6502,6503,971,970
PART-6-1,5333,S4R,6503,6504,972,971
PART-6-1,5334,S4R,6504,6505,973,972
PART-6-1,5335,S4R,6505,6506,974,973
PART-6-1,5336,S4R,6506,6507,975,974
PART-6-1,5337,S4R,6507,6508,976,975
PART-6-1,5338,S4R,6508,6509,977,976
PART-6-1,5339,S4R,6509,6510,978,977
PART-6-1,5340,S4R,6510,6511,979,978
PART-6-1,5341,S4R,6511,6512,980,979
PART-6-1,5342,S4R,6512,6513,981,980
PART-6-1,5343,S4R,6513,6514,982,981
PART-6-1,5344,S4R,6514,1091,58,982
PART-6-1,5345,S4R,17,6515,6538,142
PART-6-1,5346,S4R,6515,6516,6539,6538
PART-6-1,5347,S4R,6516,6517,6540,6539
PART-6-1,5348,S4R,6517,6518,6541,6540
PART-6-1,5349,S4R,6518,6519,6542,6541
PART-6-1,5350,S4R,6519,6520,6543,6542
PART-6-1,5351,S4R,6520,6521,6544,6543
PART-6-1,5352,S4R,6521,6522,6545,6544
PART-6-1,5353,S4R,6522,6523,6546,6545
PART-6-1,5354,S4R,6523,6524,6547,6546
PART-6-1,5355,S4R,6524,6525,6548,6547
PART-6-1,5356,S4R,6525,6526,6549,6548
PART-6-1,5357,S4R,6526,1159,1160,6549
PART-6-1,5358,S4R,142,6538,6550,143
PART-6-1,5359,S4R,6538,6539,6551,6550
PART-6-1,5360,S4R,6539,6540,6552,6551
PART-6-1,5361,S4R,6540,6541,6553,6552
PART-6-1,5362,S4R,6541,6542,6554,6553
PART-6-1,5363,S4R,6542,6543,6555,6554
PART-6-1,5364,S4R,6543,6544,6556,6555
PART-6-1,5365,S4R,6544,6545,6557,6556
PART-6-1,5366,S4R,6545,6546,6558,6557
PART-6-1,5367,S4R,6546,6547,6559,6558
PART-6-1,5368,S4R,6547,6548,6560,6559
PART-6-1,5369,S4R,6548,6549,6561,6560
PART-6-1,5370,S4R,6549,1160,1161,6561
PART-6-1,5371,S4R,143,6550,6562,144
PART-6-1,5372,S4R,6550,6551,6563,6562
PART-6-1,5373,S4R,6551,6552,6564,6563
PART-6-1,5374,S4R,6552,6553,6565,6564
PART-6-1,5375,S4R,6553,6554,6566,6565
PART-6-1,5376,S4R,6554,6555,6567,6566
PART-6-1,5377,S4R,6555,6556,6568,6567
PART-6-1,5378,S4R,6556,6557,6569,6568
PART-6-1,5379,S4R,6557,6558,6570,6569
PART-6-1,5380,S4R,6558,6559,6571,6570
PART-6-1,5381,S4R,6559,6560,6572,6571
PART-6-1,5382,S4R,6560,6561,6573,6572
PART-6-1,5383,S4R,6561,1161,1162,6573
PART-6-1,5384,S4R,144,6562,6574,145
PART-6-1,5385,S4R,6562,6563,6575,6574
PART-6-1,5386,S4R,6563,6564,6576,6575
PART-6-1,5387,S4R,6564,6565,6577,6576
PART-6-1,5388,S4R,6565,6566,6578,6577
PART-6-1,5389,S4R,6566,6567,6579,6578
PART-6-1,5390,S4R,6567,6568,6580,6579
PART-6-1,5391,S4R,6568,6569,6581,6580
PART-6-1,5392,S4R,6569,6570,6582,6581
PART-6-1,5393,S4R,6570,6571,6583,6582
PART-6-1,5394,S4R,6571,6572,6584,6583
PART-6-1,5395,S4R,6572,6573,6585,6584
PART-6-1,5396,S4R,6573,1162,1163,6585
PART-6-1,5397,S4R,145,6574,6586,146
PART-6-1,5398,S4R,6574,6575,6587,6586
PART-6-1,5399,S4R,6575,6576,6588,6587
PART-6-1,5400,S4R,6576,6577,6589,6588
PART-6-1,5401,S4R,6577,6578,6590,6589
PART-6-1,5402,S4R,6578,6579,6591,6590
PART-6-1,5403,S4R,6579,6580,6592,6591
PART-6-1,5404,S4R,6580,6581,6593,6592
PART-6-1,5405,S4R,6581,6582,6594,6593
PART-6-1,5406,S4R,6582,6583,6595,6594
PART-6-1,5407,S4R,6583,6584,6596,6595
PART-6-1,5408,S4R,6584,6585,6597,6596
PART-6-1,5409,S4R,6585,1163,1164,6597
PART-6-1,5410,S4R,146,6586,611,18
PART-6-1,5411,S4R,6586,6587,612,611
PART-6-1,5412,S4R,6587,6588,613,612
PART-6-1,5413,S4R,6588,6589,614,613
PART-6-1,5414,S4R,6589,6590,615,614
PART-6-1,5415,S4R,6590,6591,616,615
PART-6-1,5416,S4R,6591,6592,617,616
PART-6-1,5417,S4R,6592,6593,618,617
PART-6-1,5418,S4R,6593,6594,619,618
PART-6-1,5419,S4R,6594,6595,620,619
PART-6-1,5420,S4R,6595,6596,621,620
PART-6-1,5421,S4R,6596,6597,622,621
PART-6-1,5422,S4R,6597,1164,46,622
PART-6-1,5423,S4R,1159,6526,6598,1158
PART-6-1,5424,S4R,6526,6525,6599,6598
PART-6-1,5425,S4R,6525,6524,6600,6599
PART-6-1,5426,S4R,6524,6523,6601,6600
PART-6-1,5427,S4R,6523,6522,6602,6601
PART-6-1,5428,S4R,6522,6521,6603,6602
PART-6-1,5429,S4R,6521,6520,6604,6603
PART-6-1,5430,S4R,6520,6519,6605,6604
PART-6-1,5431,S4R,6519,6518,6606,6605
PART-6-1,5432,S4R,6518,6517,6607,6606
PART-6-1,5433,S4R,6517,6516,6608,6607
PART-6-1,5434,S4R,6516,6515,6609,6608
PART-6-1,5435,S4R,6515,17,6610,6609
PART-6-1,5436,S4R,17,6527,6611,6610
PART-6-1,5437,S4R,6527,6528,6612,6611
PART-6-1,5438,S4R,6528,6529,6613,6612
PART-6-1,5439,S4R,6529,6530,6614,6613
PART-6-1,5440,S4R,6530,6531,6615,6614
PART-6-1,5441,S4R,6531,6532,6616,6615
PART-6-1,5442,S4R,6532,6533,6617,6616
PART-6-1,5443,S4R,6533,6534,6618,6617
PART-6-1,5444,S4R,6534,6535,6619,6618
PART-6-1,5445,S4R,6535,6536,6620,6619
PART-6-1,5446,S4R,6536,6537,6621,6620
PART-6-1,5447,S4R,6537,1170,1171,6621
PART-6-1,5448,S4R,1158,6598,6622,1157
PART-6-1,5449,S4R,6598,6599,6623,6622
PART-6-1,5450,S4R,6599,6600,6624,6623
PART-6-1,5451,S4R,6600,6601,6625,6624
PART-6-1,5452,S4R,6601,6602,6626,6625
PART-6-1,5453,S4R,6602,6603,6627,6626
PART-6-1,5454,S4R,6603,6604,6628,6627
PART-6-1,5455,S4R,6604,6605,6629,6628
PART-6-1,5456,S4R,6605,6606,6630,6629
PART-6-1,5457,S4R,6606,6607,6631,6630
PART-6-1,5458,S4R,6607,6608,6632,6631
PART-6-1,5459,S4R,6608,6609,6633,6632
PART-6-1,5460,S4R,6609,6610,6634,6633
PART-6-1,5461,S4R,6610,6611,6635,6634
PART-6-1,5462,S4R,6611,6612,6636,6635
PART-6-1,5463,S4R,6612,6613,6637,6636
PART-6-1,5464,S4R,6613,6614,6638,6637
PART-6-1,5465,S4R,6614,6615,6639,6638
PART-6-1,5466,S4R,6615,6616,6640,6639
PART-6-1,5467,S4R,6616,6617,6641,6640
PART-6-1,5468,S4R,6617,6618,6642,6641
PART-6-1,5469,S4R,6618,6619,6643,6642
PART-6-1,5470,S4R,6619,6620,6644,6643
PART-6-1,5471,S4R,6620,6621,6645,6644
PART-6-1,5472,S4R,6621,1171,1172,6645
PART-6-1,5473,S4R,1157,6622,6646,1156
PART-6-1,5474,S4R,6622,6623,6647,6646
PART-6-1,5475,S4R,6623,6624,6648,6647
PART-6-1,5476,S4R,6624,6625,6649,6648
PART-6-1,5477,S4R,6625,6626,6650,6649
PART-6-1,5478,S4R,6626,6627,6651,6650
PART-6-1,5479,S4R,6627,6628,6652,6651
PART-6-1,5480,S4R,6628,6629,6653,6652
PART-6-1,5481,S4R,6629,6630,6654,6653
PART-6-1,5482,S4R,6630,6631,6655,6654
PART-6-1,5483,S4R,6631,6632,6656,6655
PART-6-1,5484,S4R,6632,6633,6657,6656
PART-6-1,5485,S4R,6633,6634,6658,6657
PART-6-1,5486,S4R,6634,6635,6659,6658
PART-6-1,5487,S4R,6635,6636,6660,6659
PART-6-1,5488,S4R,6636,6637,6661,6660
PART-6-1,5489,S4R,6637,6638,6662,6661
PART-6-1,5490,S4R,6638,6639,6663,6662
PART-6-1,5491,S4R,6639,6640,6664,6663
PART-6-1,5492,S4R,6640,6641,6665,6664
PART-6-1,5493,S4R,6641,6642,6666,6665
PART-6-1,5494,S4R,6642,6643,6667,6666
PART-6-1,5495,S4R,6643,6644,6668,6667
PART-6-1,5496,S4R,6644,6645,6669,6668
PART-6-1,5497,S4R,6645,1172,1173,6669
PART-6-1,5498,S4R,1156,6646,6670,1155
PART-6-1,5499,S4R,6646,6647,6671,6670
PART-6-1,5500,S4R,6647,6648,6672,6671
PART-6-1,5501,S4R,6648,6649,6673,6672
PART-6-1,5502,S4R,6649,6650,6674,6673
PART-6-1,5503,S4R,6650,6651,6675,6674
PART-6-1,5504,S4R,6651,6652,6676,6675
PART-6-1,5505,S4R,6652,6653,6677,6676
PART-6-1,5506,S4R,6653,6654,6678,6677
PART-6-1,5507,S4R,6654,6655,6679,6678
PART-6-1,5508,S4R,6655,6656,6680,6679
PART-6-1,5509,S4R,6656,6657,6681,6680
PART-6-1,5510,S4R,6657,6658,6682,6681
PART-6-1,5511,S4R,6658,6659,6683,6682
PART-6-1,5512,S4R,6659,6660,6684,6683
PART-6-1,5513,S4R,6660,6661,6685,6684
PART-6-1,5514,S4R,6661,6662,6686,6685
PART-6-1,5515,S4R,6662,6663,6687,6686
PART-6-1,5516,S4R,6663,6664,6688,6687
PART-6-1,5517,S4R,6664,6665,6689,6688
PART-6-1,5518,S4R,6665,6666,6690,6689
PART-6-1,5519,S4R,6666,6667,6691,6690
PART-6-1,5520,S4R,6667,6668,6692,6691
PART-6-1,5521,S4R,6668,6669,6693,6692
PART-6-1,5522,S4R,6669,1173,1174,6693
PART-6-1,5523,S4R,1155,6670,6694,1154
PART-6-1,5524,S4R,6670,6671,6695,6694
PART-6-1,5525,S4R,6671,6672,6696,6695
PART-6-1,5526,S4R,6672,6673,6697,6696
PART-6-1,5527,S4R,6673,6674,6698,6697
PART-6-1,5528,S4R,6674,6675,6699,6698
PART-6-1,5529,S4R,6675,6676,6700,6699
PART-6-1,5530,S4R,6676,6677,6701,6700
PART-6-1,5531,S4R,6677,6678,6702,6701
PART-6-1,5532,S4R,6678,6679,6703,6702
PART-6-1,5533,S4R,6679,6680,6704,6703
PART-6-1,5534,S4R,6680,6681,6705,6704
PART-6-1,5535,S4R,6681,6682,6706,6705
PART-6-1,5536,S4R,6682,6683,6707,6706
PART-6-1,5537,S4R,6683,6684,6708,6707
PART-6-1,5538,S4R,6684,6685,6709,6708
PART-6-1,5539,S4R,6685,6686,6710,6709
PART-6-1,5540,S4R,6686,6687,6711,6710
PART-6-1,5541,S4R,6687,6688,6712,6711
PART-6-1,5542,S4R,6688,6689,6713,6712
PART-6-1,5543,S4R,6689,6690,6714,6713
PART-6-1,5544,S4R,6690,6691,6715,6714
PART-6-1,5545,S4R,6691,6692,6716,6715
PART-6-1,5546,S4R,6692,6693,6717,6716
PART-6-1,5547,S4R,6693,1174,1175,6717
PART-6-1,5548,S4R,1154,6694,6718,1153
PART-6-1,5549,S4R,6694,6695,6719,6718
PART-6-1,5550,S4R,6695,6696,6720,6719
PART-6-1,5551,S4R,6696,6697,6721,6720
PART-6-1,5552,S4R,6697,6698,6722,6721
PART-6-1,5553,S4R,6698,6699,6723,6722
PART-6-1,5554,S4R,6699,6700,6724,6723
PART-6-1,5555,S4R,6700,6701,6725,6724
PART-6-1,5556,S4R,6701,6702,6726,6725
PART-6-1,5557,S4R,6702,6703,6727,6726
PART-6-1,5558,S4R,6703,6704,6728,6727
PART-6-1,5559,S4R,6704,6705,6729,6728
PART-6-1,5560,S4R,6705,6706,6730,6729
PART-6-1,5561,S4R,6706,6707,6731,6730
PART-6-1,5562,S4R,6707,6708,6732,6731
PART-6-1,5563,S4R,6708,6709,6733,6732
PART-6-1,5564,S4R,6709,6710,6734,6733
PART-6-1,5565,S4R,6710,6711,6735,6734
PART-6-1,5566,S4R,6711,6712,6736,6735
PART-6-1,5567,S4R,6712,6713,6737,6736
PART-6-1,5568,S4R,6713,6714,6738,6737
PART-6-1,5569,S4R,6714,6715,6739,6738
PART-6-1,5570,S4R,6715,6716,6740,6739
PART-6-1,5571,S4R,6716,6717,6741,6740
PART-6-1,5572,S4R,6717,1175,1176,6741
PART-6-1,5573,S4R,1153,6718,6742,1152
PART-6-1,5574,S4R,6718,6719,6743,6742
PART-6-1,5575,S4R,6719,6720,6744,6743
PART-6-1,5576,S4R,6720,6721,6745,6744
PART-6-1,5577,S4R,6721,6722,6746,6745
PART-6-1,5578,S4R,6722,6723,6747,6746
PART-6-1,5579,S4R,6723,6724,6748,6747
PART-6-1,5580,S4R,6724,6725,6749,6748
PART-6-1,5581,S4R,6725,6726,6750,6749
PART-6-1,5582,S4R,6726,6727,6751,6750
PART-6-1,5583,S4R,6727,6728,6752,6751
PART-6-1,5584,S4R,6728,6729,6753,6752
PART-6-1,5585,S4R,6729,6730,6754,6753
PART-6-1,5586,S4R,6730,6731,6755,6754
PART-6-1,5587,S4R,6731,6732,6756,6755
PART-6-1,5588,S4R,6732,6733,6757,6756
PART-6-1,5589,S4R,6733,6734,6758,6757
PART-6-1,5590,S4R,6734,6735,6759,6758
PART-6-1,5591,S4R,6735,6736,6760,6759
PART-6-1,5592,S4R,6736,6737,6761,6760
PART-6-1,5593,S4R,6737,6738,6762,6761
PART-6-1,5594,S4R,6738,6739,6763,6762
PART-6-1,5595,S4R,6739,6740,6764,6763
PART-6-1,5596,S4R,6740,6741,6765,6764
PART-6-1,5597,S4R,6741,1176,1177,6765
PART-6-1,5598,S4R,1152,6742,6766,1151
PART-6-1,5599,S4R,6742,6743,6767,6766
PART-6-1,5600,S4R,6743,6744,6768,6767
PART-6-1,5601,S4R,6744,6745,6769,6768
PART-6-1,5602,S4R,6745,6746,6770,6769
PART-6-1,5603,S4R,6746,6747,6771,6770
PART-6-1,5604,S4R,6747,6748,6772,6771
PART-6-1,5605,S4R,6748,6749,6773,6772
PART-6-1,5606,S4R,6749,6750,6774,6773
PART-6-1,5607,S4R,6750,6751,6775,6774
PART-6-1,5608,S4R,6751,6752,6776,6775
PART-6-1,5609,S4R,6752,6753,6777,6776
PART-6-1,5610,S4R,6753,6754,6778,6777
PART-6-1,5611,S4R,6754,6755,6779,6778
PART-6-1,5612,S4R,6755,6756,6780,6779
PART-6-1,5613,S4R,6756,6757,6781,6780
PART-6-1,5614,S4R,6757,6758,6782,6781
PART-6-1,5615,S4R,6758,6759,6783,6782
PART-6-1,5616,S4R,6759,6760,6784,6783
PART-6-1,5617,S4R,6760,6761,6785,6784
PART-6-1,5618,S4R,6761,6762,6786,6785
PART-6-1,5619,S4R,6762,6763,6787,6786
PART-6-1,5620,S4R,6763,6764,6788,6787
PART-6-1,5621,S4R,6764,6765,6789,6788
PART-6-1,5622,S4R,6765,1177,1178,6789
PART-6-1,5623,S4R,1151,6766,6790,1150
PART-6-1,5624,S4R,6766,6767,6791,6790
PART-6-1,5625,S4R,6767,6768,6792,6791
PART-6-1,5626,S4R,6768,6769,6793,6792
PART-6-1,5627,S4R,6769,6770,6794,6793
PART-6-1,5628,S4R,6770,6771,6795,6794
PART-6-1,5629,S4R,6771,6772,6796,6795
PART-6-1,5630,S4R,6772,6773,6797,6796
PART-6-1,5631,S4R,6773,6774,6798,6797
PART-6-1,5632,S4R,6774,6775,6799,6798
PART-6-1,5633,S4R,6775,6776,6800,6799
PART-6-1,5634,S4R,6776,6777,6801,6800
PART-6-1,5635,S4R,6777,6778,6802,6801
PART-6-1,5636,S4R,6778,6779,6803,6802
PART-6-1,5637,S4R,6779,6780,6804,6803
PART-6-1,5638,S4R,6780,6781,6805,6804
PART-6-1,5639,S4R,6781,6782,6806,6805
PART-6-1,5640,S4R,6782,6783,6807,6806
PART-6-1,5641,S4R,6783,6784,6808,6807
PART-6-1,5642,S4R,6784,6785,6809,6808
PART-6-1,5643,S4R,6785,6786,6810,6809
PART-6-1,5644,S4R,6786,6787,6811,6810
PART-6-1,5645,S4R,6787,6788,6812,6811
PART-6-1,5646,S4R,6788,6789,6813,6812
PART-6-1,5647,S4R,6789,1178,1179,6813
PART-6-1,5648,S4R,1150,6790,6814,1149
PART-6-1,5649,S4R,6790,6791,6815,6814
PART-6-1,5650,S4R,6791,6792,6816,6815
PART-6-1,5651,S4R,6792,6793,6817,6816
PART-6-1,5652,S4R,6793,6794,6818,6817
PART-6-1,5653,S4R,6794,6795,6819,6818
PART-6-1,5654,S4R,6795,6796,6820,6819
PART-6-1,5655,S4R,6796,6797,6821,6820
PART-6-1,5656,S4R,6797,6798,6822,6821
PART-6-1,5657,S4R,6798,6799,6823,6822
PART-6-1,5658,S4R,6799,6800,6824,6823
PART-6-1,5659,S4R,6800,6801,6825,6824
PART-6-1,5660,S4R,6801,6802,6826,6825
PART-6-1,5661,S4R,6802,6803,6827,6826
PART-6-1,5662,S4R,6803,6804,6828,6827
PART-6-1,5663,S4R,6804,6805,6829,6828
PART-6-1,5664,S4R,6805,6806,6830,6829
PART-6-1,5665,S4R,6806,6807,6831,6830
PART-6-1,5666,S4R,6807,6808,6832,6831
PART-6-1,5667,S4R,6808,6809,6833,6832
PART-6-1,5668,S4R,6809,6810,6834,6833
PART-6-1,5669,S4R,6810,6811,6835,6834
PART-6-1,5670,S4R,6811,6812,6836,6835
PART-6-1,5671,S4R,6812,6813,6837,6836
PART-6-1,5672,S4R,6813,1179,1180,6837
PART-6-1,5673,S4R,1149,6814,6838,1148
PART-6-1,5674,S4R,6814,6815,6839,6838
PART-6-1,5675,S4R,6815,6816,6840,6839
PART-6-1,5676,S4R,6816,6817,6841,6840
PART-6-1,5677,S4R,6817,6818,6842,6841
PART-6-1,5678,S4R,6818,6819,6843,6842
PART-6-1,5679,S4R,6819,6820,6844,6843
PART-6-1,5680,S4R,6820,6821,6845,6844
PART-6-1,5681,S4R,6821,6822,6846,6845
PART-6-1,5682,S4R,6822,6823,6847,6846
PART-6-1,5683,S4R,6823,6824,6848,6847
PART-6-1,5684,S4R,6824,6825,6849,6848
PART-6-1,5685,S4R,6825,6826,6850,6849
PART-6-1,5686,S4R,6826,6827,6851,6850
PART-6-1,5687,S4R,6827,6828,6852,6851
PART-6-1,5688,S4R,6828,6829,6853,6852
PART-6-1,5689,S4R,6829,6830,6854,6853
PART-6-1,5690,S4R,6830,6831,6855,6854
PART-6-1,5691,S4R,6831,6832,6856,6855
PART-6-1,5692,S4R,6832,6833,6857,6856
PART-6-1,5693,S4R,6833,6834,6858,6857
PART-6-1,5694,S4R,6834,6835,6859,6858
PART-6-1,5695,S4R,6835,6836,6860,6859
PART-6-1,5696,S4R,6836,6837,6861,6860
PART-6-1,5697,S4R,6837,1180,1181,6861
PART-6-1,5698,S4R,1148,6838,6862,1147
PART-6-1,5699,S4R,6838,6839,6863,6862
PART-6-1,5700,S4R,6839,6840,6864,6863
PART-6-1,5701,S4R,6840,6841,6865,6864
PART-6-1,5702,S4R,6841,6842,6866,6865
PART-6-1,5703,S4R,6842,6843,6867,6866
PART-6-1,5704,S4R,6843,6844,6868,6867
PART-6-1,5705,S4R,6844,6845,6869,6868
PART-6-1,5706,S4R,6845,6846,6870,6869
PART-6-1,5707,S4R,6846,6847,6871,6870
PART-6-1,5708,S4R,6847,6848,6872,6871
PART-6-1,5709,S4R,6848,6849,6873,6872
PART-6-1,5710,S4R,6849,6850,6874,6873
PART-6-1,5711,S4R,6850,6851,6875,6874
PART-6-1,5712,S4R,6851,6852,6876,6875
PART-6-1,5713,S4R,6852,6853,6877,6876
PART-6-1,5714,S4R,6853,6854,6878,6877
PART-6-1,5715,S4R,6854,6855,6879,6878
PART-6-1,5716,S4R,6855,6856,6880,6879
PART-6-1,5717,S4R,6856,6857,6881,6880
PART-6-1,5718,S4R,6857,6858,6882,6881
PART-6-1,5719,S4R,6858,6859,6883,6882
PART-6-1,5720,S4R,6859,6860,6884,6883
PART-6-1,5721,S4R,6860,6861,6885,6884
PART-6-1,5722,S4R,6861,1181,1182,6885
PART-6-1,5723,S4R,1147,6862,6886,1146
PART-6-1,5724,S4R,6862,6863,6887,6886
PART-6-1,5725,S4R,6863,6864,6888,6887
PART-6-1,5726,S4R,6864,6865,6889,6888
PART-6-1,5727,S4R,6865,6866,6890,6889
PART-6-1,5728,S4R,6866,6867,6891,6890
PART-6-1,5729,S4R,6867,6868,6892,6891
PART-6-1,5730,S4R,6868,6869,6893,6892
PART-6-1,5731,S4R,6869,6870,6894,6893
PART-6-1,5732,S4R,6870,6871,6895,6894
PART-6-1,5733,S4R,6871,6872,6896,6895
PART-6-1,5734,S4R,6872,6873,6897,6896
PART-6-1,5735,S4R,6873,6874,6898,6897
PART-6-1,5736,S4R,6874,6875,6899,6898
PART-6-1,5737,S4R,6875,6876,6900,6899
PART-6-1,5738,S4R,6876,6877,6901,6900
PART-6-1,5739,S4R,6877,6878,6902,6901
PART-6-1,5740,S4R,6878,6879,6903,6902
PART-6-1,5741,S4R,6879,6880,6904,6903
PART-6-1,5742,S4R,6880,6881,6905,6904
PART-6-1,5743,S4R,6881,6882,6906,6905
PART-6-1,5744,S4R,6882,6883,6907,6906
PART-6-1,5745,S4R,6883,6884,6908,6907
PART-6-1,5746,S4R,6884,6885,6909,6908
PART-6-1,5747,S4R,6885,1182,1183,6909
PART-6-1,5748,S4R,1146,6886,6910,1145
PART-6-1,5749,S4R,6886,6887,6911,6910
PART-6-1,5750,S4R,6887,6888,6912,6911
PART-6-1,5751,S4R,6888,6889,6913,6912
PART-6-1,5752,S4R,6889,6890,6914,6913
PART-6-1,5753,S4R,6890,6891,6915,6914
PART-6-1,5754,S4R,6891,6892,6916,6915
PART-6-1,5755,S4R,6892,6893,6917,6916
PART-6-1,5756,S4R,6893,6894,6918,6917
PART-6-1,5757,S4R,6894,6895,6919,6918
PART-6-1,5758,S4R,6895,6896,6920,6919
PART-6-1,5759,S4R,6896,6897,6921,6920
PART-6-1,5760,S4R,6897,6898,6922,6921
PART-6-1,5761,S4R,6898,6899,6923,6922
PART-6-1,5762,S4R,6899,6900,6924,6923
PART-6-1,5763,S4R,6900,6901,6925,6924
PART-6-1,5764,S4R,6901,6902,6926,6925
PART-6-1,5765,S4R,6902,6903,6927,6926
PART-6-1,5766,S4R,6903,6904,6928,6927
PART-6-1,5767,S4R,6904,6905,6929,6928
PART-6-1,5768,S4R,6905,6906,6930,6929
PART-6-1,5769,S4R,6906,6907,6931,6930
PART-6-1,5770,S4R,6907,6908,6932,6931
PART-6-1,5771,S4R,6908,6909,6933,6932
PART-6-1,5772,S4R,6909,1183,1184,6933
PART-6-1,5773,S4R,1145,6910,6934,1144
PART-6-1,5774,S4R,6910,6911,6935,6934
PART-6-1,5775,S4R,6911,6912,6936,6935
PART-6-1,5776,S4R,6912,6913,6937,6936
PART-6-1,5777,S4R,6913,6914,6938,6937
PART-6-1,5778,S4R,6914,6915,6939,6938
PART-6-1,5779,S4R,6915,6916,6940,6939
PART-6-1,5780,S4R,6916,6917,6941,6940
PART-6-1,5781,S4R,6917,6918,6942,6941
PART-6-1,5782,S4R,6918,6919,6943,6942
PART-6-1,5783,S4R,6919,6920,6944,6943
PART-6-1,5784,S4R,6920,6921,6945,6944
PART-6-1,5785,S4R,6921,6922,6946,6945
PART-6-1,5786,S4R,6922,6923,6947,6946
PART-6-1,5787,S4R,6923,6924,6948,6947
PART-6-1,5788,S4R,6924,6925,6949,6948
PART-6-1,5789,S4R,6925,6926,6950,6949
PART-6-1,5790,S4R,6926,6927,6951,6950
PART-6-1,5791,S4R,6927,6928,6952,6951
PART-6-1,5792,S4R,6928,6929,6953,6952
PART-6-1,5793,S4R,6929,6930,6954,6953
PART-6-1,5794,S4R,6930,6931,6955,6954
PART-6-1,5795,S4R,6931,6932,6956,6955
PART-6-1,5796,S4R,6932,6933,6957,6956
PART-6-1,5797,S4R,6933,1184,1185,6957
PART-6-1,5798,S4R,1144,6934,6958,1143
PART-6-1,5799,S4R,6934,6935,6959,6958
PART-6-1,5800,S4R,6935,6936,6960,6959
PART-6-1,5801,S4R,6936,6937,6961,6960
PART-6-1,5802,S4R,6937,6938,6962,6961
PART-6-1,5803,S4R,6938,6939,6963,6962
PART-6-1,5804,S4R,6939,6940,6964,6963
PART-6-1,5805,S4R,6940,6941,6965,6964
PART-6-1,5806,S4R,6941,6942,6966,6965
PART-6-1,5807,S4R,6942,6943,6967,6966
PART-6-1,5808,S4R,6943,6944,6968,6967
PART-6-1,5809,S4R,6944,6945,6969,6968
PART-6-1,5810,S4R,6945,6946,6970,6969
PART-6-1,5811,S4R,6946,6947,6971,6970
PART-6-1,5812,S4R,6947,6948,6972,6971
PART-6-1,5813,S4R,6948,6949,6973,6972
PART-6-1,5814,S4R,6949,6950,6974,6973
PART-6-1,5815,S4R,6950,6951,6975,6974
PART-6-1,5816,S4R,6951,6952,6976,6975
PART-6-1,5817,S4R,6952,6953,6977,6976
PART-6-1,5818,S4R,6953,6954,6978,6977
PART-6-1,5819,S4R,6954,6955,6979,6978
PART-6-1,5820,S4R,6955,6956,6980,6979
PART-6-1,5821,S4R,6956,6957,6981,6980
PART-6-1,5822,S4R,6957,1185,1186,6981
PART-6-1,5823,S4R,1143,6958,6982,1142
PART-6-1,5824,S4R,6958,6959,6983,6982
PART-6-1,5825,S4R,6959,6960,6984,6983
PART-6-1,5826,S4R,6960,6961,6985,6984
PART-6-1,5827,S4R,6961,6962,6986,6985
PART-6-1,5828,S4R,6962,6963,6987,6986
PART-6-1,5829,S4R,6963,6964,6988,6987
PART-6-1,5830,S4R,6964,6965,6989,6988
PART-6-1,5831,S4R,6965,6966,6990,6989
PART-6-1,5832,S4R,6966,6967,6991,6990
PART-6-1,5833,S4R,6967,6968,6992,6991
PART-6-1,5834,S4R,6968,6969,6993,6992
PART-6-1,5835,S4R,6969,6970,6994,6993
PART-6-1,5836,S4R,6970,6971,6995,6994
PART-6-1,5837,S4R,6971,6972,6996,6995
PART-6-1,5838,S4R,6972,6973,6997,6996
PART-6-1,5839,S4R,6973,6974,6998,6997
PART-6-1,5840,S4R,6974,6975,6999,6998
PART-6-1,5841,S4R,6975,6976,7000,6999
PART-6-1,5842,S4R,6976,6977,7001,7000
PART-6-1,5843,S4R,6977,6978,7002,7001
PART-6-1,5844,S4R,6978,6979,7003,7002
PART-6-1,5845,S4R,6979,6980,7004,7003
PART-6-1,5846,S4R,6980,6981,7005,7004
PART-6-1,5847,S4R,6981,1186,1187,7005
PART-6-1,5848,S4R,1142,6982,7006,1141
PART-6-1,5849,S4R,6982,6983,7007,7006
PART-6-1,5850,S4R,6983,6984,7008,7007
PART-6-1,5851,S4R,6984,6985,7009,7008
PART-6-1,5852,S4R,6985,6986,7010,7009
PART-6-1,5853,S4R,6986,6987,7011,7010
PART-6-1,5854,S4R,6987,6988,7012,7011
PART-6-1,5855,S4R,6988,6989,7013,7012
PART-6-1,5856,S4R,6989,6990,7014,7013
PART-6-1,5857,S4R,6990,6991,7015,7014
PART-6-1,5858,S4R,6991,6992,7016,7015
PART-6-1,5859,S4R,6992,6993,7017,7016
PART-6-1,5860,S4R,6993,6994,7018,7017
PART-6-1,5861,S4R,6994,6995,7019,7018
PART-6-1,5862,S4R,6995,6996,7020,7019
PART-6-1,5863,S4R,6996,6997,7021,7020
PART-6-1,5864,S4R,6997,6998,7022,7021
PART-6-1,5865,S4R,6998,6999,7023,7022
PART-6-1,5866,S4R,6999,7000,7024,7023
PART-6-1,5867,S4R,7000,7001,7025,7024
PART-6-1,5868,S4R,7001,7002,7026,7025
PART-6-1,5869,S4R,7002,7003,7027,7026
PART-6-1,5870,S4R,7003,7004,7028,7027
PART-6-1,5871,S4R,7004,7005,7029,7028
PART-6-1,5872,S4R,7005,1187,1188,7029
PART-6-1,5873,S4R,1141,7006,7030,1140
PART-6-1,5874,S4R,7006,7007,7031,7030
PART-6-1,5875,S4R,7007,7008,7032,7031
PART-6-1,5876,S4R,7008,7009,7033,7032
PART-6-1,5877,S4R,7009,7010,7034,7033
PART-6-1,5878,S4R,7010,7011,7035,7034
PART-6-1,5879,S4R,7011,7012,7036,7035
PART-6-1,5880,S4R,7012,7013,7037,7036
PART-6-1,5881,S4R,7013,7014,7038,7037
PART-6-1,5882,S4R,7014,7015,7039,7038
PART-6-1,5883,S4R,7015,7016,7040,7039
PART-6-1,5884,S4R,7016,7017,7041,7040
PART-6-1,5885,S4R,7017,7018,7042,7041
PART-6-1,5886,S4R,7018,7019,7043,7042
PART-6-1,5887,S4R,7019,7020,7044,7043
PART-6-1,5888,S4R,7020,7021,7045,7044
PART-6-1,5889,S4R,7021,7022,7046,7045
PART-6-1,5890,S4R,7022,7023,7047,7046
PART-6-1,5891,S4R,7023,7024,7048,7047
PART-6-1,5892,S4R,7024,7025,7049,7048
PART-6-1,5893,S4R,7025,7026,7050,7049
PART-6-1,5894,S4R,7026,7027,7051,7050
PART-6-1,5895,S4R,7027,7028,7052,7051
PART-6-1,5896,S4R,7028,7029,7053,7052
PART-6-1,5897,S4R,7029,1188,1189,7053
PART-6-1,5898,S4R,1140,7030,7054,1139
PART-6-1,5899,S4R,7030,7031,7055,7054
PART-6-1,5900,S4R,7031,7032,7056,7055
PART-6-1,5901,S4R,7032,7033,7057,7056
PART-6-1,5902,S4R,7033,7034,7058,7057
PART-6-1,5903,S4R,7034,7035,7059,7058
PART-6-1,5904,S4R,7035,7036,7060,7059
PART-6-1,5905,S4R,7036,7037,7061,7060
PART-6-1,5906,S4R,7037,7038,7062,7061
PART-6-1,5907,S4R,7038,7039,7063,7062
PART-6-1,5908,S4R,7039,7040,7064,7063
PART-6-1,5909,S4R,7040,7041,7065,7064
PART-6-1,5910,S4R,7041,7042,7066,7065
PART-6-1,5911,S4R,7042,7043,7067,7066
PART-6-1,5912,S4R,7043,7044,7068,7067
PART-6-1,5913,S4R,7044,7045,7069,7068
PART-6-1,5914,S4R,7045,7046,7070,7069
PART-6-1,5915,S4R,7046,7047,7071,7070
PART-6-1,5916,S4R,7047,7048,7072,7071
PART-6-1,5917,S4R,7048,7049,7073,7072
PART-6-1,5918,S4R,7049,7050,7074,7073
PART-6-1,5919,S4R,7050,7051,7075,7074
PART-6-1,5920,S4R,7051,7052,7076,7075
PART-6-1,5921,S4R,7052,7053,7077,7076
PART-6-1,5922,S4R,7053,1189,1190,7077
PART-6-1,5923,S4R,1139,7054,7078,1138
PART-6-1,5924,S4R,7054,7055,7079,7078
PART-6-1,5925,S4R,7055,7056,7080,7079
PART-6-1,5926,S4R,7056,7057,7081,7080
PART-6-1,5927,S4R,7057,7058,7082,7081
PART-6-1,5928,S4R,7058,7059,7083,7082
PART-6-1,5929,S4R,7059,7060,7084,7083
PART-6-1,5930,S4R,7060,7061,7085,7084
PART-6-1,5931,S4R,7061,7062,7086,7085
PART-6-1,5932,S4R,7062,7063,7087,7086
PART-6-1,5933,S4R,7063,7064,7088,7087
PART-6-1,5934,S4R,7064,7065,7089,7088
PART-6-1,5935,S4R,7065,7066,7090,7089
PART-6-1,5936,S4R,7066,7067,7091,7090
PART-6-1,5937,S4R,7067,7068,7092,7091
PART-6-1,5938,S4R,7068,7069,7093,7092
PART-6-1,5939,S4R,7069,7070,7094,7093
PART-6-1,5940,S4R,7070,7071,7095,7094
PART-6-1,5941,S4R,7071,7072,7096,7095
PART-6-1,5942,S4R,7072,7073,7097,7096
PART-6-1,5943,S4R,7073,7074,7098,7097
PART-6-1,5944,S4R,7074,7075,7099,7098
PART-6-1,5945,S4R,7075,7076,7100,7099
PART-6-1,5946,S4R,7076,7077,7101,7100
PART-6-1,5947,S4R,7077,1190,1191,7101
PART-6-1,5948,S4R,1138,7078,7102,1137
PART-6-1,5949,S4R,7078,7079,7103,7102
PART-6-1,5950,S4R,7079,7080,7104,7103
PART-6-1,5951,S4R,7080,7081,7105,7104
PART-6-1,5952,S4R,7081,7082,7106,7105
PART-6-1,5953,S4R,7082,7083,7107,7106
PART-6-1,5954,S4R,7083,7084,7108,7107
PART-6-1,5955,S4R,7084,7085,7109,7108
PART-6-1,5956,S4R,7085,7086,7110,7109
PART-6-1,5957,S4R,7086,7087,7111,7110
PART-6-1,5958,S4R,7087,7088,7112,7111
PART-6-1,5959,S4R,7088,7089,7113,7112
PART-6-1,5960,S4R,7089,7090,7114,7113
PART-6-1,5961,S4R,7090,7091,7115,7114
PART-6-1,5962,S4R,7091,7092,7116,7115
PART-6-1,5963,S4R,7092,7093,7117,7116
PART-6-1,5964,S4R,7093,7094,7118,7117
PART-6-1,5965,S4R,7094,7095,7119,7118
PART-6-1,5966,S4R,7095,7096,7120,7119
PART-6-1,5967,S4R,7096,7097,7121,7120
PART-6-1,5968,S4R,7097,7098,7122,7121
PART-6-1,5969,S4R,7098,7099,7123,7122
PART-6-1,5970,S4R,7099,7100,7124,7123
PART-6-1,5971,S4R,7100,7101,7125,7124
PART-6-1,5972,S4R,7101,1191,1192,7125
PART-6-1,5973,S4R,1137,7102,7126,1136
PART-6-1,5974,S4R,7102,7103,7127,7126
PART-6-1,5975,S4R,7103,7104,7128,7127
PART-6-1,5976,S4R,7104,7105,7129,7128
PART-6-1,5977,S4R,7105,7106,7130,7129
PART-6-1,5978,S4R,7106,7107,7131,7130
PART-6-1,5979,S4R,7107,7108,7132,7131
PART-6-1,5980,S4R,7108,7109,7133,7132
PART-6-1,5981,S4R,7109,7110,7134,7133
PART-6-1,5982,S4R,7110,7111,7135,7134
PART-6-1,5983,S4R,7111,7112,7136,7135
PART-6-1,5984,S4R,7112,7113,7137,7136
PART-6-1,5985,S4R,7113,7114,7138,7137
PART-6-1,5986,S4R,7114,7115,7139,7138
PART-6-1,5987,S4R,7115,7116,7140,7139
PART-6-1,5988,S4R,7116,7117,7141,7140
PART-6-1,5989,S4R,7117,7118,7142,7141
PART-6-1,5990,S4R,7118,7119,7143,7142
PART-6-1,5991,S4R,7119,7120,7144,7143
PART-6-1,5992,S4R,7120,7121,7145,7144
PART-6-1,5993,S4R,7121,7122,7146,7145
PART-6-1,5994,S4R,7122,7123,7147,7146
PART-6-1,5995,S4R,7123,7124,7148,7147
PART-6-1,5996,S4R,7124,7125,7149,7148
PART-6-1,5997,S4R,7125,1192,1193,7149
PART-6-1,5998,S4R,1136,7126,7150,1135
PART-6-1,5999,S4R,7126,7127,7151,7150
PART-6-1,6000,S4R,7127,7128,7152,7151
PART-6-1,6001,S4R,7128,7129,7153,7152
PART-6-1,6002,S4R,7129,7130,7154,7153
PART-6-1,6003,S4R,7130,7131,7155,7154
PART-6-1,6004,S4R,7131,7132,7156,7155
PART-6-1,6005,S4R,7132,7133,7157,7156
PART-6-1,6006,S4R,7133,7134,7158,7157
PART-6-1,6007,S4R,7134,7135,7159,7158
PART-6-1,6008,S4R,7135,7136,7160,7159
PART-6-1,6009,S4R,7136,7137,7161,7160
PART-6-1,6010,S4R,7137,7138,7162,7161
PART-6-1,6011,S4R,7138,7139,7163,7162
PART-6-1,6012,S4R,7139,7140,7164,7163
PART-6-1,6013,S4R,7140,7141,7165,7164
PART-6-1,6014,S4R,7141,7142,7166,7165
PART-6-1,6015,S4R,7142,7143,7167,7166
PART-6-1,6016,S4R,7143,7144,7168,7167
PART-6-1,6017,S4R,7144,7145,7169,7168
PART-6-1,6018,S4R,7145,7146,7170,7169
PART-6-1,6019,S4R,7146,7147,7171,7170
PART-6-1,6020,S4R,7147,7148,7172,7171
PART-6-1,6021,S4R,7148,7149,7173,7172
PART-6-1,6022,S4R,7149,1193,1194,7173
PART-6-1,6023,S4R,1135,7150,7174,1134
PART-6-1,6024,S4R,7150,7151,7175,7174
PART-6-1,6025,S4R,7151,7152,7176,7175
PART-6-1,6026,S4R,7152,7153,7177,7176
PART-6-1,6027,S4R,7153,7154,7178,7177
PART-6-1,6028,S4R,7154,7155,7179,7178
PART-6-1,6029,S4R,7155,7156,7180,7179
PART-6-1,6030,S4R,7156,7157,7181,7180
PART-6-1,6031,S4R,7157,7158,7182,7181
PART-6-1,6032,S4R,7158,7159,7183,7182
PART-6-1,6033,S4R,7159,7160,7184,7183
PART-6-1,6034,S4R,7160,7161,7185,7184
PART-6-1,6035,S4R,7161,7162,7186,7185
PART-6-1,6036,S4R,7162,7163,7187,7186
PART-6-1,6037,S4R,7163,7164,7188,7187
PART-6-1,6038,S4R,7164,7165,7189,7188
PART-6-1,6039,S4R,7165,7166,7190,7189
PART-6-1,6040,S4R,7166,7167,7191,7190
PART-6-1,6041,S4R,7167,7168,7192,7191
PART-6-1,6042,S4R,7168,7169,7193,7192
PART-6-1,6043,S4R,7169,7170,7194,7193
PART-6-1,6044,S4R,7170,7171,7195,7194
PART-6-1,6045,S4R,7171,7172,7196,7195
PART-6-1,6046,S4R,7172,7173,7197,7196
PART-6-1,6047,S4R,7173,1194,1195,7197
PART-6-1,6048,S4R,1134,7174,7198,1133
PART-6-1,6049,S4R,7174,7175,7199,7198
PART-6-1,6050,S4R,7175,7176,7200,7199
PART-6-1,6051,S4R,7176,7177,7201,7200
PART-6-1,6052,S4R,7177,7178,7202,7201
PART-6-1,6053,S4R,7178,7179,7203,7202
PART-6-1,6054,S4R,7179,7180,7204,7203
PART-6-1,6055,S4R,7180,7181,7205,7204
PART-6-1,6056,S4R,7181,7182,7206,7205
PART-6-1,6057,S4R,7182,7183,7207,7206
PART-6-1,6058,S4R,7183,7184,7208,7207
PART-6-1,6059,S4R,7184,7185,7209,7208
PART-6-1,6060,S4R,7185,7186,7210,7209
PART-6-1,6061,S4R,7186,7187,7211,7210
PART-6-1,6062,S4R,7187,7188,7212,7211
PART-6-1,6063,S4R,7188,7189,7213,7212
PART-6-1,6064,S4R,7189,7190,7214,7213
PART-6-1,6065,S4R,7190,7191,7215,7214
PART-6-1,6066,S4R,7191,7192,7216,7215
PART-6-1,6067,S4R,7192,7193,7217,7216
PART-6-1,6068,S4R,7193,7194,7218,7217
PART-6-1,6069,S4R,7194,7195,7219,7218
PART-6-1,6070,S4R,7195,7196,7220,7219
PART-6-1,6071,S4R,7196,7197,7221,7220
PART-6-1,6072,S4R,7197,1195,1196,7221
PART-6-1,6073,S4R,1133,7198,7222,1132
PART-6-1,6074,S4R,7198,7199,7223,7222
PART-6-1,6075,S4R,7199,7200,7224,7223
PART-6-1,6076,S4R,7200,7201,7225,7224
PART-6-1,6077,S4R,7201,7202,7226,7225
PART-6-1,6078,S4R,7202,7203,7227,7226
PART-6-1,6079,S4R,7203,7204,7228,7227
PART-6-1,6080,S4R,7204,7205,7229,7228
PART-6-1,6081,S4R,7205,7206,7230,7229
PART-6-1,6082,S4R,7206,7207,7231,7230
PART-6-1,6083,S4R,7207,7208,7232,7231
PART-6-1,6084,S4R,7208,7209,7233,7232
PART-6-1,6085,S4R,7209,7210,7234,7233
PART-6-1,6086,S4R,7210,7211,7235,7234
PART-6-1,6087,S4R,7211,7212,7236,7235
PART-6-1,6088,S4R,7212,7213,7237,7236
PART-6-1,6089,S4R,7213,7214,7238,7237
PART-6-1,6090,S4R,7214,7215,7239,7238
PART-6-1,6091,S4R,7215,7216,7240,7239
PART-6-1,6092,S4R,7216,7217,7241,7240
PART-6-1,6093,S4R,7217,7218,7242,7241
PART-6-1,6094,S4R,7218,7219,7243,7242
PART-6-1,6095,S4R,7219,7220,7244,7243
PART-6-1,6096,S4R,7220,7221,7245,7244
PART-6-1,6097,S4R,7221,1196,1197,7245
PART-6-1,6098,S4R,1132,7222,7246,1131
PART-6-1,6099,S4R,7222,7223,7247,7246
PART-6-1,6100,S4R,7223,7224,7248,7247
PART-6-1,6101,S4R,7224,7225,7249,7248
PART-6-1,6102,S4R,7225,7226,7250,7249
PART-6-1,6103,S4R,7226,7227,7251,7250
PART-6-1,6104,S4R,7227,7228,7252,7251
PART-6-1,6105,S4R,7228,7229,7253,7252
PART-6-1,6106,S4R,7229,7230,7254,7253
PART-6-1,6107,S4R,7230,7231,7255,7254
PART-6-1,6108,S4R,7231,7232,7256,7255
PART-6-1,6109,S4R,7232,7233,7257,7256
PART-6-1,6110,S4R,7233,7234,7258,7257
PART-6-1,6111,S4R,7234,7235,7259,7258
PART-6-1,6112,S4R,7235,7236,7260,7259
PART-6-1,6113,S4R,7236,7237,7261,7260
PART-6-1,6114,S4R,7237,7238,7262,7261
PART-6-1,6115,S4R,7238,7239,7263,7262
PART-6-1,6116,S4R,7239,7240,7264,7263
PART-6-1,6117,S4R,7240,7241,7265,7264
PART-6-1,6118,S4R,7241,7242,7266,7265
PART-6-1,6119,S4R,7242,7243,7267,7266
PART-6-1,6120,S4R,7243,7244,7268,7267
PART-6-1,6121,S4R,7244,7245,7269,7268
PART-6-1,6122,S4R,7245,1197,1198,7269
PART-6-1,6123,S4R,1131,7246,7270,1130
PART-6-1,6124,S4R,7246,7247,7271,7270
PART-6-1,6125,S4R,7247,7248,7272,7271
PART-6-1,6126,S4R,7248,7249,7273,7272
PART-6-1,6127,S4R,7249,7250,7274,7273
PART-6-1,6128,S4R,7250,7251,7275,7274
PART-6-1,6129,S4R,7251,7252,7276,7275
PART-6-1,6130,S4R,7252,7253,7277,7276
PART-6-1,6131,S4R,7253,7254,7278,7277
PART-6-1,6132,S4R,7254,7255,7279,7278
PART-6-1,6133,S4R,7255,7256,7280,7279
PART-6-1,6134,S4R,7256,7257,7281,7280
PART-6-1,6135,S4R,7257,7258,7282,7281
PART-6-1,6136,S4R,7258,7259,7283,7282
PART-6-1,6137,S4R,7259,7260,7284,7283
PART-6-1,6138,S4R,7260,7261,7285,7284
PART-6-1,6139,S4R,7261,7262,7286,7285
PART-6-1,6140,S4R,7262,7263,7287,7286
PART-6-1,6141,S4R,7263,7264,7288,7287
PART-6-1,6142,S4R,7264,7265,7289,7288
PART-6-1,6143,S4R,7265,7266,7290,7289
PART-6-1,6144,S4R,7266,7267,7291,7290
PART-6-1,6145,S4R,7267,7268,7292,7291
PART-6-1,6146,S4R,7268,7269,7293,7292
PART-6-1,6147,S4R,7269,1198,1199,7293
PART-6-1,6148,S4R,1130,7270,1129,62
PART-6-1,6149,S4R,7270,7271,1128,1129
PART-6-1,6150,S4R,7271,7272,1127,1128
PART-6-1,6151,S4R,7272,7273,1126,1127
PART-6-1,6152,S4R,7273,7274,1125,1126
PART-6-1,6153,S4R,7274,7275,1124,1125
PART-6-1,6154,S4R,7275,7276,1123,1124
PART-6-1,6155,S4R,7276,7277,1122,1123
PART-6-1,6156,S4R,7277,7278,1121,1122
PART-6-1,6157,S4R,7278,7279,1120,1121
PART-6-1,6158,S4R,7279,7280,1119,1120
PART-6-1,6159,S4R,7280,7281,1118,1119
PART-6-1,6160,S4R,7281,7282,1117,1118
PART-6-1,6161,S4R,7282,7283,1116,1117
PART-6-1,6162,S4R,7283,7284,1115,1116
PART-6-1,6163,S4R,7284,7285,1114,1115
PART-6-1,6164,S4R,7285,7286,1113,1114
PART-6-1,6165,S4R,7286,7287,1112,1113
PART-6-1,6166,S4R,7287,7288,1111,1112
PART-6-1,6167,S4R,7288,7289,1110,1111
PART-6-1,6168,S4R,7289,7290,1109,1110
PART-6-1,6169,S4R,7290,7291,1108,1109
PART-6-1,6170,S4R,7291,7292,1107,1108
PART-6-1,6171,S4R,7292,7293,1106,1107
PART-6-1,6172,S4R,7293,1199,61,1106
PART-6-1,6173,S4R,1170,6537,7294,1169
PART-6-1,6174,S4R,6537,6536,7295,7294
PART-6-1,6175,S4R,6536,6535,7296,7295
PART-6-1,6176,S4R,6535,6534,7297,7296
PART-6-1,6177,S4R,6534,6533,7298,7297
PART-6-1,6178,S4R,6533,6532,7299,7298
PART-6-1,6179,S4R,6532,6531,7300,7299
PART-6-1,6180,S4R,6531,6530,7301,7300
PART-6-1,6181,S4R,6530,6529,7302,7301
PART-6-1,6182,S4R,6529,6528,7303,7302
PART-6-1,6183,S4R,6528,6527,7304,7303
PART-6-1,6184,S4R,6527,17,142,7304
PART-6-1,6185,S4R,1169,7294,7305,1168
PART-6-1,6186,S4R,7294,7295,7306,7305
PART-6-1,6187,S4R,7295,7296,7307,7306
PART-6-1,6188,S4R,7296,7297,7308,7307
PART-6-1,6189,S4R,7297,7298,7309,7308
PART-6-1,6190,S4R,7298,7299,7310,7309
PART-6-1,6191,S4R,7299,7300,7311,7310
PART-6-1,6192,S4R,7300,7301,7312,7311
PART-6-1,6193,S4R,7301,7302,7313,7312
PART-6-1,6194,S4R,7302,7303,7314,7313
PART-6-1,6195,S4R,7303,7304,7315,7314
PART-6-1,6196,S4R,7304,142,143,7315
PART-6-1,6197,S4R,1168,7305,7316,1167
PART-6-1,6198,S4R,7305,7306,7317,7316
PART-6-1,6199,S4R,7306,7307,7318,7317
PART-6-1,6200,S4R,7307,7308,7319,7318
PART-6-1,6201,S4R,7308,7309,7320,7319
PART-6-1,6202,S4R,7309,7310,7321,7320
PART-6-1,6203,S4R,7310,7311,7322,7321
PART-6-1,6204,S4R,7311,7312,7323,7322
PART-6-1,6205,S4R,7312,7313,7324,7323
PART-6-1,6206,S4R,7313,7314,7325,7324
PART-6-1,6207,S4R,7314,7315,7326,7325
PART-6-1,6208,S4R,7315,143,144,7326
PART-6-1,6209,S4R,1167,7316,7327,1166
PART-6-1,6210,S4R,7316,7317,7328,7327
PART-6-1,6211,S4R,7317,7318,7329,7328
PART-6-1,6212,S4R,7318,7319,7330,7329
PART-6-1,6213,S4R,7319,7320,7331,7330
PART-6-1,6214,S4R,7320,7321,7332,7331
PART-6-1,6215,S4R,7321,7322,7333,7332
PART-6-1,6216,S4R,7322,7323,7334,7333
PART-6-1,6217,S4R,7323,7324,7335,7334
PART-6-1,6218,S4R,7324,7325,7336,7335
PART-6-1,6219,S4R,7325,7326,7337,7336
PART-6-1,6220,S4R,7326,144,145,7337
PART-6-1,6221,S4R,1166,7327,7338,1165
PART-6-1,6222,S4R,7327,7328,7339,7338
PART-6-1,6223,S4R,7328,7329,7340,7339
PART-6-1,6224,S4R,7329,7330,7341,7340
PART-6-1,6225,S4R,7330,7331,7342,7341
PART-6-1,6226,S4R,7331,7332,7343,7342
PART-6-1,6227,S4R,7332,7333,7344,7343
PART-6-1,6228,S4R,7333,7334,7345,7344
PART-6-1,6229,S4R,7334,7335,7346,7345
PART-6-1,6230,S4R,7335,7336,7347,7346
PART-6-1,6231,S4R,7336,7337,7348,7347
PART-6-1,6232,S4R,7337,145,146,7348
PART-6-1,6233,S4R,1165,7338,642,45
PART-6-1,6234,S4R,7338,7339,641,642
PART-6-1,6235,S4R,7339,7340,640,641
PART-6-1,6236,S4R,7340,7341,639,640
PART-6-1,6237,S4R,7341,7342,638,639
PART-6-1,6238,S4R,7342,7343,637,638
PART-6-1,6239,S4R,7343,7344,636,637
PART-6-1,6240,S4R,7344,7345,635,636
PART-6-1,6241,S4R,7345,7346,634,635
PART-6-1,6242,S4R,7346,7347,633,634
PART-6-1,6243,S4R,7347,7348,632,633
PART-6-1,6244,S4R,7348,146,18,632
PART-6-1,6245,S4R,2,7349,7372,75
PART-6-1,6246,S4R,7349,7350,7373,7372
PART-6-1,6247,S4R,7350,7351,7374,7373
PART-6-1,6248,S4R,7351,7352,7375,7374
PART-6-1,6249,S4R,7352,7353,7376,7375
PART-6-1,6250,S4R,7353,7354,7377,7376
PART-6-1,6251,S4R,7354,7355,7378,7377
PART-6-1,6252,S4R,7355,7356,7379,7378
PART-6-1,6253,S4R,7356,7357,7380,7379
PART-6-1,6254,S4R,7357,7358,7381,7380
PART-6-1,6255,S4R,7358,7359,7382,7381
PART-6-1,6256,S4R,7359,1254,1255,7382
PART-6-1,6257,S4R,75,7372,7383,76
PART-6-1,6258,S4R,7372,7373,7384,7383
PART-6-1,6259,S4R,7373,7374,7385,7384
PART-6-1,6260,S4R,7374,7375,7386,7385
PART-6-1,6261,S4R,7375,7376,7387,7386
PART-6-1,6262,S4R,7376,7377,7388,7387
PART-6-1,6263,S4R,7377,7378,7389,7388
PART-6-1,6264,S4R,7378,7379,7390,7389
PART-6-1,6265,S4R,7379,7380,7391,7390
PART-6-1,6266,S4R,7380,7381,7392,7391
PART-6-1,6267,S4R,7381,7382,7393,7392
PART-6-1,6268,S4R,7382,1255,1256,7393
PART-6-1,6269,S4R,76,7383,7394,77
PART-6-1,6270,S4R,7383,7384,7395,7394
PART-6-1,6271,S4R,7384,7385,7396,7395
PART-6-1,6272,S4R,7385,7386,7397,7396
PART-6-1,6273,S4R,7386,7387,7398,7397
PART-6-1,6274,S4R,7387,7388,7399,7398
PART-6-1,6275,S4R,7388,7389,7400,7399
PART-6-1,6276,S4R,7389,7390,7401,7400
PART-6-1,6277,S4R,7390,7391,7402,7401
PART-6-1,6278,S4R,7391,7392,7403,7402
PART-6-1,6279,S4R,7392,7393,7404,7403
PART-6-1,6280,S4R,7393,1256,1257,7404
PART-6-1,6281,S4R,77,7394,7405,78
PART-6-1,6282,S4R,7394,7395,7406,7405
PART-6-1,6283,S4R,7395,7396,7407,7406
PART-6-1,6284,S4R,7396,7397,7408,7407
PART-6-1,6285,S4R,7397,7398,7409,7408
PART-6-1,6286,S4R,7398,7399,7410,7409
PART-6-1,6287,S4R,7399,7400,7411,7410
PART-6-1,6288,S4R,7400,7401,7412,7411
PART-6-1,6289,S4R,7401,7402,7413,7412
PART-6-1,6290,S4R,7402,7403,7414,7413
PART-6-1,6291,S4R,7403,7404,7415,7414
PART-6-1,6292,S4R,7404,1257,1258,7415
PART-6-1,6293,S4R,78,7405,7416,79
PART-6-1,6294,S4R,7405,7406,7417,7416
PART-6-1,6295,S4R,7406,7407,7418,7417
PART-6-1,6296,S4R,7407,7408,7419,7418
PART-6-1,6297,S4R,7408,7409,7420,7419
PART-6-1,6298,S4R,7409,7410,7421,7420
PART-6-1,6299,S4R,7410,7411,7422,7421
PART-6-1,6300,S4R,7411,7412,7423,7422
PART-6-1,6301,S4R,7412,7413,7424,7423
PART-6-1,6302,S4R,7413,7414,7425,7424
PART-6-1,6303,S4R,7414,7415,7426,7425
PART-6-1,6304,S4R,7415,1258,1259,7426
PART-6-1,6305,S4R,79,7416,363,3
PART-6-1,6306,S4R,7416,7417,362,363
PART-6-1,6307,S4R,7417,7418,361,362
PART-6-1,6308,S4R,7418,7419,360,361
PART-6-1,6309,S4R,7419,7420,359,360
PART-6-1,6310,S4R,7420,7421,358,359
PART-6-1,6311,S4R,7421,7422,357,358
PART-6-1,6312,S4R,7422,7423,356,357
PART-6-1,6313,S4R,7423,7424,355,356
PART-6-1,6314,S4R,7424,7425,354,355
PART-6-1,6315,S4R,7425,7426,353,354
PART-6-1,6316,S4R,7426,1259,36,353
PART-6-1,6317,S4R,1254,7359,7427,1253
PART-6-1,6318,S4R,7359,7358,7428,7427
PART-6-1,6319,S4R,7358,7357,7429,7428
PART-6-1,6320,S4R,7357,7356,7430,7429
PART-6-1,6321,S4R,7356,7355,7431,7430
PART-6-1,6322,S4R,7355,7354,7432,7431
PART-6-1,6323,S4R,7354,7353,7433,7432
PART-6-1,6324,S4R,7353,7352,7434,7433
PART-6-1,6325,S4R,7352,7351,7435,7434
PART-6-1,6326,S4R,7351,7350,7436,7435
PART-6-1,6327,S4R,7350,7349,7437,7436
PART-6-1,6328,S4R,7349,2,7438,7437
PART-6-1,6329,S4R,2,7360,7439,7438
PART-6-1,6330,S4R,7360,7361,7440,7439
PART-6-1,6331,S4R,7361,7362,7441,7440
PART-6-1,6332,S4R,7362,7363,7442,7441
PART-6-1,6333,S4R,7363,7364,7443,7442
PART-6-1,6334,S4R,7364,7365,7444,7443
PART-6-1,6335,S4R,7365,7366,7445,7444
PART-6-1,6336,S4R,7366,7367,7446,7445
PART-6-1,6337,S4R,7367,7368,7447,7446
PART-6-1,6338,S4R,7368,7369,7448,7447
PART-6-1,6339,S4R,7369,7370,7449,7448
PART-6-1,6340,S4R,7370,7371,7450,7449
PART-6-1,6341,S4R,7371,1265,1266,7450
PART-6-1,6342,S4R,1253,7427,7451,1252
PART-6-1,6343,S4R,7427,7428,7452,7451
PART-6-1,6344,S4R,7428,7429,7453,7452
PART-6-1,6345,S4R,7429,7430,7454,7453
PART-6-1,6346,S4R,7430,7431,7455,7454
PART-6-1,6347,S4R,7431,7432,7456,7455
PART-6-1,6348,S4R,7432,7433,7457,7456
PART-6-1,6349,S4R,7433,7434,7458,7457
PART-6-1,6350,S4R,7434,7435,7459,7458
PART-6-1,6351,S4R,7435,7436,7460,7459
PART-6-1,6352,S4R,7436,7437,7461,7460
PART-6-1,6353,S4R,7437,7438,7462,7461
PART-6-1,6354,S4R,7438,7439,7463,7462
PART-6-1,6355,S4R,7439,7440,7464,7463
PART-6-1,6356,S4R,7440,7441,7465,7464
PART-6-1,6357,S4R,7441,7442,7466,7465
PART-6-1,6358,S4R,7442,7443,7467,7466
PART-6-1,6359,S4R,7443,7444,7468,7467
PART-6-1,6360,S4R,7444,7445,7469,7468
PART-6-1,6361,S4R,7445,7446,7470,7469
PART-6-1,6362,S4R,7446,7447,7471,7470
PART-6-1,6363,S4R,7447,7448,7472,7471
PART-6-1,6364,S4R,7448,7449,7473,7472
PART-6-1,6365,S4R,7449,7450,7474,7473
PART-6-1,6366,S4R,7450,1266,1267,7474
PART-6-1,6367,S4R,1252,7451,7475,1251
PART-6-1,6368,S4R,7451,7452,7476,7475
PART-6-1,6369,S4R,7452,7453,7477,7476
PART-6-1,6370,S4R,7453,7454,7478,7477
PART-6-1,6371,S4R,7454,7455,7479,7478
PART-6-1,6372,S4R,7455,7456,7480,7479
PART-6-1,6373,S4R,7456,7457,7481,7480
PART-6-1,6374,S4R,7457,7458,7482,7481
PART-6-1,6375,S4R,7458,7459,7483,7482
PART-6-1,6376,S4R,7459,7460,7484,7483
PART-6-1,6377,S4R,7460,7461,7485,7484
PART-6-1,6378,S4R,7461,7462,7486,7485
PART-6-1,6379,S4R,7462,7463,7487,7486
PART-6-1,6380,S4R,7463,7464,7488,7487
PART-6-1,6381,S4R,7464,7465,7489,7488
PART-6-1,6382,S4R,7465,7466,7490,7489
PART-6-1,6383,S4R,7466,7467,7491,7490
PART-6-1,6384,S4R,7467,7468,7492,7491
PART-6-1,6385,S4R,7468,7469,7493,7492
PART-6-1,6386,S4R,7469,7470,7494,7493
PART-6-1,6387,S4R,7470,7471,7495,7494
PART-6-1,6388,S4R,7471,7472,7496,7495
PART-6-1,6389,S4R,7472,7473,7497,7496
PART-6-1,6390,S4R,7473,7474,7498,7497
PART-6-1,6391,S4R,7474,1267,1268,7498
PART-6-1,6392,S4R,1251,7475,7499,1250
PART-6-1,6393,S4R,7475,7476,7500,7499
PART-6-1,6394,S4R,7476,7477,7501,7500
PART-6-1,6395,S4R,7477,7478,7502,7501
PART-6-1,6396,S4R,7478,7479,7503,7502
PART-6-1,6397,S4R,7479,7480,7504,7503
PART-6-1,6398,S4R,7480,7481,7505,7504
PART-6-1,6399,S4R,7481,7482,7506,7505
PART-6-1,6400,S4R,7482,7483,7507,7506
PART-6-1,6401,S4R,7483,7484,7508,7507
PART-6-1,6402,S4R,7484,7485,7509,7508
PART-6-1,6403,S4R,7485,7486,7510,7509
PART-6-1,6404,S4R,7486,7487,7511,7510
PART-6-1,6405,S4R,7487,7488,7512,7511
PART-6-1,6406,S4R,7488,7489,7513,7512
PART-6-1,6407,S4R,7489,7490,7514,7513
PART-6-1,6408,S4R,7490,7491,7515,7514
PART-6-1,6409,S4R,7491,7492,7516,7515
PART-6-1,6410,S4R,7492,7493,7517,7516
PART-6-1,6411,S4R,7493,7494,7518,7517
PART-6-1,6412,S4R,7494,7495,7519,7518
PART-6-1,6413,S4R,7495,7496,7520,7519
PART-6-1,6414,S4R,7496,7497,7521,7520
PART-6-1,6415,S4R,7497,7498,7522,7521
PART-6-1,6416,S4R,7498,1268,1269,7522
PART-6-1,6417,S4R,1250,7499,7523,1249
PART-6-1,6418,S4R,7499,7500,7524,7523
PART-6-1,6419,S4R,7500,7501,7525,7524
PART-6-1,6420,S4R,7501,7502,7526,7525
PART-6-1,6421,S4R,7502,7503,7527,7526
PART-6-1,6422,S4R,7503,7504,7528,7527
PART-6-1,6423,S4R,7504,7505,7529,7528
PART-6-1,6424,S4R,7505,7506,7530,7529
PART-6-1,6425,S4R,7506,7507,7531,7530
PART-6-1,6426,S4R,7507,7508,7532,7531
PART-6-1,6427,S4R,7508,7509,7533,7532
PART-6-1,6428,S4R,7509,7510,7534,7533
PART-6-1,6429,S4R,7510,7511,7535,7534
PART-6-1,6430,S4R,7511,7512,7536,7535
PART-6-1,6431,S4R,7512,7513,7537,7536
PART-6-1,6432,S4R,7513,7514,7538,7537
PART-6-1,6433,S4R,7514,7515,7539,7538
PART-6-1,6434,S4R,7515,7516,7540,7539
PART-6-1,6435,S4R,7516,7517,7541,7540
PART-6-1,6436,S4R,7517,7518,7542,7541
PART-6-1,6437,S4R,7518,7519,7543,7542
PART-6-1,6438,S4R,7519,7520,7544,7543
PART-6-1,6439,S4R,7520,7521,7545,7544
PART-6-1,6440,S4R,7521,7522,7546,7545
PART-6-1,6441,S4R,7522,1269,1270,7546
PART-6-1,6442,S4R,1249,7523,7547,1248
PART-6-1,6443,S4R,7523,7524,7548,7547
PART-6-1,6444,S4R,7524,7525,7549,7548
PART-6-1,6445,S4R,7525,7526,7550,7549
PART-6-1,6446,S4R,7526,7527,7551,7550
PART-6-1,6447,S4R,7527,7528,7552,7551
PART-6-1,6448,S4R,7528,7529,7553,7552
PART-6-1,6449,S4R,7529,7530,7554,7553
PART-6-1,6450,S4R,7530,7531,7555,7554
PART-6-1,6451,S4R,7531,7532,7556,7555
PART-6-1,6452,S4R,7532,7533,7557,7556
PART-6-1,6453,S4R,7533,7534,7558,7557
PART-6-1,6454,S4R,7534,7535,7559,7558
PART-6-1,6455,S4R,7535,7536,7560,7559
PART-6-1,6456,S4R,7536,7537,7561,7560
PART-6-1,6457,S4R,7537,7538,7562,7561
PART-6-1,6458,S4R,7538,7539,7563,7562
PART-6-1,6459,S4R,7539,7540,7564,7563
PART-6-1,6460,S4R,7540,7541,7565,7564
PART-6-1,6461,S4R,7541,7542,7566,7565
PART-6-1,6462,S4R,7542,7543,7567,7566
PART-6-1,6463,S4R,7543,7544,7568,7567
PART-6-1,6464,S4R,7544,7545,7569,7568
PART-6-1,6465,S4R,7545,7546,7570,7569
PART-6-1,6466,S4R,7546,1270,1271,7570
PART-6-1,6467,S4R,1248,7547,7571,1247
PART-6-1,6468,S4R,7547,7548,7572,7571
PART-6-1,6469,S4R,7548,7549,7573,7572
PART-6-1,6470,S4R,7549,7550,7574,7573
PART-6-1,6471,S4R,7550,7551,7575,7574
PART-6-1,6472,S4R,7551,7552,7576,7575
PART-6-1,6473,S4R,7552,7553,7577,7576
PART-6-1,6474,S4R,7553,7554,7578,7577
PART-6-1,6475,S4R,7554,7555,7579,7578
PART-6-1,6476,S4R,7555,7556,7580,7579
PART-6-1,6477,S4R,7556,7557,7581,7580
PART-6-1,6478,S4R,7557,7558,7582,7581
PART-6-1,6479,S4R,7558,7559,7583,7582
PART-6-1,6480,S4R,7559,7560,7584,7583
PART-6-1,6481,S4R,7560,7561,7585,7584
PART-6-1,6482,S4R,7561,7562,7586,7585
PART-6-1,6483,S4R,7562,7563,7587,7586
PART-6-1,6484,S4R,7563,7564,7588,7587
PART-6-1,6485,S4R,7564,7565,7589,7588
PART-6-1,6486,S4R,7565,7566,7590,7589
PART-6-1,6487,S4R,7566,7567,7591,7590
PART-6-1,6488,S4R,7567,7568,7592,7591
PART-6-1,6489,S4R,7568,7569,7593,7592
PART-6-1,6490,S4R,7569,7570,7594,7593
PART-6-1,6491,S4R,7570,1271,1272,7594
PART-6-1,6492,S4R,1247,7571,7595,1246
PART-6-1,6493,S4R,7571,7572,7596,7595
PART-6-1,6494,S4R,7572,7573,7597,7596
PART-6-1,6495,S4R,7573,7574,7598,7597
PART-6-1,6496,S4R,7574,7575,7599,7598
PART-6-1,6497,S4R,7575,7576,7600,7599
PART-6-1,6498,S4R,7576,7577,7601,7600
PART-6-1,6499,S4R,7577,7578,7602,7601
PART-6-1,6500,S4R,7578,7579,7603,7602
PART-6-1,6501,S4R,7579,7580,7604,7603
PART-6-1,6502,S4R,7580,7581,7605,7604
PART-6-1,6503,S4R,7581,7582,7606,7605
PART-6-1,6504,S4R,7582,7583,7607,7606
PART-6-1,6505,S4R,7583,7584,7608,7607
PART-6-1,6506,S4R,7584,7585,7609,7608
PART-6-1,6507,S4R,7585,7586,7610,7609
PART-6-1,6508,S4R,7586,7587,7611,7610
PART-6-1,6509,S4R,7587,7588,7612,7611
PART-6-1,6510,S4R,7588,7589,7613,7612
PART-6-1,6511,S4R,7589,7590,7614,7613
PART-6-1,6512,S4R,7590,7591,7615,7614
PART-6-1,6513,S4R,7591,7592,7616,7615
PART-6-1,6514,S4R,7592,7593,7617,7616
PART-6-1,6515,S4R,7593,7594,7618,7617
PART-6-1,6516,S4R,7594,1272,1273,7618
PART-6-1,6517,S4R,1246,7595,7619,1245
PART-6-1,6518,S4R,7595,7596,7620,7619
PART-6-1,6519,S4R,7596,7597,7621,7620
PART-6-1,6520,S4R,7597,7598,7622,7621
PART-6-1,6521,S4R,7598,7599,7623,7622
PART-6-1,6522,S4R,7599,7600,7624,7623
PART-6-1,6523,S4R,7600,7601,7625,7624
PART-6-1,6524,S4R,7601,7602,7626,7625
PART-6-1,6525,S4R,7602,7603,7627,7626
PART-6-1,6526,S4R,7603,7604,7628,7627
PART-6-1,6527,S4R,7604,7605,7629,7628
PART-6-1,6528,S4R,7605,7606,7630,7629
PART-6-1,6529,S4R,7606,7607,7631,7630
PART-6-1,6530,S4R,7607,7608,7632,7631
PART-6-1,6531,S4R,7608,7609,7633,7632
PART-6-1,6532,S4R,7609,7610,7634,7633
PART-6-1,6533,S4R,7610,7611,7635,7634
PART-6-1,6534,S4R,7611,7612,7636,7635
PART-6-1,6535,S4R,7612,7613,7637,7636
PART-6-1,6536,S4R,7613,7614,7638,7637
PART-6-1,6537,S4R,7614,7615,7639,7638
PART-6-1,6538,S4R,7615,7616,7640,7639
PART-6-1,6539,S4R,7616,7617,7641,7640
PART-6-1,6540,S4R,7617,7618,7642,7641
PART-6-1,6541,S4R,7618,1273,1274,7642
PART-6-1,6542,S4R,1245,7619,7643,1244
PART-6-1,6543,S4R,7619,7620,7644,7643
PART-6-1,6544,S4R,7620,7621,7645,7644
PART-6-1,6545,S4R,7621,7622,7646,7645
PART-6-1,6546,S4R,7622,7623,7647,7646
PART-6-1,6547,S4R,7623,7624,7648,7647
PART-6-1,6548,S4R,7624,7625,7649,7648
PART-6-1,6549,S4R,7625,7626,7650,7649
PART-6-1,6550,S4R,7626,7627,7651,7650
PART-6-1,6551,S4R,7627,7628,7652,7651
PART-6-1,6552,S4R,7628,7629,7653,7652
PART-6-1,6553,S4R,7629,7630,7654,7653
PART-6-1,6554,S4R,7630,7631,7655,7654
PART-6-1,6555,S4R,7631,7632,7656,7655
PART-6-1,6556,S4R,7632,7633,7657,7656
PART-6-1,6557,S4R,7633,7634,7658,7657
PART-6-1,6558,S4R,7634,7635,7659,7658
PART-6-1,6559,S4R,7635,7636,7660,7659
PART-6-1,6560,S4R,7636,7637,7661,7660
PART-6-1,6561,S4R,7637,7638,7662,7661
PART-6-1,6562,S4R,7638,7639,7663,7662
PART-6-1,6563,S4R,7639,7640,7664,7663
PART-6-1,6564,S4R,7640,7641,7665,7664
PART-6-1,6565,S4R,7641,7642,7666,7665
PART-6-1,6566,S4R,7642,1274,1275,7666
PART-6-1,6567,S4R,1244,7643,7667,1243
PART-6-1,6568,S4R,7643,7644,7668,7667
PART-6-1,6569,S4R,7644,7645,7669,7668
PART-6-1,6570,S4R,7645,7646,7670,7669
PART-6-1,6571,S4R,7646,7647,7671,7670
PART-6-1,6572,S4R,7647,7648,7672,7671
PART-6-1,6573,S4R,7648,7649,7673,7672
PART-6-1,6574,S4R,7649,7650,7674,7673
PART-6-1,6575,S4R,7650,7651,7675,7674
PART-6-1,6576,S4R,7651,7652,7676,7675
PART-6-1,6577,S4R,7652,7653,7677,7676
PART-6-1,6578,S4R,7653,7654,7678,7677
PART-6-1,6579,S4R,7654,7655,7679,7678
PART-6-1,6580,S4R,7655,7656,7680,7679
PART-6-1,6581,S4R,7656,7657,7681,7680
PART-6-1,6582,S4R,7657,7658,7682,7681
PART-6-1,6583,S4R,7658,7659,7683,7682
PART-6-1,6584,S4R,7659,7660,7684,7683
PART-6-1,6585,S4R,7660,7661,7685,7684
PART-6-1,6586,S4R,7661,7662,7686,7685
PART-6-1,6587,S4R,7662,7663,7687,7686
PART-6-1,6588,S4R,7663,7664,7688,7687
PART-6-1,6589,S4R,7664,7665,7689,7688
PART-6-1,6590,S4R,7665,7666,7690,7689
PART-6-1,6591,S4R,7666,1275,1276,7690
PART-6-1,6592,S4R,1243,7667,7691,1242
PART-6-1,6593,S4R,7667,7668,7692,7691
PART-6-1,6594,S4R,7668,7669,7693,7692
PART-6-1,6595,S4R,7669,7670,7694,7693
PART-6-1,6596,S4R,7670,7671,7695,7694
PART-6-1,6597,S4R,7671,7672,7696,7695
PART-6-1,6598,S4R,7672,7673,7697,7696
PART-6-1,6599,S4R,7673,7674,7698,7697
PART-6-1,6600,S4R,7674,7675,7699,7698
PART-6-1,6601,S4R,7675,7676,7700,7699
PART-6-1,6602,S4R,7676,7677,7701,7700
PART-6-1,6603,S4R,7677,7678,7702,7701
PART-6-1,6604,S4R,7678,7679,7703,7702
PART-6-1,6605,S4R,7679,7680,7704,7703
PART-6-1,6606,S4R,7680,7681,7705,7704
PART-6-1,6607,S4R,7681,7682,7706,7705
PART-6-1,6608,S4R,7682,7683,7707,7706
PART-6-1,6609,S4R,7683,7684,7708,7707
PART-6-1,6610,S4R,7684,7685,7709,7708
PART-6-1,6611,S4R,7685,7686,7710,7709
PART-6-1,6612,S4R,7686,7687,7711,7710
PART-6-1,6613,S4R,7687,7688,7712,7711
PART-6-1,6614,S4R,7688,7689,7713,7712
PART-6-1,6615,S4R,7689,7690,7714,7713
PART-6-1,6616,S4R,7690,1276,1277,7714
PART-6-1,6617,S4R,1242,7691,7715,1241
PART-6-1,6618,S4R,7691,7692,7716,7715
PART-6-1,6619,S4R,7692,7693,7717,7716
PART-6-1,6620,S4R,7693,7694,7718,7717
PART-6-1,6621,S4R,7694,7695,7719,7718
PART-6-1,6622,S4R,7695,7696,7720,7719
PART-6-1,6623,S4R,7696,7697,7721,7720
PART-6-1,6624,S4R,7697,7698,7722,7721
PART-6-1,6625,S4R,7698,7699,7723,7722
PART-6-1,6626,S4R,7699,7700,7724,7723
PART-6-1,6627,S4R,7700,7701,7725,7724
PART-6-1,6628,S4R,7701,7702,7726,7725
PART-6-1,6629,S4R,7702,7703,7727,7726
PART-6-1,6630,S4R,7703,7704,7728,7727
PART-6-1,6631,S4R,7704,7705,7729,7728
PART-6-1,6632,S4R,7705,7706,7730,7729
PART-6-1,6633,S4R,7706,7707,7731,7730
PART-6-1,6634,S4R,7707,7708,7732,7731
PART-6-1,6635,S4R,7708,7709,7733,7732
PART-6-1,6636,S4R,7709,7710,7734,7733
PART-6-1,6637,S4R,7710,7711,7735,7734
PART-6-1,6638,S4R,7711,7712,7736,7735
PART-6-1,6639,S4R,7712,7713,7737,7736
PART-6-1,6640,S4R,7713,7714,7738,7737
PART-6-1,6641,S4R,7714,1277,1278,7738
PART-6-1,6642,S4R,1241,7715,7739,1240
PART-6-1,6643,S4R,7715,7716,7740,7739
PART-6-1,6644,S4R,7716,7717,7741,7740
PART-6-1,6645,S4R,7717,7718,7742,7741
PART-6-1,6646,S4R,7718,7719,7743,7742
PART-6-1,6647,S4R,7719,7720,7744,7743
PART-6-1,6648,S4R,7720,7721,7745,7744
PART-6-1,6649,S4R,7721,7722,7746,7745
PART-6-1,6650,S4R,7722,7723,7747,7746
PART-6-1,6651,S4R,7723,7724,7748,7747
PART-6-1,6652,S4R,7724,7725,7749,7748
PART-6-1,6653,S4R,7725,7726,7750,7749
PART-6-1,6654,S4R,7726,7727,7751,7750
PART-6-1,6655,S4R,7727,7728,7752,7751
PART-6-1,6656,S4R,7728,7729,7753,7752
PART-6-1,6657,S4R,7729,7730,7754,7753
PART-6-1,6658,S4R,7730,7731,7755,7754
PART-6-1,6659,S4R,7731,7732,7756,7755
PART-6-1,6660,S4R,7732,7733,7757,7756
PART-6-1,6661,S4R,7733,7734,7758,7757
PART-6-1,6662,S4R,7734,7735,7759,7758
PART-6-1,6663,S4R,7735,7736,7760,7759
PART-6-1,6664,S4R,7736,7737,7761,7760
PART-6-1,6665,S4R,7737,7738,7762,7761
PART-6-1,6666,S4R,7738,1278,1279,7762
PART-6-1,6667,S4R,1240,7739,7763,1239
PART-6-1,6668,S4R,7739,7740,7764,7763
PART-6-1,6669,S4R,7740,7741,7765,7764
PART-6-1,6670,S4R,7741,7742,7766,7765
PART-6-1,6671,S4R,7742,7743,7767,7766
PART-6-1,6672,S4R,7743,7744,7768,7767
PART-6-1,6673,S4R,7744,7745,7769,7768
PART-6-1,6674,S4R,7745,7746,7770,7769
PART-6-1,6675,S4R,7746,7747,7771,7770
PART-6-1,6676,S4R,7747,7748,7772,7771
PART-6-1,6677,S4R,7748,7749,7773,7772
PART-6-1,6678,S4R,7749,7750,7774,7773
PART-6-1,6679,S4R,7750,7751,7775,7774
PART-6-1,6680,S4R,7751,7752,7776,7775
PART-6-1,6681,S4R,7752,7753,7777,7776
PART-6-1,6682,S4R,7753,7754,7778,7777
PART-6-1,6683,S4R,7754,7755,7779,7778
PART-6-1,6684,S4R,7755,7756,7780,7779
PART-6-1,6685,S4R,7756,7757,7781,7780
PART-6-1,6686,S4R,7757,7758,7782,7781
PART-6-1,6687,S4R,7758,7759,7783,7782
PART-6-1,6688,S4R,7759,7760,7784,7783
PART-6-1,6689,S4R,7760,7761,7785,7784
PART-6-1,6690,S4R,7761,7762,7786,7785
PART-6-1,6691,S4R,7762,1279,1280,7786
PART-6-1,6692,S4R,1239,7763,7787,1238
PART-6-1,6693,S4R,7763,7764,7788,7787
PART-6-1,6694,S4R,7764,7765,7789,7788
PART-6-1,6695,S4R,7765,7766,7790,7789
PART-6-1,6696,S4R,7766,7767,7791,7790
PART-6-1,6697,S4R,7767,7768,7792,7791
PART-6-1,6698,S4R,7768,7769,7793,7792
PART-6-1,6699,S4R,7769,7770,7794,7793
PART-6-1,6700,S4R,7770,7771,7795,7794
PART-6-1,6701,S4R,7771,7772,7796,7795
PART-6-1,6702,S4R,7772,7773,7797,7796
PART-6-1,6703,S4R,7773,7774,7798,7797
PART-6-1,6704,S4R,7774,7775,7799,7798
PART-6-1,6705,S4R,7775,7776,7800,7799
PART-6-1,6706,S4R,7776,7777,7801,7800
PART-6-1,6707,S4R,7777,7778,7802,7801
PART-6-1,6708,S4R,7778,7779,7803,7802
PART-6-1,6709,S4R,7779,7780,7804,7803
PART-6-1,6710,S4R,7780,7781,7805,7804
PART-6-1,6711,S4R,7781,7782,7806,7805
PART-6-1,6712,S4R,7782,7783,7807,7806
PART-6-1,6713,S4R,7783,7784,7808,7807
PART-6-1,6714,S4R,7784,7785,7809,7808
PART-6-1,6715,S4R,7785,7786,7810,7809
PART-6-1,6716,S4R,7786,1280,1281,7810
PART-6-1,6717,S4R,1238,7787,7811,1237
PART-6-1,6718,S4R,7787,7788,7812,7811
PART-6-1,6719,S4R,7788,7789,7813,7812
PART-6-1,6720,S4R,7789,7790,7814,7813
PART-6-1,6721,S4R,7790,7791,7815,7814
PART-6-1,6722,S4R,7791,7792,7816,7815
PART-6-1,6723,S4R,7792,7793,7817,7816
PART-6-1,6724,S4R,7793,7794,7818,7817
PART-6-1,6725,S4R,7794,7795,7819,7818
PART-6-1,6726,S4R,7795,7796,7820,7819
PART-6-1,6727,S4R,7796,7797,7821,7820
PART-6-1,6728,S4R,7797,7798,7822,7821
PART-6-1,6729,S4R,7798,7799,7823,7822
PART-6-1,6730,S4R,7799,7800,7824,7823
PART-6-1,6731,S4R,7800,7801,7825,7824
PART-6-1,6732,S4R,7801,7802,7826,7825
PART-6-1,6733,S4R,7802,7803,7827,7826
PART-6-1,6734,S4R,7803,7804,7828,7827
PART-6-1,6735,S4R,7804,7805,7829,7828
PART-6-1,6736,S4R,7805,7806,7830,7829
PART-6-1,6737,S4R,7806,7807,7831,7830
PART-6-1,6738,S4R,7807,7808,7832,7831
PART-6-1,6739,S4R,7808,7809,7833,7832
PART-6-1,6740,S4R,7809,7810,7834,7833
PART-6-1,6741,S4R,7810,1281,1282,7834
PART-6-1,6742,S4R,1237,7811,7835,1236
PART-6-1,6743,S4R,7811,7812,7836,7835
PART-6-1,6744,S4R,7812,7813,7837,7836
PART-6-1,6745,S4R,7813,7814,7838,7837
PART-6-1,6746,S4R,7814,7815,7839,7838
PART-6-1,6747,S4R,7815,7816,7840,7839
PART-6-1,6748,S4R,7816,7817,7841,7840
PART-6-1,6749,S4R,7817,7818,7842,7841
PART-6-1,6750,S4R,7818,7819,7843,7842
PART-6-1,6751,S4R,7819,7820,7844,7843
PART-6-1,6752,S4R,7820,7821,7845,7844
PART-6-1,6753,S4R,7821,7822,7846,7845
PART-6-1,6754,S4R,7822,7823,7847,7846
PART-6-1,6755,S4R,7823,7824,7848,7847
PART-6-1,6756,S4R,7824,7825,7849,7848
PART-6-1,6757,S4R,7825,7826,7850,7849
PART-6-1,6758,S4R,7826,7827,7851,7850
PART-6-1,6759,S4R,7827,7828,7852,7851
PART-6-1,6760,S4R,7828,7829,7853,7852
PART-6-1,6761,S4R,7829,7830,7854,7853
PART-6-1,6762,S4R,7830,7831,7855,7854
PART-6-1,6763,S4R,7831,7832,7856,7855
PART-6-1,6764,S4R,7832,7833,7857,7856
PART-6-1,6765,S4R,7833,7834,7858,7857
PART-6-1,6766,S4R,7834,1282,1283,7858
PART-6-1,6767,S4R,1236,7835,7859,1235
PART-6-1,6768,S4R,7835,7836,7860,7859
PART-6-1,6769,S4R,7836,7837,7861,7860
PART-6-1,6770,S4R,7837,7838,7862,7861
PART-6-1,6771,S4R,7838,7839,7863,7862
PART-6-1,6772,S4R,7839,7840,7864,7863
PART-6-1,6773,S4R,7840,7841,7865,7864
PART-6-1,6774,S4R,7841,7842,7866,7865
PART-6-1,6775,S4R,7842,7843,7867,7866
PART-6-1,6776,S4R,7843,7844,7868,7867
PART-6-1,6777,S4R,7844,7845,7869,7868
PART-6-1,6778,S4R,7845,7846,7870,7869
PART-6-1,6779,S4R,7846,7847,7871,7870
PART-6-1,6780,S4R,7847,7848,7872,7871
PART-6-1,6781,S4R,7848,7849,7873,7872
PART-6-1,6782,S4R,7849,7850,7874,7873
PART-6-1,6783,S4R,7850,7851,7875,7874
PART-6-1,6784,S4R,7851,7852,7876,7875
PART-6-1,6785,S4R,7852,7853,7877,7876
PART-6-1,6786,S4R,7853,7854,7878,7877
PART-6-1,6787,S4R,7854,7855,7879,7878
PART-6-1,6788,S4R,7855,7856,7880,7879
PART-6-1,6789,S4R,7856,7857,7881,7880
PART-6-1,6790,S4R,7857,7858,7882,7881
PART-6-1,6791,S4R,7858,1283,1284,7882
PART-6-1,6792,S4R,1235,7859,7883,1234
PART-6-1,6793,S4R,7859,7860,7884,7883
PART-6-1,6794,S4R,7860,7861,7885,7884
PART-6-1,6795,S4R,7861,7862,7886,7885
PART-6-1,6796,S4R,7862,7863,7887,7886
PART-6-1,6797,S4R,7863,7864,7888,7887
PART-6-1,6798,S4R,7864,7865,7889,7888
PART-6-1,6799,S4R,7865,7866,7890,7889
PART-6-1,6800,S4R,7866,7867,7891,7890
PART-6-1,6801,S4R,7867,7868,7892,7891
PART-6-1,6802,S4R,7868,7869,7893,7892
PART-6-1,6803,S4R,7869,7870,7894,7893
PART-6-1,6804,S4R,7870,7871,7895,7894
PART-6-1,6805,S4R,7871,7872,7896,7895
PART-6-1,6806,S4R,7872,7873,7897,7896
PART-6-1,6807,S4R,7873,7874,7898,7897
PART-6-1,6808,S4R,7874,7875,7899,7898
PART-6-1,6809,S4R,7875,7876,7900,7899
PART-6-1,6810,S4R,7876,7877,7901,7900
PART-6-1,6811,S4R,7877,7878,7902,7901
PART-6-1,6812,S4R,7878,7879,7903,7902
PART-6-1,6813,S4R,7879,7880,7904,7903
PART-6-1,6814,S4R,7880,7881,7905,7904
PART-6-1,6815,S4R,7881,7882,7906,7905
PART-6-1,6816,S4R,7882,1284,1285,7906
PART-6-1,6817,S4R,1234,7883,7907,1233
PART-6-1,6818,S4R,7883,7884,7908,7907
PART-6-1,6819,S4R,7884,7885,7909,7908
PART-6-1,6820,S4R,7885,7886,7910,7909
PART-6-1,6821,S4R,7886,7887,7911,7910
PART-6-1,6822,S4R,7887,7888,7912,7911
PART-6-1,6823,S4R,7888,7889,7913,7912
PART-6-1,6824,S4R,7889,7890,7914,7913
PART-6-1,6825,S4R,7890,7891,7915,7914
PART-6-1,6826,S4R,7891,7892,7916,7915
PART-6-1,6827,S4R,7892,7893,7917,7916
PART-6-1,6828,S4R,7893,7894,7918,7917
PART-6-1,6829,S4R,7894,7895,7919,7918
PART-6-1,6830,S4R,7895,7896,7920,7919
PART-6-1,6831,S4R,7896,7897,7921,7920
PART-6-1,6832,S4R,7897,7898,7922,7921
PART-6-1,6833,S4R,7898,7899,7923,7922
PART-6-1,6834,S4R,7899,7900,7924,7923
PART-6-1,6835,S4R,7900,7901,7925,7924
PART-6-1,6836,S4R,7901,7902,7926,7925
PART-6-1,6837,S4R,7902,7903,7927,7926
PART-6-1,6838,S4R,7903,7904,7928,7927
PART-6-1,6839,S4R,7904,7905,7929,7928
PART-6-1,6840,S4R,7905,7906,7930,7929
PART-6-1,6841,S4R,7906,1285,1286,7930
PART-6-1,6842,S4R,1233,7907,7931,1232
PART-6-1,6843,S4R,7907,7908,7932,7931
PART-6-1,6844,S4R,7908,7909,7933,7932
PART-6-1,6845,S4R,7909,7910,7934,7933
PART-6-1,6846,S4R,7910,7911,7935,7934
PART-6-1,6847,S4R,7911,7912,7936,7935
PART-6-1,6848,S4R,7912,7913,7937,7936
PART-6-1,6849,S4R,7913,7914,7938,7937
PART-6-1,6850,S4R,7914,7915,7939,7938
PART-6-1,6851,S4R,7915,7916,7940,7939
PART-6-1,6852,S4R,7916,7917,7941,7940
PART-6-1,6853,S4R,7917,7918,7942,7941
PART-6-1,6854,S4R,7918,7919,7943,7942
PART-6-1,6855,S4R,7919,7920,7944,7943
PART-6-1,6856,S4R,7920,7921,7945,7944
PART-6-1,6857,S4R,7921,7922,7946,7945
PART-6-1,6858,S4R,7922,7923,7947,7946
PART-6-1,6859,S4R,7923,7924,7948,7947
PART-6-1,6860,S4R,7924,7925,7949,7948
PART-6-1,6861,S4R,7925,7926,7950,7949
PART-6-1,6862,S4R,7926,7927,7951,7950
PART-6-1,6863,S4R,7927,7928,7952,7951
PART-6-1,6864,S4R,7928,7929,7953,7952
PART-6-1,6865,S4R,7929,7930,7954,7953
PART-6-1,6866,S4R,7930,1286,1287,7954
PART-6-1,6867,S4R,1232,7931,7955,1231
PART-6-1,6868,S4R,7931,7932,7956,7955
PART-6-1,6869,S4R,7932,7933,7957,7956
PART-6-1,6870,S4R,7933,7934,7958,7957
PART-6-1,6871,S4R,7934,7935,7959,7958
PART-6-1,6872,S4R,7935,7936,7960,7959
PART-6-1,6873,S4R,7936,7937,7961,7960
PART-6-1,6874,S4R,7937,7938,7962,7961
PART-6-1,6875,S4R,7938,7939,7963,7962
PART-6-1,6876,S4R,7939,7940,7964,7963
PART-6-1,6877,S4R,7940,7941,7965,7964
PART-6-1,6878,S4R,7941,7942,7966,7965
PART-6-1,6879,S4R,7942,7943,7967,7966
PART-6-1,6880,S4R,7943,7944,7968,7967
PART-6-1,6881,S4R,7944,7945,7969,7968
PART-6-1,6882,S4R,7945,7946,7970,7969
PART-6-1,6883,S4R,7946,7947,7971,7970
PART-6-1,6884,S4R,7947,7948,7972,7971
PART-6-1,6885,S4R,7948,7949,7973,7972
PART-6-1,6886,S4R,7949,7950,7974,7973
PART-6-1,6887,S4R,7950,7951,7975,7974
PART-6-1,6888,S4R,7951,7952,7976,7975
PART-6-1,6889,S4R,7952,7953,7977,7976
PART-6-1,6890,S4R,7953,7954,7978,7977
PART-6-1,6891,S4R,7954,1287,1288,7978
PART-6-1,6892,S4R,1231,7955,7979,1230
PART-6-1,6893,S4R,7955,7956,7980,7979
PART-6-1,6894,S4R,7956,7957,7981,7980
PART-6-1,6895,S4R,7957,7958,7982,7981
PART-6-1,6896,S4R,7958,7959,7983,7982
PART-6-1,6897,S4R,7959,7960,7984,7983
PART-6-1,6898,S4R,7960,7961,7985,7984
PART-6-1,6899,S4R,7961,7962,7986,7985
PART-6-1,6900,S4R,7962,7963,7987,7986
PART-6-1,6901,S4R,7963,7964,7988,7987
PART-6-1,6902,S4R,7964,7965,7989,7988
PART-6-1,6903,S4R,7965,7966,7990,7989
PART-6-1,6904,S4R,7966,7967,7991,7990
PART-6-1,6905,S4R,7967,7968,7992,7991
PART-6-1,6906,S4R,7968,7969,7993,7992
PART-6-1,6907,S4R,7969,7970,7994,7993
PART-6-1,6908,S4R,7970,7971,7995,7994
PART-6-1,6909,S4R,7971,7972,7996,7995
PART-6-1,6910,S4R,7972,7973,7997,7996
PART-6-1,6911,S4R,7973,7974,7998,7997
PART-6-1,6912,S4R,7974,7975,7999,7998
PART-6-1,6913,S4R,7975,7976,8000,7999
PART-6-1,6914,S4R,7976,7977,8001,8000
PART-6-1,6915,S4R,7977,7978,8002,8001
PART-6-1,6916,S4R,7978,1288,1289,8002
PART-6-1,6917,S4R,1230,7979,8003,1229
PART-6-1,6918,S4R,7979,7980,8004,8003
PART-6-1,6919,S4R,7980,7981,8005,8004
PART-6-1,6920,S4R,7981,7982,8006,8005
PART-6-1,6921,S4R,7982,7983,8007,8006
PART-6-1,6922,S4R,7983,7984,8008,8007
PART-6-1,6923,S4R,7984,7985,8009,8008
PART-6-1,6924,S4R,7985,7986,8010,8009
PART-6-1,6925,S4R,7986,7987,8011,8010
PART-6-1,6926,S4R,7987,7988,8012,8011
PART-6-1,6927,S4R,7988,7989,8013,8012
PART-6-1,6928,S4R,7989,7990,8014,8013
PART-6-1,6929,S4R,7990,7991,8015,8014
PART-6-1,6930,S4R,7991,7992,8016,8015
PART-6-1,6931,S4R,7992,7993,8017,8016
PART-6-1,6932,S4R,7993,7994,8018,8017
PART-6-1,6933,S4R,7994,7995,8019,8018
PART-6-1,6934,S4R,7995,7996,8020,8019
PART-6-1,6935,S4R,7996,7997,8021,8020
PART-6-1,6936,S4R,7997,7998,8022,8021
PART-6-1,6937,S4R,7998,7999,8023,8022
PART-6-1,6938,S4R,7999,8000,8024,8023
PART-6-1,6939,S4R,8000,8001,8025,8024
PART-6-1,6940,S4R,8001,8002,8026,8025
PART-6-1,6941,S4R,8002,1289,1290,8026
PART-6-1,6942,S4R,1229,8003,8027,1228
PART-6-1,6943,S4R,8003,8004,8028,8027
PART-6-1,6944,S4R,8004,8005,8029,8028
PART-6-1,6945,S4R,8005,8006,8030,8029
PART-6-1,6946,S4R,8006,8007,8031,8030
PART-6-1,6947,S4R,8007,8008,8032,8031
PART-6-1,6948,S4R,8008,8009,8033,8032
PART-6-1,6949,S4R,8009,8010,8034,8033
PART-6-1,6950,S4R,8010,8011,8035,8034
PART-6-1,6951,S4R,8011,8012,8036,8035
PART-6-1,6952,S4R,8012,8013,8037,8036
PART-6-1,6953,S4R,8013,8014,8038,8037
PART-6-1,6954,S4R,8014,8015,8039,8038
PART-6-1,6955,S4R,8015,8016,8040,8039
PART-6-1,6956,S4R,8016,8017,8041,8040
PART-6-1,6957,S4R,8017,8018,8042,8041
PART-6-1,6958,S4R,8018,8019,8043,8042
PART-6-1,6959,S4R,8019,8020,8044,8043
PART-6-1,6960,S4R,8020,8021,8045,8044
PART-6-1,6961,S4R,8021,8022,8046,8045
PART-6-1,6962,S4R,8022,8023,8047,8046
PART-6-1,6963,S4R,8023,8024,8048,8047
PART-6-1,6964,S4R,8024,8025,8049,8048
PART-6-1,6965,S4R,8025,8026,8050,8049
PART-6-1,6966,S4R,8026,1290,1291,8050
PART-6-1,6967,S4R,1228,8027,8051,1227
PART-6-1,6968,S4R,8027,8028,8052,8051
PART-6-1,6969,S4R,8028,8029,8053,8052
PART-6-1,6970,S4R,8029,8030,8054,8053
PART-6-1,6971,S4R,8030,8031,8055,8054
PART-6-1,6972,S4R,8031,8032,8056,8055
PART-6-1,6973,S4R,8032,8033,8057,8056
PART-6-1,6974,S4R,8033,8034,8058,8057
PART-6-1,6975,S4R,8034,8035,8059,8058
PART-6-1,6976,S4R,8035,8036,8060,8059
PART-6-1,6977,S4R,8036,8037,8061,8060
PART-6-1,6978,S4R,8037,8038,8062,8061
PART-6-1,6979,S4R,8038,8039,8063,8062
PART-6-1,6980,S4R,8039,8040,8064,8063
PART-6-1,6981,S4R,8040,8041,8065,8064
PART-6-1,6982,S4R,8041,8042,8066,8065
PART-6-1,6983,S4R,8042,8043,8067,8066
PART-6-1,6984,S4R,8043,8044,8068,8067
PART-6-1,6985,S4R,8044,8045,8069,8068
PART-6-1,6986,S4R,8045,8046,8070,8069
PART-6-1,6987,S4R,8046,8047,8071,8070
PART-6-1,6988,S4R,8047,8048,8072,8071
PART-6-1,6989,S4R,8048,8049,8073,8072
PART-6-1,6990,S4R,8049,8050,8074,8073
PART-6-1,6991,S4R,8050,1291,1292,8074
PART-6-1,6992,S4R,1227,8051,8075,1226
PART-6-1,6993,S4R,8051,8052,8076,8075
PART-6-1,6994,S4R,8052,8053,8077,8076
PART-6-1,6995,S4R,8053,8054,8078,8077
PART-6-1,6996,S4R,8054,8055,8079,8078
PART-6-1,6997,S4R,8055,8056,8080,8079
PART-6-1,6998,S4R,8056,8057,8081,8080
PART-6-1,6999,S4R,8057,8058,8082,8081
PART-6-1,7000,S4R,8058,8059,8083,8082
PART-6-1,7001,S4R,8059,8060,8084,8083
PART-6-1,7002,S4R,8060,8061,8085,8084
PART-6-1,7003,S4R,8061,8062,8086,8085
PART-6-1,7004,S4R,8062,8063,8087,8086
PART-6-1,7005,S4R,8063,8064,8088,8087
PART-6-1,7006,S4R,8064,8065,8089,8088
PART-6-1,7007,S4R,8065,8066,8090,8089
PART-6-1,7008,S4R,8066,8067,8091,8090
PART-6-1,7009,S4R,8067,8068,8092,8091
PART-6-1,7010,S4R,8068,8069,8093,8092
PART-6-1,7011,S4R,8069,8070,8094,8093
PART-6-1,7012,S4R,8070,8071,8095,8094
PART-6-1,7013,S4R,8071,8072,8096,8095
PART-6-1,7014,S4R,8072,8073,8097,8096
PART-6-1,7015,S4R,8073,8074,8098,8097
PART-6-1,7016,S4R,8074,1292,1293,8098
PART-6-1,7017,S4R,1226,8075,8099,1225
PART-6-1,7018,S4R,8075,8076,8100,8099
PART-6-1,7019,S4R,8076,8077,8101,8100
PART-6-1,7020,S4R,8077,8078,8102,8101
PART-6-1,7021,S4R,8078,8079,8103,8102
PART-6-1,7022,S4R,8079,8080,8104,8103
PART-6-1,7023,S4R,8080,8081,8105,8104
PART-6-1,7024,S4R,8081,8082,8106,8105
PART-6-1,7025,S4R,8082,8083,8107,8106
PART-6-1,7026,S4R,8083,8084,8108,8107
PART-6-1,7027,S4R,8084,8085,8109,8108
PART-6-1,7028,S4R,8085,8086,8110,8109
PART-6-1,7029,S4R,8086,8087,8111,8110
PART-6-1,7030,S4R,8087,8088,8112,8111
PART-6-1,7031,S4R,8088,8089,8113,8112
PART-6-1,7032,S4R,8089,8090,8114,8113
PART-6-1,7033,S4R,8090,8091,8115,8114
PART-6-1,7034,S4R,8091,8092,8116,8115
PART-6-1,7035,S4R,8092,8093,8117,8116
PART-6-1,7036,S4R,8093,8094,8118,8117
PART-6-1,7037,S4R,8094,8095,8119,8118
PART-6-1,7038,S4R,8095,8096,8120,8119
PART-6-1,7039,S4R,8096,8097,8121,8120
PART-6-1,7040,S4R,8097,8098,8122,8121
PART-6-1,7041,S4R,8098,1293,1294,8122
PART-6-1,7042,S4R,1225,8099,8123,1224
PART-6-1,7043,S4R,8099,8100,8124,8123
PART-6-1,7044,S4R,8100,8101,8125,8124
PART-6-1,7045,S4R,8101,8102,8126,8125
PART-6-1,7046,S4R,8102,8103,8127,8126
PART-6-1,7047,S4R,8103,8104,8128,8127
PART-6-1,7048,S4R,8104,8105,8129,8128
PART-6-1,7049,S4R,8105,8106,8130,8129
PART-6-1,7050,S4R,8106,8107,8131,8130
PART-6-1,7051,S4R,8107,8108,8132,8131
PART-6-1,7052,S4R,8108,8109,8133,8132
PART-6-1,7053,S4R,8109,8110,8134,8133
PART-6-1,7054,S4R,8110,8111,8135,8134
PART-6-1,7055,S4R,8111,8112,8136,8135
PART-6-1,7056,S4R,8112,8113,8137,8136
PART-6-1,7057,S4R,8113,8114,8138,8137
PART-6-1,7058,S4R,8114,8115,8139,8138
PART-6-1,7059,S4R,8115,8116,8140,8139
PART-6-1,7060,S4R,8116,8117,8141,8140
PART-6-1,7061,S4R,8117,8118,8142,8141
PART-6-1,7062,S4R,8118,8119,8143,8142
PART-6-1,7063,S4R,8119,8120,8144,8143
PART-6-1,7064,S4R,8120,8121,8145,8144
PART-6-1,7065,S4R,8121,8122,8146,8145
PART-6-1,7066,S4R,8122,1294,1295,8146
PART-6-1,7067,S4R,1224,8123,1223,64
PART-6-1,7068,S4R,8123,8124,1222,1223
PART-6-1,7069,S4R,8124,8125,1221,1222
PART-6-1,7070,S4R,8125,8126,1220,1221
PART-6-1,7071,S4R,8126,8127,1219,1220
PART-6-1,7072,S4R,8127,8128,1218,1219
PART-6-1,7073,S4R,8128,8129,1217,1218
PART-6-1,7074,S4R,8129,8130,1216,1217
PART-6-1,7075,S4R,8130,8131,1215,1216
PART-6-1,7076,S4R,8131,8132,1214,1215
PART-6-1,7077,S4R,8132,8133,1213,1214
PART-6-1,7078,S4R,8133,8134,1212,1213
PART-6-1,7079,S4R,8134,8135,1211,1212
PART-6-1,7080,S4R,8135,8136,1210,1211
PART-6-1,7081,S4R,8136,8137,1209,1210
PART-6-1,7082,S4R,8137,8138,1208,1209
PART-6-1,7083,S4R,8138,8139,1207,1208
PART-6-1,7084,S4R,8139,8140,1206,1207
PART-6-1,7085,S4R,8140,8141,1205,1206
PART-6-1,7086,S4R,8141,8142,1204,1205
PART-6-1,7087,S4R,8142,8143,1203,1204
PART-6-1,7088,S4R,8143,8144,1202,1203
PART-6-1,7089,S4R,8144,8145,1201,1202
PART-6-1,7090,S4R,8145,8146,1200,1201
PART-6-1,7091,S4R,8146,1295,63,1200
PART-6-1,7092,S4R,1265,7371,8147,1264
PART-6-1,7093,S4R,7371,7370,8148,8147
PART-6-1,7094,S4R,7370,7369,8149,8148
PART-6-1,7095,S4R,7369,7368,8150,8149
PART-6-1,7096,S4R,7368,7367,8151,8150
PART-6-1,7097,S4R,7367,7366,8152,8151
PART-6-1,7098,S4R,7366,7365,8153,8152
PART-6-1,7099,S4R,7365,7364,8154,8153
PART-6-1,7100,S4R,7364,7363,8155,8154
PART-6-1,7101,S4R,7363,7362,8156,8155
PART-6-1,7102,S4R,7362,7361,8157,8156
PART-6-1,7103,S4R,7361,7360,8158,8157
PART-6-1,7104,S4R,7360,2,75,8158
PART-6-1,7105,S4R,1264,8147,8159,1263
PART-6-1,7106,S4R,8147,8148,8160,8159
PART-6-1,7107,S4R,8148,8149,8161,8160
PART-6-1,7108,S4R,8149,8150,8162,8161
PART-6-1,7109,S4R,8150,8151,8163,8162
PART-6-1,7110,S4R,8151,8152,8164,8163
PART-6-1,7111,S4R,8152,8153,8165,8164
PART-6-1,7112,S4R,8153,8154,8166,8165
PART-6-1,7113,S4R,8154,8155,8167,8166
PART-6-1,7114,S4R,8155,8156,8168,8167
PART-6-1,7115,S4R,8156,8157,8169,8168
PART-6-1,7116,S4R,8157,8158,8170,8169
PART-6-1,7117,S4R,8158,75,76,8170
PART-6-1,7118,S4R,1263,8159,8171,1262
PART-6-1,7119,S4R,8159,8160,8172,8171
PART-6-1,7120,S4R,8160,8161,8173,8172
PART-6-1,7121,S4R,8161,8162,8174,8173
PART-6-1,7122,S4R,8162,8163,8175,8174
PART-6-1,7123,S4R,8163,8164,8176,8175
PART-6-1,7124,S4R,8164,8165,8177,8176
PART-6-1,7125,S4R,8165,8166,8178,8177
PART-6-1,7126,S4R,8166,8167,8179,8178
PART-6-1,7127,S4R,8167,8168,8180,8179
PART-6-1,7128,S4R,8168,8169,8181,8180
PART-6-1,7129,S4R,8169,8170,8182,8181
PART-6-1,7130,S4R,8170,76,77,8182
PART-6-1,7131,S4R,1262,8171,8183,1261
PART-6-1,7132,S4R,8171,8172,8184,8183
PART-6-1,7133,S4R,8172,8173,8185,8184
PART-6-1,7134,S4R,8173,8174,8186,8185
PART-6-1,7135,S4R,8174,8175,8187,8186
PART-6-1,7136,S4R,8175,8176,8188,8187
PART-6-1,7137,S4R,8176,8177,8189,8188
PART-6-1,7138,S4R,8177,8178,8190,8189
PART-6-1,7139,S4R,8178,8179,8191,8190
PART-6-1,7140,S4R,8179,8180,8192,8191
PART-6-1,7141,S4R,8180,8181,8193,8192
PART-6-1,7142,S4R,8181,8182,8194,8193
PART-6-1,7143,S4R,8182,77,78,8194
PART-6-1,7144,S4R,1261,8183,8195,1260
PART-6-1,7145,S4R,8183,8184,8196,8195
PART-6-1,7146,S4R,8184,8185,8197,8196
PART-6-1,7147,S4R,8185,8186,8198,8197
PART-6-1,7148,S4R,8186,8187,8199,8198
PART-6-1,7149,S4R,8187,8188,8200,8199
PART-6-1,7150,S4R,8188,8189,8201,8200
PART-6-1,7151,S4R,8189,8190,8202,8201
PART-6-1,7152,S4R,8190,8191,8203,8202
PART-6-1,7153,S4R,8191,8192,8204,8203
PART-6-1,7154,S4R,8192,8193,8205,8204
PART-6-1,7155,S4R,8193,8194,8206,8205
PART-6-1,7156,S4R,8194,78,79,8206
PART-6-1,7157,S4R,1260,8195,375,41
PART-6-1,7158,S4R,8195,8196,374,375
PART-6-1,7159,S4R,8196,8197,373,374
PART-6-1,7160,S4R,8197,8198,372,373
PART-6-1,7161,S4R,8198,8199,371,372
PART-6-1,7162,S4R,8199,8200,370,371
PART-6-1,7163,S4R,8200,8201,369,370
PART-6-1,7164,S4R,8201,8202,368,369
PART-6-1,7165,S4R,8202,8203,367,368
PART-6-1,7166,S4R,8203,8204,366,367
PART-6-1,7167,S4R,8204,8205,365,366
PART-6-1,7168,S4R,8205,8206,364,365
PART-6-1,7169,S4R,8206,79,3,364
PART-6-1,7170,S4R,65,1296,8207,1338
PART-6-1,7171,S4R,1296,1297,8208,8207
PART-6-1,7172,S4R,1297,1298,8209,8208
PART-6-1,7173,S4R,1298,1299,8210,8209
PART-6-1,7174,S4R,1299,1300,8211,8210
PART-6-1,7175,S4R,1300,1301,8212,8211
PART-6-1,7176,S4R,1301,1302,8213,8212
PART-6-1,7177,S4R,1302,1303,8214,8213
PART-6-1,7178,S4R,1303,1304,8215,8214
PART-6-1,7179,S4R,1304,1305,8216,8215
PART-6-1,7180,S4R,1305,1306,8217,8216
PART-6-1,7181,S4R,1306,1307,8218,8217
PART-6-1,7182,S4R,1307,61,1199,8218
PART-6-1,7183,S4R,1338,8207,8219,1337
PART-6-1,7184,S4R,8207,8208,8220,8219
PART-6-1,7185,S4R,8208,8209,8221,8220
PART-6-1,7186,S4R,8209,8210,8222,8221
PART-6-1,7187,S4R,8210,8211,8223,8222
PART-6-1,7188,S4R,8211,8212,8224,8223
PART-6-1,7189,S4R,8212,8213,8225,8224
PART-6-1,7190,S4R,8213,8214,8226,8225
PART-6-1,7191,S4R,8214,8215,8227,8226
PART-6-1,7192,S4R,8215,8216,8228,8227
PART-6-1,7193,S4R,8216,8217,8229,8228
PART-6-1,7194,S4R,8217,8218,8230,8229
PART-6-1,7195,S4R,8218,1199,1198,8230
PART-6-1,7196,S4R,1337,8219,8231,1336
PART-6-1,7197,S4R,8219,8220,8232,8231
PART-6-1,7198,S4R,8220,8221,8233,8232
PART-6-1,7199,S4R,8221,8222,8234,8233
PART-6-1,7200,S4R,8222,8223,8235,8234
PART-6-1,7201,S4R,8223,8224,8236,8235
PART-6-1,7202,S4R,8224,8225,8237,8236
PART-6-1,7203,S4R,8225,8226,8238,8237
PART-6-1,7204,S4R,8226,8227,8239,8238
PART-6-1,7205,S4R,8227,8228,8240,8239
PART-6-1,7206,S4R,8228,8229,8241,8240
PART-6-1,7207,S4R,8229,8230,8242,8241
PART-6-1,7208,S4R,8230,1198,1197,8242
PART-6-1,7209,S4R,1336,8231,8243,1335
PART-6-1,7210,S4R,8231,8232,8244,8243
PART-6-1,7211,S4R,8232,8233,8245,8244
PART-6-1,7212,S4R,8233,8234,8246,8245
PART-6-1,7213,S4R,8234,8235,8247,8246
PART-6-1,7214,S4R,8235,8236,8248,8247
PART-6-1,7215,S4R,8236,8237,8249,8248
PART-6-1,7216,S4R,8237,8238,8250,8249
PART-6-1,7217,S4R,8238,8239,8251,8250
PART-6-1,7218,S4R,8239,8240,8252,8251
PART-6-1,7219,S4R,8240,8241,8253,8252
PART-6-1,7220,S4R,8241,8242,8254,8253
PART-6-1,7221,S4R,8242,1197,1196,8254
PART-6-1,7222,S4R,1335,8243,8255,1334
PART-6-1,7223,S4R,8243,8244,8256,8255
PART-6-1,7224,S4R,8244,8245,8257,8256
PART-6-1,7225,S4R,8245,8246,8258,8257
PART-6-1,7226,S4R,8246,8247,8259,8258
PART-6-1,7227,S4R,8247,8248,8260,8259
PART-6-1,7228,S4R,8248,8249,8261,8260
PART-6-1,7229,S4R,8249,8250,8262,8261
PART-6-1,7230,S4R,8250,8251,8263,8262
PART-6-1,7231,S4R,8251,8252,8264,8263
PART-6-1,7232,S4R,8252,8253,8265,8264
PART-6-1,7233,S4R,8253,8254,8266,8265
PART-6-1,7234,S4R,8254,1196,1195,8266
PART-6-1,7235,S4R,1334,8255,8267,1333
PART-6-1,7236,S4R,8255,8256,8268,8267
PART-6-1,7237,S4R,8256,8257,8269,8268
PART-6-1,7238,S4R,8257,8258,8270,8269
PART-6-1,7239,S4R,8258,8259,8271,8270
PART-6-1,7240,S4R,8259,8260,8272,8271
PART-6-1,7241,S4R,8260,8261,8273,8272
PART-6-1,7242,S4R,8261,8262,8274,8273
PART-6-1,7243,S4R,8262,8263,8275,8274
PART-6-1,7244,S4R,8263,8264,8276,8275
PART-6-1,7245,S4R,8264,8265,8277,8276
PART-6-1,7246,S4R,8265,8266,8278,8277
PART-6-1,7247,S4R,8266,1195,1194,8278
PART-6-1,7248,S4R,1333,8267,8279,1332
PART-6-1,7249,S4R,8267,8268,8280,8279
PART-6-1,7250,S4R,8268,8269,8281,8280
PART-6-1,7251,S4R,8269,8270,8282,8281
PART-6-1,7252,S4R,8270,8271,8283,8282
PART-6-1,7253,S4R,8271,8272,8284,8283
PART-6-1,7254,S4R,8272,8273,8285,8284
PART-6-1,7255,S4R,8273,8274,8286,8285
PART-6-1,7256,S4R,8274,8275,8287,8286
PART-6-1,7257,S4R,8275,8276,8288,8287
PART-6-1,7258,S4R,8276,8277,8289,8288
PART-6-1,7259,S4R,8277,8278,8290,8289
PART-6-1,7260,S4R,8278,1194,1193,8290
PART-6-1,7261,S4R,1332,8279,8291,1331
PART-6-1,7262,S4R,8279,8280,8292,8291
PART-6-1,7263,S4R,8280,8281,8293,8292
PART-6-1,7264,S4R,8281,8282,8294,8293
PART-6-1,7265,S4R,8282,8283,8295,8294
PART-6-1,7266,S4R,8283,8284,8296,8295
PART-6-1,7267,S4R,8284,8285,8297,8296
PART-6-1,7268,S4R,8285,8286,8298,8297
PART-6-1,7269,S4R,8286,8287,8299,8298
PART-6-1,7270,S4R,8287,8288,8300,8299
PART-6-1,7271,S4R,8288,8289,8301,8300
PART-6-1,7272,S4R,8289,8290,8302,8301
PART-6-1,7273,S4R,8290,1193,1192,8302
PART-6-1,7274,S4R,1331,8291,8303,1330
PART-6-1,7275,S4R,8291,8292,8304,8303
PART-6-1,7276,S4R,8292,8293,8305,8304
PART-6-1,7277,S4R,8293,8294,8306,8305
PART-6-1,7278,S4R,8294,8295,8307,8306
PART-6-1,7279,S4R,8295,8296,8308,8307
PART-6-1,7280,S4R,8296,8297,8309,8308
PART-6-1,7281,S4R,8297,8298,8310,8309
PART-6-1,7282,S4R,8298,8299,8311,8310
PART-6-1,7283,S4R,8299,8300,8312,8311
PART-6-1,7284,S4R,8300,8301,8313,8312
PART-6-1,7285,S4R,8301,8302,8314,8313
PART-6-1,7286,S4R,8302,1192,1191,8314
PART-6-1,7287,S4R,1330,8303,8315,1329
PART-6-1,7288,S4R,8303,8304,8316,8315
PART-6-1,7289,S4R,8304,8305,8317,8316
PART-6-1,7290,S4R,8305,8306,8318,8317
PART-6-1,7291,S4R,8306,8307,8319,8318
PART-6-1,7292,S4R,8307,8308,8320,8319
PART-6-1,7293,S4R,8308,8309,8321,8320
PART-6-1,7294,S4R,8309,8310,8322,8321
PART-6-1,7295,S4R,8310,8311,8323,8322
PART-6-1,7296,S4R,8311,8312,8324,8323
PART-6-1,7297,S4R,8312,8313,8325,8324
PART-6-1,7298,S4R,8313,8314,8326,8325
PART-6-1,7299,S4R,8314,1191,1190,8326
PART-6-1,7300,S4R,1329,8315,8327,1328
PART-6-1,7301,S4R,8315,8316,8328,8327
PART-6-1,7302,S4R,8316,8317,8329,8328
PART-6-1,7303,S4R,8317,8318,8330,8329
PART-6-1,7304,S4R,8318,8319,8331,8330
PART-6-1,7305,S4R,8319,8320,8332,8331
PART-6-1,7306,S4R,8320,8321,8333,8332
PART-6-1,7307,S4R,8321,8322,8334,8333
PART-6-1,7308,S4R,8322,8323,8335,8334
PART-6-1,7309,S4R,8323,8324,8336,8335
PART-6-1,7310,S4R,8324,8325,8337,8336
PART-6-1,7311,S4R,8325,8326,8338,8337
PART-6-1,7312,S4R,8326,1190,1189,8338
PART-6-1,7313,S4R,1328,8327,8339,1327
PART-6-1,7314,S4R,8327,8328,8340,8339
PART-6-1,7315,S4R,8328,8329,8341,8340
PART-6-1,7316,S4R,8329,8330,8342,8341
PART-6-1,7317,S4R,8330,8331,8343,8342
PART-6-1,7318,S4R,8331,8332,8344,8343
PART-6-1,7319,S4R,8332,8333,8345,8344
PART-6-1,7320,S4R,8333,8334,8346,8345
PART-6-1,7321,S4R,8334,8335,8347,8346
PART-6-1,7322,S4R,8335,8336,8348,8347
PART-6-1,7323,S4R,8336,8337,8349,8348
PART-6-1,7324,S4R,8337,8338,8350,8349
PART-6-1,7325,S4R,8338,1189,1188,8350
PART-6-1,7326,S4R,1327,8339,8351,1326
PART-6-1,7327,S4R,8339,8340,8352,8351
PART-6-1,7328,S4R,8340,8341,8353,8352
PART-6-1,7329,S4R,8341,8342,8354,8353
PART-6-1,7330,S4R,8342,8343,8355,8354
PART-6-1,7331,S4R,8343,8344,8356,8355
PART-6-1,7332,S4R,8344,8345,8357,8356
PART-6-1,7333,S4R,8345,8346,8358,8357
PART-6-1,7334,S4R,8346,8347,8359,8358
PART-6-1,7335,S4R,8347,8348,8360,8359
PART-6-1,7336,S4R,8348,8349,8361,8360
PART-6-1,7337,S4R,8349,8350,8362,8361
PART-6-1,7338,S4R,8350,1188,1187,8362
PART-6-1,7339,S4R,1326,8351,8363,1325
PART-6-1,7340,S4R,8351,8352,8364,8363
PART-6-1,7341,S4R,8352,8353,8365,8364
PART-6-1,7342,S4R,8353,8354,8366,8365
PART-6-1,7343,S4R,8354,8355,8367,8366
PART-6-1,7344,S4R,8355,8356,8368,8367
PART-6-1,7345,S4R,8356,8357,8369,8368
PART-6-1,7346,S4R,8357,8358,8370,8369
PART-6-1,7347,S4R,8358,8359,8371,8370
PART-6-1,7348,S4R,8359,8360,8372,8371
PART-6-1,7349,S4R,8360,8361,8373,8372
PART-6-1,7350,S4R,8361,8362,8374,8373
PART-6-1,7351,S4R,8362,1187,1186,8374
PART-6-1,7352,S4R,1325,8363,8375,1324
PART-6-1,7353,S4R,8363,8364,8376,8375
PART-6-1,7354,S4R,8364,8365,8377,8376
PART-6-1,7355,S4R,8365,8366,8378,8377
PART-6-1,7356,S4R,8366,8367,8379,8378
PART-6-1,7357,S4R,8367,8368,8380,8379
PART-6-1,7358,S4R,8368,8369,8381,8380
PART-6-1,7359,S4R,8369,8370,8382,8381
PART-6-1,7360,S4R,8370,8371,8383,8382
PART-6-1,7361,S4R,8371,8372,8384,8383
PART-6-1,7362,S4R,8372,8373,8385,8384
PART-6-1,7363,S4R,8373,8374,8386,8385
PART-6-1,7364,S4R,8374,1186,1185,8386
PART-6-1,7365,S4R,1324,8375,8387,1323
PART-6-1,7366,S4R,8375,8376,8388,8387
PART-6-1,7367,S4R,8376,8377,8389,8388
PART-6-1,7368,S4R,8377,8378,8390,8389
PART-6-1,7369,S4R,8378,8379,8391,8390
PART-6-1,7370,S4R,8379,8380,8392,8391
PART-6-1,7371,S4R,8380,8381,8393,8392
PART-6-1,7372,S4R,8381,8382,8394,8393
PART-6-1,7373,S4R,8382,8383,8395,8394
PART-6-1,7374,S4R,8383,8384,8396,8395
PART-6-1,7375,S4R,8384,8385,8397,8396
PART-6-1,7376,S4R,8385,8386,8398,8397
PART-6-1,7377,S4R,8386,1185,1184,8398
PART-6-1,7378,S4R,1323,8387,8399,1322
PART-6-1,7379,S4R,8387,8388,8400,8399
PART-6-1,7380,S4R,8388,8389,8401,8400
PART-6-1,7381,S4R,8389,8390,8402,8401
PART-6-1,7382,S4R,8390,8391,8403,8402
PART-6-1,7383,S4R,8391,8392,8404,8403
PART-6-1,7384,S4R,8392,8393,8405,8404
PART-6-1,7385,S4R,8393,8394,8406,8405
PART-6-1,7386,S4R,8394,8395,8407,8406
PART-6-1,7387,S4R,8395,8396,8408,8407
PART-6-1,7388,S4R,8396,8397,8409,8408
PART-6-1,7389,S4R,8397,8398,8410,8409
PART-6-1,7390,S4R,8398,1184,1183,8410
PART-6-1,7391,S4R,1322,8399,8411,1321
PART-6-1,7392,S4R,8399,8400,8412,8411
PART-6-1,7393,S4R,8400,8401,8413,8412
PART-6-1,7394,S4R,8401,8402,8414,8413
PART-6-1,7395,S4R,8402,8403,8415,8414
PART-6-1,7396,S4R,8403,8404,8416,8415
PART-6-1,7397,S4R,8404,8405,8417,8416
PART-6-1,7398,S4R,8405,8406,8418,8417
PART-6-1,7399,S4R,8406,8407,8419,8418
PART-6-1,7400,S4R,8407,8408,8420,8419
PART-6-1,7401,S4R,8408,8409,8421,8420
PART-6-1,7402,S4R,8409,8410,8422,8421
PART-6-1,7403,S4R,8410,1183,1182,8422
PART-6-1,7404,S4R,1321,8411,8423,1320
PART-6-1,7405,S4R,8411,8412,8424,8423
PART-6-1,7406,S4R,8412,8413,8425,8424
PART-6-1,7407,S4R,8413,8414,8426,8425
PART-6-1,7408,S4R,8414,8415,8427,8426
PART-6-1,7409,S4R,8415,8416,8428,8427
PART-6-1,7410,S4R,8416,8417,8429,8428
PART-6-1,7411,S4R,8417,8418,8430,8429
PART-6-1,7412,S4R,8418,8419,8431,8430
PART-6-1,7413,S4R,8419,8420,8432,8431
PART-6-1,7414,S4R,8420,8421,8433,8432
PART-6-1,7415,S4R,8421,8422,8434,8433
PART-6-1,7416,S4R,8422,1182,1181,8434
PART-6-1,7417,S4R,1320,8423,8435,1319
PART-6-1,7418,S4R,8423,8424,8436,8435
PART-6-1,7419,S4R,8424,8425,8437,8436
PART-6-1,7420,S4R,8425,8426,8438,8437
PART-6-1,7421,S4R,8426,8427,8439,8438
PART-6-1,7422,S4R,8427,8428,8440,8439
PART-6-1,7423,S4R,8428,8429,8441,8440
PART-6-1,7424,S4R,8429,8430,8442,8441
PART-6-1,7425,S4R,8430,8431,8443,8442
PART-6-1,7426,S4R,8431,8432,8444,8443
PART-6-1,7427,S4R,8432,8433,8445,8444
PART-6-1,7428,S4R,8433,8434,8446,8445
PART-6-1,7429,S4R,8434,1181,1180,8446
PART-6-1,7430,S4R,1319,8435,8447,1318
PART-6-1,7431,S4R,8435,8436,8448,8447
PART-6-1,7432,S4R,8436,8437,8449,8448
PART-6-1,7433,S4R,8437,8438,8450,8449
PART-6-1,7434,S4R,8438,8439,8451,8450
PART-6-1,7435,S4R,8439,8440,8452,8451
PART-6-1,7436,S4R,8440,8441,8453,8452
PART-6-1,7437,S4R,8441,8442,8454,8453
PART-6-1,7438,S4R,8442,8443,8455,8454
PART-6-1,7439,S4R,8443,8444,8456,8455
PART-6-1,7440,S4R,8444,8445,8457,8456
PART-6-1,7441,S4R,8445,8446,8458,8457
PART-6-1,7442,S4R,8446,1180,1179,8458
PART-6-1,7443,S4R,1318,8447,8459,1317
PART-6-1,7444,S4R,8447,8448,8460,8459
PART-6-1,7445,S4R,8448,8449,8461,8460
PART-6-1,7446,S4R,8449,8450,8462,8461
PART-6-1,7447,S4R,8450,8451,8463,8462
PART-6-1,7448,S4R,8451,8452,8464,8463
PART-6-1,7449,S4R,8452,8453,8465,8464
PART-6-1,7450,S4R,8453,8454,8466,8465
PART-6-1,7451,S4R,8454,8455,8467,8466
PART-6-1,7452,S4R,8455,8456,8468,8467
PART-6-1,7453,S4R,8456,8457,8469,8468
PART-6-1,7454,S4R,8457,8458,8470,8469
PART-6-1,7455,S4R,8458,1179,1178,8470
PART-6-1,7456,S4R,1317,8459,8471,1316
PART-6-1,7457,S4R,8459,8460,8472,8471
PART-6-1,7458,S4R,8460,8461,8473,8472
PART-6-1,7459,S4R,8461,8462,8474,8473
PART-6-1,7460,S4R,8462,8463,8475,8474
PART-6-1,7461,S4R,8463,8464,8476,8475
PART-6-1,7462,S4R,8464,8465,8477,8476
PART-6-1,7463,S4R,8465,8466,8478,8477
PART-6-1,7464,S4R,8466,8467,8479,8478
PART-6-1,7465,S4R,8467,8468,8480,8479
PART-6-1,7466,S4R,8468,8469,8481,8480
PART-6-1,7467,S4R,8469,8470,8482,8481
PART-6-1,7468,S4R,8470,1178,1177,8482
PART-6-1,7469,S4R,1316,8471,8483,1315
PART-6-1,7470,S4R,8471,8472,8484,8483
PART-6-1,7471,S4R,8472,8473,8485,8484
PART-6-1,7472,S4R,8473,8474,8486,8485
PART-6-1,7473,S4R,8474,8475,8487,8486
PART-6-1,7474,S4R,8475,8476,8488,8487
PART-6-1,7475,S4R,8476,8477,8489,8488
PART-6-1,7476,S4R,8477,8478,8490,8489
PART-6-1,7477,S4R,8478,8479,8491,8490
PART-6-1,7478,S4R,8479,8480,8492,8491
PART-6-1,7479,S4R,8480,8481,8493,8492
PART-6-1,7480,S4R,8481,8482,8494,8493
PART-6-1,7481,S4R,8482,1177,1176,8494
PART-6-1,7482,S4R,1315,8483,8495,1314
PART-6-1,7483,S4R,8483,8484,8496,8495
PART-6-1,7484,S4R,8484,8485,8497,8496
PART-6-1,7485,S4R,8485,8486,8498,8497
PART-6-1,7486,S4R,8486,8487,8499,8498
PART-6-1,7487,S4R,8487,8488,8500,8499
PART-6-1,7488,S4R,8488,8489,8501,8500
PART-6-1,7489,S4R,8489,8490,8502,8501
PART-6-1,7490,S4R,8490,8491,8503,8502
PART-6-1,7491,S4R,8491,8492,8504,8503
PART-6-1,7492,S4R,8492,8493,8505,8504
PART-6-1,7493,S4R,8493,8494,8506,8505
PART-6-1,7494,S4R,8494,1176,1175,8506
PART-6-1,7495,S4R,1314,8495,8507,1313
PART-6-1,7496,S4R,8495,8496,8508,8507
PART-6-1,7497,S4R,8496,8497,8509,8508
PART-6-1,7498,S4R,8497,8498,8510,8509
PART-6-1,7499,S4R,8498,8499,8511,8510
PART-6-1,7500,S4R,8499,8500,8512,8511
PART-6-1,7501,S4R,8500,8501,8513,8512
PART-6-1,7502,S4R,8501,8502,8514,8513
PART-6-1,7503,S4R,8502,8503,8515,8514
PART-6-1,7504,S4R,8503,8504,8516,8515
PART-6-1,7505,S4R,8504,8505,8517,8516
PART-6-1,7506,S4R,8505,8506,8518,8517
PART-6-1,7507,S4R,8506,1175,1174,8518
PART-6-1,7508,S4R,1313,8507,8519,1312
PART-6-1,7509,S4R,8507,8508,8520,8519
PART-6-1,7510,S4R,8508,8509,8521,8520
PART-6-1,7511,S4R,8509,8510,8522,8521
PART-6-1,7512,S4R,8510,8511,8523,8522
PART-6-1,7513,S4R,8511,8512,8524,8523
PART-6-1,7514,S4R,8512,8513,8525,8524
PART-6-1,7515,S4R,8513,8514,8526,8525
PART-6-1,7516,S4R,8514,8515,8527,8526
PART-6-1,7517,S4R,8515,8516,8528,8527
PART-6-1,7518,S4R,8516,8517,8529,8528
PART-6-1,7519,S4R,8517,8518,8530,8529
PART-6-1,7520,S4R,8518,1174,1173,8530
PART-6-1,7521,S4R,1312,8519,8531,1311
PART-6-1,7522,S4R,8519,8520,8532,8531
PART-6-1,7523,S4R,8520,8521,8533,8532
PART-6-1,7524,S4R,8521,8522,8534,8533
PART-6-1,7525,S4R,8522,8523,8535,8534
PART-6-1,7526,S4R,8523,8524,8536,8535
PART-6-1,7527,S4R,8524,8525,8537,8536
PART-6-1,7528,S4R,8525,8526,8538,8537
PART-6-1,7529,S4R,8526,8527,8539,8538
PART-6-1,7530,S4R,8527,8528,8540,8539
PART-6-1,7531,S4R,8528,8529,8541,8540
PART-6-1,7532,S4R,8529,8530,8542,8541
PART-6-1,7533,S4R,8530,1173,1172,8542
PART-6-1,7534,S4R,1311,8531,8543,1310
PART-6-1,7535,S4R,8531,8532,8544,8543
PART-6-1,7536,S4R,8532,8533,8545,8544
PART-6-1,7537,S4R,8533,8534,8546,8545
PART-6-1,7538,S4R,8534,8535,8547,8546
PART-6-1,7539,S4R,8535,8536,8548,8547
PART-6-1,7540,S4R,8536,8537,8549,8548
PART-6-1,7541,S4R,8537,8538,8550,8549
PART-6-1,7542,S4R,8538,8539,8551,8550
PART-6-1,7543,S4R,8539,8540,8552,8551
PART-6-1,7544,S4R,8540,8541,8553,8552
PART-6-1,7545,S4R,8541,8542,8554,8553
PART-6-1,7546,S4R,8542,1172,1171,8554
PART-6-1,7547,S4R,1310,8543,8555,1309
PART-6-1,7548,S4R,8543,8544,8556,8555
PART-6-1,7549,S4R,8544,8545,8557,8556
PART-6-1,7550,S4R,8545,8546,8558,8557
PART-6-1,7551,S4R,8546,8547,8559,8558
PART-6-1,7552,S4R,8547,8548,8560,8559
PART-6-1,7553,S4R,8548,8549,8561,8560
PART-6-1,7554,S4R,8549,8550,8562,8561
PART-6-1,7555,S4R,8550,8551,8563,8562
PART-6-1,7556,S4R,8551,8552,8564,8563
PART-6-1,7557,S4R,8552,8553,8565,8564
PART-6-1,7558,S4R,8553,8554,8566,8565
PART-6-1,7559,S4R,8554,1171,1170,8566
PART-6-1,7560,S4R,1309,8555,8567,1308
PART-6-1,7561,S4R,8555,8556,8568,8567
PART-6-1,7562,S4R,8556,8557,8569,8568
PART-6-1,7563,S4R,8557,8558,8570,8569
PART-6-1,7564,S4R,8558,8559,8571,8570
PART-6-1,7565,S4R,8559,8560,8572,8571
PART-6-1,7566,S4R,8560,8561,8573,8572
PART-6-1,7567,S4R,8561,8562,8574,8573
PART-6-1,7568,S4R,8562,8563,8575,8574
PART-6-1,7569,S4R,8563,8564,8576,8575
PART-6-1,7570,S4R,8564,8565,8577,8576
PART-6-1,7571,S4R,8565,8566,8578,8577
PART-6-1,7572,S4R,8566,1170,1169,8578
PART-6-1,7573,S4R,1308,8567,8579,14
PART-6-1,7574,S4R,8567,8568,8580,8579
PART-6-1,7575,S4R,8568,8569,8581,8580
PART-6-1,7576,S4R,8569,8570,8582,8581
PART-6-1,7577,S4R,8570,8571,8583,8582
PART-6-1,7578,S4R,8571,8572,8584,8583
PART-6-1,7579,S4R,8572,8573,8585,8584
PART-6-1,7580,S4R,8573,8574,8586,8585
PART-6-1,7581,S4R,8574,8575,8587,8586
PART-6-1,7582,S4R,8575,8576,8588,8587
PART-6-1,7583,S4R,8576,8577,8589,8588
PART-6-1,7584,S4R,8577,8578,8590,8589
PART-6-1,7585,S4R,8578,1169,1168,8590
PART-6-1,7586,S4R,14,8579,8591,129
PART-6-1,7587,S4R,8579,8580,8592,8591
PART-6-1,7588,S4R,8580,8581,8593,8592
PART-6-1,7589,S4R,8581,8582,8594,8593
PART-6-1,7590,S4R,8582,8583,8595,8594
PART-6-1,7591,S4R,8583,8584,8596,8595
PART-6-1,7592,S4R,8584,8585,8597,8596
PART-6-1,7593,S4R,8585,8586,8598,8597
PART-6-1,7594,S4R,8586,8587,8599,8598
PART-6-1,7595,S4R,8587,8588,8600,8599
PART-6-1,7596,S4R,8588,8589,8601,8600
PART-6-1,7597,S4R,8589,8590,8602,8601
PART-6-1,7598,S4R,8590,1168,1167,8602
PART-6-1,7599,S4R,129,8591,8603,130
PART-6-1,7600,S4R,8591,8592,8604,8603
PART-6-1,7601,S4R,8592,8593,8605,8604
PART-6-1,7602,S4R,8593,8594,8606,8605
PART-6-1,7603,S4R,8594,8595,8607,8606
PART-6-1,7604,S4R,8595,8596,8608,8607
PART-6-1,7605,S4R,8596,8597,8609,8608
PART-6-1,7606,S4R,8597,8598,8610,8609
PART-6-1,7607,S4R,8598,8599,8611,8610
PART-6-1,7608,S4R,8599,8600,8612,8611
PART-6-1,7609,S4R,8600,8601,8613,8612
PART-6-1,7610,S4R,8601,8602,8614,8613
PART-6-1,7611,S4R,8602,1167,1166,8614
PART-6-1,7612,S4R,130,8603,8615,131
PART-6-1,7613,S4R,8603,8604,8616,8615
PART-6-1,7614,S4R,8604,8605,8617,8616
PART-6-1,7615,S4R,8605,8606,8618,8617
PART-6-1,7616,S4R,8606,8607,8619,8618
PART-6-1,7617,S4R,8607,8608,8620,8619
PART-6-1,7618,S4R,8608,8609,8621,8620
PART-6-1,7619,S4R,8609,8610,8622,8621
PART-6-1,7620,S4R,8610,8611,8623,8622
PART-6-1,7621,S4R,8611,8612,8624,8623
PART-6-1,7622,S4R,8612,8613,8625,8624
PART-6-1,7623,S4R,8613,8614,8626,8625
PART-6-1,7624,S4R,8614,1166,1165,8626
PART-6-1,7625,S4R,131,8615,654,15
PART-6-1,7626,S4R,8615,8616,653,654
PART-6-1,7627,S4R,8616,8617,652,653
PART-6-1,7628,S4R,8617,8618,651,652
PART-6-1,7629,S4R,8618,8619,650,651
PART-6-1,7630,S4R,8619,8620,649,650
PART-6-1,7631,S4R,8620,8621,648,649
PART-6-1,7632,S4R,8621,8622,647,648
PART-6-1,7633,S4R,8622,8623,646,647
PART-6-1,7634,S4R,8623,8624,645,646
PART-6-1,7635,S4R,8624,8625,644,645
PART-6-1,7636,S4R,8625,8626,643,644
PART-6-1,7637,S4R,8626,1165,45,643
PART-6-1,7638,S4R,64,1339,8627,1224
PART-6-1,7639,S4R,1339,1340,8628,8627
PART-6-1,7640,S4R,1340,1341,8629,8628
PART-6-1,7641,S4R,1341,1342,8630,8629
PART-6-1,7642,S4R,1342,1343,8631,8630
PART-6-1,7643,S4R,1343,1344,8632,8631
PART-6-1,7644,S4R,1344,1345,8633,8632
PART-6-1,7645,S4R,1345,1346,8634,8633
PART-6-1,7646,S4R,1346,1347,8635,8634
PART-6-1,7647,S4R,1347,1348,8636,8635
PART-6-1,7648,S4R,1348,1349,8637,8636
PART-6-1,7649,S4R,1349,1350,8638,8637
PART-6-1,7650,S4R,1350,66,1351,8638
PART-6-1,7651,S4R,1224,8627,8639,1225
PART-6-1,7652,S4R,8627,8628,8640,8639
PART-6-1,7653,S4R,8628,8629,8641,8640
PART-6-1,7654,S4R,8629,8630,8642,8641
PART-6-1,7655,S4R,8630,8631,8643,8642
PART-6-1,7656,S4R,8631,8632,8644,8643
PART-6-1,7657,S4R,8632,8633,8645,8644
PART-6-1,7658,S4R,8633,8634,8646,8645
PART-6-1,7659,S4R,8634,8635,8647,8646
PART-6-1,7660,S4R,8635,8636,8648,8647
PART-6-1,7661,S4R,8636,8637,8649,8648
PART-6-1,7662,S4R,8637,8638,8650,8649
PART-6-1,7663,S4R,8638,1351,1352,8650
PART-6-1,7664,S4R,1225,8639,8651,1226
PART-6-1,7665,S4R,8639,8640,8652,8651
PART-6-1,7666,S4R,8640,8641,8653,8652
PART-6-1,7667,S4R,8641,8642,8654,8653
PART-6-1,7668,S4R,8642,8643,8655,8654
PART-6-1,7669,S4R,8643,8644,8656,8655
PART-6-1,7670,S4R,8644,8645,8657,8656
PART-6-1,7671,S4R,8645,8646,8658,8657
PART-6-1,7672,S4R,8646,8647,8659,8658
PART-6-1,7673,S4R,8647,8648,8660,8659
PART-6-1,7674,S4R,8648,8649,8661,8660
PART-6-1,7675,S4R,8649,8650,8662,8661
PART-6-1,7676,S4R,8650,1352,1353,8662
PART-6-1,7677,S4R,1226,8651,8663,1227
PART-6-1,7678,S4R,8651,8652,8664,8663
PART-6-1,7679,S4R,8652,8653,8665,8664
PART-6-1,7680,S4R,8653,8654,8666,8665
PART-6-1,7681,S4R,8654,8655,8667,8666
PART-6-1,7682,S4R,8655,8656,8668,8667
PART-6-1,7683,S4R,8656,8657,8669,8668
PART-6-1,7684,S4R,8657,8658,8670,8669
PART-6-1,7685,S4R,8658,8659,8671,8670
PART-6-1,7686,S4R,8659,8660,8672,8671
PART-6-1,7687,S4R,8660,8661,8673,8672
PART-6-1,7688,S4R,8661,8662,8674,8673
PART-6-1,7689,S4R,8662,1353,1354,8674
PART-6-1,7690,S4R,1227,8663,8675,1228
PART-6-1,7691,S4R,8663,8664,8676,8675
PART-6-1,7692,S4R,8664,8665,8677,8676
PART-6-1,7693,S4R,8665,8666,8678,8677
PART-6-1,7694,S4R,8666,8667,8679,8678
PART-6-1,7695,S4R,8667,8668,8680,8679
PART-6-1,7696,S4R,8668,8669,8681,8680
PART-6-1,7697,S4R,8669,8670,8682,8681
PART-6-1,7698,S4R,8670,8671,8683,8682
PART-6-1,7699,S4R,8671,8672,8684,8683
PART-6-1,7700,S4R,8672,8673,8685,8684
PART-6-1,7701,S4R,8673,8674,8686,8685
PART-6-1,7702,S4R,8674,1354,1355,8686
PART-6-1,7703,S4R,1228,8675,8687,1229
PART-6-1,7704,S4R,8675,8676,8688,8687
PART-6-1,7705,S4R,8676,8677,8689,8688
PART-6-1,7706,S4R,8677,8678,8690,8689
PART-6-1,7707,S4R,8678,8679,8691,8690
PART-6-1,7708,S4R,8679,8680,8692,8691
PART-6-1,7709,S4R,8680,8681,8693,8692
PART-6-1,7710,S4R,8681,8682,8694,8693
PART-6-1,7711,S4R,8682,8683,8695,8694
PART-6-1,7712,S4R,8683,8684,8696,8695
PART-6-1,7713,S4R,8684,8685,8697,8696
PART-6-1,7714,S4R,8685,8686,8698,8697
PART-6-1,7715,S4R,8686,1355,1356,8698
PART-6-1,7716,S4R,1229,8687,8699,1230
PART-6-1,7717,S4R,8687,8688,8700,8699
PART-6-1,7718,S4R,8688,8689,8701,8700
PART-6-1,7719,S4R,8689,8690,8702,8701
PART-6-1,7720,S4R,8690,8691,8703,8702
PART-6-1,7721,S4R,8691,8692,8704,8703
PART-6-1,7722,S4R,8692,8693,8705,8704
PART-6-1,7723,S4R,8693,8694,8706,8705
PART-6-1,7724,S4R,8694,8695,8707,8706
PART-6-1,7725,S4R,8695,8696,8708,8707
PART-6-1,7726,S4R,8696,8697,8709,8708
PART-6-1,7727,S4R,8697,8698,8710,8709
PART-6-1,7728,S4R,8698,1356,1357,8710
PART-6-1,7729,S4R,1230,8699,8711,1231
PART-6-1,7730,S4R,8699,8700,8712,8711
PART-6-1,7731,S4R,8700,8701,8713,8712
PART-6-1,7732,S4R,8701,8702,8714,8713
PART-6-1,7733,S4R,8702,8703,8715,8714
PART-6-1,7734,S4R,8703,8704,8716,8715
PART-6-1,7735,S4R,8704,8705,8717,8716
PART-6-1,7736,S4R,8705,8706,8718,8717
PART-6-1,7737,S4R,8706,8707,8719,8718
PART-6-1,7738,S4R,8707,8708,8720,8719
PART-6-1,7739,S4R,8708,8709,8721,8720
PART-6-1,7740,S4R,8709,8710,8722,8721
PART-6-1,7741,S4R,8710,1357,1358,8722
PART-6-1,7742,S4R,1231,8711,8723,1232
PART-6-1,7743,S4R,8711,8712,8724,8723
PART-6-1,7744,S4R,8712,8713,8725,8724
PART-6-1,7745,S4R,8713,8714,8726,8725
PART-6-1,7746,S4R,8714,8715,8727,8726
PART-6-1,7747,S4R,8715,8716,8728,8727
PART-6-1,7748,S4R,8716,8717,8729,8728
PART-6-1,7749,S4R,8717,8718,8730,8729
PART-6-1,7750,S4R,8718,8719,8731,8730
PART-6-1,7751,S4R,8719,8720,8732,8731
PART-6-1,7752,S4R,8720,8721,8733,8732
PART-6-1,7753,S4R,8721,8722,8734,8733
PART-6-1,7754,S4R,8722,1358,1359,8734
PART-6-1,7755,S4R,1232,8723,8735,1233
PART-6-1,7756,S4R,8723,8724,8736,8735
PART-6-1,7757,S4R,8724,8725,8737,8736
PART-6-1,7758,S4R,8725,8726,8738,8737
PART-6-1,7759,S4R,8726,8727,8739,8738
PART-6-1,7760,S4R,8727,8728,8740,8739
PART-6-1,7761,S4R,8728,8729,8741,8740
PART-6-1,7762,S4R,8729,8730,8742,8741
PART-6-1,7763,S4R,8730,8731,8743,8742
PART-6-1,7764,S4R,8731,8732,8744,8743
PART-6-1,7765,S4R,8732,8733,8745,8744
PART-6-1,7766,S4R,8733,8734,8746,8745
PART-6-1,7767,S4R,8734,1359,1360,8746
PART-6-1,7768,S4R,1233,8735,8747,1234
PART-6-1,7769,S4R,8735,8736,8748,8747
PART-6-1,7770,S4R,8736,8737,8749,8748
PART-6-1,7771,S4R,8737,8738,8750,8749
PART-6-1,7772,S4R,8738,8739,8751,8750
PART-6-1,7773,S4R,8739,8740,8752,8751
PART-6-1,7774,S4R,8740,8741,8753,8752
PART-6-1,7775,S4R,8741,8742,8754,8753
PART-6-1,7776,S4R,8742,8743,8755,8754
PART-6-1,7777,S4R,8743,8744,8756,8755
PART-6-1,7778,S4R,8744,8745,8757,8756
PART-6-1,7779,S4R,8745,8746,8758,8757
PART-6-1,7780,S4R,8746,1360,1361,8758
PART-6-1,7781,S4R,1234,8747,8759,1235
PART-6-1,7782,S4R,8747,8748,8760,8759
PART-6-1,7783,S4R,8748,8749,8761,8760
PART-6-1,7784,S4R,8749,8750,8762,8761
PART-6-1,7785,S4R,8750,8751,8763,8762
PART-6-1,7786,S4R,8751,8752,8764,8763
PART-6-1,7787,S4R,8752,8753,8765,8764
PART-6-1,7788,S4R,8753,8754,8766,8765
PART-6-1,7789,S4R,8754,8755,8767,8766
PART-6-1,7790,S4R,8755,8756,8768,8767
PART-6-1,7791,S4R,8756,8757,8769,8768
PART-6-1,7792,S4R,8757,8758,8770,8769
PART-6-1,7793,S4R,8758,1361,1362,8770
PART-6-1,7794,S4R,1235,8759,8771,1236
PART-6-1,7795,S4R,8759,8760,8772,8771
PART-6-1,7796,S4R,8760,8761,8773,8772
PART-6-1,7797,S4R,8761,8762,8774,8773
PART-6-1,7798,S4R,8762,8763,8775,8774
PART-6-1,7799,S4R,8763,8764,8776,8775
PART-6-1,7800,S4R,8764,8765,8777,8776
PART-6-1,7801,S4R,8765,8766,8778,8777
PART-6-1,7802,S4R,8766,8767,8779,8778
PART-6-1,7803,S4R,8767,8768,8780,8779
PART-6-1,7804,S4R,8768,8769,8781,8780
PART-6-1,7805,S4R,8769,8770,8782,8781
PART-6-1,7806,S4R,8770,1362,1363,8782
PART-6-1,7807,S4R,1236,8771,8783,1237
PART-6-1,7808,S4R,8771,8772,8784,8783
PART-6-1,7809,S4R,8772,8773,8785,8784
PART-6-1,7810,S4R,8773,8774,8786,8785
PART-6-1,7811,S4R,8774,8775,8787,8786
PART-6-1,7812,S4R,8775,8776,8788,8787
PART-6-1,7813,S4R,8776,8777,8789,8788
PART-6-1,7814,S4R,8777,8778,8790,8789
PART-6-1,7815,S4R,8778,8779,8791,8790
PART-6-1,7816,S4R,8779,8780,8792,8791
PART-6-1,7817,S4R,8780,8781,8793,8792
PART-6-1,7818,S4R,8781,8782,8794,8793
PART-6-1,7819,S4R,8782,1363,1364,8794
PART-6-1,7820,S4R,1237,8783,8795,1238
PART-6-1,7821,S4R,8783,8784,8796,8795
PART-6-1,7822,S4R,8784,8785,8797,8796
PART-6-1,7823,S4R,8785,8786,8798,8797
PART-6-1,7824,S4R,8786,8787,8799,8798
PART-6-1,7825,S4R,8787,8788,8800,8799
PART-6-1,7826,S4R,8788,8789,8801,8800
PART-6-1,7827,S4R,8789,8790,8802,8801
PART-6-1,7828,S4R,8790,8791,8803,8802
PART-6-1,7829,S4R,8791,8792,8804,8803
PART-6-1,7830,S4R,8792,8793,8805,8804
PART-6-1,7831,S4R,8793,8794,8806,8805
PART-6-1,7832,S4R,8794,1364,1365,8806
PART-6-1,7833,S4R,1238,8795,8807,1239
PART-6-1,7834,S4R,8795,8796,8808,8807
PART-6-1,7835,S4R,8796,8797,8809,8808
PART-6-1,7836,S4R,8797,8798,8810,8809
PART-6-1,7837,S4R,8798,8799,8811,8810
PART-6-1,7838,S4R,8799,8800,8812,8811
PART-6-1,7839,S4R,8800,8801,8813,8812
PART-6-1,7840,S4R,8801,8802,8814,8813
PART-6-1,7841,S4R,8802,8803,8815,8814
PART-6-1,7842,S4R,8803,8804,8816,8815
PART-6-1,7843,S4R,8804,8805,8817,8816
PART-6-1,7844,S4R,8805,8806,8818,8817
PART-6-1,7845,S4R,8806,1365,1366,8818
PART-6-1,7846,S4R,1239,8807,8819,1240
PART-6-1,7847,S4R,8807,8808,8820,8819
PART-6-1,7848,S4R,8808,8809,8821,8820
PART-6-1,7849,S4R,8809,8810,8822,8821
PART-6-1,7850,S4R,8810,8811,8823,8822
PART-6-1,7851,S4R,8811,8812,8824,8823
PART-6-1,7852,S4R,8812,8813,8825,8824
PART-6-1,7853,S4R,8813,8814,8826,8825
PART-6-1,7854,S4R,8814,8815,8827,8826
PART-6-1,7855,S4R,8815,8816,8828,8827
PART-6-1,7856,S4R,8816,8817,8829,8828
PART-6-1,7857,S4R,8817,8818,8830,8829
PART-6-1,7858,S4R,8818,1366,1367,8830
PART-6-1,7859,S4R,1240,8819,8831,1241
PART-6-1,7860,S4R,8819,8820,8832,8831
PART-6-1,7861,S4R,8820,8821,8833,8832
PART-6-1,7862,S4R,8821,8822,8834,8833
PART-6-1,7863,S4R,8822,8823,8835,8834
PART-6-1,7864,S4R,8823,8824,8836,8835
PART-6-1,7865,S4R,8824,8825,8837,8836
PART-6-1,7866,S4R,8825,8826,8838,8837
PART-6-1,7867,S4R,8826,8827,8839,8838
PART-6-1,7868,S4R,8827,8828,8840,8839
PART-6-1,7869,S4R,8828,8829,8841,8840
PART-6-1,7870,S4R,8829,8830,8842,8841
PART-6-1,7871,S4R,8830,1367,1368,8842
PART-6-1,7872,S4R,1241,8831,8843,1242
PART-6-1,7873,S4R,8831,8832,8844,8843
PART-6-1,7874,S4R,8832,8833,8845,8844
PART-6-1,7875,S4R,8833,8834,8846,8845
PART-6-1,7876,S4R,8834,8835,8847,8846
PART-6-1,7877,S4R,8835,8836,8848,8847
PART-6-1,7878,S4R,8836,8837,8849,8848
PART-6-1,7879,S4R,8837,8838,8850,8849
PART-6-1,7880,S4R,8838,8839,8851,8850
PART-6-1,7881,S4R,8839,8840,8852,8851
PART-6-1,7882,S4R,8840,8841,8853,8852
PART-6-1,7883,S4R,8841,8842,8854,8853
PART-6-1,7884,S4R,8842,1368,1369,8854
PART-6-1,7885,S4R,1242,8843,8855,1243
PART-6-1,7886,S4R,8843,8844,8856,8855
PART-6-1,7887,S4R,8844,8845,8857,8856
PART-6-1,7888,S4R,8845,8846,8858,8857
PART-6-1,7889,S4R,8846,8847,8859,8858
PART-6-1,7890,S4R,8847,8848,8860,8859
PART-6-1,7891,S4R,8848,8849,8861,8860
PART-6-1,7892,S4R,8849,8850,8862,8861
PART-6-1,7893,S4R,8850,8851,8863,8862
PART-6-1,7894,S4R,8851,8852,8864,8863
PART-6-1,7895,S4R,8852,8853,8865,8864
PART-6-1,7896,S4R,8853,8854,8866,8865
PART-6-1,7897,S4R,8854,1369,1370,8866
PART-6-1,7898,S4R,1243,8855,8867,1244
PART-6-1,7899,S4R,8855,8856,8868,8867
PART-6-1,7900,S4R,8856,8857,8869,8868
PART-6-1,7901,S4R,8857,8858,8870,8869
PART-6-1,7902,S4R,8858,8859,8871,8870
PART-6-1,7903,S4R,8859,8860,8872,8871
PART-6-1,7904,S4R,8860,8861,8873,8872
PART-6-1,7905,S4R,8861,8862,8874,8873
PART-6-1,7906,S4R,8862,8863,8875,8874
PART-6-1,7907,S4R,8863,8864,8876,8875
PART-6-1,7908,S4R,8864,8865,8877,8876
PART-6-1,7909,S4R,8865,8866,8878,8877
PART-6-1,7910,S4R,8866,1370,1371,8878
PART-6-1,7911,S4R,1244,8867,8879,1245
PART-6-1,7912,S4R,8867,8868,8880,8879
PART-6-1,7913,S4R,8868,8869,8881,8880
PART-6-1,7914,S4R,8869,8870,8882,8881
PART-6-1,7915,S4R,8870,8871,8883,8882
PART-6-1,7916,S4R,8871,8872,8884,8883
PART-6-1,7917,S4R,8872,8873,8885,8884
PART-6-1,7918,S4R,8873,8874,8886,8885
PART-6-1,7919,S4R,8874,8875,8887,8886
PART-6-1,7920,S4R,8875,8876,8888,8887
PART-6-1,7921,S4R,8876,8877,8889,8888
PART-6-1,7922,S4R,8877,8878,8890,8889
PART-6-1,7923,S4R,8878,1371,1372,8890
PART-6-1,7924,S4R,1245,8879,8891,1246
PART-6-1,7925,S4R,8879,8880,8892,8891
PART-6-1,7926,S4R,8880,8881,8893,8892
PART-6-1,7927,S4R,8881,8882,8894,8893
PART-6-1,7928,S4R,8882,8883,8895,8894
PART-6-1,7929,S4R,8883,8884,8896,8895
PART-6-1,7930,S4R,8884,8885,8897,8896
PART-6-1,7931,S4R,8885,8886,8898,8897
PART-6-1,7932,S4R,8886,8887,8899,8898
PART-6-1,7933,S4R,8887,8888,8900,8899
PART-6-1,7934,S4R,8888,8889,8901,8900
PART-6-1,7935,S4R,8889,8890,8902,8901
PART-6-1,7936,S4R,8890,1372,1373,8902
PART-6-1,7937,S4R,1246,8891,8903,1247
PART-6-1,7938,S4R,8891,8892,8904,8903
PART-6-1,7939,S4R,8892,8893,8905,8904
PART-6-1,7940,S4R,8893,8894,8906,8905
PART-6-1,7941,S4R,8894,8895,8907,8906
PART-6-1,7942,S4R,8895,8896,8908,8907
PART-6-1,7943,S4R,8896,8897,8909,8908
PART-6-1,7944,S4R,8897,8898,8910,8909
PART-6-1,7945,S4R,8898,8899,8911,8910
PART-6-1,7946,S4R,8899,8900,8912,8911
PART-6-1,7947,S4R,8900,8901,8913,8912
PART-6-1,7948,S4R,8901,8902,8914,8913
PART-6-1,7949,S4R,8902,1373,1374,8914
PART-6-1,7950,S4R,1247,8903,8915,1248
PART-6-1,7951,S4R,8903,8904,8916,8915
PART-6-1,7952,S4R,8904,8905,8917,8916
PART-6-1,7953,S4R,8905,8906,8918,8917
PART-6-1,7954,S4R,8906,8907,8919,8918
PART-6-1,7955,S4R,8907,8908,8920,8919
PART-6-1,7956,S4R,8908,8909,8921,8920
PART-6-1,7957,S4R,8909,8910,8922,8921
PART-6-1,7958,S4R,8910,8911,8923,8922
PART-6-1,7959,S4R,8911,8912,8924,8923
PART-6-1,7960,S4R,8912,8913,8925,8924
PART-6-1,7961,S4R,8913,8914,8926,8925
PART-6-1,7962,S4R,8914,1374,1375,8926
PART-6-1,7963,S4R,1248,8915,8927,1249
PART-6-1,7964,S4R,8915,8916,8928,8927
PART-6-1,7965,S4R,8916,8917,8929,8928
PART-6-1,7966,S4R,8917,8918,8930,8929
PART-6-1,7967,S4R,8918,8919,8931,8930
PART-6-1,7968,S4R,8919,8920,8932,8931
PART-6-1,7969,S4R,8920,8921,8933,8932
PART-6-1,7970,S4R,8921,8922,8934,8933
PART-6-1,7971,S4R,8922,8923,8935,8934
PART-6-1,7972,S4R,8923,8924,8936,8935
PART-6-1,7973,S4R,8924,8925,8937,8936
PART-6-1,7974,S4R,8925,8926,8938,8937
PART-6-1,7975,S4R,8926,1375,1376,8938
PART-6-1,7976,S4R,1249,8927,8939,1250
PART-6-1,7977,S4R,8927,8928,8940,8939
PART-6-1,7978,S4R,8928,8929,8941,8940
PART-6-1,7979,S4R,8929,8930,8942,8941
PART-6-1,7980,S4R,8930,8931,8943,8942
PART-6-1,7981,S4R,8931,8932,8944,8943
PART-6-1,7982,S4R,8932,8933,8945,8944
PART-6-1,7983,S4R,8933,8934,8946,8945
PART-6-1,7984,S4R,8934,8935,8947,8946
PART-6-1,7985,S4R,8935,8936,8948,8947
PART-6-1,7986,S4R,8936,8937,8949,8948
PART-6-1,7987,S4R,8937,8938,8950,8949
PART-6-1,7988,S4R,8938,1376,1377,8950
PART-6-1,7989,S4R,1250,8939,8951,1251
PART-6-1,7990,S4R,8939,8940,8952,8951
PART-6-1,7991,S4R,8940,8941,8953,8952
PART-6-1,7992,S4R,8941,8942,8954,8953
PART-6-1,7993,S4R,8942,8943,8955,8954
PART-6-1,7994,S4R,8943,8944,8956,8955
PART-6-1,7995,S4R,8944,8945,8957,8956
PART-6-1,7996,S4R,8945,8946,8958,8957
PART-6-1,7997,S4R,8946,8947,8959,8958
PART-6-1,7998,S4R,8947,8948,8960,8959
PART-6-1,7999,S4R,8948,8949,8961,8960
PART-6-1,8000,S4R,8949,8950,8962,8961
PART-6-1,8001,S4R,8950,1377,1378,8962
PART-6-1,8002,S4R,1251,8951,8963,1252
PART-6-1,8003,S4R,8951,8952,8964,8963
PART-6-1,8004,S4R,8952,8953,8965,8964
PART-6-1,8005,S4R,8953,8954,8966,8965
PART-6-1,8006,S4R,8954,8955,8967,8966
PART-6-1,8007,S4R,8955,8956,8968,8967
PART-6-1,8008,S4R,8956,8957,8969,8968
PART-6-1,8009,S4R,8957,8958,8970,8969
PART-6-1,8010,S4R,8958,8959,8971,8970
PART-6-1,8011,S4R,8959,8960,8972,8971
PART-6-1,8012,S4R,8960,8961,8973,8972
PART-6-1,8013,S4R,8961,8962,8974,8973
PART-6-1,8014,S4R,8962,1378,1379,8974
PART-6-1,8015,S4R,1252,8963,8975,1253
PART-6-1,8016,S4R,8963,8964,8976,8975
PART-6-1,8017,S4R,8964,8965,8977,8976
PART-6-1,8018,S4R,8965,8966,8978,8977
PART-6-1,8019,S4R,8966,8967,8979,8978
PART-6-1,8020,S4R,8967,8968,8980,8979
PART-6-1,8021,S4R,8968,8969,8981,8980
PART-6-1,8022,S4R,8969,8970,8982,8981
PART-6-1,8023,S4R,8970,8971,8983,8982
PART-6-1,8024,S4R,8971,8972,8984,8983
PART-6-1,8025,S4R,8972,8973,8985,8984
PART-6-1,8026,S4R,8973,8974,8986,8985
PART-6-1,8027,S4R,8974,1379,1380,8986
PART-6-1,8028,S4R,1253,8975,8987,1254
PART-6-1,8029,S4R,8975,8976,8988,8987
PART-6-1,8030,S4R,8976,8977,8989,8988
PART-6-1,8031,S4R,8977,8978,8990,8989
PART-6-1,8032,S4R,8978,8979,8991,8990
PART-6-1,8033,S4R,8979,8980,8992,8991
PART-6-1,8034,S4R,8980,8981,8993,8992
PART-6-1,8035,S4R,8981,8982,8994,8993
PART-6-1,8036,S4R,8982,8983,8995,8994
PART-6-1,8037,S4R,8983,8984,8996,8995
PART-6-1,8038,S4R,8984,8985,8997,8996
PART-6-1,8039,S4R,8985,8986,8998,8997
PART-6-1,8040,S4R,8986,1380,1381,8998
PART-6-1,8041,S4R,1254,8987,8999,1255
PART-6-1,8042,S4R,8987,8988,9000,8999
PART-6-1,8043,S4R,8988,8989,9001,9000
PART-6-1,8044,S4R,8989,8990,9002,9001
PART-6-1,8045,S4R,8990,8991,9003,9002
PART-6-1,8046,S4R,8991,8992,9004,9003
PART-6-1,8047,S4R,8992,8993,9005,9004
PART-6-1,8048,S4R,8993,8994,9006,9005
PART-6-1,8049,S4R,8994,8995,9007,9006
PART-6-1,8050,S4R,8995,8996,9008,9007
PART-6-1,8051,S4R,8996,8997,9009,9008
PART-6-1,8052,S4R,8997,8998,9010,9009
PART-6-1,8053,S4R,8998,1381,1382,9010
PART-6-1,8054,S4R,1255,8999,9011,1256
PART-6-1,8055,S4R,8999,9000,9012,9011
PART-6-1,8056,S4R,9000,9001,9013,9012
PART-6-1,8057,S4R,9001,9002,9014,9013
PART-6-1,8058,S4R,9002,9003,9015,9014
PART-6-1,8059,S4R,9003,9004,9016,9015
PART-6-1,8060,S4R,9004,9005,9017,9016
PART-6-1,8061,S4R,9005,9006,9018,9017
PART-6-1,8062,S4R,9006,9007,9019,9018
PART-6-1,8063,S4R,9007,9008,9020,9019
PART-6-1,8064,S4R,9008,9009,9021,9020
PART-6-1,8065,S4R,9009,9010,9022,9021
PART-6-1,8066,S4R,9010,1382,5,9022
PART-6-1,8067,S4R,1256,9011,9023,1257
PART-6-1,8068,S4R,9011,9012,9024,9023
PART-6-1,8069,S4R,9012,9013,9025,9024
PART-6-1,8070,S4R,9013,9014,9026,9025
PART-6-1,8071,S4R,9014,9015,9027,9026
PART-6-1,8072,S4R,9015,9016,9028,9027
PART-6-1,8073,S4R,9016,9017,9029,9028
PART-6-1,8074,S4R,9017,9018,9030,9029
PART-6-1,8075,S4R,9018,9019,9031,9030
PART-6-1,8076,S4R,9019,9020,9032,9031
PART-6-1,8077,S4R,9020,9021,9033,9032
PART-6-1,8078,S4R,9021,9022,9034,9033
PART-6-1,8079,S4R,9022,5,90,9034
PART-6-1,8080,S4R,1257,9023,9035,1258
PART-6-1,8081,S4R,9023,9024,9036,9035
PART-6-1,8082,S4R,9024,9025,9037,9036
PART-6-1,8083,S4R,9025,9026,9038,9037
PART-6-1,8084,S4R,9026,9027,9039,9038
PART-6-1,8085,S4R,9027,9028,9040,9039
PART-6-1,8086,S4R,9028,9029,9041,9040
PART-6-1,8087,S4R,9029,9030,9042,9041
PART-6-1,8088,S4R,9030,9031,9043,9042
PART-6-1,8089,S4R,9031,9032,9044,9043
PART-6-1,8090,S4R,9032,9033,9045,9044
PART-6-1,8091,S4R,9033,9034,9046,9045
PART-6-1,8092,S4R,9034,90,91,9046
PART-6-1,8093,S4R,1258,9035,9047,1259
PART-6-1,8094,S4R,9035,9036,9048,9047
PART-6-1,8095,S4R,9036,9037,9049,9048
PART-6-1,8096,S4R,9037,9038,9050,9049
PART-6-1,8097,S4R,9038,9039,9051,9050
PART-6-1,8098,S4R,9039,9040,9052,9051
PART-6-1,8099,S4R,9040,9041,9053,9052
PART-6-1,8100,S4R,9041,9042,9054,9053
PART-6-1,8101,S4R,9042,9043,9055,9054
PART-6-1,8102,S4R,9043,9044,9056,9055
PART-6-1,8103,S4R,9044,9045,9057,9056
PART-6-1,8104,S4R,9045,9046,9058,9057
PART-6-1,8105,S4R,9046,91,92,9058
PART-6-1,8106,S4R,1259,9047,343,36
PART-6-1,8107,S4R,9047,9048,342,343
PART-6-1,8108,S4R,9048,9049,341,342
PART-6-1,8109,S4R,9049,9050,340,341
PART-6-1,8110,S4R,9050,9051,339,340
PART-6-1,8111,S4R,9051,9052,338,339
PART-6-1,8112,S4R,9052,9053,337,338
PART-6-1,8113,S4R,9053,9054,336,337
PART-6-1,8114,S4R,9054,9055,335,336
PART-6-1,8115,S4R,9055,9056,334,335
PART-6-1,8116,S4R,9056,9057,333,334
PART-6-1,8117,S4R,9057,9058,332,333
PART-6-1,8118,S4R,9058,92,6,332
PART-6-1,8119,S4R,67,1383,9059,1462
PART-6-1,8120,S4R,1383,1384,9060,9059
PART-6-1,8121,S4R,1384,1385,9061,9060
PART-6-1,8122,S4R,1385,1386,9062,9061
PART-6-1,8123,S4R,1386,1387,9063,9062
PART-6-1,8124,S4R,1387,1388,9064,9063
PART-6-1,8125,S4R,1388,1389,9065,9064
PART-6-1,8126,S4R,1389,1390,9066,9065
PART-6-1,8127,S4R,1390,1391,9067,9066
PART-6-1,8128,S4R,1391,1392,9068,9067
PART-6-1,8129,S4R,1392,1393,9069,9068
PART-6-1,8130,S4R,1393,1394,9070,9069
PART-6-1,8131,S4R,1394,60,1395,9070
PART-6-1,8132,S4R,1462,9059,9071,1461
PART-6-1,8133,S4R,9059,9060,9072,9071
PART-6-1,8134,S4R,9060,9061,9073,9072
PART-6-1,8135,S4R,9061,9062,9074,9073
PART-6-1,8136,S4R,9062,9063,9075,9074
PART-6-1,8137,S4R,9063,9064,9076,9075
PART-6-1,8138,S4R,9064,9065,9077,9076
PART-6-1,8139,S4R,9065,9066,9078,9077
PART-6-1,8140,S4R,9066,9067,9079,9078
PART-6-1,8141,S4R,9067,9068,9080,9079
PART-6-1,8142,S4R,9068,9069,9081,9080
PART-6-1,8143,S4R,9069,9070,9082,9081
PART-6-1,8144,S4R,9070,1395,1396,9082
PART-6-1,8145,S4R,1461,9071,9083,1460
PART-6-1,8146,S4R,9071,9072,9084,9083
PART-6-1,8147,S4R,9072,9073,9085,9084
PART-6-1,8148,S4R,9073,9074,9086,9085
PART-6-1,8149,S4R,9074,9075,9087,9086
PART-6-1,8150,S4R,9075,9076,9088,9087
PART-6-1,8151,S4R,9076,9077,9089,9088
PART-6-1,8152,S4R,9077,9078,9090,9089
PART-6-1,8153,S4R,9078,9079,9091,9090
PART-6-1,8154,S4R,9079,9080,9092,9091
PART-6-1,8155,S4R,9080,9081,9093,9092
PART-6-1,8156,S4R,9081,9082,9094,9093
PART-6-1,8157,S4R,9082,1396,1397,9094
PART-6-1,8158,S4R,1460,9083,9095,1459
PART-6-1,8159,S4R,9083,9084,9096,9095
PART-6-1,8160,S4R,9084,9085,9097,9096
PART-6-1,8161,S4R,9085,9086,9098,9097
PART-6-1,8162,S4R,9086,9087,9099,9098
PART-6-1,8163,S4R,9087,9088,9100,9099
PART-6-1,8164,S4R,9088,9089,9101,9100
PART-6-1,8165,S4R,9089,9090,9102,9101
PART-6-1,8166,S4R,9090,9091,9103,9102
PART-6-1,8167,S4R,9091,9092,9104,9103
PART-6-1,8168,S4R,9092,9093,9105,9104
PART-6-1,8169,S4R,9093,9094,9106,9105
PART-6-1,8170,S4R,9094,1397,1398,9106
PART-6-1,8171,S4R,1459,9095,9107,1458
PART-6-1,8172,S4R,9095,9096,9108,9107
PART-6-1,8173,S4R,9096,9097,9109,9108
PART-6-1,8174,S4R,9097,9098,9110,9109
PART-6-1,8175,S4R,9098,9099,9111,9110
PART-6-1,8176,S4R,9099,9100,9112,9111
PART-6-1,8177,S4R,9100,9101,9113,9112
PART-6-1,8178,S4R,9101,9102,9114,9113
PART-6-1,8179,S4R,9102,9103,9115,9114
PART-6-1,8180,S4R,9103,9104,9116,9115
PART-6-1,8181,S4R,9104,9105,9117,9116
PART-6-1,8182,S4R,9105,9106,9118,9117
PART-6-1,8183,S4R,9106,1398,1399,9118
PART-6-1,8184,S4R,1458,9107,9119,1457
PART-6-1,8185,S4R,9107,9108,9120,9119
PART-6-1,8186,S4R,9108,9109,9121,9120
PART-6-1,8187,S4R,9109,9110,9122,9121
PART-6-1,8188,S4R,9110,9111,9123,9122
PART-6-1,8189,S4R,9111,9112,9124,9123
PART-6-1,8190,S4R,9112,9113,9125,9124
PART-6-1,8191,S4R,9113,9114,9126,9125
PART-6-1,8192,S4R,9114,9115,9127,9126
PART-6-1,8193,S4R,9115,9116,9128,9127
PART-6-1,8194,S4R,9116,9117,9129,9128
PART-6-1,8195,S4R,9117,9118,9130,9129
PART-6-1,8196,S4R,9118,1399,1400,9130
PART-6-1,8197,S4R,1457,9119,9131,1456
PART-6-1,8198,S4R,9119,9120,9132,9131
PART-6-1,8199,S4R,9120,9121,9133,9132
PART-6-1,8200,S4R,9121,9122,9134,9133
PART-6-1,8201,S4R,9122,9123,9135,9134
PART-6-1,8202,S4R,9123,9124,9136,9135
PART-6-1,8203,S4R,9124,9125,9137,9136
PART-6-1,8204,S4R,9125,9126,9138,9137
PART-6-1,8205,S4R,9126,9127,9139,9138
PART-6-1,8206,S4R,9127,9128,9140,9139
PART-6-1,8207,S4R,9128,9129,9141,9140
PART-6-1,8208,S4R,9129,9130,9142,9141
PART-6-1,8209,S4R,9130,1400,1401,9142
PART-6-1,8210,S4R,1456,9131,9143,1455
PART-6-1,8211,S4R,9131,9132,9144,9143
PART-6-1,8212,S4R,9132,9133,9145,9144
PART-6-1,8213,S4R,9133,9134,9146,9145
PART-6-1,8214,S4R,9134,9135,9147,9146
PART-6-1,8215,S4R,9135,9136,9148,9147
PART-6-1,8216,S4R,9136,9137,9149,9148
PART-6-1,8217,S4R,9137,9138,9150,9149
PART-6-1,8218,S4R,9138,9139,9151,9150
PART-6-1,8219,S4R,9139,9140,9152,9151
PART-6-1,8220,S4R,9140,9141,9153,9152
PART-6-1,8221,S4R,9141,9142,9154,9153
PART-6-1,8222,S4R,9142,1401,1402,9154
PART-6-1,8223,S4R,1455,9143,9155,1454
PART-6-1,8224,S4R,9143,9144,9156,9155
PART-6-1,8225,S4R,9144,9145,9157,9156
PART-6-1,8226,S4R,9145,9146,9158,9157
PART-6-1,8227,S4R,9146,9147,9159,9158
PART-6-1,8228,S4R,9147,9148,9160,9159
PART-6-1,8229,S4R,9148,9149,9161,9160
PART-6-1,8230,S4R,9149,9150,9162,9161
PART-6-1,8231,S4R,9150,9151,9163,9162
PART-6-1,8232,S4R,9151,9152,9164,9163
PART-6-1,8233,S4R,9152,9153,9165,9164
PART-6-1,8234,S4R,9153,9154,9166,9165
PART-6-1,8235,S4R,9154,1402,1403,9166
PART-6-1,8236,S4R,1454,9155,9167,1453
PART-6-1,8237,S4R,9155,9156,9168,9167
PART-6-1,8238,S4R,9156,9157,9169,9168
PART-6-1,8239,S4R,9157,9158,9170,9169
PART-6-1,8240,S4R,9158,9159,9171,9170
PART-6-1,8241,S4R,9159,9160,9172,9171
PART-6-1,8242,S4R,9160,9161,9173,9172
PART-6-1,8243,S4R,9161,9162,9174,9173
PART-6-1,8244,S4R,9162,9163,9175,9174
PART-6-1,8245,S4R,9163,9164,9176,9175
PART-6-1,8246,S4R,9164,9165,9177,9176
PART-6-1,8247,S4R,9165,9166,9178,9177
PART-6-1,8248,S4R,9166,1403,1404,9178
PART-6-1,8249,S4R,1453,9167,9179,1452
PART-6-1,8250,S4R,9167,9168,9180,9179
PART-6-1,8251,S4R,9168,9169,9181,9180
PART-6-1,8252,S4R,9169,9170,9182,9181
PART-6-1,8253,S4R,9170,9171,9183,9182
PART-6-1,8254,S4R,9171,9172,9184,9183
PART-6-1,8255,S4R,9172,9173,9185,9184
PART-6-1,8256,S4R,9173,9174,9186,9185
PART-6-1,8257,S4R,9174,9175,9187,9186
PART-6-1,8258,S4R,9175,9176,9188,9187
PART-6-1,8259,S4R,9176,9177,9189,9188
PART-6-1,8260,S4R,9177,9178,9190,9189
PART-6-1,8261,S4R,9178,1404,1405,9190
PART-6-1,8262,S4R,1452,9179,9191,1451
PART-6-1,8263,S4R,9179,9180,9192,9191
PART-6-1,8264,S4R,9180,9181,9193,9192
PART-6-1,8265,S4R,9181,9182,9194,9193
PART-6-1,8266,S4R,9182,9183,9195,9194
PART-6-1,8267,S4R,9183,9184,9196,9195
PART-6-1,8268,S4R,9184,9185,9197,9196
PART-6-1,8269,S4R,9185,9186,9198,9197
PART-6-1,8270,S4R,9186,9187,9199,9198
PART-6-1,8271,S4R,9187,9188,9200,9199
PART-6-1,8272,S4R,9188,9189,9201,9200
PART-6-1,8273,S4R,9189,9190,9202,9201
PART-6-1,8274,S4R,9190,1405,1406,9202
PART-6-1,8275,S4R,1451,9191,9203,1450
PART-6-1,8276,S4R,9191,9192,9204,9203
PART-6-1,8277,S4R,9192,9193,9205,9204
PART-6-1,8278,S4R,9193,9194,9206,9205
PART-6-1,8279,S4R,9194,9195,9207,9206
PART-6-1,8280,S4R,9195,9196,9208,9207
PART-6-1,8281,S4R,9196,9197,9209,9208
PART-6-1,8282,S4R,9197,9198,9210,9209
PART-6-1,8283,S4R,9198,9199,9211,9210
PART-6-1,8284,S4R,9199,9200,9212,9211
PART-6-1,8285,S4R,9200,9201,9213,9212
PART-6-1,8286,S4R,9201,9202,9214,9213
PART-6-1,8287,S4R,9202,1406,1407,9214
PART-6-1,8288,S4R,1450,9203,9215,1449
PART-6-1,8289,S4R,9203,9204,9216,9215
PART-6-1,8290,S4R,9204,9205,9217,9216
PART-6-1,8291,S4R,9205,9206,9218,9217
PART-6-1,8292,S4R,9206,9207,9219,9218
PART-6-1,8293,S4R,9207,9208,9220,9219
PART-6-1,8294,S4R,9208,9209,9221,9220
PART-6-1,8295,S4R,9209,9210,9222,9221
PART-6-1,8296,S4R,9210,9211,9223,9222
PART-6-1,8297,S4R,9211,9212,9224,9223
PART-6-1,8298,S4R,9212,9213,9225,9224
PART-6-1,8299,S4R,9213,9214,9226,9225
PART-6-1,8300,S4R,9214,1407,1408,9226
PART-6-1,8301,S4R,1449,9215,9227,1448
PART-6-1,8302,S4R,9215,9216,9228,9227
PART-6-1,8303,S4R,9216,9217,9229,9228
PART-6-1,8304,S4R,9217,9218,9230,9229
PART-6-1,8305,S4R,9218,9219,9231,9230
PART-6-1,8306,S4R,9219,9220,9232,9231
PART-6-1,8307,S4R,9220,9221,9233,9232
PART-6-1,8308,S4R,9221,9222,9234,9233
PART-6-1,8309,S4R,9222,9223,9235,9234
PART-6-1,8310,S4R,9223,9224,9236,9235
PART-6-1,8311,S4R,9224,9225,9237,9236
PART-6-1,8312,S4R,9225,9226,9238,9237
PART-6-1,8313,S4R,9226,1408,1409,9238
PART-6-1,8314,S4R,1448,9227,9239,1447
PART-6-1,8315,S4R,9227,9228,9240,9239
PART-6-1,8316,S4R,9228,9229,9241,9240
PART-6-1,8317,S4R,9229,9230,9242,9241
PART-6-1,8318,S4R,9230,9231,9243,9242
PART-6-1,8319,S4R,9231,9232,9244,9243
PART-6-1,8320,S4R,9232,9233,9245,9244
PART-6-1,8321,S4R,9233,9234,9246,9245
PART-6-1,8322,S4R,9234,9235,9247,9246
PART-6-1,8323,S4R,9235,9236,9248,9247
PART-6-1,8324,S4R,9236,9237,9249,9248
PART-6-1,8325,S4R,9237,9238,9250,9249
PART-6-1,8326,S4R,9238,1409,1410,9250
PART-6-1,8327,S4R,1447,9239,9251,1446
PART-6-1,8328,S4R,9239,9240,9252,9251
PART-6-1,8329,S4R,9240,9241,9253,9252
PART-6-1,8330,S4R,9241,9242,9254,9253
PART-6-1,8331,S4R,9242,9243,9255,9254
PART-6-1,8332,S4R,9243,9244,9256,9255
PART-6-1,8333,S4R,9244,9245,9257,9256
PART-6-1,8334,S4R,9245,9246,9258,9257
PART-6-1,8335,S4R,9246,9247,9259,9258
PART-6-1,8336,S4R,9247,9248,9260,9259
PART-6-1,8337,S4R,9248,9249,9261,9260
PART-6-1,8338,S4R,9249,9250,9262,9261
PART-6-1,8339,S4R,9250,1410,1411,9262
PART-6-1,8340,S4R,1446,9251,9263,1445
PART-6-1,8341,S4R,9251,9252,9264,9263
PART-6-1,8342,S4R,9252,9253,9265,9264
PART-6-1,8343,S4R,9253,9254,9266,9265
PART-6-1,8344,S4R,9254,9255,9267,9266
PART-6-1,8345,S4R,9255,9256,9268,9267
PART-6-1,8346,S4R,9256,9257,9269,9268
PART-6-1,8347,S4R,9257,9258,9270,9269
PART-6-1,8348,S4R,9258,9259,9271,9270
PART-6-1,8349,S4R,9259,9260,9272,9271
PART-6-1,8350,S4R,9260,9261,9273,9272
PART-6-1,8351,S4R,9261,9262,9274,9273
PART-6-1,8352,S4R,9262,1411,1412,9274
PART-6-1,8353,S4R,1445,9263,9275,1444
PART-6-1,8354,S4R,9263,9264,9276,9275
PART-6-1,8355,S4R,9264,9265,9277,9276
PART-6-1,8356,S4R,9265,9266,9278,9277
PART-6-1,8357,S4R,9266,9267,9279,9278
PART-6-1,8358,S4R,9267,9268,9280,9279
PART-6-1,8359,S4R,9268,9269,9281,9280
PART-6-1,8360,S4R,9269,9270,9282,9281
PART-6-1,8361,S4R,9270,9271,9283,9282
PART-6-1,8362,S4R,9271,9272,9284,9283
PART-6-1,8363,S4R,9272,9273,9285,9284
PART-6-1,8364,S4R,9273,9274,9286,9285
PART-6-1,8365,S4R,9274,1412,1413,9286
PART-6-1,8366,S4R,1444,9275,9287,1443
PART-6-1,8367,S4R,9275,9276,9288,9287
PART-6-1,8368,S4R,9276,9277,9289,9288
PART-6-1,8369,S4R,9277,9278,9290,9289
PART-6-1,8370,S4R,9278,9279,9291,9290
PART-6-1,8371,S4R,9279,9280,9292,9291
PART-6-1,8372,S4R,9280,9281,9293,9292
PART-6-1,8373,S4R,9281,9282,9294,9293
PART-6-1,8374,S4R,9282,9283,9295,9294
PART-6-1,8375,S4R,9283,9284,9296,9295
PART-6-1,8376,S4R,9284,9285,9297,9296
PART-6-1,8377,S4R,9285,9286,9298,9297
PART-6-1,8378,S4R,9286,1413,1414,9298
PART-6-1,8379,S4R,1443,9287,9299,1442
PART-6-1,8380,S4R,9287,9288,9300,9299
PART-6-1,8381,S4R,9288,9289,9301,9300
PART-6-1,8382,S4R,9289,9290,9302,9301
PART-6-1,8383,S4R,9290,9291,9303,9302
PART-6-1,8384,S4R,9291,9292,9304,9303
PART-6-1,8385,S4R,9292,9293,9305,9304
PART-6-1,8386,S4R,9293,9294,9306,9305
PART-6-1,8387,S4R,9294,9295,9307,9306
PART-6-1,8388,S4R,9295,9296,9308,9307
PART-6-1,8389,S4R,9296,9297,9309,9308
PART-6-1,8390,S4R,9297,9298,9310,9309
PART-6-1,8391,S4R,9298,1414,1415,9310
PART-6-1,8392,S4R,1442,9299,9311,1441
PART-6-1,8393,S4R,9299,9300,9312,9311
PART-6-1,8394,S4R,9300,9301,9313,9312
PART-6-1,8395,S4R,9301,9302,9314,9313
PART-6-1,8396,S4R,9302,9303,9315,9314
PART-6-1,8397,S4R,9303,9304,9316,9315
PART-6-1,8398,S4R,9304,9305,9317,9316
PART-6-1,8399,S4R,9305,9306,9318,9317
PART-6-1,8400,S4R,9306,9307,9319,9318
PART-6-1,8401,S4R,9307,9308,9320,9319
PART-6-1,8402,S4R,9308,9309,9321,9320
PART-6-1,8403,S4R,9309,9310,9322,9321
PART-6-1,8404,S4R,9310,1415,1416,9322
PART-6-1,8405,S4R,1441,9311,9323,1440
PART-6-1,8406,S4R,9311,9312,9324,9323
PART-6-1,8407,S4R,9312,9313,9325,9324
PART-6-1,8408,S4R,9313,9314,9326,9325
PART-6-1,8409,S4R,9314,9315,9327,9326
PART-6-1,8410,S4R,9315,9316,9328,9327
PART-6-1,8411,S4R,9316,9317,9329,9328
PART-6-1,8412,S4R,9317,9318,9330,9329
PART-6-1,8413,S4R,9318,9319,9331,9330
PART-6-1,8414,S4R,9319,9320,9332,9331
PART-6-1,8415,S4R,9320,9321,9333,9332
PART-6-1,8416,S4R,9321,9322,9334,9333
PART-6-1,8417,S4R,9322,1416,1417,9334
PART-6-1,8418,S4R,1440,9323,9335,1439
PART-6-1,8419,S4R,9323,9324,9336,9335
PART-6-1,8420,S4R,9324,9325,9337,9336
PART-6-1,8421,S4R,9325,9326,9338,9337
PART-6-1,8422,S4R,9326,9327,9339,9338
PART-6-1,8423,S4R,9327,9328,9340,9339
PART-6-1,8424,S4R,9328,9329,9341,9340
PART-6-1,8425,S4R,9329,9330,9342,9341
PART-6-1,8426,S4R,9330,9331,9343,9342
PART-6-1,8427,S4R,9331,9332,9344,9343
PART-6-1,8428,S4R,9332,9333,9345,9344
PART-6-1,8429,S4R,9333,9334,9346,9345
PART-6-1,8430,S4R,9334,1417,1418,9346
PART-6-1,8431,S4R,1439,9335,9347,1438
PART-6-1,8432,S4R,9335,9336,9348,9347
PART-6-1,8433,S4R,9336,9337,9349,9348
PART-6-1,8434,S4R,9337,9338,9350,9349
PART-6-1,8435,S4R,9338,9339,9351,9350
PART-6-1,8436,S4R,9339,9340,9352,9351
PART-6-1,8437,S4R,9340,9341,9353,9352
PART-6-1,8438,S4R,9341,9342,9354,9353
PART-6-1,8439,S4R,9342,9343,9355,9354
PART-6-1,8440,S4R,9343,9344,9356,9355
PART-6-1,8441,S4R,9344,9345,9357,9356
PART-6-1,8442,S4R,9345,9346,9358,9357
PART-6-1,8443,S4R,9346,1418,1419,9358
PART-6-1,8444,S4R,1438,9347,9359,1437
PART-6-1,8445,S4R,9347,9348,9360,9359
PART-6-1,8446,S4R,9348,9349,9361,9360
PART-6-1,8447,S4R,9349,9350,9362,9361
PART-6-1,8448,S4R,9350,9351,9363,9362
PART-6-1,8449,S4R,9351,9352,9364,9363
PART-6-1,8450,S4R,9352,9353,9365,9364
PART-6-1,8451,S4R,9353,9354,9366,9365
PART-6-1,8452,S4R,9354,9355,9367,9366
PART-6-1,8453,S4R,9355,9356,9368,9367
PART-6-1,8454,S4R,9356,9357,9369,9368
PART-6-1,8455,S4R,9357,9358,9370,9369
PART-6-1,8456,S4R,9358,1419,1420,9370
PART-6-1,8457,S4R,1437,9359,9371,1436
PART-6-1,8458,S4R,9359,9360,9372,9371
PART-6-1,8459,S4R,9360,9361,9373,9372
PART-6-1,8460,S4R,9361,9362,9374,9373
PART-6-1,8461,S4R,9362,9363,9375,9374
PART-6-1,8462,S4R,9363,9364,9376,9375
PART-6-1,8463,S4R,9364,9365,9377,9376
PART-6-1,8464,S4R,9365,9366,9378,9377
PART-6-1,8465,S4R,9366,9367,9379,9378
PART-6-1,8466,S4R,9367,9368,9380,9379
PART-6-1,8467,S4R,9368,9369,9381,9380
PART-6-1,8468,S4R,9369,9370,9382,9381
PART-6-1,8469,S4R,9370,1420,1421,9382
PART-6-1,8470,S4R,1436,9371,9383,1435
PART-6-1,8471,S4R,9371,9372,9384,9383
PART-6-1,8472,S4R,9372,9373,9385,9384
PART-6-1,8473,S4R,9373,9374,9386,9385
PART-6-1,8474,S4R,9374,9375,9387,9386
PART-6-1,8475,S4R,9375,9376,9388,9387
PART-6-1,8476,S4R,9376,9377,9389,9388
PART-6-1,8477,S4R,9377,9378,9390,9389
PART-6-1,8478,S4R,9378,9379,9391,9390
PART-6-1,8479,S4R,9379,9380,9392,9391
PART-6-1,8480,S4R,9380,9381,9393,9392
PART-6-1,8481,S4R,9381,9382,9394,9393
PART-6-1,8482,S4R,9382,1421,1422,9394
PART-6-1,8483,S4R,1435,9383,9395,1434
PART-6-1,8484,S4R,9383,9384,9396,9395
PART-6-1,8485,S4R,9384,9385,9397,9396
PART-6-1,8486,S4R,9385,9386,9398,9397
PART-6-1,8487,S4R,9386,9387,9399,9398
PART-6-1,8488,S4R,9387,9388,9400,9399
PART-6-1,8489,S4R,9388,9389,9401,9400
PART-6-1,8490,S4R,9389,9390,9402,9401
PART-6-1,8491,S4R,9390,9391,9403,9402
PART-6-1,8492,S4R,9391,9392,9404,9403
PART-6-1,8493,S4R,9392,9393,9405,9404
PART-6-1,8494,S4R,9393,9394,9406,9405
PART-6-1,8495,S4R,9394,1422,1423,9406
PART-6-1,8496,S4R,1434,9395,9407,1433
PART-6-1,8497,S4R,9395,9396,9408,9407
PART-6-1,8498,S4R,9396,9397,9409,9408
PART-6-1,8499,S4R,9397,9398,9410,9409
PART-6-1,8500,S4R,9398,9399,9411,9410
PART-6-1,8501,S4R,9399,9400,9412,9411
PART-6-1,8502,S4R,9400,9401,9413,9412
PART-6-1,8503,S4R,9401,9402,9414,9413
PART-6-1,8504,S4R,9402,9403,9415,9414
PART-6-1,8505,S4R,9403,9404,9416,9415
PART-6-1,8506,S4R,9404,9405,9417,9416
PART-6-1,8507,S4R,9405,9406,9418,9417
PART-6-1,8508,S4R,9406,1423,1424,9418
PART-6-1,8509,S4R,1433,9407,9419,1432
PART-6-1,8510,S4R,9407,9408,9420,9419
PART-6-1,8511,S4R,9408,9409,9421,9420
PART-6-1,8512,S4R,9409,9410,9422,9421
PART-6-1,8513,S4R,9410,9411,9423,9422
PART-6-1,8514,S4R,9411,9412,9424,9423
PART-6-1,8515,S4R,9412,9413,9425,9424
PART-6-1,8516,S4R,9413,9414,9426,9425
PART-6-1,8517,S4R,9414,9415,9427,9426
PART-6-1,8518,S4R,9415,9416,9428,9427
PART-6-1,8519,S4R,9416,9417,9429,9428
PART-6-1,8520,S4R,9417,9418,9430,9429
PART-6-1,8521,S4R,9418,1424,1425,9430
PART-6-1,8522,S4R,1432,9419,9431,1431
PART-6-1,8523,S4R,9419,9420,9432,9431
PART-6-1,8524,S4R,9420,9421,9433,9432
PART-6-1,8525,S4R,9421,9422,9434,9433
PART-6-1,8526,S4R,9422,9423,9435,9434
PART-6-1,8527,S4R,9423,9424,9436,9435
PART-6-1,8528,S4R,9424,9425,9437,9436
PART-6-1,8529,S4R,9425,9426,9438,9437
PART-6-1,8530,S4R,9426,9427,9439,9438
PART-6-1,8531,S4R,9427,9428,9440,9439
PART-6-1,8532,S4R,9428,9429,9441,9440
PART-6-1,8533,S4R,9429,9430,9442,9441
PART-6-1,8534,S4R,9430,1425,1426,9442
PART-6-1,8535,S4R,1431,9431,9443,8
PART-6-1,8536,S4R,9431,9432,9444,9443
PART-6-1,8537,S4R,9432,9433,9445,9444
PART-6-1,8538,S4R,9433,9434,9446,9445
PART-6-1,8539,S4R,9434,9435,9447,9446
PART-6-1,8540,S4R,9435,9436,9448,9447
PART-6-1,8541,S4R,9436,9437,9449,9448
PART-6-1,8542,S4R,9437,9438,9450,9449
PART-6-1,8543,S4R,9438,9439,9451,9450
PART-6-1,8544,S4R,9439,9440,9452,9451
PART-6-1,8545,S4R,9440,9441,9453,9452
PART-6-1,8546,S4R,9441,9442,9454,9453
PART-6-1,8547,S4R,9442,1426,1427,9454
PART-6-1,8548,S4R,8,9443,9455,103
PART-6-1,8549,S4R,9443,9444,9456,9455
PART-6-1,8550,S4R,9444,9445,9457,9456
PART-6-1,8551,S4R,9445,9446,9458,9457
PART-6-1,8552,S4R,9446,9447,9459,9458
PART-6-1,8553,S4R,9447,9448,9460,9459
PART-6-1,8554,S4R,9448,9449,9461,9460
PART-6-1,8555,S4R,9449,9450,9462,9461
PART-6-1,8556,S4R,9450,9451,9463,9462
PART-6-1,8557,S4R,9451,9452,9464,9463
PART-6-1,8558,S4R,9452,9453,9465,9464
PART-6-1,8559,S4R,9453,9454,9466,9465
PART-6-1,8560,S4R,9454,1427,1428,9466
PART-6-1,8561,S4R,103,9455,9467,104
PART-6-1,8562,S4R,9455,9456,9468,9467
PART-6-1,8563,S4R,9456,9457,9469,9468
PART-6-1,8564,S4R,9457,9458,9470,9469
PART-6-1,8565,S4R,9458,9459,9471,9470
PART-6-1,8566,S4R,9459,9460,9472,9471
PART-6-1,8567,S4R,9460,9461,9473,9472
PART-6-1,8568,S4R,9461,9462,9474,9473
PART-6-1,8569,S4R,9462,9463,9475,9474
PART-6-1,8570,S4R,9463,9464,9476,9475
PART-6-1,8571,S4R,9464,9465,9477,9476
PART-6-1,8572,S4R,9465,9466,9478,9477
PART-6-1,8573,S4R,9466,1428,1429,9478
PART-6-1,8574,S4R,104,9467,9479,105
PART-6-1,8575,S4R,9467,9468,9480,9479
PART-6-1,8576,S4R,9468,9469,9481,9480
PART-6-1,8577,S4R,9469,9470,9482,9481
PART-6-1,8578,S4R,9470,9471,9483,9482
PART-6-1,8579,S4R,9471,9472,9484,9483
PART-6-1,8580,S4R,9472,9473,9485,9484
PART-6-1,8581,S4R,9473,9474,9486,9485
PART-6-1,8582,S4R,9474,9475,9487,9486
PART-6-1,8583,S4R,9475,9476,9488,9487
PART-6-1,8584,S4R,9476,9477,9489,9488
PART-6-1,8585,S4R,9477,9478,9490,9489
PART-6-1,8586,S4R,9478,1429,1430,9490
PART-6-1,8587,S4R,105,9479,317,9
PART-6-1,8588,S4R,9479,9480,316,317
PART-6-1,8589,S4R,9480,9481,315,316
PART-6-1,8590,S4R,9481,9482,314,315
PART-6-1,8591,S4R,9482,9483,313,314
PART-6-1,8592,S4R,9483,9484,312,313
PART-6-1,8593,S4R,9484,9485,311,312
PART-6-1,8594,S4R,9485,9486,310,311
PART-6-1,8595,S4R,9486,9487,309,310
PART-6-1,8596,S4R,9487,9488,308,309
PART-6-1,8597,S4R,9488,9489,307,308
PART-6-1,8598,S4R,9489,9490,306,307
PART-6-1,8599,S4R,9490,1430,34,306
PART-6-1,8600,S4R,58,1463,9491,983
PART-6-1,8601,S4R,1463,1464,9492,9491
PART-6-1,8602,S4R,1464,1465,9493,9492
PART-6-1,8603,S4R,1465,1466,9494,9493
PART-6-1,8604,S4R,1466,1467,9495,9494
PART-6-1,8605,S4R,1467,1468,9496,9495
PART-6-1,8606,S4R,1468,1469,9497,9496
PART-6-1,8607,S4R,1469,1470,9498,9497
PART-6-1,8608,S4R,1470,1471,9499,9498
PART-6-1,8609,S4R,1471,1472,9500,9499
PART-6-1,8610,S4R,1472,1473,9501,9500
PART-6-1,8611,S4R,1473,1474,9502,9501
PART-6-1,8612,S4R,1474,68,1475,9502
PART-6-1,8613,S4R,983,9491,9503,984
PART-6-1,8614,S4R,9491,9492,9504,9503
PART-6-1,8615,S4R,9492,9493,9505,9504
PART-6-1,8616,S4R,9493,9494,9506,9505
PART-6-1,8617,S4R,9494,9495,9507,9506
PART-6-1,8618,S4R,9495,9496,9508,9507
PART-6-1,8619,S4R,9496,9497,9509,9508
PART-6-1,8620,S4R,9497,9498,9510,9509
PART-6-1,8621,S4R,9498,9499,9511,9510
PART-6-1,8622,S4R,9499,9500,9512,9511
PART-6-1,8623,S4R,9500,9501,9513,9512
PART-6-1,8624,S4R,9501,9502,9514,9513
PART-6-1,8625,S4R,9502,1475,1476,9514
PART-6-1,8626,S4R,984,9503,9515,985
PART-6-1,8627,S4R,9503,9504,9516,9515
PART-6-1,8628,S4R,9504,9505,9517,9516
PART-6-1,8629,S4R,9505,9506,9518,9517
PART-6-1,8630,S4R,9506,9507,9519,9518
PART-6-1,8631,S4R,9507,9508,9520,9519
PART-6-1,8632,S4R,9508,9509,9521,9520
PART-6-1,8633,S4R,9509,9510,9522,9521
PART-6-1,8634,S4R,9510,9511,9523,9522
PART-6-1,8635,S4R,9511,9512,9524,9523
PART-6-1,8636,S4R,9512,9513,9525,9524
PART-6-1,8637,S4R,9513,9514,9526,9525
PART-6-1,8638,S4R,9514,1476,1477,9526
PART-6-1,8639,S4R,985,9515,9527,986
PART-6-1,8640,S4R,9515,9516,9528,9527
PART-6-1,8641,S4R,9516,9517,9529,9528
PART-6-1,8642,S4R,9517,9518,9530,9529
PART-6-1,8643,S4R,9518,9519,9531,9530
PART-6-1,8644,S4R,9519,9520,9532,9531
PART-6-1,8645,S4R,9520,9521,9533,9532
PART-6-1,8646,S4R,9521,9522,9534,9533
PART-6-1,8647,S4R,9522,9523,9535,9534
PART-6-1,8648,S4R,9523,9524,9536,9535
PART-6-1,8649,S4R,9524,9525,9537,9536
PART-6-1,8650,S4R,9525,9526,9538,9537
PART-6-1,8651,S4R,9526,1477,1478,9538
PART-6-1,8652,S4R,986,9527,9539,987
PART-6-1,8653,S4R,9527,9528,9540,9539
PART-6-1,8654,S4R,9528,9529,9541,9540
PART-6-1,8655,S4R,9529,9530,9542,9541
PART-6-1,8656,S4R,9530,9531,9543,9542
PART-6-1,8657,S4R,9531,9532,9544,9543
PART-6-1,8658,S4R,9532,9533,9545,9544
PART-6-1,8659,S4R,9533,9534,9546,9545
PART-6-1,8660,S4R,9534,9535,9547,9546
PART-6-1,8661,S4R,9535,9536,9548,9547
PART-6-1,8662,S4R,9536,9537,9549,9548
PART-6-1,8663,S4R,9537,9538,9550,9549
PART-6-1,8664,S4R,9538,1478,1479,9550
PART-6-1,8665,S4R,987,9539,9551,988
PART-6-1,8666,S4R,9539,9540,9552,9551
PART-6-1,8667,S4R,9540,9541,9553,9552
PART-6-1,8668,S4R,9541,9542,9554,9553
PART-6-1,8669,S4R,9542,9543,9555,9554
PART-6-1,8670,S4R,9543,9544,9556,9555
PART-6-1,8671,S4R,9544,9545,9557,9556
PART-6-1,8672,S4R,9545,9546,9558,9557
PART-6-1,8673,S4R,9546,9547,9559,9558
PART-6-1,8674,S4R,9547,9548,9560,9559
PART-6-1,8675,S4R,9548,9549,9561,9560
PART-6-1,8676,S4R,9549,9550,9562,9561
PART-6-1,8677,S4R,9550,1479,1480,9562
PART-6-1,8678,S4R,988,9551,9563,989
PART-6-1,8679,S4R,9551,9552,9564,9563
PART-6-1,8680,S4R,9552,9553,9565,9564
PART-6-1,8681,S4R,9553,9554,9566,9565
PART-6-1,8682,S4R,9554,9555,9567,9566
PART-6-1,8683,S4R,9555,9556,9568,9567
PART-6-1,8684,S4R,9556,9557,9569,9568
PART-6-1,8685,S4R,9557,9558,9570,9569
PART-6-1,8686,S4R,9558,9559,9571,9570
PART-6-1,8687,S4R,9559,9560,9572,9571
PART-6-1,8688,S4R,9560,9561,9573,9572
PART-6-1,8689,S4R,9561,9562,9574,9573
PART-6-1,8690,S4R,9562,1480,1481,9574
PART-6-1,8691,S4R,989,9563,9575,990
PART-6-1,8692,S4R,9563,9564,9576,9575
PART-6-1,8693,S4R,9564,9565,9577,9576
PART-6-1,8694,S4R,9565,9566,9578,9577
PART-6-1,8695,S4R,9566,9567,9579,9578
PART-6-1,8696,S4R,9567,9568,9580,9579
PART-6-1,8697,S4R,9568,9569,9581,9580
PART-6-1,8698,S4R,9569,9570,9582,9581
PART-6-1,8699,S4R,9570,9571,9583,9582
PART-6-1,8700,S4R,9571,9572,9584,9583
PART-6-1,8701,S4R,9572,9573,9585,9584
PART-6-1,8702,S4R,9573,9574,9586,9585
PART-6-1,8703,S4R,9574,1481,1482,9586
PART-6-1,8704,S4R,990,9575,9587,991
PART-6-1,8705,S4R,9575,9576,9588,9587
PART-6-1,8706,S4R,9576,9577,9589,9588
PART-6-1,8707,S4R,9577,9578,9590,9589
PART-6-1,8708,S4R,9578,9579,9591,9590
PART-6-1,8709,S4R,9579,9580,9592,9591
PART-6-1,8710,S4R,9580,9581,9593,9592
PART-6-1,8711,S4R,9581,9582,9594,9593
PART-6-1,8712,S4R,9582,9583,9595,9594
PART-6-1,8713,S4R,9583,9584,9596,9595
PART-6-1,8714,S4R,9584,9585,9597,9596
PART-6-1,8715,S4R,9585,9586,9598,9597
PART-6-1,8716,S4R,9586,1482,1483,9598
PART-6-1,8717,S4R,991,9587,9599,992
PART-6-1,8718,S4R,9587,9588,9600,9599
PART-6-1,8719,S4R,9588,9589,9601,9600
PART-6-1,8720,S4R,9589,9590,9602,9601
PART-6-1,8721,S4R,9590,9591,9603,9602
PART-6-1,8722,S4R,9591,9592,9604,9603
PART-6-1,8723,S4R,9592,9593,9605,9604
PART-6-1,8724,S4R,9593,9594,9606,9605
PART-6-1,8725,S4R,9594,9595,9607,9606
PART-6-1,8726,S4R,9595,9596,9608,9607
PART-6-1,8727,S4R,9596,9597,9609,9608
PART-6-1,8728,S4R,9597,9598,9610,9609
PART-6-1,8729,S4R,9598,1483,1484,9610
PART-6-1,8730,S4R,992,9599,9611,993
PART-6-1,8731,S4R,9599,9600,9612,9611
PART-6-1,8732,S4R,9600,9601,9613,9612
PART-6-1,8733,S4R,9601,9602,9614,9613
PART-6-1,8734,S4R,9602,9603,9615,9614
PART-6-1,8735,S4R,9603,9604,9616,9615
PART-6-1,8736,S4R,9604,9605,9617,9616
PART-6-1,8737,S4R,9605,9606,9618,9617
PART-6-1,8738,S4R,9606,9607,9619,9618
PART-6-1,8739,S4R,9607,9608,9620,9619
PART-6-1,8740,S4R,9608,9609,9621,9620
PART-6-1,8741,S4R,9609,9610,9622,9621
PART-6-1,8742,S4R,9610,1484,1485,9622
PART-6-1,8743,S4R,993,9611,9623,994
PART-6-1,8744,S4R,9611,9612,9624,9623
PART-6-1,8745,S4R,9612,9613,9625,9624
PART-6-1,8746,S4R,9613,9614,9626,9625
PART-6-1,8747,S4R,9614,9615,9627,9626
PART-6-1,8748,S4R,9615,9616,9628,9627
PART-6-1,8749,S4R,9616,9617,9629,9628
PART-6-1,8750,S4R,9617,9618,9630,9629
PART-6-1,8751,S4R,9618,9619,9631,9630
PART-6-1,8752,S4R,9619,9620,9632,9631
PART-6-1,8753,S4R,9620,9621,9633,9632
PART-6-1,8754,S4R,9621,9622,9634,9633
PART-6-1,8755,S4R,9622,1485,1486,9634
PART-6-1,8756,S4R,994,9623,9635,995
PART-6-1,8757,S4R,9623,9624,9636,9635
PART-6-1,8758,S4R,9624,9625,9637,9636
PART-6-1,8759,S4R,9625,9626,9638,9637
PART-6-1,8760,S4R,9626,9627,9639,9638
PART-6-1,8761,S4R,9627,9628,9640,9639
PART-6-1,8762,S4R,9628,9629,9641,9640
PART-6-1,8763,S4R,9629,9630,9642,9641
PART-6-1,8764,S4R,9630,9631,9643,9642
PART-6-1,8765,S4R,9631,9632,9644,9643
PART-6-1,8766,S4R,9632,9633,9645,9644
PART-6-1,8767,S4R,9633,9634,9646,9645
PART-6-1,8768,S4R,9634,1486,1487,9646
PART-6-1,8769,S4R,995,9635,9647,996
PART-6-1,8770,S4R,9635,9636,9648,9647
PART-6-1,8771,S4R,9636,9637,9649,9648
PART-6-1,8772,S4R,9637,9638,9650,9649
PART-6-1,8773,S4R,9638,9639,9651,9650
PART-6-1,8774,S4R,9639,9640,9652,9651
PART-6-1,8775,S4R,9640,9641,9653,9652
PART-6-1,8776,S4R,9641,9642,9654,9653
PART-6-1,8777,S4R,9642,9643,9655,9654
PART-6-1,8778,S4R,9643,9644,9656,9655
PART-6-1,8779,S4R,9644,9645,9657,9656
PART-6-1,8780,S4R,9645,9646,9658,9657
PART-6-1,8781,S4R,9646,1487,1488,9658
PART-6-1,8782,S4R,996,9647,9659,997
PART-6-1,8783,S4R,9647,9648,9660,9659
PART-6-1,8784,S4R,9648,9649,9661,9660
PART-6-1,8785,S4R,9649,9650,9662,9661
PART-6-1,8786,S4R,9650,9651,9663,9662
PART-6-1,8787,S4R,9651,9652,9664,9663
PART-6-1,8788,S4R,9652,9653,9665,9664
PART-6-1,8789,S4R,9653,9654,9666,9665
PART-6-1,8790,S4R,9654,9655,9667,9666
PART-6-1,8791,S4R,9655,9656,9668,9667
PART-6-1,8792,S4R,9656,9657,9669,9668
PART-6-1,8793,S4R,9657,9658,9670,9669
PART-6-1,8794,S4R,9658,1488,1489,9670
PART-6-1,8795,S4R,997,9659,9671,998
PART-6-1,8796,S4R,9659,9660,9672,9671
PART-6-1,8797,S4R,9660,9661,9673,9672
PART-6-1,8798,S4R,9661,9662,9674,9673
PART-6-1,8799,S4R,9662,9663,9675,9674
PART-6-1,8800,S4R,9663,9664,9676,9675
PART-6-1,8801,S4R,9664,9665,9677,9676
PART-6-1,8802,S4R,9665,9666,9678,9677
PART-6-1,8803,S4R,9666,9667,9679,9678
PART-6-1,8804,S4R,9667,9668,9680,9679
PART-6-1,8805,S4R,9668,9669,9681,9680
PART-6-1,8806,S4R,9669,9670,9682,9681
PART-6-1,8807,S4R,9670,1489,1490,9682
PART-6-1,8808,S4R,998,9671,9683,999
PART-6-1,8809,S4R,9671,9672,9684,9683
PART-6-1,8810,S4R,9672,9673,9685,9684
PART-6-1,8811,S4R,9673,9674,9686,9685
PART-6-1,8812,S4R,9674,9675,9687,9686
PART-6-1,8813,S4R,9675,9676,9688,9687
PART-6-1,8814,S4R,9676,9677,9689,9688
PART-6-1,8815,S4R,9677,9678,9690,9689
PART-6-1,8816,S4R,9678,9679,9691,9690
PART-6-1,8817,S4R,9679,9680,9692,9691
PART-6-1,8818,S4R,9680,9681,9693,9692
PART-6-1,8819,S4R,9681,9682,9694,9693
PART-6-1,8820,S4R,9682,1490,1491,9694
PART-6-1,8821,S4R,999,9683,9695,1000
PART-6-1,8822,S4R,9683,9684,9696,9695
PART-6-1,8823,S4R,9684,9685,9697,9696
PART-6-1,8824,S4R,9685,9686,9698,9697
PART-6-1,8825,S4R,9686,9687,9699,9698
PART-6-1,8826,S4R,9687,9688,9700,9699
PART-6-1,8827,S4R,9688,9689,9701,9700
PART-6-1,8828,S4R,9689,9690,9702,9701
PART-6-1,8829,S4R,9690,9691,9703,9702
PART-6-1,8830,S4R,9691,9692,9704,9703
PART-6-1,8831,S4R,9692,9693,9705,9704
PART-6-1,8832,S4R,9693,9694,9706,9705
PART-6-1,8833,S4R,9694,1491,1492,9706
PART-6-1,8834,S4R,1000,9695,9707,1001
PART-6-1,8835,S4R,9695,9696,9708,9707
PART-6-1,8836,S4R,9696,9697,9709,9708
PART-6-1,8837,S4R,9697,9698,9710,9709
PART-6-1,8838,S4R,9698,9699,9711,9710
PART-6-1,8839,S4R,9699,9700,9712,9711
PART-6-1,8840,S4R,9700,9701,9713,9712
PART-6-1,8841,S4R,9701,9702,9714,9713
PART-6-1,8842,S4R,9702,9703,9715,9714
PART-6-1,8843,S4R,9703,9704,9716,9715
PART-6-1,8844,S4R,9704,9705,9717,9716
PART-6-1,8845,S4R,9705,9706,9718,9717
PART-6-1,8846,S4R,9706,1492,1493,9718
PART-6-1,8847,S4R,1001,9707,9719,1002
PART-6-1,8848,S4R,9707,9708,9720,9719
PART-6-1,8849,S4R,9708,9709,9721,9720
PART-6-1,8850,S4R,9709,9710,9722,9721
PART-6-1,8851,S4R,9710,9711,9723,9722
PART-6-1,8852,S4R,9711,9712,9724,9723
PART-6-1,8853,S4R,9712,9713,9725,9724
PART-6-1,8854,S4R,9713,9714,9726,9725
PART-6-1,8855,S4R,9714,9715,9727,9726
PART-6-1,8856,S4R,9715,9716,9728,9727
PART-6-1,8857,S4R,9716,9717,9729,9728
PART-6-1,8858,S4R,9717,9718,9730,9729
PART-6-1,8859,S4R,9718,1493,1494,9730
PART-6-1,8860,S4R,1002,9719,9731,1003
PART-6-1,8861,S4R,9719,9720,9732,9731
PART-6-1,8862,S4R,9720,9721,9733,9732
PART-6-1,8863,S4R,9721,9722,9734,9733
PART-6-1,8864,S4R,9722,9723,9735,9734
PART-6-1,8865,S4R,9723,9724,9736,9735
PART-6-1,8866,S4R,9724,9725,9737,9736
PART-6-1,8867,S4R,9725,9726,9738,9737
PART-6-1,8868,S4R,9726,9727,9739,9738
PART-6-1,8869,S4R,9727,9728,9740,9739
PART-6-1,8870,S4R,9728,9729,9741,9740
PART-6-1,8871,S4R,9729,9730,9742,9741
PART-6-1,8872,S4R,9730,1494,1495,9742
PART-6-1,8873,S4R,1003,9731,9743,1004
PART-6-1,8874,S4R,9731,9732,9744,9743
PART-6-1,8875,S4R,9732,9733,9745,9744
PART-6-1,8876,S4R,9733,9734,9746,9745
PART-6-1,8877,S4R,9734,9735,9747,9746
PART-6-1,8878,S4R,9735,9736,9748,9747
PART-6-1,8879,S4R,9736,9737,9749,9748
PART-6-1,8880,S4R,9737,9738,9750,9749
PART-6-1,8881,S4R,9738,9739,9751,9750
PART-6-1,8882,S4R,9739,9740,9752,9751
PART-6-1,8883,S4R,9740,9741,9753,9752
PART-6-1,8884,S4R,9741,9742,9754,9753
PART-6-1,8885,S4R,9742,1495,1496,9754
PART-6-1,8886,S4R,1004,9743,9755,1005
PART-6-1,8887,S4R,9743,9744,9756,9755
PART-6-1,8888,S4R,9744,9745,9757,9756
PART-6-1,8889,S4R,9745,9746,9758,9757
PART-6-1,8890,S4R,9746,9747,9759,9758
PART-6-1,8891,S4R,9747,9748,9760,9759
PART-6-1,8892,S4R,9748,9749,9761,9760
PART-6-1,8893,S4R,9749,9750,9762,9761
PART-6-1,8894,S4R,9750,9751,9763,9762
PART-6-1,8895,S4R,9751,9752,9764,9763
PART-6-1,8896,S4R,9752,9753,9765,9764
PART-6-1,8897,S4R,9753,9754,9766,9765
PART-6-1,8898,S4R,9754,1496,1497,9766
PART-6-1,8899,S4R,1005,9755,9767,1006
PART-6-1,8900,S4R,9755,9756,9768,9767
PART-6-1,8901,S4R,9756,9757,9769,9768
PART-6-1,8902,S4R,9757,9758,9770,9769
PART-6-1,8903,S4R,9758,9759,9771,9770
PART-6-1,8904,S4R,9759,9760,9772,9771
PART-6-1,8905,S4R,9760,9761,9773,9772
PART-6-1,8906,S4R,9761,9762,9774,9773
PART-6-1,8907,S4R,9762,9763,9775,9774
PART-6-1,8908,S4R,9763,9764,9776,9775
PART-6-1,8909,S4R,9764,9765,9777,9776
PART-6-1,8910,S4R,9765,9766,9778,9777
PART-6-1,8911,S4R,9766,1497,1498,9778
PART-6-1,8912,S4R,1006,9767,9779,1007
PART-6-1,8913,S4R,9767,9768,9780,9779
PART-6-1,8914,S4R,9768,9769,9781,9780
PART-6-1,8915,S4R,9769,9770,9782,9781
PART-6-1,8916,S4R,9770,9771,9783,9782
PART-6-1,8917,S4R,9771,9772,9784,9783
PART-6-1,8918,S4R,9772,9773,9785,9784
PART-6-1,8919,S4R,9773,9774,9786,9785
PART-6-1,8920,S4R,9774,9775,9787,9786
PART-6-1,8921,S4R,9775,9776,9788,9787
PART-6-1,8922,S4R,9776,9777,9789,9788
PART-6-1,8923,S4R,9777,9778,9790,9789
PART-6-1,8924,S4R,9778,1498,1499,9790
PART-6-1,8925,S4R,1007,9779,9791,1008
PART-6-1,8926,S4R,9779,9780,9792,9791
PART-6-1,8927,S4R,9780,9781,9793,9792
PART-6-1,8928,S4R,9781,9782,9794,9793
PART-6-1,8929,S4R,9782,9783,9795,9794
PART-6-1,8930,S4R,9783,9784,9796,9795
PART-6-1,8931,S4R,9784,9785,9797,9796
PART-6-1,8932,S4R,9785,9786,9798,9797
PART-6-1,8933,S4R,9786,9787,9799,9798
PART-6-1,8934,S4R,9787,9788,9800,9799
PART-6-1,8935,S4R,9788,9789,9801,9800
PART-6-1,8936,S4R,9789,9790,9802,9801
PART-6-1,8937,S4R,9790,1499,1500,9802
PART-6-1,8938,S4R,1008,9791,9803,1009
PART-6-1,8939,S4R,9791,9792,9804,9803
PART-6-1,8940,S4R,9792,9793,9805,9804
PART-6-1,8941,S4R,9793,9794,9806,9805
PART-6-1,8942,S4R,9794,9795,9807,9806
PART-6-1,8943,S4R,9795,9796,9808,9807
PART-6-1,8944,S4R,9796,9797,9809,9808
PART-6-1,8945,S4R,9797,9798,9810,9809
PART-6-1,8946,S4R,9798,9799,9811,9810
PART-6-1,8947,S4R,9799,9800,9812,9811
PART-6-1,8948,S4R,9800,9801,9813,9812
PART-6-1,8949,S4R,9801,9802,9814,9813
PART-6-1,8950,S4R,9802,1500,1501,9814
PART-6-1,8951,S4R,1009,9803,9815,1010
PART-6-1,8952,S4R,9803,9804,9816,9815
PART-6-1,8953,S4R,9804,9805,9817,9816
PART-6-1,8954,S4R,9805,9806,9818,9817
PART-6-1,8955,S4R,9806,9807,9819,9818
PART-6-1,8956,S4R,9807,9808,9820,9819
PART-6-1,8957,S4R,9808,9809,9821,9820
PART-6-1,8958,S4R,9809,9810,9822,9821
PART-6-1,8959,S4R,9810,9811,9823,9822
PART-6-1,8960,S4R,9811,9812,9824,9823
PART-6-1,8961,S4R,9812,9813,9825,9824
PART-6-1,8962,S4R,9813,9814,9826,9825
PART-6-1,8963,S4R,9814,1501,1502,9826
PART-6-1,8964,S4R,1010,9815,9827,1011
PART-6-1,8965,S4R,9815,9816,9828,9827
PART-6-1,8966,S4R,9816,9817,9829,9828
PART-6-1,8967,S4R,9817,9818,9830,9829
PART-6-1,8968,S4R,9818,9819,9831,9830
PART-6-1,8969,S4R,9819,9820,9832,9831
PART-6-1,8970,S4R,9820,9821,9833,9832
PART-6-1,8971,S4R,9821,9822,9834,9833
PART-6-1,8972,S4R,9822,9823,9835,9834
PART-6-1,8973,S4R,9823,9824,9836,9835
PART-6-1,8974,S4R,9824,9825,9837,9836
PART-6-1,8975,S4R,9825,9826,9838,9837
PART-6-1,8976,S4R,9826,1502,1503,9838
PART-6-1,8977,S4R,1011,9827,9839,1012
PART-6-1,8978,S4R,9827,9828,9840,9839
PART-6-1,8979,S4R,9828,9829,9841,9840
PART-6-1,8980,S4R,9829,9830,9842,9841
PART-6-1,8981,S4R,9830,9831,9843,9842
PART-6-1,8982,S4R,9831,9832,9844,9843
PART-6-1,8983,S4R,9832,9833,9845,9844
PART-6-1,8984,S4R,9833,9834,9846,9845
PART-6-1,8985,S4R,9834,9835,9847,9846
PART-6-1,8986,S4R,9835,9836,9848,9847
PART-6-1,8987,S4R,9836,9837,9849,9848
PART-6-1,8988,S4R,9837,9838,9850,9849
PART-6-1,8989,S4R,9838,1503,1504,9850
PART-6-1,8990,S4R,1012,9839,9851,1013
PART-6-1,8991,S4R,9839,9840,9852,9851
PART-6-1,8992,S4R,9840,9841,9853,9852
PART-6-1,8993,S4R,9841,9842,9854,9853
PART-6-1,8994,S4R,9842,9843,9855,9854
PART-6-1,8995,S4R,9843,9844,9856,9855
PART-6-1,8996,S4R,9844,9845,9857,9856
PART-6-1,8997,S4R,9845,9846,9858,9857
PART-6-1,8998,S4R,9846,9847,9859,9858
PART-6-1,8999,S4R,9847,9848,9860,9859
PART-6-1,9000,S4R,9848,9849,9861,9860
PART-6-1,9001,S4R,9849,9850,9862,9861
PART-6-1,9002,S4R,9850,1504,1505,9862
PART-6-1,9003,S4R,1013,9851,9863,1014
PART-6-1,9004,S4R,9851,9852,9864,9863
PART-6-1,9005,S4R,9852,9853,9865,9864
PART-6-1,9006,S4R,9853,9854,9866,9865
PART-6-1,9007,S4R,9854,9855,9867,9866
PART-6-1,9008,S4R,9855,9856,9868,9867
PART-6-1,9009,S4R,9856,9857,9869,9868
PART-6-1,9010,S4R,9857,9858,9870,9869
PART-6-1,9011,S4R,9858,9859,9871,9870
PART-6-1,9012,S4R,9859,9860,9872,9871
PART-6-1,9013,S4R,9860,9861,9873,9872
PART-6-1,9014,S4R,9861,9862,9874,9873
PART-6-1,9015,S4R,9862,1505,11,9874
PART-6-1,9016,S4R,1014,9863,9875,1015
PART-6-1,9017,S4R,9863,9864,9876,9875
PART-6-1,9018,S4R,9864,9865,9877,9876
PART-6-1,9019,S4R,9865,9866,9878,9877
PART-6-1,9020,S4R,9866,9867,9879,9878
PART-6-1,9021,S4R,9867,9868,9880,9879
PART-6-1,9022,S4R,9868,9869,9881,9880
PART-6-1,9023,S4R,9869,9870,9882,9881
PART-6-1,9024,S4R,9870,9871,9883,9882
PART-6-1,9025,S4R,9871,9872,9884,9883
PART-6-1,9026,S4R,9872,9873,9885,9884
PART-6-1,9027,S4R,9873,9874,9886,9885
PART-6-1,9028,S4R,9874,11,116,9886
PART-6-1,9029,S4R,1015,9875,9887,1016
PART-6-1,9030,S4R,9875,9876,9888,9887
PART-6-1,9031,S4R,9876,9877,9889,9888
PART-6-1,9032,S4R,9877,9878,9890,9889
PART-6-1,9033,S4R,9878,9879,9891,9890
PART-6-1,9034,S4R,9879,9880,9892,9891
PART-6-1,9035,S4R,9880,9881,9893,9892
PART-6-1,9036,S4R,9881,9882,9894,9893
PART-6-1,9037,S4R,9882,9883,9895,9894
PART-6-1,9038,S4R,9883,9884,9896,9895
PART-6-1,9039,S4R,9884,9885,9897,9896
PART-6-1,9040,S4R,9885,9886,9898,9897
PART-6-1,9041,S4R,9886,116,117,9898
PART-6-1,9042,S4R,1016,9887,9899,1017
PART-6-1,9043,S4R,9887,9888,9900,9899
PART-6-1,9044,S4R,9888,9889,9901,9900
PART-6-1,9045,S4R,9889,9890,9902,9901
PART-6-1,9046,S4R,9890,9891,9903,9902
PART-6-1,9047,S4R,9891,9892,9904,9903
PART-6-1,9048,S4R,9892,9893,9905,9904
PART-6-1,9049,S4R,9893,9894,9906,9905
PART-6-1,9050,S4R,9894,9895,9907,9906
PART-6-1,9051,S4R,9895,9896,9908,9907
PART-6-1,9052,S4R,9896,9897,9909,9908
PART-6-1,9053,S4R,9897,9898,9910,9909
PART-6-1,9054,S4R,9898,117,118,9910
PART-6-1,9055,S4R,1017,9899,680,49
PART-6-1,9056,S4R,9899,9900,679,680
PART-6-1,9057,S4R,9900,9901,678,679
PART-6-1,9058,S4R,9901,9902,677,678
PART-6-1,9059,S4R,9902,9903,676,677
PART-6-1,9060,S4R,9903,9904,675,676
PART-6-1,9061,S4R,9904,9905,674,675
PART-6-1,9062,S4R,9905,9906,673,674
PART-6-1,9063,S4R,9906,9907,672,673
PART-6-1,9064,S4R,9907,9908,671,672
PART-6-1,9065,S4R,9908,9909,670,671
PART-6-1,9066,S4R,9909,9910,669,670
PART-6-1,9067,S4R,9910,118,12,669
PART-6-1,9068,S4R,66,1350,9911,1533
PART-6-1,9069,S4R,1350,1349,9912,9911
PART-6-1,9070,S4R,1349,1348,9913,9912
PART-6-1,9071,S4R,1348,1347,9914,9913
PART-6-1,9072,S4R,1347,1346,9915,9914
PART-6-1,9073,S4R,1346,1345,9916,9915
PART-6-1,9074,S4R,1345,1344,9917,9916
PART-6-1,9075,S4R,1344,1343,9918,9917
PART-6-1,9076,S4R,1343,1342,9919,9918
PART-6-1,9077,S4R,1342,1341,9920,9919
PART-6-1,9078,S4R,1341,1340,9921,9920
PART-6-1,9079,S4R,1340,1339,9922,9921
PART-6-1,9080,S4R,1339,64,1506,9922
PART-6-1,9081,S4R,1533,9911,9923,1532
PART-6-1,9082,S4R,9911,9912,9924,9923
PART-6-1,9083,S4R,9912,9913,9925,9924
PART-6-1,9084,S4R,9913,9914,9926,9925
PART-6-1,9085,S4R,9914,9915,9927,9926
PART-6-1,9086,S4R,9915,9916,9928,9927
PART-6-1,9087,S4R,9916,9917,9929,9928
PART-6-1,9088,S4R,9917,9918,9930,9929
PART-6-1,9089,S4R,9918,9919,9931,9930
PART-6-1,9090,S4R,9919,9920,9932,9931
PART-6-1,9091,S4R,9920,9921,9933,9932
PART-6-1,9092,S4R,9921,9922,9934,9933
PART-6-1,9093,S4R,9922,1506,1507,9934
PART-6-1,9094,S4R,1532,9923,9935,1531
PART-6-1,9095,S4R,9923,9924,9936,9935
PART-6-1,9096,S4R,9924,9925,9937,9936
PART-6-1,9097,S4R,9925,9926,9938,9937
PART-6-1,9098,S4R,9926,9927,9939,9938
PART-6-1,9099,S4R,9927,9928,9940,9939
PART-6-1,9100,S4R,9928,9929,9941,9940
PART-6-1,9101,S4R,9929,9930,9942,9941
PART-6-1,9102,S4R,9930,9931,9943,9942
PART-6-1,9103,S4R,9931,9932,9944,9943
PART-6-1,9104,S4R,9932,9933,9945,9944
PART-6-1,9105,S4R,9933,9934,9946,9945
PART-6-1,9106,S4R,9934,1507,1508,9946
PART-6-1,9107,S4R,1531,9935,9947,1530
PART-6-1,9108,S4R,9935,9936,9948,9947
PART-6-1,9109,S4R,9936,9937,9949,9948
PART-6-1,9110,S4R,9937,9938,9950,9949
PART-6-1,9111,S4R,9938,9939,9951,9950
PART-6-1,9112,S4R,9939,9940,9952,9951
PART-6-1,9113,S4R,9940,9941,9953,9952
PART-6-1,9114,S4R,9941,9942,9954,9953
PART-6-1,9115,S4R,9942,9943,9955,9954
PART-6-1,9116,S4R,9943,9944,9956,9955
PART-6-1,9117,S4R,9944,9945,9957,9956
PART-6-1,9118,S4R,9945,9946,9958,9957
PART-6-1,9119,S4R,9946,1508,1509,9958
PART-6-1,9120,S4R,1530,9947,9959,1529
PART-6-1,9121,S4R,9947,9948,9960,9959
PART-6-1,9122,S4R,9948,9949,9961,9960
PART-6-1,9123,S4R,9949,9950,9962,9961
PART-6-1,9124,S4R,9950,9951,9963,9962
PART-6-1,9125,S4R,9951,9952,9964,9963
PART-6-1,9126,S4R,9952,9953,9965,9964
PART-6-1,9127,S4R,9953,9954,9966,9965
PART-6-1,9128,S4R,9954,9955,9967,9966
PART-6-1,9129,S4R,9955,9956,9968,9967
PART-6-1,9130,S4R,9956,9957,9969,9968
PART-6-1,9131,S4R,9957,9958,9970,9969
PART-6-1,9132,S4R,9958,1509,1510,9970
PART-6-1,9133,S4R,1529,9959,9971,1528
PART-6-1,9134,S4R,9959,9960,9972,9971
PART-6-1,9135,S4R,9960,9961,9973,9972
PART-6-1,9136,S4R,9961,9962,9974,9973
PART-6-1,9137,S4R,9962,9963,9975,9974
PART-6-1,9138,S4R,9963,9964,9976,9975
PART-6-1,9139,S4R,9964,9965,9977,9976
PART-6-1,9140,S4R,9965,9966,9978,9977
PART-6-1,9141,S4R,9966,9967,9979,9978
PART-6-1,9142,S4R,9967,9968,9980,9979
PART-6-1,9143,S4R,9968,9969,9981,9980
PART-6-1,9144,S4R,9969,9970,9982,9981
PART-6-1,9145,S4R,9970,1510,1511,9982
PART-6-1,9146,S4R,1528,9971,9983,1527
PART-6-1,9147,S4R,9971,9972,9984,9983
PART-6-1,9148,S4R,9972,9973,9985,9984
PART-6-1,9149,S4R,9973,9974,9986,9985
PART-6-1,9150,S4R,9974,9975,9987,9986
PART-6-1,9151,S4R,9975,9976,9988,9987
PART-6-1,9152,S4R,9976,9977,9989,9988
PART-6-1,9153,S4R,9977,9978,9990,9989
PART-6-1,9154,S4R,9978,9979,9991,9990
PART-6-1,9155,S4R,9979,9980,9992,9991
PART-6-1,9156,S4R,9980,9981,9993,9992
PART-6-1,9157,S4R,9981,9982,9994,9993
PART-6-1,9158,S4R,9982,1511,1512,9994
PART-6-1,9159,S4R,1527,9983,9995,1526
PART-6-1,9160,S4R,9983,9984,9996,9995
PART-6-1,9161,S4R,9984,9985,9997,9996
PART-6-1,9162,S4R,9985,9986,9998,9997
PART-6-1,9163,S4R,9986,9987,9999,9998
PART-6-1,9164,S4R,9987,9988,10000,9999
PART-6-1,9165,S4R,9988,9989,10001,10000
PART-6-1,9166,S4R,9989,9990,10002,10001
PART-6-1,9167,S4R,9990,9991,10003,10002
PART-6-1,9168,S4R,9991,9992,10004,10003
PART-6-1,9169,S4R,9992,9993,10005,10004
PART-6-1,9170,S4R,9993,9994,10006,10005
PART-6-1,9171,S4R,9994,1512,1513,10006
PART-6-1,9172,S4R,1526,9995,10007,1525
PART-6-1,9173,S4R,9995,9996,10008,10007
PART-6-1,9174,S4R,9996,9997,10009,10008
PART-6-1,9175,S4R,9997,9998,10010,10009
PART-6-1,9176,S4R,9998,9999,10011,10010
PART-6-1,9177,S4R,9999,10000,10012,10011
PART-6-1,9178,S4R,10000,10001,10013,10012
PART-6-1,9179,S4R,10001,10002,10014,10013
PART-6-1,9180,S4R,10002,10003,10015,10014
PART-6-1,9181,S4R,10003,10004,10016,10015
PART-6-1,9182,S4R,10004,10005,10017,10016
PART-6-1,9183,S4R,10005,10006,10018,10017
PART-6-1,9184,S4R,10006,1513,1514,10018
PART-6-1,9185,S4R,1525,10007,10019,1524
PART-6-1,9186,S4R,10007,10008,10020,10019
PART-6-1,9187,S4R,10008,10009,10021,10020
PART-6-1,9188,S4R,10009,10010,10022,10021
PART-6-1,9189,S4R,10010,10011,10023,10022
PART-6-1,9190,S4R,10011,10012,10024,10023
PART-6-1,9191,S4R,10012,10013,10025,10024
PART-6-1,9192,S4R,10013,10014,10026,10025
PART-6-1,9193,S4R,10014,10015,10027,10026
PART-6-1,9194,S4R,10015,10016,10028,10027
PART-6-1,9195,S4R,10016,10017,10029,10028
PART-6-1,9196,S4R,10017,10018,10030,10029
PART-6-1,9197,S4R,10018,1514,1515,10030
PART-6-1,9198,S4R,1524,10019,10031,1523
PART-6-1,9199,S4R,10019,10020,10032,10031
PART-6-1,9200,S4R,10020,10021,10033,10032
PART-6-1,9201,S4R,10021,10022,10034,10033
PART-6-1,9202,S4R,10022,10023,10035,10034
PART-6-1,9203,S4R,10023,10024,10036,10035
PART-6-1,9204,S4R,10024,10025,10037,10036
PART-6-1,9205,S4R,10025,10026,10038,10037
PART-6-1,9206,S4R,10026,10027,10039,10038
PART-6-1,9207,S4R,10027,10028,10040,10039
PART-6-1,9208,S4R,10028,10029,10041,10040
PART-6-1,9209,S4R,10029,10030,10042,10041
PART-6-1,9210,S4R,10030,1515,1516,10042
PART-6-1,9211,S4R,1523,10031,10043,1522
PART-6-1,9212,S4R,10031,10032,10044,10043
PART-6-1,9213,S4R,10032,10033,10045,10044
PART-6-1,9214,S4R,10033,10034,10046,10045
PART-6-1,9215,S4R,10034,10035,10047,10046
PART-6-1,9216,S4R,10035,10036,10048,10047
PART-6-1,9217,S4R,10036,10037,10049,10048
PART-6-1,9218,S4R,10037,10038,10050,10049
PART-6-1,9219,S4R,10038,10039,10051,10050
PART-6-1,9220,S4R,10039,10040,10052,10051
PART-6-1,9221,S4R,10040,10041,10053,10052
PART-6-1,9222,S4R,10041,10042,10054,10053
PART-6-1,9223,S4R,10042,1516,1517,10054
PART-6-1,9224,S4R,1522,10043,10055,1521
PART-6-1,9225,S4R,10043,10044,10056,10055
PART-6-1,9226,S4R,10044,10045,10057,10056
PART-6-1,9227,S4R,10045,10046,10058,10057
PART-6-1,9228,S4R,10046,10047,10059,10058
PART-6-1,9229,S4R,10047,10048,10060,10059
PART-6-1,9230,S4R,10048,10049,10061,10060
PART-6-1,9231,S4R,10049,10050,10062,10061
PART-6-1,9232,S4R,10050,10051,10063,10062
PART-6-1,9233,S4R,10051,10052,10064,10063
PART-6-1,9234,S4R,10052,10053,10065,10064
PART-6-1,9235,S4R,10053,10054,10066,10065
PART-6-1,9236,S4R,10054,1517,1518,10066
PART-6-1,9237,S4R,1521,10055,10067,1520
PART-6-1,9238,S4R,10055,10056,10068,10067
PART-6-1,9239,S4R,10056,10057,10069,10068
PART-6-1,9240,S4R,10057,10058,10070,10069
PART-6-1,9241,S4R,10058,10059,10071,10070
PART-6-1,9242,S4R,10059,10060,10072,10071
PART-6-1,9243,S4R,10060,10061,10073,10072
PART-6-1,9244,S4R,10061,10062,10074,10073
PART-6-1,9245,S4R,10062,10063,10075,10074
PART-6-1,9246,S4R,10063,10064,10076,10075
PART-6-1,9247,S4R,10064,10065,10077,10076
PART-6-1,9248,S4R,10065,10066,10078,10077
PART-6-1,9249,S4R,10066,1518,1519,10078
PART-6-1,9250,S4R,1520,10067,1296,65
PART-6-1,9251,S4R,10067,10068,1297,1296
PART-6-1,9252,S4R,10068,10069,1298,1297
PART-6-1,9253,S4R,10069,10070,1299,1298
PART-6-1,9254,S4R,10070,10071,1300,1299
PART-6-1,9255,S4R,10071,10072,1301,1300
PART-6-1,9256,S4R,10072,10073,1302,1301
PART-6-1,9257,S4R,10073,10074,1303,1302
PART-6-1,9258,S4R,10074,10075,1304,1303
PART-6-1,9259,S4R,10075,10076,1305,1304
PART-6-1,9260,S4R,10076,10077,1306,1305
PART-6-1,9261,S4R,10077,10078,1307,1306
PART-6-1,9262,S4R,10078,1519,61,1307
PART-6-1,9263,S4R,67,1462,10079,1547
PART-6-1,9264,S4R,1462,1461,10080,10079
PART-6-1,9265,S4R,1461,1460,10081,10080
PART-6-1,9266,S4R,1460,1459,10082,10081
PART-6-1,9267,S4R,1459,1458,10083,10082
PART-6-1,9268,S4R,1458,1457,10084,10083
PART-6-1,9269,S4R,1457,1456,10085,10084
PART-6-1,9270,S4R,1456,1455,10086,10085
PART-6-1,9271,S4R,1455,1454,10087,10086
PART-6-1,9272,S4R,1454,1453,10088,10087
PART-6-1,9273,S4R,1453,1452,10089,10088
PART-6-1,9274,S4R,1452,1451,10090,10089
PART-6-1,9275,S4R,1451,1450,10091,10090
PART-6-1,9276,S4R,1450,1449,10092,10091
PART-6-1,9277,S4R,1449,1448,10093,10092
PART-6-1,9278,S4R,1448,1447,10094,10093
PART-6-1,9279,S4R,1447,1446,10095,10094
PART-6-1,9280,S4R,1446,1445,10096,10095
PART-6-1,9281,S4R,1445,1444,10097,10096
PART-6-1,9282,S4R,1444,1443,10098,10097
PART-6-1,9283,S4R,1443,1442,10099,10098
PART-6-1,9284,S4R,1442,1441,10100,10099
PART-6-1,9285,S4R,1441,1440,10101,10100
PART-6-1,9286,S4R,1440,1439,10102,10101
PART-6-1,9287,S4R,1439,1438,10103,10102
PART-6-1,9288,S4R,1438,1437,10104,10103
PART-6-1,9289,S4R,1437,1436,10105,10104
PART-6-1,9290,S4R,1436,1435,10106,10105
PART-6-1,9291,S4R,1435,1434,10107,10106
PART-6-1,9292,S4R,1434,1433,10108,10107
PART-6-1,9293,S4R,1433,1432,10109,10108
PART-6-1,9294,S4R,1432,1431,10110,10109
PART-6-1,9295,S4R,1431,8,10111,10110
PART-6-1,9296,S4R,8,103,10112,10111
PART-6-1,9297,S4R,103,104,10113,10112
PART-6-1,9298,S4R,104,105,10114,10113
PART-6-1,9299,S4R,105,9,318,10114
PART-6-1,9300,S4R,1547,10079,10115,1546
PART-6-1,9301,S4R,10079,10080,10116,10115
PART-6-1,9302,S4R,10080,10081,10117,10116
PART-6-1,9303,S4R,10081,10082,10118,10117
PART-6-1,9304,S4R,10082,10083,10119,10118
PART-6-1,9305,S4R,10083,10084,10120,10119
PART-6-1,9306,S4R,10084,10085,10121,10120
PART-6-1,9307,S4R,10085,10086,10122,10121
PART-6-1,9308,S4R,10086,10087,10123,10122
PART-6-1,9309,S4R,10087,10088,10124,10123
PART-6-1,9310,S4R,10088,10089,10125,10124
PART-6-1,9311,S4R,10089,10090,10126,10125
PART-6-1,9312,S4R,10090,10091,10127,10126
PART-6-1,9313,S4R,10091,10092,10128,10127
PART-6-1,9314,S4R,10092,10093,10129,10128
PART-6-1,9315,S4R,10093,10094,10130,10129
PART-6-1,9316,S4R,10094,10095,10131,10130
PART-6-1,9317,S4R,10095,10096,10132,10131
PART-6-1,9318,S4R,10096,10097,10133,10132
PART-6-1,9319,S4R,10097,10098,10134,10133
PART-6-1,9320,S4R,10098,10099,10135,10134
PART-6-1,9321,S4R,10099,10100,10136,10135
PART-6-1,9322,S4R,10100,10101,10137,10136
PART-6-1,9323,S4R,10101,10102,10138,10137
PART-6-1,9324,S4R,10102,10103,10139,10138
PART-6-1,9325,S4R,10103,10104,10140,10139
PART-6-1,9326,S4R,10104,10105,10141,10140
PART-6-1,9327,S4R,10105,10106,10142,10141
PART-6-1,9328,S4R,10106,10107,10143,10142
PART-6-1,9329,S4R,10107,10108,10144,10143
PART-6-1,9330,S4R,10108,10109,10145,10144
PART-6-1,9331,S4R,10109,10110,10146,10145
PART-6-1,9332,S4R,10110,10111,10147,10146
PART-6-1,9333,S4R,10111,10112,10148,10147
PART-6-1,9334,S4R,10112,10113,10149,10148
PART-6-1,9335,S4R,10113,10114,10150,10149
PART-6-1,9336,S4R,10114,318,319,10150
PART-6-1,9337,S4R,1546,10115,10151,1545
PART-6-1,9338,S4R,10115,10116,10152,10151
PART-6-1,9339,S4R,10116,10117,10153,10152
PART-6-1,9340,S4R,10117,10118,10154,10153
PART-6-1,9341,S4R,10118,10119,10155,10154
PART-6-1,9342,S4R,10119,10120,10156,10155
PART-6-1,9343,S4R,10120,10121,10157,10156
PART-6-1,9344,S4R,10121,10122,10158,10157
PART-6-1,9345,S4R,10122,10123,10159,10158
PART-6-1,9346,S4R,10123,10124,10160,10159
PART-6-1,9347,S4R,10124,10125,10161,10160
PART-6-1,9348,S4R,10125,10126,10162,10161
PART-6-1,9349,S4R,10126,10127,10163,10162
PART-6-1,9350,S4R,10127,10128,10164,10163
PART-6-1,9351,S4R,10128,10129,10165,10164
PART-6-1,9352,S4R,10129,10130,10166,10165
PART-6-1,9353,S4R,10130,10131,10167,10166
PART-6-1,9354,S4R,10131,10132,10168,10167
PART-6-1,9355,S4R,10132,10133,10169,10168
PART-6-1,9356,S4R,10133,10134,10170,10169
PART-6-1,9357,S4R,10134,10135,10171,10170
PART-6-1,9358,S4R,10135,10136,10172,10171
PART-6-1,9359,S4R,10136,10137,10173,10172
PART-6-1,9360,S4R,10137,10138,10174,10173
PART-6-1,9361,S4R,10138,10139,10175,10174
PART-6-1,9362,S4R,10139,10140,10176,10175
PART-6-1,9363,S4R,10140,10141,10177,10176
PART-6-1,9364,S4R,10141,10142,10178,10177
PART-6-1,9365,S4R,10142,10143,10179,10178
PART-6-1,9366,S4R,10143,10144,10180,10179
PART-6-1,9367,S4R,10144,10145,10181,10180
PART-6-1,9368,S4R,10145,10146,10182,10181
PART-6-1,9369,S4R,10146,10147,10183,10182
PART-6-1,9370,S4R,10147,10148,10184,10183
PART-6-1,9371,S4R,10148,10149,10185,10184
PART-6-1,9372,S4R,10149,10150,10186,10185
PART-6-1,9373,S4R,10150,319,320,10186
PART-6-1,9374,S4R,1545,10151,10187,1544
PART-6-1,9375,S4R,10151,10152,10188,10187
PART-6-1,9376,S4R,10152,10153,10189,10188
PART-6-1,9377,S4R,10153,10154,10190,10189
PART-6-1,9378,S4R,10154,10155,10191,10190
PART-6-1,9379,S4R,10155,10156,10192,10191
PART-6-1,9380,S4R,10156,10157,10193,10192
PART-6-1,9381,S4R,10157,10158,10194,10193
PART-6-1,9382,S4R,10158,10159,10195,10194
PART-6-1,9383,S4R,10159,10160,10196,10195
PART-6-1,9384,S4R,10160,10161,10197,10196
PART-6-1,9385,S4R,10161,10162,10198,10197
PART-6-1,9386,S4R,10162,10163,10199,10198
PART-6-1,9387,S4R,10163,10164,10200,10199
PART-6-1,9388,S4R,10164,10165,10201,10200
PART-6-1,9389,S4R,10165,10166,10202,10201
PART-6-1,9390,S4R,10166,10167,10203,10202
PART-6-1,9391,S4R,10167,10168,10204,10203
PART-6-1,9392,S4R,10168,10169,10205,10204
PART-6-1,9393,S4R,10169,10170,10206,10205
PART-6-1,9394,S4R,10170,10171,10207,10206
PART-6-1,9395,S4R,10171,10172,10208,10207
PART-6-1,9396,S4R,10172,10173,10209,10208
PART-6-1,9397,S4R,10173,10174,10210,10209
PART-6-1,9398,S4R,10174,10175,10211,10210
PART-6-1,9399,S4R,10175,10176,10212,10211
PART-6-1,9400,S4R,10176,10177,10213,10212
PART-6-1,9401,S4R,10177,10178,10214,10213
PART-6-1,9402,S4R,10178,10179,10215,10214
PART-6-1,9403,S4R,10179,10180,10216,10215
PART-6-1,9404,S4R,10180,10181,10217,10216
PART-6-1,9405,S4R,10181,10182,10218,10217
PART-6-1,9406,S4R,10182,10183,10219,10218
PART-6-1,9407,S4R,10183,10184,10220,10219
PART-6-1,9408,S4R,10184,10185,10221,10220
PART-6-1,9409,S4R,10185,10186,10222,10221
PART-6-1,9410,S4R,10186,320,321,10222
PART-6-1,9411,S4R,1544,10187,10223,1543
PART-6-1,9412,S4R,10187,10188,10224,10223
PART-6-1,9413,S4R,10188,10189,10225,10224
PART-6-1,9414,S4R,10189,10190,10226,10225
PART-6-1,9415,S4R,10190,10191,10227,10226
PART-6-1,9416,S4R,10191,10192,10228,10227
PART-6-1,9417,S4R,10192,10193,10229,10228
PART-6-1,9418,S4R,10193,10194,10230,10229
PART-6-1,9419,S4R,10194,10195,10231,10230
PART-6-1,9420,S4R,10195,10196,10232,10231
PART-6-1,9421,S4R,10196,10197,10233,10232
PART-6-1,9422,S4R,10197,10198,10234,10233
PART-6-1,9423,S4R,10198,10199,10235,10234
PART-6-1,9424,S4R,10199,10200,10236,10235
PART-6-1,9425,S4R,10200,10201,10237,10236
PART-6-1,9426,S4R,10201,10202,10238,10237
PART-6-1,9427,S4R,10202,10203,10239,10238
PART-6-1,9428,S4R,10203,10204,10240,10239
PART-6-1,9429,S4R,10204,10205,10241,10240
PART-6-1,9430,S4R,10205,10206,10242,10241
PART-6-1,9431,S4R,10206,10207,10243,10242
PART-6-1,9432,S4R,10207,10208,10244,10243
PART-6-1,9433,S4R,10208,10209,10245,10244
PART-6-1,9434,S4R,10209,10210,10246,10245
PART-6-1,9435,S4R,10210,10211,10247,10246
PART-6-1,9436,S4R,10211,10212,10248,10247
PART-6-1,9437,S4R,10212,10213,10249,10248
PART-6-1,9438,S4R,10213,10214,10250,10249
PART-6-1,9439,S4R,10214,10215,10251,10250
PART-6-1,9440,S4R,10215,10216,10252,10251
PART-6-1,9441,S4R,10216,10217,10253,10252
PART-6-1,9442,S4R,10217,10218,10254,10253
PART-6-1,9443,S4R,10218,10219,10255,10254
PART-6-1,9444,S4R,10219,10220,10256,10255
PART-6-1,9445,S4R,10220,10221,10257,10256
PART-6-1,9446,S4R,10221,10222,10258,10257
PART-6-1,9447,S4R,10222,321,322,10258
PART-6-1,9448,S4R,1543,10223,10259,1542
PART-6-1,9449,S4R,10223,10224,10260,10259
PART-6-1,9450,S4R,10224,10225,10261,10260
PART-6-1,9451,S4R,10225,10226,10262,10261
PART-6-1,9452,S4R,10226,10227,10263,10262
PART-6-1,9453,S4R,10227,10228,10264,10263
PART-6-1,9454,S4R,10228,10229,10265,10264
PART-6-1,9455,S4R,10229,10230,10266,10265
PART-6-1,9456,S4R,10230,10231,10267,10266
PART-6-1,9457,S4R,10231,10232,10268,10267
PART-6-1,9458,S4R,10232,10233,10269,10268
PART-6-1,9459,S4R,10233,10234,10270,10269
PART-6-1,9460,S4R,10234,10235,10271,10270
PART-6-1,9461,S4R,10235,10236,10272,10271
PART-6-1,9462,S4R,10236,10237,10273,10272
PART-6-1,9463,S4R,10237,10238,10274,10273
PART-6-1,9464,S4R,10238,10239,10275,10274
PART-6-1,9465,S4R,10239,10240,10276,10275
PART-6-1,9466,S4R,10240,10241,10277,10276
PART-6-1,9467,S4R,10241,10242,10278,10277
PART-6-1,9468,S4R,10242,10243,10279,10278
PART-6-1,9469,S4R,10243,10244,10280,10279
PART-6-1,9470,S4R,10244,10245,10281,10280
PART-6-1,9471,S4R,10245,10246,10282,10281
PART-6-1,9472,S4R,10246,10247,10283,10282
PART-6-1,9473,S4R,10247,10248,10284,10283
PART-6-1,9474,S4R,10248,10249,10285,10284
PART-6-1,9475,S4R,10249,10250,10286,10285
PART-6-1,9476,S4R,10250,10251,10287,10286
PART-6-1,9477,S4R,10251,10252,10288,10287
PART-6-1,9478,S4R,10252,10253,10289,10288
PART-6-1,9479,S4R,10253,10254,10290,10289
PART-6-1,9480,S4R,10254,10255,10291,10290
PART-6-1,9481,S4R,10255,10256,10292,10291
PART-6-1,9482,S4R,10256,10257,10293,10292
PART-6-1,9483,S4R,10257,10258,10294,10293
PART-6-1,9484,S4R,10258,322,323,10294
PART-6-1,9485,S4R,1542,10259,10295,1541
PART-6-1,9486,S4R,10259,10260,10296,10295
PART-6-1,9487,S4R,10260,10261,10297,10296
PART-6-1,9488,S4R,10261,10262,10298,10297
PART-6-1,9489,S4R,10262,10263,10299,10298
PART-6-1,9490,S4R,10263,10264,10300,10299
PART-6-1,9491,S4R,10264,10265,10301,10300
PART-6-1,9492,S4R,10265,10266,10302,10301
PART-6-1,9493,S4R,10266,10267,10303,10302
PART-6-1,9494,S4R,10267,10268,10304,10303
PART-6-1,9495,S4R,10268,10269,10305,10304
PART-6-1,9496,S4R,10269,10270,10306,10305
PART-6-1,9497,S4R,10270,10271,10307,10306
PART-6-1,9498,S4R,10271,10272,10308,10307
PART-6-1,9499,S4R,10272,10273,10309,10308
PART-6-1,9500,S4R,10273,10274,10310,10309
PART-6-1,9501,S4R,10274,10275,10311,10310
PART-6-1,9502,S4R,10275,10276,10312,10311
PART-6-1,9503,S4R,10276,10277,10313,10312
PART-6-1,9504,S4R,10277,10278,10314,10313
PART-6-1,9505,S4R,10278,10279,10315,10314
PART-6-1,9506,S4R,10279,10280,10316,10315
PART-6-1,9507,S4R,10280,10281,10317,10316
PART-6-1,9508,S4R,10281,10282,10318,10317
PART-6-1,9509,S4R,10282,10283,10319,10318
PART-6-1,9510,S4R,10283,10284,10320,10319
PART-6-1,9511,S4R,10284,10285,10321,10320
PART-6-1,9512,S4R,10285,10286,10322,10321
PART-6-1,9513,S4R,10286,10287,10323,10322
PART-6-1,9514,S4R,10287,10288,10324,10323
PART-6-1,9515,S4R,10288,10289,10325,10324
PART-6-1,9516,S4R,10289,10290,10326,10325
PART-6-1,9517,S4R,10290,10291,10327,10326
PART-6-1,9518,S4R,10291,10292,10328,10327
PART-6-1,9519,S4R,10292,10293,10329,10328
PART-6-1,9520,S4R,10293,10294,10330,10329
PART-6-1,9521,S4R,10294,323,324,10330
PART-6-1,9522,S4R,1541,10295,10331,1540
PART-6-1,9523,S4R,10295,10296,10332,10331
PART-6-1,9524,S4R,10296,10297,10333,10332
PART-6-1,9525,S4R,10297,10298,10334,10333
PART-6-1,9526,S4R,10298,10299,10335,10334
PART-6-1,9527,S4R,10299,10300,10336,10335
PART-6-1,9528,S4R,10300,10301,10337,10336
PART-6-1,9529,S4R,10301,10302,10338,10337
PART-6-1,9530,S4R,10302,10303,10339,10338
PART-6-1,9531,S4R,10303,10304,10340,10339
PART-6-1,9532,S4R,10304,10305,10341,10340
PART-6-1,9533,S4R,10305,10306,10342,10341
PART-6-1,9534,S4R,10306,10307,10343,10342
PART-6-1,9535,S4R,10307,10308,10344,10343
PART-6-1,9536,S4R,10308,10309,10345,10344
PART-6-1,9537,S4R,10309,10310,10346,10345
PART-6-1,9538,S4R,10310,10311,10347,10346
PART-6-1,9539,S4R,10311,10312,10348,10347
PART-6-1,9540,S4R,10312,10313,10349,10348
PART-6-1,9541,S4R,10313,10314,10350,10349
PART-6-1,9542,S4R,10314,10315,10351,10350
PART-6-1,9543,S4R,10315,10316,10352,10351
PART-6-1,9544,S4R,10316,10317,10353,10352
PART-6-1,9545,S4R,10317,10318,10354,10353
PART-6-1,9546,S4R,10318,10319,10355,10354
PART-6-1,9547,S4R,10319,10320,10356,10355
PART-6-1,9548,S4R,10320,10321,10357,10356
PART-6-1,9549,S4R,10321,10322,10358,10357
PART-6-1,9550,S4R,10322,10323,10359,10358
PART-6-1,9551,S4R,10323,10324,10360,10359
PART-6-1,9552,S4R,10324,10325,10361,10360
PART-6-1,9553,S4R,10325,10326,10362,10361
PART-6-1,9554,S4R,10326,10327,10363,10362
PART-6-1,9555,S4R,10327,10328,10364,10363
PART-6-1,9556,S4R,10328,10329,10365,10364
PART-6-1,9557,S4R,10329,10330,10366,10365
PART-6-1,9558,S4R,10330,324,325,10366
PART-6-1,9559,S4R,1540,10331,10367,1539
PART-6-1,9560,S4R,10331,10332,10368,10367
PART-6-1,9561,S4R,10332,10333,10369,10368
PART-6-1,9562,S4R,10333,10334,10370,10369
PART-6-1,9563,S4R,10334,10335,10371,10370
PART-6-1,9564,S4R,10335,10336,10372,10371
PART-6-1,9565,S4R,10336,10337,10373,10372
PART-6-1,9566,S4R,10337,10338,10374,10373
PART-6-1,9567,S4R,10338,10339,10375,10374
PART-6-1,9568,S4R,10339,10340,10376,10375
PART-6-1,9569,S4R,10340,10341,10377,10376
PART-6-1,9570,S4R,10341,10342,10378,10377
PART-6-1,9571,S4R,10342,10343,10379,10378
PART-6-1,9572,S4R,10343,10344,10380,10379
PART-6-1,9573,S4R,10344,10345,10381,10380
PART-6-1,9574,S4R,10345,10346,10382,10381
PART-6-1,9575,S4R,10346,10347,10383,10382
PART-6-1,9576,S4R,10347,10348,10384,10383
PART-6-1,9577,S4R,10348,10349,10385,10384
PART-6-1,9578,S4R,10349,10350,10386,10385
PART-6-1,9579,S4R,10350,10351,10387,10386
PART-6-1,9580,S4R,10351,10352,10388,10387
PART-6-1,9581,S4R,10352,10353,10389,10388
PART-6-1,9582,S4R,10353,10354,10390,10389
PART-6-1,9583,S4R,10354,10355,10391,10390
PART-6-1,9584,S4R,10355,10356,10392,10391
PART-6-1,9585,S4R,10356,10357,10393,10392
PART-6-1,9586,S4R,10357,10358,10394,10393
PART-6-1,9587,S4R,10358,10359,10395,10394
PART-6-1,9588,S4R,10359,10360,10396,10395
PART-6-1,9589,S4R,10360,10361,10397,10396
PART-6-1,9590,S4R,10361,10362,10398,10397
PART-6-1,9591,S4R,10362,10363,10399,10398
PART-6-1,9592,S4R,10363,10364,10400,10399
PART-6-1,9593,S4R,10364,10365,10401,10400
PART-6-1,9594,S4R,10365,10366,10402,10401
PART-6-1,9595,S4R,10366,325,326,10402
PART-6-1,9596,S4R,1539,10367,10403,1538
PART-6-1,9597,S4R,10367,10368,10404,10403
PART-6-1,9598,S4R,10368,10369,10405,10404
PART-6-1,9599,S4R,10369,10370,10406,10405
PART-6-1,9600,S4R,10370,10371,10407,10406
PART-6-1,9601,S4R,10371,10372,10408,10407
PART-6-1,9602,S4R,10372,10373,10409,10408
PART-6-1,9603,S4R,10373,10374,10410,10409
PART-6-1,9604,S4R,10374,10375,10411,10410
PART-6-1,9605,S4R,10375,10376,10412,10411
PART-6-1,9606,S4R,10376,10377,10413,10412
PART-6-1,9607,S4R,10377,10378,10414,10413
PART-6-1,9608,S4R,10378,10379,10415,10414
PART-6-1,9609,S4R,10379,10380,10416,10415
PART-6-1,9610,S4R,10380,10381,10417,10416
PART-6-1,9611,S4R,10381,10382,10418,10417
PART-6-1,9612,S4R,10382,10383,10419,10418
PART-6-1,9613,S4R,10383,10384,10420,10419
PART-6-1,9614,S4R,10384,10385,10421,10420
PART-6-1,9615,S4R,10385,10386,10422,10421
PART-6-1,9616,S4R,10386,10387,10423,10422
PART-6-1,9617,S4R,10387,10388,10424,10423
PART-6-1,9618,S4R,10388,10389,10425,10424
PART-6-1,9619,S4R,10389,10390,10426,10425
PART-6-1,9620,S4R,10390,10391,10427,10426
PART-6-1,9621,S4R,10391,10392,10428,10427
PART-6-1,9622,S4R,10392,10393,10429,10428
PART-6-1,9623,S4R,10393,10394,10430,10429
PART-6-1,9624,S4R,10394,10395,10431,10430
PART-6-1,9625,S4R,10395,10396,10432,10431
PART-6-1,9626,S4R,10396,10397,10433,10432
PART-6-1,9627,S4R,10397,10398,10434,10433
PART-6-1,9628,S4R,10398,10399,10435,10434
PART-6-1,9629,S4R,10399,10400,10436,10435
PART-6-1,9630,S4R,10400,10401,10437,10436
PART-6-1,9631,S4R,10401,10402,10438,10437
PART-6-1,9632,S4R,10402,326,327,10438
PART-6-1,9633,S4R,1538,10403,10439,1537
PART-6-1,9634,S4R,10403,10404,10440,10439
PART-6-1,9635,S4R,10404,10405,10441,10440
PART-6-1,9636,S4R,10405,10406,10442,10441
PART-6-1,9637,S4R,10406,10407,10443,10442
PART-6-1,9638,S4R,10407,10408,10444,10443
PART-6-1,9639,S4R,10408,10409,10445,10444
PART-6-1,9640,S4R,10409,10410,10446,10445
PART-6-1,9641,S4R,10410,10411,10447,10446
PART-6-1,9642,S4R,10411,10412,10448,10447
PART-6-1,9643,S4R,10412,10413,10449,10448
PART-6-1,9644,S4R,10413,10414,10450,10449
PART-6-1,9645,S4R,10414,10415,10451,10450
PART-6-1,9646,S4R,10415,10416,10452,10451
PART-6-1,9647,S4R,10416,10417,10453,10452
PART-6-1,9648,S4R,10417,10418,10454,10453
PART-6-1,9649,S4R,10418,10419,10455,10454
PART-6-1,9650,S4R,10419,10420,10456,10455
PART-6-1,9651,S4R,10420,10421,10457,10456
PART-6-1,9652,S4R,10421,10422,10458,10457
PART-6-1,9653,S4R,10422,10423,10459,10458
PART-6-1,9654,S4R,10423,10424,10460,10459
PART-6-1,9655,S4R,10424,10425,10461,10460
PART-6-1,9656,S4R,10425,10426,10462,10461
PART-6-1,9657,S4R,10426,10427,10463,10462
PART-6-1,9658,S4R,10427,10428,10464,10463
PART-6-1,9659,S4R,10428,10429,10465,10464
PART-6-1,9660,S4R,10429,10430,10466,10465
PART-6-1,9661,S4R,10430,10431,10467,10466
PART-6-1,9662,S4R,10431,10432,10468,10467
PART-6-1,9663,S4R,10432,10433,10469,10468
PART-6-1,9664,S4R,10433,10434,10470,10469
PART-6-1,9665,S4R,10434,10435,10471,10470
PART-6-1,9666,S4R,10435,10436,10472,10471
PART-6-1,9667,S4R,10436,10437,10473,10472
PART-6-1,9668,S4R,10437,10438,10474,10473
PART-6-1,9669,S4R,10438,327,328,10474
PART-6-1,9670,S4R,1537,10439,10475,1536
PART-6-1,9671,S4R,10439,10440,10476,10475
PART-6-1,9672,S4R,10440,10441,10477,10476
PART-6-1,9673,S4R,10441,10442,10478,10477
PART-6-1,9674,S4R,10442,10443,10479,10478
PART-6-1,9675,S4R,10443,10444,10480,10479
PART-6-1,9676,S4R,10444,10445,10481,10480
PART-6-1,9677,S4R,10445,10446,10482,10481
PART-6-1,9678,S4R,10446,10447,10483,10482
PART-6-1,9679,S4R,10447,10448,10484,10483
PART-6-1,9680,S4R,10448,10449,10485,10484
PART-6-1,9681,S4R,10449,10450,10486,10485
PART-6-1,9682,S4R,10450,10451,10487,10486
PART-6-1,9683,S4R,10451,10452,10488,10487
PART-6-1,9684,S4R,10452,10453,10489,10488
PART-6-1,9685,S4R,10453,10454,10490,10489
PART-6-1,9686,S4R,10454,10455,10491,10490
PART-6-1,9687,S4R,10455,10456,10492,10491
PART-6-1,9688,S4R,10456,10457,10493,10492
PART-6-1,9689,S4R,10457,10458,10494,10493
PART-6-1,9690,S4R,10458,10459,10495,10494
PART-6-1,9691,S4R,10459,10460,10496,10495
PART-6-1,9692,S4R,10460,10461,10497,10496
PART-6-1,9693,S4R,10461,10462,10498,10497
PART-6-1,9694,S4R,10462,10463,10499,10498
PART-6-1,9695,S4R,10463,10464,10500,10499
PART-6-1,9696,S4R,10464,10465,10501,10500
PART-6-1,9697,S4R,10465,10466,10502,10501
PART-6-1,9698,S4R,10466,10467,10503,10502
PART-6-1,9699,S4R,10467,10468,10504,10503
PART-6-1,9700,S4R,10468,10469,10505,10504
PART-6-1,9701,S4R,10469,10470,10506,10505
PART-6-1,9702,S4R,10470,10471,10507,10506
PART-6-1,9703,S4R,10471,10472,10508,10507
PART-6-1,9704,S4R,10472,10473,10509,10508
PART-6-1,9705,S4R,10473,10474,10510,10509
PART-6-1,9706,S4R,10474,328,329,10510
PART-6-1,9707,S4R,1536,10475,10511,1535
PART-6-1,9708,S4R,10475,10476,10512,10511
PART-6-1,9709,S4R,10476,10477,10513,10512
PART-6-1,9710,S4R,10477,10478,10514,10513
PART-6-1,9711,S4R,10478,10479,10515,10514
PART-6-1,9712,S4R,10479,10480,10516,10515
PART-6-1,9713,S4R,10480,10481,10517,10516
PART-6-1,9714,S4R,10481,10482,10518,10517
PART-6-1,9715,S4R,10482,10483,10519,10518
PART-6-1,9716,S4R,10483,10484,10520,10519
PART-6-1,9717,S4R,10484,10485,10521,10520
PART-6-1,9718,S4R,10485,10486,10522,10521
PART-6-1,9719,S4R,10486,10487,10523,10522
PART-6-1,9720,S4R,10487,10488,10524,10523
PART-6-1,9721,S4R,10488,10489,10525,10524
PART-6-1,9722,S4R,10489,10490,10526,10525
PART-6-1,9723,S4R,10490,10491,10527,10526
PART-6-1,9724,S4R,10491,10492,10528,10527
PART-6-1,9725,S4R,10492,10493,10529,10528
PART-6-1,9726,S4R,10493,10494,10530,10529
PART-6-1,9727,S4R,10494,10495,10531,10530
PART-6-1,9728,S4R,10495,10496,10532,10531
PART-6-1,9729,S4R,10496,10497,10533,10532
PART-6-1,9730,S4R,10497,10498,10534,10533
PART-6-1,9731,S4R,10498,10499,10535,10534
PART-6-1,9732,S4R,10499,10500,10536,10535
PART-6-1,9733,S4R,10500,10501,10537,10536
PART-6-1,9734,S4R,10501,10502,10538,10537
PART-6-1,9735,S4R,10502,10503,10539,10538
PART-6-1,9736,S4R,10503,10504,10540,10539
PART-6-1,9737,S4R,10504,10505,10541,10540
PART-6-1,9738,S4R,10505,10506,10542,10541
PART-6-1,9739,S4R,10506,10507,10543,10542
PART-6-1,9740,S4R,10507,10508,10544,10543
PART-6-1,9741,S4R,10508,10509,10545,10544
PART-6-1,9742,S4R,10509,10510,10546,10545
PART-6-1,9743,S4R,10510,329,330,10546
PART-6-1,9744,S4R,1535,10511,10547,1534
PART-6-1,9745,S4R,10511,10512,10548,10547
PART-6-1,9746,S4R,10512,10513,10549,10548
PART-6-1,9747,S4R,10513,10514,10550,10549
PART-6-1,9748,S4R,10514,10515,10551,10550
PART-6-1,9749,S4R,10515,10516,10552,10551
PART-6-1,9750,S4R,10516,10517,10553,10552
PART-6-1,9751,S4R,10517,10518,10554,10553
PART-6-1,9752,S4R,10518,10519,10555,10554
PART-6-1,9753,S4R,10519,10520,10556,10555
PART-6-1,9754,S4R,10520,10521,10557,10556
PART-6-1,9755,S4R,10521,10522,10558,10557
PART-6-1,9756,S4R,10522,10523,10559,10558
PART-6-1,9757,S4R,10523,10524,10560,10559
PART-6-1,9758,S4R,10524,10525,10561,10560
PART-6-1,9759,S4R,10525,10526,10562,10561
PART-6-1,9760,S4R,10526,10527,10563,10562
PART-6-1,9761,S4R,10527,10528,10564,10563
PART-6-1,9762,S4R,10528,10529,10565,10564
PART-6-1,9763,S4R,10529,10530,10566,10565
PART-6-1,9764,S4R,10530,10531,10567,10566
PART-6-1,9765,S4R,10531,10532,10568,10567
PART-6-1,9766,S4R,10532,10533,10569,10568
PART-6-1,9767,S4R,10533,10534,10570,10569
PART-6-1,9768,S4R,10534,10535,10571,10570
PART-6-1,9769,S4R,10535,10536,10572,10571
PART-6-1,9770,S4R,10536,10537,10573,10572
PART-6-1,9771,S4R,10537,10538,10574,10573
PART-6-1,9772,S4R,10538,10539,10575,10574
PART-6-1,9773,S4R,10539,10540,10576,10575
PART-6-1,9774,S4R,10540,10541,10577,10576
PART-6-1,9775,S4R,10541,10542,10578,10577
PART-6-1,9776,S4R,10542,10543,10579,10578
PART-6-1,9777,S4R,10543,10544,10580,10579
PART-6-1,9778,S4R,10544,10545,10581,10580
PART-6-1,9779,S4R,10545,10546,10582,10581
PART-6-1,9780,S4R,10546,330,331,10582
PART-6-1,9781,S4R,1534,10547,1351,66
PART-6-1,9782,S4R,10547,10548,1352,1351
PART-6-1,9783,S4R,10548,10549,1353,1352
PART-6-1,9784,S4R,10549,10550,1354,1353
PART-6-1,9785,S4R,10550,10551,1355,1354
PART-6-1,9786,S4R,10551,10552,1356,1355
PART-6-1,9787,S4R,10552,10553,1357,1356
PART-6-1,9788,S4R,10553,10554,1358,1357
PART-6-1,9789,S4R,10554,10555,1359,1358
PART-6-1,9790,S4R,10555,10556,1360,1359
PART-6-1,9791,S4R,10556,10557,1361,1360
PART-6-1,9792,S4R,10557,10558,1362,1361
PART-6-1,9793,S4R,10558,10559,1363,1362
PART-6-1,9794,S4R,10559,10560,1364,1363
PART-6-1,9795,S4R,10560,10561,1365,1364
PART-6-1,9796,S4R,10561,10562,1366,1365
PART-6-1,9797,S4R,10562,10563,1367,1366
PART-6-1,9798,S4R,10563,10564,1368,1367
PART-6-1,9799,S4R,10564,10565,1369,1368
PART-6-1,9800,S4R,10565,10566,1370,1369
PART-6-1,9801,S4R,10566,10567,1371,1370
PART-6-1,9802,S4R,10567,10568,1372,1371
PART-6-1,9803,S4R,10568,10569,1373,1372
PART-6-1,9804,S4R,10569,10570,1374,1373
PART-6-1,9805,S4R,10570,10571,1375,1374
PART-6-1,9806,S4R,10571,10572,1376,1375
PART-6-1,9807,S4R,10572,10573,1377,1376
PART-6-1,9808,S4R,10573,10574,1378,1377
PART-6-1,9809,S4R,10574,10575,1379,1378
PART-6-1,9810,S4R,10575,10576,1380,1379
PART-6-1,9811,S4R,10576,10577,1381,1380
PART-6-1,9812,S4R,10577,10578,1382,1381
PART-6-1,9813,S4R,10578,10579,5,1382
PART-6-1,9814,S4R,10579,10580,90,5
PART-6-1,9815,S4R,10580,10581,91,90
PART-6-1,9816,S4R,10581,10582,92,91
PART-6-1,9817,S4R,10582,331,6,92
PART-6-1,9818,S4R,68,1548,10583,1475
PART-6-1,9819,S4R,1548,1549,10584,10583
PART-6-1,9820,S4R,1549,1550,10585,10584
PART-6-1,9821,S4R,1550,1551,10586,10585
PART-6-1,9822,S4R,1551,1552,10587,10586
PART-6-1,9823,S4R,1552,1553,10588,10587
PART-6-1,9824,S4R,1553,1554,10589,10588
PART-6-1,9825,S4R,1554,1555,10590,10589
PART-6-1,9826,S4R,1555,1556,10591,10590
PART-6-1,9827,S4R,1556,1557,10592,10591
PART-6-1,9828,S4R,1557,1558,10593,10592
PART-6-1,9829,S4R,1558,1559,10594,10593
PART-6-1,9830,S4R,1559,1560,10595,10594
PART-6-1,9831,S4R,1560,1561,10596,10595
PART-6-1,9832,S4R,1561,65,1338,10596
PART-6-1,9833,S4R,1475,10583,10597,1476
PART-6-1,9834,S4R,10583,10584,10598,10597
PART-6-1,9835,S4R,10584,10585,10599,10598
PART-6-1,9836,S4R,10585,10586,10600,10599
PART-6-1,9837,S4R,10586,10587,10601,10600
PART-6-1,9838,S4R,10587,10588,10602,10601
PART-6-1,9839,S4R,10588,10589,10603,10602
PART-6-1,9840,S4R,10589,10590,10604,10603
PART-6-1,9841,S4R,10590,10591,10605,10604
PART-6-1,9842,S4R,10591,10592,10606,10605
PART-6-1,9843,S4R,10592,10593,10607,10606
PART-6-1,9844,S4R,10593,10594,10608,10607
PART-6-1,9845,S4R,10594,10595,10609,10608
PART-6-1,9846,S4R,10595,10596,10610,10609
PART-6-1,9847,S4R,10596,1338,1337,10610
PART-6-1,9848,S4R,1476,10597,10611,1477
PART-6-1,9849,S4R,10597,10598,10612,10611
PART-6-1,9850,S4R,10598,10599,10613,10612
PART-6-1,9851,S4R,10599,10600,10614,10613
PART-6-1,9852,S4R,10600,10601,10615,10614
PART-6-1,9853,S4R,10601,10602,10616,10615
PART-6-1,9854,S4R,10602,10603,10617,10616
PART-6-1,9855,S4R,10603,10604,10618,10617
PART-6-1,9856,S4R,10604,10605,10619,10618
PART-6-1,9857,S4R,10605,10606,10620,10619
PART-6-1,9858,S4R,10606,10607,10621,10620
PART-6-1,9859,S4R,10607,10608,10622,10621
PART-6-1,9860,S4R,10608,10609,10623,10622
PART-6-1,9861,S4R,10609,10610,10624,10623
PART-6-1,9862,S4R,10610,1337,1336,10624
PART-6-1,9863,S4R,1477,10611,10625,1478
PART-6-1,9864,S4R,10611,10612,10626,10625
PART-6-1,9865,S4R,10612,10613,10627,10626
PART-6-1,9866,S4R,10613,10614,10628,10627
PART-6-1,9867,S4R,10614,10615,10629,10628
PART-6-1,9868,S4R,10615,10616,10630,10629
PART-6-1,9869,S4R,10616,10617,10631,10630
PART-6-1,9870,S4R,10617,10618,10632,10631
PART-6-1,9871,S4R,10618,10619,10633,10632
PART-6-1,9872,S4R,10619,10620,10634,10633
PART-6-1,9873,S4R,10620,10621,10635,10634
PART-6-1,9874,S4R,10621,10622,10636,10635
PART-6-1,9875,S4R,10622,10623,10637,10636
PART-6-1,9876,S4R,10623,10624,10638,10637
PART-6-1,9877,S4R,10624,1336,1335,10638
PART-6-1,9878,S4R,1478,10625,10639,1479
PART-6-1,9879,S4R,10625,10626,10640,10639
PART-6-1,9880,S4R,10626,10627,10641,10640
PART-6-1,9881,S4R,10627,10628,10642,10641
PART-6-1,9882,S4R,10628,10629,10643,10642
PART-6-1,9883,S4R,10629,10630,10644,10643
PART-6-1,9884,S4R,10630,10631,10645,10644
PART-6-1,9885,S4R,10631,10632,10646,10645
PART-6-1,9886,S4R,10632,10633,10647,10646
PART-6-1,9887,S4R,10633,10634,10648,10647
PART-6-1,9888,S4R,10634,10635,10649,10648
PART-6-1,9889,S4R,10635,10636,10650,10649
PART-6-1,9890,S4R,10636,10637,10651,10650
PART-6-1,9891,S4R,10637,10638,10652,10651
PART-6-1,9892,S4R,10638,1335,1334,10652
PART-6-1,9893,S4R,1479,10639,10653,1480
PART-6-1,9894,S4R,10639,10640,10654,10653
PART-6-1,9895,S4R,10640,10641,10655,10654
PART-6-1,9896,S4R,10641,10642,10656,10655
PART-6-1,9897,S4R,10642,10643,10657,10656
PART-6-1,9898,S4R,10643,10644,10658,10657
PART-6-1,9899,S4R,10644,10645,10659,10658
PART-6-1,9900,S4R,10645,10646,10660,10659
PART-6-1,9901,S4R,10646,10647,10661,10660
PART-6-1,9902,S4R,10647,10648,10662,10661
PART-6-1,9903,S4R,10648,10649,10663,10662
PART-6-1,9904,S4R,10649,10650,10664,10663
PART-6-1,9905,S4R,10650,10651,10665,10664
PART-6-1,9906,S4R,10651,10652,10666,10665
PART-6-1,9907,S4R,10652,1334,1333,10666
PART-6-1,9908,S4R,1480,10653,10667,1481
PART-6-1,9909,S4R,10653,10654,10668,10667
PART-6-1,9910,S4R,10654,10655,10669,10668
PART-6-1,9911,S4R,10655,10656,10670,10669
PART-6-1,9912,S4R,10656,10657,10671,10670
PART-6-1,9913,S4R,10657,10658,10672,10671
PART-6-1,9914,S4R,10658,10659,10673,10672
PART-6-1,9915,S4R,10659,10660,10674,10673
PART-6-1,9916,S4R,10660,10661,10675,10674
PART-6-1,9917,S4R,10661,10662,10676,10675
PART-6-1,9918,S4R,10662,10663,10677,10676
PART-6-1,9919,S4R,10663,10664,10678,10677
PART-6-1,9920,S4R,10664,10665,10679,10678
PART-6-1,9921,S4R,10665,10666,10680,10679
PART-6-1,9922,S4R,10666,1333,1332,10680
PART-6-1,9923,S4R,1481,10667,10681,1482
PART-6-1,9924,S4R,10667,10668,10682,10681
PART-6-1,9925,S4R,10668,10669,10683,10682
PART-6-1,9926,S4R,10669,10670,10684,10683
PART-6-1,9927,S4R,10670,10671,10685,10684
PART-6-1,9928,S4R,10671,10672,10686,10685
PART-6-1,9929,S4R,10672,10673,10687,10686
PART-6-1,9930,S4R,10673,10674,10688,10687
PART-6-1,9931,S4R,10674,10675,10689,10688
PART-6-1,9932,S4R,10675,10676,10690,10689
PART-6-1,9933,S4R,10676,10677,10691,10690
PART-6-1,9934,S4R,10677,10678,10692,10691
PART-6-1,9935,S4R,10678,10679,10693,10692
PART-6-1,9936,S4R,10679,10680,10694,10693
PART-6-1,9937,S4R,10680,1332,1331,10694
PART-6-1,9938,S4R,1482,10681,10695,1483
PART-6-1,9939,S4R,10681,10682,10696,10695
PART-6-1,9940,S4R,10682,10683,10697,10696
PART-6-1,9941,S4R,10683,10684,10698,10697
PART-6-1,9942,S4R,10684,10685,10699,10698
PART-6-1,9943,S4R,10685,10686,10700,10699
PART-6-1,9944,S4R,10686,10687,10701,10700
PART-6-1,9945,S4R,10687,10688,10702,10701
PART-6-1,9946,S4R,10688,10689,10703,10702
PART-6-1,9947,S4R,10689,10690,10704,10703
PART-6-1,9948,S4R,10690,10691,10705,10704
PART-6-1,9949,S4R,10691,10692,10706,10705
PART-6-1,9950,S4R,10692,10693,10707,10706
PART-6-1,9951,S4R,10693,10694,10708,10707
PART-6-1,9952,S4R,10694,1331,1330,10708
PART-6-1,9953,S4R,1483,10695,10709,1484
PART-6-1,9954,S4R,10695,10696,10710,10709
PART-6-1,9955,S4R,10696,10697,10711,10710
PART-6-1,9956,S4R,10697,10698,10712,10711
PART-6-1,9957,S4R,10698,10699,10713,10712
PART-6-1,9958,S4R,10699,10700,10714,10713
PART-6-1,9959,S4R,10700,10701,10715,10714
PART-6-1,9960,S4R,10701,10702,10716,10715
PART-6-1,9961,S4R,10702,10703,10717,10716
PART-6-1,9962,S4R,10703,10704,10718,10717
PART-6-1,9963,S4R,10704,10705,10719,10718
PART-6-1,9964,S4R,10705,10706,10720,10719
PART-6-1,9965,S4R,10706,10707,10721,10720
PART-6-1,9966,S4R,10707,10708,10722,10721
PART-6-1,9967,S4R,10708,1330,1329,10722
PART-6-1,9968,S4R,1484,10709,10723,1485
PART-6-1,9969,S4R,10709,10710,10724,10723
PART-6-1,9970,S4R,10710,10711,10725,10724
PART-6-1,9971,S4R,10711,10712,10726,10725
PART-6-1,9972,S4R,10712,10713,10727,10726
PART-6-1,9973,S4R,10713,10714,10728,10727
PART-6-1,9974,S4R,10714,10715,10729,10728
PART-6-1,9975,S4R,10715,10716,10730,10729
PART-6-1,9976,S4R,10716,10717,10731,10730
PART-6-1,9977,S4R,10717,10718,10732,10731
PART-6-1,9978,S4R,10718,10719,10733,10732
PART-6-1,9979,S4R,10719,10720,10734,10733
PART-6-1,9980,S4R,10720,10721,10735,10734
PART-6-1,9981,S4R,10721,10722,10736,10735
PART-6-1,9982,S4R,10722,1329,1328,10736
PART-6-1,9983,S4R,1485,10723,10737,1486
PART-6-1,9984,S4R,10723,10724,10738,10737
PART-6-1,9985,S4R,10724,10725,10739,10738
PART-6-1,9986,S4R,10725,10726,10740,10739
PART-6-1,9987,S4R,10726,10727,10741,10740
PART-6-1,9988,S4R,10727,10728,10742,10741
PART-6-1,9989,S4R,10728,10729,10743,10742
PART-6-1,9990,S4R,10729,10730,10744,10743
PART-6-1,9991,S4R,10730,10731,10745,10744
PART-6-1,9992,S4R,10731,10732,10746,10745
PART-6-1,9993,S4R,10732,10733,10747,10746
PART-6-1,9994,S4R,10733,10734,10748,10747
PART-6-1,9995,S4R,10734,10735,10749,10748
PART-6-1,9996,S4R,10735,10736,10750,10749
PART-6-1,9997,S4R,10736,1328,1327,10750
PART-6-1,9998,S4R,1486,10737,10751,1487
PART-6-1,9999,S4R,10737,10738,10752,10751
PART-6-1,10000,S4R,10738,10739,10753,10752
PART-6-1,10001,S4R,10739,10740,10754,10753
PART-6-1,10002,S4R,10740,10741,10755,10754
PART-6-1,10003,S4R,10741,10742,10756,10755
PART-6-1,10004,S4R,10742,10743,10757,10756
PART-6-1,10005,S4R,10743,10744,10758,10757
PART-6-1,10006,S4R,10744,10745,10759,10758
PART-6-1,10007,S4R,10745,10746,10760,10759
PART-6-1,10008,S4R,10746,10747,10761,10760
PART-6-1,10009,S4R,10747,10748,10762,10761
PART-6-1,10010,S4R,10748,10749,10763,10762
PART-6-1,10011,S4R,10749,10750,10764,10763
PART-6-1,10012,S4R,10750,1327,1326,10764
PART-6-1,10013,S4R,1487,10751,10765,1488
PART-6-1,10014,S4R,10751,10752,10766,10765
PART-6-1,10015,S4R,10752,10753,10767,10766
PART-6-1,10016,S4R,10753,10754,10768,10767
PART-6-1,10017,S4R,10754,10755,10769,10768
PART-6-1,10018,S4R,10755,10756,10770,10769
PART-6-1,10019,S4R,10756,10757,10771,10770
PART-6-1,10020,S4R,10757,10758,10772,10771
PART-6-1,10021,S4R,10758,10759,10773,10772
PART-6-1,10022,S4R,10759,10760,10774,10773
PART-6-1,10023,S4R,10760,10761,10775,10774
PART-6-1,10024,S4R,10761,10762,10776,10775
PART-6-1,10025,S4R,10762,10763,10777,10776
PART-6-1,10026,S4R,10763,10764,10778,10777
PART-6-1,10027,S4R,10764,1326,1325,10778
PART-6-1,10028,S4R,1488,10765,10779,1489
PART-6-1,10029,S4R,10765,10766,10780,10779
PART-6-1,10030,S4R,10766,10767,10781,10780
PART-6-1,10031,S4R,10767,10768,10782,10781
PART-6-1,10032,S4R,10768,10769,10783,10782
PART-6-1,10033,S4R,10769,10770,10784,10783
PART-6-1,10034,S4R,10770,10771,10785,10784
PART-6-1,10035,S4R,10771,10772,10786,10785
PART-6-1,10036,S4R,10772,10773,10787,10786
PART-6-1,10037,S4R,10773,10774,10788,10787
PART-6-1,10038,S4R,10774,10775,10789,10788
PART-6-1,10039,S4R,10775,10776,10790,10789
PART-6-1,10040,S4R,10776,10777,10791,10790
PART-6-1,10041,S4R,10777,10778,10792,10791
PART-6-1,10042,S4R,10778,1325,1324,10792
PART-6-1,10043,S4R,1489,10779,10793,1490
PART-6-1,10044,S4R,10779,10780,10794,10793
PART-6-1,10045,S4R,10780,10781,10795,10794
PART-6-1,10046,S4R,10781,10782,10796,10795
PART-6-1,10047,S4R,10782,10783,10797,10796
PART-6-1,10048,S4R,10783,10784,10798,10797
PART-6-1,10049,S4R,10784,10785,10799,10798
PART-6-1,10050,S4R,10785,10786,10800,10799
PART-6-1,10051,S4R,10786,10787,10801,10800
PART-6-1,10052,S4R,10787,10788,10802,10801
PART-6-1,10053,S4R,10788,10789,10803,10802
PART-6-1,10054,S4R,10789,10790,10804,10803
PART-6-1,10055,S4R,10790,10791,10805,10804
PART-6-1,10056,S4R,10791,10792,10806,10805
PART-6-1,10057,S4R,10792,1324,1323,10806
PART-6-1,10058,S4R,1490,10793,10807,1491
PART-6-1,10059,S4R,10793,10794,10808,10807
PART-6-1,10060,S4R,10794,10795,10809,10808
PART-6-1,10061,S4R,10795,10796,10810,10809
PART-6-1,10062,S4R,10796,10797,10811,10810
PART-6-1,10063,S4R,10797,10798,10812,10811
PART-6-1,10064,S4R,10798,10799,10813,10812
PART-6-1,10065,S4R,10799,10800,10814,10813
PART-6-1,10066,S4R,10800,10801,10815,10814
PART-6-1,10067,S4R,10801,10802,10816,10815
PART-6-1,10068,S4R,10802,10803,10817,10816
PART-6-1,10069,S4R,10803,10804,10818,10817
PART-6-1,10070,S4R,10804,10805,10819,10818
PART-6-1,10071,S4R,10805,10806,10820,10819
PART-6-1,10072,S4R,10806,1323,1322,10820
PART-6-1,10073,S4R,1491,10807,10821,1492
PART-6-1,10074,S4R,10807,10808,10822,10821
PART-6-1,10075,S4R,10808,10809,10823,10822
PART-6-1,10076,S4R,10809,10810,10824,10823
PART-6-1,10077,S4R,10810,10811,10825,10824
PART-6-1,10078,S4R,10811,10812,10826,10825
PART-6-1,10079,S4R,10812,10813,10827,10826
PART-6-1,10080,S4R,10813,10814,10828,10827
PART-6-1,10081,S4R,10814,10815,10829,10828
PART-6-1,10082,S4R,10815,10816,10830,10829
PART-6-1,10083,S4R,10816,10817,10831,10830
PART-6-1,10084,S4R,10817,10818,10832,10831
PART-6-1,10085,S4R,10818,10819,10833,10832
PART-6-1,10086,S4R,10819,10820,10834,10833
PART-6-1,10087,S4R,10820,1322,1321,10834
PART-6-1,10088,S4R,1492,10821,10835,1493
PART-6-1,10089,S4R,10821,10822,10836,10835
PART-6-1,10090,S4R,10822,10823,10837,10836
PART-6-1,10091,S4R,10823,10824,10838,10837
PART-6-1,10092,S4R,10824,10825,10839,10838
PART-6-1,10093,S4R,10825,10826,10840,10839
PART-6-1,10094,S4R,10826,10827,10841,10840
PART-6-1,10095,S4R,10827,10828,10842,10841
PART-6-1,10096,S4R,10828,10829,10843,10842
PART-6-1,10097,S4R,10829,10830,10844,10843
PART-6-1,10098,S4R,10830,10831,10845,10844
PART-6-1,10099,S4R,10831,10832,10846,10845
PART-6-1,10100,S4R,10832,10833,10847,10846
PART-6-1,10101,S4R,10833,10834,10848,10847
PART-6-1,10102,S4R,10834,1321,1320,10848
PART-6-1,10103,S4R,1493,10835,10849,1494
PART-6-1,10104,S4R,10835,10836,10850,10849
PART-6-1,10105,S4R,10836,10837,10851,10850
PART-6-1,10106,S4R,10837,10838,10852,10851
PART-6-1,10107,S4R,10838,10839,10853,10852
PART-6-1,10108,S4R,10839,10840,10854,10853
PART-6-1,10109,S4R,10840,10841,10855,10854
PART-6-1,10110,S4R,10841,10842,10856,10855
PART-6-1,10111,S4R,10842,10843,10857,10856
PART-6-1,10112,S4R,10843,10844,10858,10857
PART-6-1,10113,S4R,10844,10845,10859,10858
PART-6-1,10114,S4R,10845,10846,10860,10859
PART-6-1,10115,S4R,10846,10847,10861,10860
PART-6-1,10116,S4R,10847,10848,10862,10861
PART-6-1,10117,S4R,10848,1320,1319,10862
PART-6-1,10118,S4R,1494,10849,10863,1495
PART-6-1,10119,S4R,10849,10850,10864,10863
PART-6-1,10120,S4R,10850,10851,10865,10864
PART-6-1,10121,S4R,10851,10852,10866,10865
PART-6-1,10122,S4R,10852,10853,10867,10866
PART-6-1,10123,S4R,10853,10854,10868,10867
PART-6-1,10124,S4R,10854,10855,10869,10868
PART-6-1,10125,S4R,10855,10856,10870,10869
PART-6-1,10126,S4R,10856,10857,10871,10870
PART-6-1,10127,S4R,10857,10858,10872,10871
PART-6-1,10128,S4R,10858,10859,10873,10872
PART-6-1,10129,S4R,10859,10860,10874,10873
PART-6-1,10130,S4R,10860,10861,10875,10874
PART-6-1,10131,S4R,10861,10862,10876,10875
PART-6-1,10132,S4R,10862,1319,1318,10876
PART-6-1,10133,S4R,1495,10863,10877,1496
PART-6-1,10134,S4R,10863,10864,10878,10877
PART-6-1,10135,S4R,10864,10865,10879,10878
PART-6-1,10136,S4R,10865,10866,10880,10879
PART-6-1,10137,S4R,10866,10867,10881,10880
PART-6-1,10138,S4R,10867,10868,10882,10881
PART-6-1,10139,S4R,10868,10869,10883,10882
PART-6-1,10140,S4R,10869,10870,10884,10883
PART-6-1,10141,S4R,10870,10871,10885,10884
PART-6-1,10142,S4R,10871,10872,10886,10885
PART-6-1,10143,S4R,10872,10873,10887,10886
PART-6-1,10144,S4R,10873,10874,10888,10887
PART-6-1,10145,S4R,10874,10875,10889,10888
PART-6-1,10146,S4R,10875,10876,10890,10889
PART-6-1,10147,S4R,10876,1318,1317,10890
PART-6-1,10148,S4R,1496,10877,10891,1497
PART-6-1,10149,S4R,10877,10878,10892,10891
PART-6-1,10150,S4R,10878,10879,10893,10892
PART-6-1,10151,S4R,10879,10880,10894,10893
PART-6-1,10152,S4R,10880,10881,10895,10894
PART-6-1,10153,S4R,10881,10882,10896,10895
PART-6-1,10154,S4R,10882,10883,10897,10896
PART-6-1,10155,S4R,10883,10884,10898,10897
PART-6-1,10156,S4R,10884,10885,10899,10898
PART-6-1,10157,S4R,10885,10886,10900,10899
PART-6-1,10158,S4R,10886,10887,10901,10900
PART-6-1,10159,S4R,10887,10888,10902,10901
PART-6-1,10160,S4R,10888,10889,10903,10902
PART-6-1,10161,S4R,10889,10890,10904,10903
PART-6-1,10162,S4R,10890,1317,1316,10904
PART-6-1,10163,S4R,1497,10891,10905,1498
PART-6-1,10164,S4R,10891,10892,10906,10905
PART-6-1,10165,S4R,10892,10893,10907,10906
PART-6-1,10166,S4R,10893,10894,10908,10907
PART-6-1,10167,S4R,10894,10895,10909,10908
PART-6-1,10168,S4R,10895,10896,10910,10909
PART-6-1,10169,S4R,10896,10897,10911,10910
PART-6-1,10170,S4R,10897,10898,10912,10911
PART-6-1,10171,S4R,10898,10899,10913,10912
PART-6-1,10172,S4R,10899,10900,10914,10913
PART-6-1,10173,S4R,10900,10901,10915,10914
PART-6-1,10174,S4R,10901,10902,10916,10915
PART-6-1,10175,S4R,10902,10903,10917,10916
PART-6-1,10176,S4R,10903,10904,10918,10917
PART-6-1,10177,S4R,10904,1316,1315,10918
PART-6-1,10178,S4R,1498,10905,10919,1499
PART-6-1,10179,S4R,10905,10906,10920,10919
PART-6-1,10180,S4R,10906,10907,10921,10920
PART-6-1,10181,S4R,10907,10908,10922,10921
PART-6-1,10182,S4R,10908,10909,10923,10922
PART-6-1,10183,S4R,10909,10910,10924,10923
PART-6-1,10184,S4R,10910,10911,10925,10924
PART-6-1,10185,S4R,10911,10912,10926,10925
PART-6-1,10186,S4R,10912,10913,10927,10926
PART-6-1,10187,S4R,10913,10914,10928,10927
PART-6-1,10188,S4R,10914,10915,10929,10928
PART-6-1,10189,S4R,10915,10916,10930,10929
PART-6-1,10190,S4R,10916,10917,10931,10930
PART-6-1,10191,S4R,10917,10918,10932,10931
PART-6-1,10192,S4R,10918,1315,1314,10932
PART-6-1,10193,S4R,1499,10919,10933,1500
PART-6-1,10194,S4R,10919,10920,10934,10933
PART-6-1,10195,S4R,10920,10921,10935,10934
PART-6-1,10196,S4R,10921,10922,10936,10935
PART-6-1,10197,S4R,10922,10923,10937,10936
PART-6-1,10198,S4R,10923,10924,10938,10937
PART-6-1,10199,S4R,10924,10925,10939,10938
PART-6-1,10200,S4R,10925,10926,10940,10939
PART-6-1,10201,S4R,10926,10927,10941,10940
PART-6-1,10202,S4R,10927,10928,10942,10941
PART-6-1,10203,S4R,10928,10929,10943,10942
PART-6-1,10204,S4R,10929,10930,10944,10943
PART-6-1,10205,S4R,10930,10931,10945,10944
PART-6-1,10206,S4R,10931,10932,10946,10945
PART-6-1,10207,S4R,10932,1314,1313,10946
PART-6-1,10208,S4R,1500,10933,10947,1501
PART-6-1,10209,S4R,10933,10934,10948,10947
PART-6-1,10210,S4R,10934,10935,10949,10948
PART-6-1,10211,S4R,10935,10936,10950,10949
PART-6-1,10212,S4R,10936,10937,10951,10950
PART-6-1,10213,S4R,10937,10938,10952,10951
PART-6-1,10214,S4R,10938,10939,10953,10952
PART-6-1,10215,S4R,10939,10940,10954,10953
PART-6-1,10216,S4R,10940,10941,10955,10954
PART-6-1,10217,S4R,10941,10942,10956,10955
PART-6-1,10218,S4R,10942,10943,10957,10956
PART-6-1,10219,S4R,10943,10944,10958,10957
PART-6-1,10220,S4R,10944,10945,10959,10958
PART-6-1,10221,S4R,10945,10946,10960,10959
PART-6-1,10222,S4R,10946,1313,1312,10960
PART-6-1,10223,S4R,1501,10947,10961,1502
PART-6-1,10224,S4R,10947,10948,10962,10961
PART-6-1,10225,S4R,10948,10949,10963,10962
PART-6-1,10226,S4R,10949,10950,10964,10963
PART-6-1,10227,S4R,10950,10951,10965,10964
PART-6-1,10228,S4R,10951,10952,10966,10965
PART-6-1,10229,S4R,10952,10953,10967,10966
PART-6-1,10230,S4R,10953,10954,10968,10967
PART-6-1,10231,S4R,10954,10955,10969,10968
PART-6-1,10232,S4R,10955,10956,10970,10969
PART-6-1,10233,S4R,10956,10957,10971,10970
PART-6-1,10234,S4R,10957,10958,10972,10971
PART-6-1,10235,S4R,10958,10959,10973,10972
PART-6-1,10236,S4R,10959,10960,10974,10973
PART-6-1,10237,S4R,10960,1312,1311,10974
PART-6-1,10238,S4R,1502,10961,10975,1503
PART-6-1,10239,S4R,10961,10962,10976,10975
PART-6-1,10240,S4R,10962,10963,10977,10976
PART-6-1,10241,S4R,10963,10964,10978,10977
PART-6-1,10242,S4R,10964,10965,10979,10978
PART-6-1,10243,S4R,10965,10966,10980,10979
PART-6-1,10244,S4R,10966,10967,10981,10980
PART-6-1,10245,S4R,10967,10968,10982,10981
PART-6-1,10246,S4R,10968,10969,10983,10982
PART-6-1,10247,S4R,10969,10970,10984,10983
PART-6-1,10248,S4R,10970,10971,10985,10984
PART-6-1,10249,S4R,10971,10972,10986,10985
PART-6-1,10250,S4R,10972,10973,10987,10986
PART-6-1,10251,S4R,10973,10974,10988,10987
PART-6-1,10252,S4R,10974,1311,1310,10988
PART-6-1,10253,S4R,1503,10975,10989,1504
PART-6-1,10254,S4R,10975,10976,10990,10989
PART-6-1,10255,S4R,10976,10977,10991,10990
PART-6-1,10256,S4R,10977,10978,10992,10991
PART-6-1,10257,S4R,10978,10979,10993,10992
PART-6-1,10258,S4R,10979,10980,10994,10993
PART-6-1,10259,S4R,10980,10981,10995,10994
PART-6-1,10260,S4R,10981,10982,10996,10995
PART-6-1,10261,S4R,10982,10983,10997,10996
PART-6-1,10262,S4R,10983,10984,10998,10997
PART-6-1,10263,S4R,10984,10985,10999,10998
PART-6-1,10264,S4R,10985,10986,11000,10999
PART-6-1,10265,S4R,10986,10987,11001,11000
PART-6-1,10266,S4R,10987,10988,11002,11001
PART-6-1,10267,S4R,10988,1310,1309,11002
PART-6-1,10268,S4R,1504,10989,11003,1505
PART-6-1,10269,S4R,10989,10990,11004,11003
PART-6-1,10270,S4R,10990,10991,11005,11004
PART-6-1,10271,S4R,10991,10992,11006,11005
PART-6-1,10272,S4R,10992,10993,11007,11006
PART-6-1,10273,S4R,10993,10994,11008,11007
PART-6-1,10274,S4R,10994,10995,11009,11008
PART-6-1,10275,S4R,10995,10996,11010,11009
PART-6-1,10276,S4R,10996,10997,11011,11010
PART-6-1,10277,S4R,10997,10998,11012,11011
PART-6-1,10278,S4R,10998,10999,11013,11012
PART-6-1,10279,S4R,10999,11000,11014,11013
PART-6-1,10280,S4R,11000,11001,11015,11014
PART-6-1,10281,S4R,11001,11002,11016,11015
PART-6-1,10282,S4R,11002,1309,1308,11016
PART-6-1,10283,S4R,1505,11003,11017,11
PART-6-1,10284,S4R,11003,11004,11018,11017
PART-6-1,10285,S4R,11004,11005,11019,11018
PART-6-1,10286,S4R,11005,11006,11020,11019
PART-6-1,10287,S4R,11006,11007,11021,11020
PART-6-1,10288,S4R,11007,11008,11022,11021
PART-6-1,10289,S4R,11008,11009,11023,11022
PART-6-1,10290,S4R,11009,11010,11024,11023
PART-6-1,10291,S4R,11010,11011,11025,11024
PART-6-1,10292,S4R,11011,11012,11026,11025
PART-6-1,10293,S4R,11012,11013,11027,11026
PART-6-1,10294,S4R,11013,11014,11028,11027
PART-6-1,10295,S4R,11014,11015,11029,11028
PART-6-1,10296,S4R,11015,11016,11030,11029
PART-6-1,10297,S4R,11016,1308,14,11030
PART-6-1,10298,S4R,11,11017,11031,116
PART-6-1,10299,S4R,11017,11018,11032,11031
PART-6-1,10300,S4R,11018,11019,11033,11032
PART-6-1,10301,S4R,11019,11020,11034,11033
PART-6-1,10302,S4R,11020,11021,11035,11034
PART-6-1,10303,S4R,11021,11022,11036,11035
PART-6-1,10304,S4R,11022,11023,11037,11036
PART-6-1,10305,S4R,11023,11024,11038,11037
PART-6-1,10306,S4R,11024,11025,11039,11038
PART-6-1,10307,S4R,11025,11026,11040,11039
PART-6-1,10308,S4R,11026,11027,11041,11040
PART-6-1,10309,S4R,11027,11028,11042,11041
PART-6-1,10310,S4R,11028,11029,11043,11042
PART-6-1,10311,S4R,11029,11030,11044,11043
PART-6-1,10312,S4R,11030,14,129,11044
PART-6-1,10313,S4R,116,11031,11045,117
PART-6-1,10314,S4R,11031,11032,11046,11045
PART-6-1,10315,S4R,11032,11033,11047,11046
PART-6-1,10316,S4R,11033,11034,11048,11047
PART-6-1,10317,S4R,11034,11035,11049,11048
PART-6-1,10318,S4R,11035,11036,11050,11049
PART-6-1,10319,S4R,11036,11037,11051,11050
PART-6-1,10320,S4R,11037,11038,11052,11051
PART-6-1,10321,S4R,11038,11039,11053,11052
PART-6-1,10322,S4R,11039,11040,11054,11053
PART-6-1,10323,S4R,11040,11041,11055,11054
PART-6-1,10324,S4R,11041,11042,11056,11055
PART-6-1,10325,S4R,11042,11043,11057,11056
PART-6-1,10326,S4R,11043,11044,11058,11057
PART-6-1,10327,S4R,11044,129,130,11058
PART-6-1,10328,S4R,117,11045,11059,118
PART-6-1,10329,S4R,11045,11046,11060,11059
PART-6-1,10330,S4R,11046,11047,11061,11060
PART-6-1,10331,S4R,11047,11048,11062,11061
PART-6-1,10332,S4R,11048,11049,11063,11062
PART-6-1,10333,S4R,11049,11050,11064,11063
PART-6-1,10334,S4R,11050,11051,11065,11064
PART-6-1,10335,S4R,11051,11052,11066,11065
PART-6-1,10336,S4R,11052,11053,11067,11066
PART-6-1,10337,S4R,11053,11054,11068,11067
PART-6-1,10338,S4R,11054,11055,11069,11068
PART-6-1,10339,S4R,11055,11056,11070,11069
PART-6-1,10340,S4R,11056,11057,11071,11070
PART-6-1,10341,S4R,11057,11058,11072,11071
PART-6-1,10342,S4R,11058,130,131,11072
PART-6-1,10343,S4R,118,11059,668,12
PART-6-1,10344,S4R,11059,11060,667,668
PART-6-1,10345,S4R,11060,11061,666,667
PART-6-1,10346,S4R,11061,11062,665,666
PART-6-1,10347,S4R,11062,11063,664,665
PART-6-1,10348,S4R,11063,11064,663,664
PART-6-1,10349,S4R,11064,11065,662,663
PART-6-1,10350,S4R,11065,11066,661,662
PART-6-1,10351,S4R,11066,11067,660,661
PART-6-1,10352,S4R,11067,11068,659,660
PART-6-1,10353,S4R,11068,11069,658,659
PART-6-1,10354,S4R,11069,11070,657,658
PART-6-1,10355,S4R,11070,11071,656,657
PART-6-1,10356,S4R,11071,11072,655,656
PART-6-1,10357,S4R,11072,131,15,655
PART-6-1,10358,S4R,46,623,11073,1164
PART-6-1,10359,S4R,623,624,11074,11073
PART-6-1,10360,S4R,624,625,11075,11074
PART-6-1,10361,S4R,625,626,11076,11075
PART-6-1,10362,S4R,626,627,11077,11076
PART-6-1,10363,S4R,627,628,11078,11077
PART-6-1,10364,S4R,628,629,11079,11078
PART-6-1,10365,S4R,629,630,11080,11079
PART-6-1,10366,S4R,630,631,11081,11080
PART-6-1,10367,S4R,631,51,1562,11081
PART-6-1,10368,S4R,1164,11073,11082,1163
PART-6-1,10369,S4R,11073,11074,11083,11082
PART-6-1,10370,S4R,11074,11075,11084,11083
PART-6-1,10371,S4R,11075,11076,11085,11084
PART-6-1,10372,S4R,11076,11077,11086,11085
PART-6-1,10373,S4R,11077,11078,11087,11086
PART-6-1,10374,S4R,11078,11079,11088,11087
PART-6-1,10375,S4R,11079,11080,11089,11088
PART-6-1,10376,S4R,11080,11081,11090,11089
PART-6-1,10377,S4R,11081,1562,1563,11090
PART-6-1,10378,S4R,1163,11082,11091,1162
PART-6-1,10379,S4R,11082,11083,11092,11091
PART-6-1,10380,S4R,11083,11084,11093,11092
PART-6-1,10381,S4R,11084,11085,11094,11093
PART-6-1,10382,S4R,11085,11086,11095,11094
PART-6-1,10383,S4R,11086,11087,11096,11095
PART-6-1,10384,S4R,11087,11088,11097,11096
PART-6-1,10385,S4R,11088,11089,11098,11097
PART-6-1,10386,S4R,11089,11090,11099,11098
PART-6-1,10387,S4R,11090,1563,1564,11099
PART-6-1,10388,S4R,1162,11091,11100,1161
PART-6-1,10389,S4R,11091,11092,11101,11100
PART-6-1,10390,S4R,11092,11093,11102,11101
PART-6-1,10391,S4R,11093,11094,11103,11102
PART-6-1,10392,S4R,11094,11095,11104,11103
PART-6-1,10393,S4R,11095,11096,11105,11104
PART-6-1,10394,S4R,11096,11097,11106,11105
PART-6-1,10395,S4R,11097,11098,11107,11106
PART-6-1,10396,S4R,11098,11099,11108,11107
PART-6-1,10397,S4R,11099,1564,1565,11108
PART-6-1,10398,S4R,1161,11100,11109,1160
PART-6-1,10399,S4R,11100,11101,11110,11109
PART-6-1,10400,S4R,11101,11102,11111,11110
PART-6-1,10401,S4R,11102,11103,11112,11111
PART-6-1,10402,S4R,11103,11104,11113,11112
PART-6-1,10403,S4R,11104,11105,11114,11113
PART-6-1,10404,S4R,11105,11106,11115,11114
PART-6-1,10405,S4R,11106,11107,11116,11115
PART-6-1,10406,S4R,11107,11108,11117,11116
PART-6-1,10407,S4R,11108,1565,1566,11117
PART-6-1,10408,S4R,1160,11109,11118,1159
PART-6-1,10409,S4R,11109,11110,11119,11118
PART-6-1,10410,S4R,11110,11111,11120,11119
PART-6-1,10411,S4R,11111,11112,11121,11120
PART-6-1,10412,S4R,11112,11113,11122,11121
PART-6-1,10413,S4R,11113,11114,11123,11122
PART-6-1,10414,S4R,11114,11115,11124,11123
PART-6-1,10415,S4R,11115,11116,11125,11124
PART-6-1,10416,S4R,11116,11117,11126,11125
PART-6-1,10417,S4R,11117,1566,1567,11126
PART-6-1,10418,S4R,1159,11118,11127,1158
PART-6-1,10419,S4R,11118,11119,11128,11127
PART-6-1,10420,S4R,11119,11120,11129,11128
PART-6-1,10421,S4R,11120,11121,11130,11129
PART-6-1,10422,S4R,11121,11122,11131,11130
PART-6-1,10423,S4R,11122,11123,11132,11131
PART-6-1,10424,S4R,11123,11124,11133,11132
PART-6-1,10425,S4R,11124,11125,11134,11133
PART-6-1,10426,S4R,11125,11126,11135,11134
PART-6-1,10427,S4R,11126,1567,1568,11135
PART-6-1,10428,S4R,1158,11127,11136,1157
PART-6-1,10429,S4R,11127,11128,11137,11136
PART-6-1,10430,S4R,11128,11129,11138,11137
PART-6-1,10431,S4R,11129,11130,11139,11138
PART-6-1,10432,S4R,11130,11131,11140,11139
PART-6-1,10433,S4R,11131,11132,11141,11140
PART-6-1,10434,S4R,11132,11133,11142,11141
PART-6-1,10435,S4R,11133,11134,11143,11142
PART-6-1,10436,S4R,11134,11135,11144,11143
PART-6-1,10437,S4R,11135,1568,1569,11144
PART-6-1,10438,S4R,1157,11136,11145,1156
PART-6-1,10439,S4R,11136,11137,11146,11145
PART-6-1,10440,S4R,11137,11138,11147,11146
PART-6-1,10441,S4R,11138,11139,11148,11147
PART-6-1,10442,S4R,11139,11140,11149,11148
PART-6-1,10443,S4R,11140,11141,11150,11149
PART-6-1,10444,S4R,11141,11142,11151,11150
PART-6-1,10445,S4R,11142,11143,11152,11151
PART-6-1,10446,S4R,11143,11144,11153,11152
PART-6-1,10447,S4R,11144,1569,1570,11153
PART-6-1,10448,S4R,1156,11145,11154,1155
PART-6-1,10449,S4R,11145,11146,11155,11154
PART-6-1,10450,S4R,11146,11147,11156,11155
PART-6-1,10451,S4R,11147,11148,11157,11156
PART-6-1,10452,S4R,11148,11149,11158,11157
PART-6-1,10453,S4R,11149,11150,11159,11158
PART-6-1,10454,S4R,11150,11151,11160,11159
PART-6-1,10455,S4R,11151,11152,11161,11160
PART-6-1,10456,S4R,11152,11153,11162,11161
PART-6-1,10457,S4R,11153,1570,1571,11162
PART-6-1,10458,S4R,1155,11154,11163,1154
PART-6-1,10459,S4R,11154,11155,11164,11163
PART-6-1,10460,S4R,11155,11156,11165,11164
PART-6-1,10461,S4R,11156,11157,11166,11165
PART-6-1,10462,S4R,11157,11158,11167,11166
PART-6-1,10463,S4R,11158,11159,11168,11167
PART-6-1,10464,S4R,11159,11160,11169,11168
PART-6-1,10465,S4R,11160,11161,11170,11169
PART-6-1,10466,S4R,11161,11162,11171,11170
PART-6-1,10467,S4R,11162,1571,1572,11171
PART-6-1,10468,S4R,1154,11163,11172,1153
PART-6-1,10469,S4R,11163,11164,11173,11172
PART-6-1,10470,S4R,11164,11165,11174,11173
PART-6-1,10471,S4R,11165,11166,11175,11174
PART-6-1,10472,S4R,11166,11167,11176,11175
PART-6-1,10473,S4R,11167,11168,11177,11176
PART-6-1,10474,S4R,11168,11169,11178,11177
PART-6-1,10475,S4R,11169,11170,11179,11178
PART-6-1,10476,S4R,11170,11171,11180,11179
PART-6-1,10477,S4R,11171,1572,1573,11180
PART-6-1,10478,S4R,1153,11172,11181,1152
PART-6-1,10479,S4R,11172,11173,11182,11181
PART-6-1,10480,S4R,11173,11174,11183,11182
PART-6-1,10481,S4R,11174,11175,11184,11183
PART-6-1,10482,S4R,11175,11176,11185,11184
PART-6-1,10483,S4R,11176,11177,11186,11185
PART-6-1,10484,S4R,11177,11178,11187,11186
PART-6-1,10485,S4R,11178,11179,11188,11187
PART-6-1,10486,S4R,11179,11180,11189,11188
PART-6-1,10487,S4R,11180,1573,1574,11189
PART-6-1,10488,S4R,1152,11181,11190,1151
PART-6-1,10489,S4R,11181,11182,11191,11190
PART-6-1,10490,S4R,11182,11183,11192,11191
PART-6-1,10491,S4R,11183,11184,11193,11192
PART-6-1,10492,S4R,11184,11185,11194,11193
PART-6-1,10493,S4R,11185,11186,11195,11194
PART-6-1,10494,S4R,11186,11187,11196,11195
PART-6-1,10495,S4R,11187,11188,11197,11196
PART-6-1,10496,S4R,11188,11189,11198,11197
PART-6-1,10497,S4R,11189,1574,1575,11198
PART-6-1,10498,S4R,1151,11190,11199,1150
PART-6-1,10499,S4R,11190,11191,11200,11199
PART-6-1,10500,S4R,11191,11192,11201,11200
PART-6-1,10501,S4R,11192,11193,11202,11201
PART-6-1,10502,S4R,11193,11194,11203,11202
PART-6-1,10503,S4R,11194,11195,11204,11203
PART-6-1,10504,S4R,11195,11196,11205,11204
PART-6-1,10505,S4R,11196,11197,11206,11205
PART-6-1,10506,S4R,11197,11198,11207,11206
PART-6-1,10507,S4R,11198,1575,1576,11207
PART-6-1,10508,S4R,1150,11199,11208,1149
PART-6-1,10509,S4R,11199,11200,11209,11208
PART-6-1,10510,S4R,11200,11201,11210,11209
PART-6-1,10511,S4R,11201,11202,11211,11210
PART-6-1,10512,S4R,11202,11203,11212,11211
PART-6-1,10513,S4R,11203,11204,11213,11212
PART-6-1,10514,S4R,11204,11205,11214,11213
PART-6-1,10515,S4R,11205,11206,11215,11214
PART-6-1,10516,S4R,11206,11207,11216,11215
PART-6-1,10517,S4R,11207,1576,1577,11216
PART-6-1,10518,S4R,1149,11208,11217,1148
PART-6-1,10519,S4R,11208,11209,11218,11217
PART-6-1,10520,S4R,11209,11210,11219,11218
PART-6-1,10521,S4R,11210,11211,11220,11219
PART-6-1,10522,S4R,11211,11212,11221,11220
PART-6-1,10523,S4R,11212,11213,11222,11221
PART-6-1,10524,S4R,11213,11214,11223,11222
PART-6-1,10525,S4R,11214,11215,11224,11223
PART-6-1,10526,S4R,11215,11216,11225,11224
PART-6-1,10527,S4R,11216,1577,1578,11225
PART-6-1,10528,S4R,1148,11217,11226,1147
PART-6-1,10529,S4R,11217,11218,11227,11226
PART-6-1,10530,S4R,11218,11219,11228,11227
PART-6-1,10531,S4R,11219,11220,11229,11228
PART-6-1,10532,S4R,11220,11221,11230,11229
PART-6-1,10533,S4R,11221,11222,11231,11230
PART-6-1,10534,S4R,11222,11223,11232,11231
PART-6-1,10535,S4R,11223,11224,11233,11232
PART-6-1,10536,S4R,11224,11225,11234,11233
PART-6-1,10537,S4R,11225,1578,1579,11234
PART-6-1,10538,S4R,1147,11226,11235,1146
PART-6-1,10539,S4R,11226,11227,11236,11235
PART-6-1,10540,S4R,11227,11228,11237,11236
PART-6-1,10541,S4R,11228,11229,11238,11237
PART-6-1,10542,S4R,11229,11230,11239,11238
PART-6-1,10543,S4R,11230,11231,11240,11239
PART-6-1,10544,S4R,11231,11232,11241,11240
PART-6-1,10545,S4R,11232,11233,11242,11241
PART-6-1,10546,S4R,11233,11234,11243,11242
PART-6-1,10547,S4R,11234,1579,1580,11243
PART-6-1,10548,S4R,1146,11235,11244,1145
PART-6-1,10549,S4R,11235,11236,11245,11244
PART-6-1,10550,S4R,11236,11237,11246,11245
PART-6-1,10551,S4R,11237,11238,11247,11246
PART-6-1,10552,S4R,11238,11239,11248,11247
PART-6-1,10553,S4R,11239,11240,11249,11248
PART-6-1,10554,S4R,11240,11241,11250,11249
PART-6-1,10555,S4R,11241,11242,11251,11250
PART-6-1,10556,S4R,11242,11243,11252,11251
PART-6-1,10557,S4R,11243,1580,1581,11252
PART-6-1,10558,S4R,1145,11244,11253,1144
PART-6-1,10559,S4R,11244,11245,11254,11253
PART-6-1,10560,S4R,11245,11246,11255,11254
PART-6-1,10561,S4R,11246,11247,11256,11255
PART-6-1,10562,S4R,11247,11248,11257,11256
PART-6-1,10563,S4R,11248,11249,11258,11257
PART-6-1,10564,S4R,11249,11250,11259,11258
PART-6-1,10565,S4R,11250,11251,11260,11259
PART-6-1,10566,S4R,11251,11252,11261,11260
PART-6-1,10567,S4R,11252,1581,1582,11261
PART-6-1,10568,S4R,1144,11253,11262,1143
PART-6-1,10569,S4R,11253,11254,11263,11262
PART-6-1,10570,S4R,11254,11255,11264,11263
PART-6-1,10571,S4R,11255,11256,11265,11264
PART-6-1,10572,S4R,11256,11257,11266,11265
PART-6-1,10573,S4R,11257,11258,11267,11266
PART-6-1,10574,S4R,11258,11259,11268,11267
PART-6-1,10575,S4R,11259,11260,11269,11268
PART-6-1,10576,S4R,11260,11261,11270,11269
PART-6-1,10577,S4R,11261,1582,1583,11270
PART-6-1,10578,S4R,1143,11262,11271,1142
PART-6-1,10579,S4R,11262,11263,11272,11271
PART-6-1,10580,S4R,11263,11264,11273,11272
PART-6-1,10581,S4R,11264,11265,11274,11273
PART-6-1,10582,S4R,11265,11266,11275,11274
PART-6-1,10583,S4R,11266,11267,11276,11275
PART-6-1,10584,S4R,11267,11268,11277,11276
PART-6-1,10585,S4R,11268,11269,11278,11277
PART-6-1,10586,S4R,11269,11270,11279,11278
PART-6-1,10587,S4R,11270,1583,1584,11279
PART-6-1,10588,S4R,1142,11271,11280,1141
PART-6-1,10589,S4R,11271,11272,11281,11280
PART-6-1,10590,S4R,11272,11273,11282,11281
PART-6-1,10591,S4R,11273,11274,11283,11282
PART-6-1,10592,S4R,11274,11275,11284,11283
PART-6-1,10593,S4R,11275,11276,11285,11284
PART-6-1,10594,S4R,11276,11277,11286,11285
PART-6-1,10595,S4R,11277,11278,11287,11286
PART-6-1,10596,S4R,11278,11279,11288,11287
PART-6-1,10597,S4R,11279,1584,1585,11288
PART-6-1,10598,S4R,1141,11280,11289,1140
PART-6-1,10599,S4R,11280,11281,11290,11289
PART-6-1,10600,S4R,11281,11282,11291,11290
PART-6-1,10601,S4R,11282,11283,11292,11291
PART-6-1,10602,S4R,11283,11284,11293,11292
PART-6-1,10603,S4R,11284,11285,11294,11293
PART-6-1,10604,S4R,11285,11286,11295,11294
PART-6-1,10605,S4R,11286,11287,11296,11295
PART-6-1,10606,S4R,11287,11288,11297,11296
PART-6-1,10607,S4R,11288,1585,1586,11297
PART-6-1,10608,S4R,1140,11289,11298,1139
PART-6-1,10609,S4R,11289,11290,11299,11298
PART-6-1,10610,S4R,11290,11291,11300,11299
PART-6-1,10611,S4R,11291,11292,11301,11300
PART-6-1,10612,S4R,11292,11293,11302,11301
PART-6-1,10613,S4R,11293,11294,11303,11302
PART-6-1,10614,S4R,11294,11295,11304,11303
PART-6-1,10615,S4R,11295,11296,11305,11304
PART-6-1,10616,S4R,11296,11297,11306,11305
PART-6-1,10617,S4R,11297,1586,1587,11306
PART-6-1,10618,S4R,1139,11298,11307,1138
PART-6-1,10619,S4R,11298,11299,11308,11307
PART-6-1,10620,S4R,11299,11300,11309,11308
PART-6-1,10621,S4R,11300,11301,11310,11309
PART-6-1,10622,S4R,11301,11302,11311,11310
PART-6-1,10623,S4R,11302,11303,11312,11311
PART-6-1,10624,S4R,11303,11304,11313,11312
PART-6-1,10625,S4R,11304,11305,11314,11313
PART-6-1,10626,S4R,11305,11306,11315,11314
PART-6-1,10627,S4R,11306,1587,1588,11315
PART-6-1,10628,S4R,1138,11307,11316,1137
PART-6-1,10629,S4R,11307,11308,11317,11316
PART-6-1,10630,S4R,11308,11309,11318,11317
PART-6-1,10631,S4R,11309,11310,11319,11318
PART-6-1,10632,S4R,11310,11311,11320,11319
PART-6-1,10633,S4R,11311,11312,11321,11320
PART-6-1,10634,S4R,11312,11313,11322,11321
PART-6-1,10635,S4R,11313,11314,11323,11322
PART-6-1,10636,S4R,11314,11315,11324,11323
PART-6-1,10637,S4R,11315,1588,1589,11324
PART-6-1,10638,S4R,1137,11316,11325,1136
PART-6-1,10639,S4R,11316,11317,11326,11325
PART-6-1,10640,S4R,11317,11318,11327,11326
PART-6-1,10641,S4R,11318,11319,11328,11327
PART-6-1,10642,S4R,11319,11320,11329,11328
PART-6-1,10643,S4R,11320,11321,11330,11329
PART-6-1,10644,S4R,11321,11322,11331,11330
PART-6-1,10645,S4R,11322,11323,11332,11331
PART-6-1,10646,S4R,11323,11324,11333,11332
PART-6-1,10647,S4R,11324,1589,1590,11333
PART-6-1,10648,S4R,1136,11325,11334,1135
PART-6-1,10649,S4R,11325,11326,11335,11334
PART-6-1,10650,S4R,11326,11327,11336,11335
PART-6-1,10651,S4R,11327,11328,11337,11336
PART-6-1,10652,S4R,11328,11329,11338,11337
PART-6-1,10653,S4R,11329,11330,11339,11338
PART-6-1,10654,S4R,11330,11331,11340,11339
PART-6-1,10655,S4R,11331,11332,11341,11340
PART-6-1,10656,S4R,11332,11333,11342,11341
PART-6-1,10657,S4R,11333,1590,1591,11342
PART-6-1,10658,S4R,1135,11334,11343,1134
PART-6-1,10659,S4R,11334,11335,11344,11343
PART-6-1,10660,S4R,11335,11336,11345,11344
PART-6-1,10661,S4R,11336,11337,11346,11345
PART-6-1,10662,S4R,11337,11338,11347,11346
PART-6-1,10663,S4R,11338,11339,11348,11347
PART-6-1,10664,S4R,11339,11340,11349,11348
PART-6-1,10665,S4R,11340,11341,11350,11349
PART-6-1,10666,S4R,11341,11342,11351,11350
PART-6-1,10667,S4R,11342,1591,1592,11351
PART-6-1,10668,S4R,1134,11343,11352,1133
PART-6-1,10669,S4R,11343,11344,11353,11352
PART-6-1,10670,S4R,11344,11345,11354,11353
PART-6-1,10671,S4R,11345,11346,11355,11354
PART-6-1,10672,S4R,11346,11347,11356,11355
PART-6-1,10673,S4R,11347,11348,11357,11356
PART-6-1,10674,S4R,11348,11349,11358,11357
PART-6-1,10675,S4R,11349,11350,11359,11358
PART-6-1,10676,S4R,11350,11351,11360,11359
PART-6-1,10677,S4R,11351,1592,1593,11360
PART-6-1,10678,S4R,1133,11352,11361,1132
PART-6-1,10679,S4R,11352,11353,11362,11361
PART-6-1,10680,S4R,11353,11354,11363,11362
PART-6-1,10681,S4R,11354,11355,11364,11363
PART-6-1,10682,S4R,11355,11356,11365,11364
PART-6-1,10683,S4R,11356,11357,11366,11365
PART-6-1,10684,S4R,11357,11358,11367,11366
PART-6-1,10685,S4R,11358,11359,11368,11367
PART-6-1,10686,S4R,11359,11360,11369,11368
PART-6-1,10687,S4R,11360,1593,1594,11369
PART-6-1,10688,S4R,1132,11361,11370,1131
PART-6-1,10689,S4R,11361,11362,11371,11370
PART-6-1,10690,S4R,11362,11363,11372,11371
PART-6-1,10691,S4R,11363,11364,11373,11372
PART-6-1,10692,S4R,11364,11365,11374,11373
PART-6-1,10693,S4R,11365,11366,11375,11374
PART-6-1,10694,S4R,11366,11367,11376,11375
PART-6-1,10695,S4R,11367,11368,11377,11376
PART-6-1,10696,S4R,11368,11369,11378,11377
PART-6-1,10697,S4R,11369,1594,1595,11378
PART-6-1,10698,S4R,1131,11370,11379,1130
PART-6-1,10699,S4R,11370,11371,11380,11379
PART-6-1,10700,S4R,11371,11372,11381,11380
PART-6-1,10701,S4R,11372,11373,11382,11381
PART-6-1,10702,S4R,11373,11374,11383,11382
PART-6-1,10703,S4R,11374,11375,11384,11383
PART-6-1,10704,S4R,11375,11376,11385,11384
PART-6-1,10705,S4R,11376,11377,11386,11385
PART-6-1,10706,S4R,11377,11378,11387,11386
PART-6-1,10707,S4R,11378,1595,1596,11387
PART-6-1,10708,S4R,1130,11379,11388,62
PART-6-1,10709,S4R,11379,11380,11389,11388
PART-6-1,10710,S4R,11380,11381,11390,11389
PART-6-1,10711,S4R,11381,11382,11391,11390
PART-6-1,10712,S4R,11382,11383,11392,11391
PART-6-1,10713,S4R,11383,11384,11393,11392
PART-6-1,10714,S4R,11384,11385,11394,11393
PART-6-1,10715,S4R,11385,11386,11395,11394
PART-6-1,10716,S4R,11386,11387,11396,11395
PART-6-1,10717,S4R,11387,1596,1597,11396
PART-6-1,10718,S4R,62,11388,11397,1662
PART-6-1,10719,S4R,11388,11389,11398,11397
PART-6-1,10720,S4R,11389,11390,11399,11398
PART-6-1,10721,S4R,11390,11391,11400,11399
PART-6-1,10722,S4R,11391,11392,11401,11400
PART-6-1,10723,S4R,11392,11393,11402,11401
PART-6-1,10724,S4R,11393,11394,11403,11402
PART-6-1,10725,S4R,11394,11395,11404,11403
PART-6-1,10726,S4R,11395,11396,11405,11404
PART-6-1,10727,S4R,11396,1597,1598,11405
PART-6-1,10728,S4R,1662,11397,11406,1661
PART-6-1,10729,S4R,11397,11398,11407,11406
PART-6-1,10730,S4R,11398,11399,11408,11407
PART-6-1,10731,S4R,11399,11400,11409,11408
PART-6-1,10732,S4R,11400,11401,11410,11409
PART-6-1,10733,S4R,11401,11402,11411,11410
PART-6-1,10734,S4R,11402,11403,11412,11411
PART-6-1,10735,S4R,11403,11404,11413,11412
PART-6-1,10736,S4R,11404,11405,11414,11413
PART-6-1,10737,S4R,11405,1598,1599,11414
PART-6-1,10738,S4R,1661,11406,11415,1660
PART-6-1,10739,S4R,11406,11407,11416,11415
PART-6-1,10740,S4R,11407,11408,11417,11416
PART-6-1,10741,S4R,11408,11409,11418,11417
PART-6-1,10742,S4R,11409,11410,11419,11418
PART-6-1,10743,S4R,11410,11411,11420,11419
PART-6-1,10744,S4R,11411,11412,11421,11420
PART-6-1,10745,S4R,11412,11413,11422,11421
PART-6-1,10746,S4R,11413,11414,11423,11422
PART-6-1,10747,S4R,11414,1599,1600,11423
PART-6-1,10748,S4R,1660,11415,11424,1659
PART-6-1,10749,S4R,11415,11416,11425,11424
PART-6-1,10750,S4R,11416,11417,11426,11425
PART-6-1,10751,S4R,11417,11418,11427,11426
PART-6-1,10752,S4R,11418,11419,11428,11427
PART-6-1,10753,S4R,11419,11420,11429,11428
PART-6-1,10754,S4R,11420,11421,11430,11429
PART-6-1,10755,S4R,11421,11422,11431,11430
PART-6-1,10756,S4R,11422,11423,11432,11431
PART-6-1,10757,S4R,11423,1600,1601,11432
PART-6-1,10758,S4R,1659,11424,11433,1658
PART-6-1,10759,S4R,11424,11425,11434,11433
PART-6-1,10760,S4R,11425,11426,11435,11434
PART-6-1,10761,S4R,11426,11427,11436,11435
PART-6-1,10762,S4R,11427,11428,11437,11436
PART-6-1,10763,S4R,11428,11429,11438,11437
PART-6-1,10764,S4R,11429,11430,11439,11438
PART-6-1,10765,S4R,11430,11431,11440,11439
PART-6-1,10766,S4R,11431,11432,11441,11440
PART-6-1,10767,S4R,11432,1601,1602,11441
PART-6-1,10768,S4R,1658,11433,11442,1657
PART-6-1,10769,S4R,11433,11434,11443,11442
PART-6-1,10770,S4R,11434,11435,11444,11443
PART-6-1,10771,S4R,11435,11436,11445,11444
PART-6-1,10772,S4R,11436,11437,11446,11445
PART-6-1,10773,S4R,11437,11438,11447,11446
PART-6-1,10774,S4R,11438,11439,11448,11447
PART-6-1,10775,S4R,11439,11440,11449,11448
PART-6-1,10776,S4R,11440,11441,11450,11449
PART-6-1,10777,S4R,11441,1602,1603,11450
PART-6-1,10778,S4R,1657,11442,11451,1656
PART-6-1,10779,S4R,11442,11443,11452,11451
PART-6-1,10780,S4R,11443,11444,11453,11452
PART-6-1,10781,S4R,11444,11445,11454,11453
PART-6-1,10782,S4R,11445,11446,11455,11454
PART-6-1,10783,S4R,11446,11447,11456,11455
PART-6-1,10784,S4R,11447,11448,11457,11456
PART-6-1,10785,S4R,11448,11449,11458,11457
PART-6-1,10786,S4R,11449,11450,11459,11458
PART-6-1,10787,S4R,11450,1603,1604,11459
PART-6-1,10788,S4R,1656,11451,11460,1655
PART-6-1,10789,S4R,11451,11452,11461,11460
PART-6-1,10790,S4R,11452,11453,11462,11461
PART-6-1,10791,S4R,11453,11454,11463,11462
PART-6-1,10792,S4R,11454,11455,11464,11463
PART-6-1,10793,S4R,11455,11456,11465,11464
PART-6-1,10794,S4R,11456,11457,11466,11465
PART-6-1,10795,S4R,11457,11458,11467,11466
PART-6-1,10796,S4R,11458,11459,11468,11467
PART-6-1,10797,S4R,11459,1604,1605,11468
PART-6-1,10798,S4R,1655,11460,11469,1654
PART-6-1,10799,S4R,11460,11461,11470,11469
PART-6-1,10800,S4R,11461,11462,11471,11470
PART-6-1,10801,S4R,11462,11463,11472,11471
PART-6-1,10802,S4R,11463,11464,11473,11472
PART-6-1,10803,S4R,11464,11465,11474,11473
PART-6-1,10804,S4R,11465,11466,11475,11474
PART-6-1,10805,S4R,11466,11467,11476,11475
PART-6-1,10806,S4R,11467,11468,11477,11476
PART-6-1,10807,S4R,11468,1605,1606,11477
PART-6-1,10808,S4R,1654,11469,11478,1653
PART-6-1,10809,S4R,11469,11470,11479,11478
PART-6-1,10810,S4R,11470,11471,11480,11479
PART-6-1,10811,S4R,11471,11472,11481,11480
PART-6-1,10812,S4R,11472,11473,11482,11481
PART-6-1,10813,S4R,11473,11474,11483,11482
PART-6-1,10814,S4R,11474,11475,11484,11483
PART-6-1,10815,S4R,11475,11476,11485,11484
PART-6-1,10816,S4R,11476,11477,11486,11485
PART-6-1,10817,S4R,11477,1606,1607,11486
PART-6-1,10818,S4R,1653,11478,11487,1652
PART-6-1,10819,S4R,11478,11479,11488,11487
PART-6-1,10820,S4R,11479,11480,11489,11488
PART-6-1,10821,S4R,11480,11481,11490,11489
PART-6-1,10822,S4R,11481,11482,11491,11490
PART-6-1,10823,S4R,11482,11483,11492,11491
PART-6-1,10824,S4R,11483,11484,11493,11492
PART-6-1,10825,S4R,11484,11485,11494,11493
PART-6-1,10826,S4R,11485,11486,11495,11494
PART-6-1,10827,S4R,11486,1607,1608,11495
PART-6-1,10828,S4R,1652,11487,11496,1651
PART-6-1,10829,S4R,11487,11488,11497,11496
PART-6-1,10830,S4R,11488,11489,11498,11497
PART-6-1,10831,S4R,11489,11490,11499,11498
PART-6-1,10832,S4R,11490,11491,11500,11499
PART-6-1,10833,S4R,11491,11492,11501,11500
PART-6-1,10834,S4R,11492,11493,11502,11501
PART-6-1,10835,S4R,11493,11494,11503,11502
PART-6-1,10836,S4R,11494,11495,11504,11503
PART-6-1,10837,S4R,11495,1608,1609,11504
PART-6-1,10838,S4R,1651,11496,11505,1650
PART-6-1,10839,S4R,11496,11497,11506,11505
PART-6-1,10840,S4R,11497,11498,11507,11506
PART-6-1,10841,S4R,11498,11499,11508,11507
PART-6-1,10842,S4R,11499,11500,11509,11508
PART-6-1,10843,S4R,11500,11501,11510,11509
PART-6-1,10844,S4R,11501,11502,11511,11510
PART-6-1,10845,S4R,11502,11503,11512,11511
PART-6-1,10846,S4R,11503,11504,11513,11512
PART-6-1,10847,S4R,11504,1609,1610,11513
PART-6-1,10848,S4R,1650,11505,11514,1649
PART-6-1,10849,S4R,11505,11506,11515,11514
PART-6-1,10850,S4R,11506,11507,11516,11515
PART-6-1,10851,S4R,11507,11508,11517,11516
PART-6-1,10852,S4R,11508,11509,11518,11517
PART-6-1,10853,S4R,11509,11510,11519,11518
PART-6-1,10854,S4R,11510,11511,11520,11519
PART-6-1,10855,S4R,11511,11512,11521,11520
PART-6-1,10856,S4R,11512,11513,11522,11521
PART-6-1,10857,S4R,11513,1610,1611,11522
PART-6-1,10858,S4R,1649,11514,11523,63
PART-6-1,10859,S4R,11514,11515,11524,11523
PART-6-1,10860,S4R,11515,11516,11525,11524
PART-6-1,10861,S4R,11516,11517,11526,11525
PART-6-1,10862,S4R,11517,11518,11527,11526
PART-6-1,10863,S4R,11518,11519,11528,11527
PART-6-1,10864,S4R,11519,11520,11529,11528
PART-6-1,10865,S4R,11520,11521,11530,11529
PART-6-1,10866,S4R,11521,11522,11531,11530
PART-6-1,10867,S4R,11522,1611,1612,11531
PART-6-1,10868,S4R,63,11523,11532,1295
PART-6-1,10869,S4R,11523,11524,11533,11532
PART-6-1,10870,S4R,11524,11525,11534,11533
PART-6-1,10871,S4R,11525,11526,11535,11534
PART-6-1,10872,S4R,11526,11527,11536,11535
PART-6-1,10873,S4R,11527,11528,11537,11536
PART-6-1,10874,S4R,11528,11529,11538,11537
PART-6-1,10875,S4R,11529,11530,11539,11538
PART-6-1,10876,S4R,11530,11531,11540,11539
PART-6-1,10877,S4R,11531,1612,1613,11540
PART-6-1,10878,S4R,1295,11532,11541,1294
PART-6-1,10879,S4R,11532,11533,11542,11541
PART-6-1,10880,S4R,11533,11534,11543,11542
PART-6-1,10881,S4R,11534,11535,11544,11543
PART-6-1,10882,S4R,11535,11536,11545,11544
PART-6-1,10883,S4R,11536,11537,11546,11545
PART-6-1,10884,S4R,11537,11538,11547,11546
PART-6-1,10885,S4R,11538,11539,11548,11547
PART-6-1,10886,S4R,11539,11540,11549,11548
PART-6-1,10887,S4R,11540,1613,1614,11549
PART-6-1,10888,S4R,1294,11541,11550,1293
PART-6-1,10889,S4R,11541,11542,11551,11550
PART-6-1,10890,S4R,11542,11543,11552,11551
PART-6-1,10891,S4R,11543,11544,11553,11552
PART-6-1,10892,S4R,11544,11545,11554,11553
PART-6-1,10893,S4R,11545,11546,11555,11554
PART-6-1,10894,S4R,11546,11547,11556,11555
PART-6-1,10895,S4R,11547,11548,11557,11556
PART-6-1,10896,S4R,11548,11549,11558,11557
PART-6-1,10897,S4R,11549,1614,1615,11558
PART-6-1,10898,S4R,1293,11550,11559,1292
PART-6-1,10899,S4R,11550,11551,11560,11559
PART-6-1,10900,S4R,11551,11552,11561,11560
PART-6-1,10901,S4R,11552,11553,11562,11561
PART-6-1,10902,S4R,11553,11554,11563,11562
PART-6-1,10903,S4R,11554,11555,11564,11563
PART-6-1,10904,S4R,11555,11556,11565,11564
PART-6-1,10905,S4R,11556,11557,11566,11565
PART-6-1,10906,S4R,11557,11558,11567,11566
PART-6-1,10907,S4R,11558,1615,1616,11567
PART-6-1,10908,S4R,1292,11559,11568,1291
PART-6-1,10909,S4R,11559,11560,11569,11568
PART-6-1,10910,S4R,11560,11561,11570,11569
PART-6-1,10911,S4R,11561,11562,11571,11570
PART-6-1,10912,S4R,11562,11563,11572,11571
PART-6-1,10913,S4R,11563,11564,11573,11572
PART-6-1,10914,S4R,11564,11565,11574,11573
PART-6-1,10915,S4R,11565,11566,11575,11574
PART-6-1,10916,S4R,11566,11567,11576,11575
PART-6-1,10917,S4R,11567,1616,1617,11576
PART-6-1,10918,S4R,1291,11568,11577,1290
PART-6-1,10919,S4R,11568,11569,11578,11577
PART-6-1,10920,S4R,11569,11570,11579,11578
PART-6-1,10921,S4R,11570,11571,11580,11579
PART-6-1,10922,S4R,11571,11572,11581,11580
PART-6-1,10923,S4R,11572,11573,11582,11581
PART-6-1,10924,S4R,11573,11574,11583,11582
PART-6-1,10925,S4R,11574,11575,11584,11583
PART-6-1,10926,S4R,11575,11576,11585,11584
PART-6-1,10927,S4R,11576,1617,1618,11585
PART-6-1,10928,S4R,1290,11577,11586,1289
PART-6-1,10929,S4R,11577,11578,11587,11586
PART-6-1,10930,S4R,11578,11579,11588,11587
PART-6-1,10931,S4R,11579,11580,11589,11588
PART-6-1,10932,S4R,11580,11581,11590,11589
PART-6-1,10933,S4R,11581,11582,11591,11590
PART-6-1,10934,S4R,11582,11583,11592,11591
PART-6-1,10935,S4R,11583,11584,11593,11592
PART-6-1,10936,S4R,11584,11585,11594,11593
PART-6-1,10937,S4R,11585,1618,1619,11594
PART-6-1,10938,S4R,1289,11586,11595,1288
PART-6-1,10939,S4R,11586,11587,11596,11595
PART-6-1,10940,S4R,11587,11588,11597,11596
PART-6-1,10941,S4R,11588,11589,11598,11597
PART-6-1,10942,S4R,11589,11590,11599,11598
PART-6-1,10943,S4R,11590,11591,11600,11599
PART-6-1,10944,S4R,11591,11592,11601,11600
PART-6-1,10945,S4R,11592,11593,11602,11601
PART-6-1,10946,S4R,11593,11594,11603,11602
PART-6-1,10947,S4R,11594,1619,1620,11603
PART-6-1,10948,S4R,1288,11595,11604,1287
PART-6-1,10949,S4R,11595,11596,11605,11604
PART-6-1,10950,S4R,11596,11597,11606,11605
PART-6-1,10951,S4R,11597,11598,11607,11606
PART-6-1,10952,S4R,11598,11599,11608,11607
PART-6-1,10953,S4R,11599,11600,11609,11608
PART-6-1,10954,S4R,11600,11601,11610,11609
PART-6-1,10955,S4R,11601,11602,11611,11610
PART-6-1,10956,S4R,11602,11603,11612,11611
PART-6-1,10957,S4R,11603,1620,1621,11612
PART-6-1,10958,S4R,1287,11604,11613,1286
PART-6-1,10959,S4R,11604,11605,11614,11613
PART-6-1,10960,S4R,11605,11606,11615,11614
PART-6-1,10961,S4R,11606,11607,11616,11615
PART-6-1,10962,S4R,11607,11608,11617,11616
PART-6-1,10963,S4R,11608,11609,11618,11617
PART-6-1,10964,S4R,11609,11610,11619,11618
PART-6-1,10965,S4R,11610,11611,11620,11619
PART-6-1,10966,S4R,11611,11612,11621,11620
PART-6-1,10967,S4R,11612,1621,1622,11621
PART-6-1,10968,S4R,1286,11613,11622,1285
PART-6-1,10969,S4R,11613,11614,11623,11622
PART-6-1,10970,S4R,11614,11615,11624,11623
PART-6-1,10971,S4R,11615,11616,11625,11624
PART-6-1,10972,S4R,11616,11617,11626,11625
PART-6-1,10973,S4R,11617,11618,11627,11626
PART-6-1,10974,S4R,11618,11619,11628,11627
PART-6-1,10975,S4R,11619,11620,11629,11628
PART-6-1,10976,S4R,11620,11621,11630,11629
PART-6-1,10977,S4R,11621,1622,1623,11630
PART-6-1,10978,S4R,1285,11622,11631,1284
PART-6-1,10979,S4R,11622,11623,11632,11631
PART-6-1,10980,S4R,11623,11624,11633,11632
PART-6-1,10981,S4R,11624,11625,11634,11633
PART-6-1,10982,S4R,11625,11626,11635,11634
PART-6-1,10983,S4R,11626,11627,11636,11635
PART-6-1,10984,S4R,11627,11628,11637,11636
PART-6-1,10985,S4R,11628,11629,11638,11637
PART-6-1,10986,S4R,11629,11630,11639,11638
PART-6-1,10987,S4R,11630,1623,1624,11639
PART-6-1,10988,S4R,1284,11631,11640,1283
PART-6-1,10989,S4R,11631,11632,11641,11640
PART-6-1,10990,S4R,11632,11633,11642,11641
PART-6-1,10991,S4R,11633,11634,11643,11642
PART-6-1,10992,S4R,11634,11635,11644,11643
PART-6-1,10993,S4R,11635,11636,11645,11644
PART-6-1,10994,S4R,11636,11637,11646,11645
PART-6-1,10995,S4R,11637,11638,11647,11646
PART-6-1,10996,S4R,11638,11639,11648,11647
PART-6-1,10997,S4R,11639,1624,1625,11648
PART-6-1,10998,S4R,1283,11640,11649,1282
PART-6-1,10999,S4R,11640,11641,11650,11649
PART-6-1,11000,S4R,11641,11642,11651,11650
PART-6-1,11001,S4R,11642,11643,11652,11651
PART-6-1,11002,S4R,11643,11644,11653,11652
PART-6-1,11003,S4R,11644,11645,11654,11653
PART-6-1,11004,S4R,11645,11646,11655,11654
PART-6-1,11005,S4R,11646,11647,11656,11655
PART-6-1,11006,S4R,11647,11648,11657,11656
PART-6-1,11007,S4R,11648,1625,1626,11657
PART-6-1,11008,S4R,1282,11649,11658,1281
PART-6-1,11009,S4R,11649,11650,11659,11658
PART-6-1,11010,S4R,11650,11651,11660,11659
PART-6-1,11011,S4R,11651,11652,11661,11660
PART-6-1,11012,S4R,11652,11653,11662,11661
PART-6-1,11013,S4R,11653,11654,11663,11662
PART-6-1,11014,S4R,11654,11655,11664,11663
PART-6-1,11015,S4R,11655,11656,11665,11664
PART-6-1,11016,S4R,11656,11657,11666,11665
PART-6-1,11017,S4R,11657,1626,1627,11666
PART-6-1,11018,S4R,1281,11658,11667,1280
PART-6-1,11019,S4R,11658,11659,11668,11667
PART-6-1,11020,S4R,11659,11660,11669,11668
PART-6-1,11021,S4R,11660,11661,11670,11669
PART-6-1,11022,S4R,11661,11662,11671,11670
PART-6-1,11023,S4R,11662,11663,11672,11671
PART-6-1,11024,S4R,11663,11664,11673,11672
PART-6-1,11025,S4R,11664,11665,11674,11673
PART-6-1,11026,S4R,11665,11666,11675,11674
PART-6-1,11027,S4R,11666,1627,1628,11675
PART-6-1,11028,S4R,1280,11667,11676,1279
PART-6-1,11029,S4R,11667,11668,11677,11676
PART-6-1,11030,S4R,11668,11669,11678,11677
PART-6-1,11031,S4R,11669,11670,11679,11678
PART-6-1,11032,S4R,11670,11671,11680,11679
PART-6-1,11033,S4R,11671,11672,11681,11680
PART-6-1,11034,S4R,11672,11673,11682,11681
PART-6-1,11035,S4R,11673,11674,11683,11682
PART-6-1,11036,S4R,11674,11675,11684,11683
PART-6-1,11037,S4R,11675,1628,1629,11684
PART-6-1,11038,S4R,1279,11676,11685,1278
PART-6-1,11039,S4R,11676,11677,11686,11685
PART-6-1,11040,S4R,11677,11678,11687,11686
PART-6-1,11041,S4R,11678,11679,11688,11687
PART-6-1,11042,S4R,11679,11680,11689,11688
PART-6-1,11043,S4R,11680,11681,11690,11689
PART-6-1,11044,S4R,11681,11682,11691,11690
PART-6-1,11045,S4R,11682,11683,11692,11691
PART-6-1,11046,S4R,11683,11684,11693,11692
PART-6-1,11047,S4R,11684,1629,1630,11693
PART-6-1,11048,S4R,1278,11685,11694,1277
PART-6-1,11049,S4R,11685,11686,11695,11694
PART-6-1,11050,S4R,11686,11687,11696,11695
PART-6-1,11051,S4R,11687,11688,11697,11696
PART-6-1,11052,S4R,11688,11689,11698,11697
PART-6-1,11053,S4R,11689,11690,11699,11698
PART-6-1,11054,S4R,11690,11691,11700,11699
PART-6-1,11055,S4R,11691,11692,11701,11700
PART-6-1,11056,S4R,11692,11693,11702,11701
PART-6-1,11057,S4R,11693,1630,1631,11702
PART-6-1,11058,S4R,1277,11694,11703,1276
PART-6-1,11059,S4R,11694,11695,11704,11703
PART-6-1,11060,S4R,11695,11696,11705,11704
PART-6-1,11061,S4R,11696,11697,11706,11705
PART-6-1,11062,S4R,11697,11698,11707,11706
PART-6-1,11063,S4R,11698,11699,11708,11707
PART-6-1,11064,S4R,11699,11700,11709,11708
PART-6-1,11065,S4R,11700,11701,11710,11709
PART-6-1,11066,S4R,11701,11702,11711,11710
PART-6-1,11067,S4R,11702,1631,1632,11711
PART-6-1,11068,S4R,1276,11703,11712,1275
PART-6-1,11069,S4R,11703,11704,11713,11712
PART-6-1,11070,S4R,11704,11705,11714,11713
PART-6-1,11071,S4R,11705,11706,11715,11714
PART-6-1,11072,S4R,11706,11707,11716,11715
PART-6-1,11073,S4R,11707,11708,11717,11716
PART-6-1,11074,S4R,11708,11709,11718,11717
PART-6-1,11075,S4R,11709,11710,11719,11718
PART-6-1,11076,S4R,11710,11711,11720,11719
PART-6-1,11077,S4R,11711,1632,1633,11720
PART-6-1,11078,S4R,1275,11712,11721,1274
PART-6-1,11079,S4R,11712,11713,11722,11721
PART-6-1,11080,S4R,11713,11714,11723,11722
PART-6-1,11081,S4R,11714,11715,11724,11723
PART-6-1,11082,S4R,11715,11716,11725,11724
PART-6-1,11083,S4R,11716,11717,11726,11725
PART-6-1,11084,S4R,11717,11718,11727,11726
PART-6-1,11085,S4R,11718,11719,11728,11727
PART-6-1,11086,S4R,11719,11720,11729,11728
PART-6-1,11087,S4R,11720,1633,1634,11729
PART-6-1,11088,S4R,1274,11721,11730,1273
PART-6-1,11089,S4R,11721,11722,11731,11730
PART-6-1,11090,S4R,11722,11723,11732,11731
PART-6-1,11091,S4R,11723,11724,11733,11732
PART-6-1,11092,S4R,11724,11725,11734,11733
PART-6-1,11093,S4R,11725,11726,11735,11734
PART-6-1,11094,S4R,11726,11727,11736,11735
PART-6-1,11095,S4R,11727,11728,11737,11736
PART-6-1,11096,S4R,11728,11729,11738,11737
PART-6-1,11097,S4R,11729,1634,1635,11738
PART-6-1,11098,S4R,1273,11730,11739,1272
PART-6-1,11099,S4R,11730,11731,11740,11739
PART-6-1,11100,S4R,11731,11732,11741,11740
PART-6-1,11101,S4R,11732,11733,11742,11741
PART-6-1,11102,S4R,11733,11734,11743,11742
PART-6-1,11103,S4R,11734,11735,11744,11743
PART-6-1,11104,S4R,11735,11736,11745,11744
PART-6-1,11105,S4R,11736,11737,11746,11745
PART-6-1,11106,S4R,11737,11738,11747,11746
PART-6-1,11107,S4R,11738,1635,1636,11747
PART-6-1,11108,S4R,1272,11739,11748,1271
PART-6-1,11109,S4R,11739,11740,11749,11748
PART-6-1,11110,S4R,11740,11741,11750,11749
PART-6-1,11111,S4R,11741,11742,11751,11750
PART-6-1,11112,S4R,11742,11743,11752,11751
PART-6-1,11113,S4R,11743,11744,11753,11752
PART-6-1,11114,S4R,11744,11745,11754,11753
PART-6-1,11115,S4R,11745,11746,11755,11754
PART-6-1,11116,S4R,11746,11747,11756,11755
PART-6-1,11117,S4R,11747,1636,1637,11756
PART-6-1,11118,S4R,1271,11748,11757,1270
PART-6-1,11119,S4R,11748,11749,11758,11757
PART-6-1,11120,S4R,11749,11750,11759,11758
PART-6-1,11121,S4R,11750,11751,11760,11759
PART-6-1,11122,S4R,11751,11752,11761,11760
PART-6-1,11123,S4R,11752,11753,11762,11761
PART-6-1,11124,S4R,11753,11754,11763,11762
PART-6-1,11125,S4R,11754,11755,11764,11763
PART-6-1,11126,S4R,11755,11756,11765,11764
PART-6-1,11127,S4R,11756,1637,1638,11765
PART-6-1,11128,S4R,1270,11757,11766,1269
PART-6-1,11129,S4R,11757,11758,11767,11766
PART-6-1,11130,S4R,11758,11759,11768,11767
PART-6-1,11131,S4R,11759,11760,11769,11768
PART-6-1,11132,S4R,11760,11761,11770,11769
PART-6-1,11133,S4R,11761,11762,11771,11770
PART-6-1,11134,S4R,11762,11763,11772,11771
PART-6-1,11135,S4R,11763,11764,11773,11772
PART-6-1,11136,S4R,11764,11765,11774,11773
PART-6-1,11137,S4R,11765,1638,1639,11774
PART-6-1,11138,S4R,1269,11766,11775,1268
PART-6-1,11139,S4R,11766,11767,11776,11775
PART-6-1,11140,S4R,11767,11768,11777,11776
PART-6-1,11141,S4R,11768,11769,11778,11777
PART-6-1,11142,S4R,11769,11770,11779,11778
PART-6-1,11143,S4R,11770,11771,11780,11779
PART-6-1,11144,S4R,11771,11772,11781,11780
PART-6-1,11145,S4R,11772,11773,11782,11781
PART-6-1,11146,S4R,11773,11774,11783,11782
PART-6-1,11147,S4R,11774,1639,1640,11783
PART-6-1,11148,S4R,1268,11775,11784,1267
PART-6-1,11149,S4R,11775,11776,11785,11784
PART-6-1,11150,S4R,11776,11777,11786,11785
PART-6-1,11151,S4R,11777,11778,11787,11786
PART-6-1,11152,S4R,11778,11779,11788,11787
PART-6-1,11153,S4R,11779,11780,11789,11788
PART-6-1,11154,S4R,11780,11781,11790,11789
PART-6-1,11155,S4R,11781,11782,11791,11790
PART-6-1,11156,S4R,11782,11783,11792,11791
PART-6-1,11157,S4R,11783,1640,1641,11792
PART-6-1,11158,S4R,1267,11784,11793,1266
PART-6-1,11159,S4R,11784,11785,11794,11793
PART-6-1,11160,S4R,11785,11786,11795,11794
PART-6-1,11161,S4R,11786,11787,11796,11795
PART-6-1,11162,S4R,11787,11788,11797,11796
PART-6-1,11163,S4R,11788,11789,11798,11797
PART-6-1,11164,S4R,11789,11790,11799,11798
PART-6-1,11165,S4R,11790,11791,11800,11799
PART-6-1,11166,S4R,11791,11792,11801,11800
PART-6-1,11167,S4R,11792,1641,1642,11801
PART-6-1,11168,S4R,1266,11793,11802,1265
PART-6-1,11169,S4R,11793,11794,11803,11802
PART-6-1,11170,S4R,11794,11795,11804,11803
PART-6-1,11171,S4R,11795,11796,11805,11804
PART-6-1,11172,S4R,11796,11797,11806,11805
PART-6-1,11173,S4R,11797,11798,11807,11806
PART-6-1,11174,S4R,11798,11799,11808,11807
PART-6-1,11175,S4R,11799,11800,11809,11808
PART-6-1,11176,S4R,11800,11801,11810,11809
PART-6-1,11177,S4R,11801,1642,1643,11810
PART-6-1,11178,S4R,1265,11802,11811,1264
PART-6-1,11179,S4R,11802,11803,11812,11811
PART-6-1,11180,S4R,11803,11804,11813,11812
PART-6-1,11181,S4R,11804,11805,11814,11813
PART-6-1,11182,S4R,11805,11806,11815,11814
PART-6-1,11183,S4R,11806,11807,11816,11815
PART-6-1,11184,S4R,11807,11808,11817,11816
PART-6-1,11185,S4R,11808,11809,11818,11817
PART-6-1,11186,S4R,11809,11810,11819,11818
PART-6-1,11187,S4R,11810,1643,1644,11819
PART-6-1,11188,S4R,1264,11811,11820,1263
PART-6-1,11189,S4R,11811,11812,11821,11820
PART-6-1,11190,S4R,11812,11813,11822,11821
PART-6-1,11191,S4R,11813,11814,11823,11822
PART-6-1,11192,S4R,11814,11815,11824,11823
PART-6-1,11193,S4R,11815,11816,11825,11824
PART-6-1,11194,S4R,11816,11817,11826,11825
PART-6-1,11195,S4R,11817,11818,11827,11826
PART-6-1,11196,S4R,11818,11819,11828,11827
PART-6-1,11197,S4R,11819,1644,1645,11828
PART-6-1,11198,S4R,1263,11820,11829,1262
PART-6-1,11199,S4R,11820,11821,11830,11829
PART-6-1,11200,S4R,11821,11822,11831,11830
PART-6-1,11201,S4R,11822,11823,11832,11831
PART-6-1,11202,S4R,11823,11824,11833,11832
PART-6-1,11203,S4R,11824,11825,11834,11833
PART-6-1,11204,S4R,11825,11826,11835,11834
PART-6-1,11205,S4R,11826,11827,11836,11835
PART-6-1,11206,S4R,11827,11828,11837,11836
PART-6-1,11207,S4R,11828,1645,1646,11837
PART-6-1,11208,S4R,1262,11829,11838,1261
PART-6-1,11209,S4R,11829,11830,11839,11838
PART-6-1,11210,S4R,11830,11831,11840,11839
PART-6-1,11211,S4R,11831,11832,11841,11840
PART-6-1,11212,S4R,11832,11833,11842,11841
PART-6-1,11213,S4R,11833,11834,11843,11842
PART-6-1,11214,S4R,11834,11835,11844,11843
PART-6-1,11215,S4R,11835,11836,11845,11844
PART-6-1,11216,S4R,11836,11837,11846,11845
PART-6-1,11217,S4R,11837,1646,1647,11846
PART-6-1,11218,S4R,1261,11838,11847,1260
PART-6-1,11219,S4R,11838,11839,11848,11847
PART-6-1,11220,S4R,11839,11840,11849,11848
PART-6-1,11221,S4R,11840,11841,11850,11849
PART-6-1,11222,S4R,11841,11842,11851,11850
PART-6-1,11223,S4R,11842,11843,11852,11851
PART-6-1,11224,S4R,11843,11844,11853,11852
PART-6-1,11225,S4R,11844,11845,11854,11853
PART-6-1,11226,S4R,11845,11846,11855,11854
PART-6-1,11227,S4R,11846,1647,1648,11855
PART-6-1,11228,S4R,1260,11847,376,41
PART-6-1,11229,S4R,11847,11848,377,376
PART-6-1,11230,S4R,11848,11849,378,377
PART-6-1,11231,S4R,11849,11850,379,378
PART-6-1,11232,S4R,11850,11851,380,379
PART-6-1,11233,S4R,11851,11852,381,380
PART-6-1,11234,S4R,11852,11853,382,381
PART-6-1,11235,S4R,11853,11854,383,382
PART-6-1,11236,S4R,11854,11855,384,383
PART-6-1,11237,S4R,11855,1648,43,384
PART-6-1,11238,S4R,45,723,11856,1165
PART-6-1,11239,S4R,723,724,11857,11856
PART-6-1,11240,S4R,724,725,11858,11857
PART-6-1,11241,S4R,725,726,11859,11858
PART-6-1,11242,S4R,726,727,11860,11859
PART-6-1,11243,S4R,727,728,11861,11860
PART-6-1,11244,S4R,728,729,11862,11861
PART-6-1,11245,S4R,729,730,11863,11862
PART-6-1,11246,S4R,730,731,11864,11863
PART-6-1,11247,S4R,731,48,1663,11864
PART-6-1,11248,S4R,1165,11856,11865,1166
PART-6-1,11249,S4R,11856,11857,11866,11865
PART-6-1,11250,S4R,11857,11858,11867,11866
PART-6-1,11251,S4R,11858,11859,11868,11867
PART-6-1,11252,S4R,11859,11860,11869,11868
PART-6-1,11253,S4R,11860,11861,11870,11869
PART-6-1,11254,S4R,11861,11862,11871,11870
PART-6-1,11255,S4R,11862,11863,11872,11871
PART-6-1,11256,S4R,11863,11864,11873,11872
PART-6-1,11257,S4R,11864,1663,1664,11873
PART-6-1,11258,S4R,1166,11865,11874,1167
PART-6-1,11259,S4R,11865,11866,11875,11874
PART-6-1,11260,S4R,11866,11867,11876,11875
PART-6-1,11261,S4R,11867,11868,11877,11876
PART-6-1,11262,S4R,11868,11869,11878,11877
PART-6-1,11263,S4R,11869,11870,11879,11878
PART-6-1,11264,S4R,11870,11871,11880,11879
PART-6-1,11265,S4R,11871,11872,11881,11880
PART-6-1,11266,S4R,11872,11873,11882,11881
PART-6-1,11267,S4R,11873,1664,1665,11882
PART-6-1,11268,S4R,1167,11874,11883,1168
PART-6-1,11269,S4R,11874,11875,11884,11883
PART-6-1,11270,S4R,11875,11876,11885,11884
PART-6-1,11271,S4R,11876,11877,11886,11885
PART-6-1,11272,S4R,11877,11878,11887,11886
PART-6-1,11273,S4R,11878,11879,11888,11887
PART-6-1,11274,S4R,11879,11880,11889,11888
PART-6-1,11275,S4R,11880,11881,11890,11889
PART-6-1,11276,S4R,11881,11882,11891,11890
PART-6-1,11277,S4R,11882,1665,1666,11891
PART-6-1,11278,S4R,1168,11883,11892,1169
PART-6-1,11279,S4R,11883,11884,11893,11892
PART-6-1,11280,S4R,11884,11885,11894,11893
PART-6-1,11281,S4R,11885,11886,11895,11894
PART-6-1,11282,S4R,11886,11887,11896,11895
PART-6-1,11283,S4R,11887,11888,11897,11896
PART-6-1,11284,S4R,11888,11889,11898,11897
PART-6-1,11285,S4R,11889,11890,11899,11898
PART-6-1,11286,S4R,11890,11891,11900,11899
PART-6-1,11287,S4R,11891,1666,1667,11900
PART-6-1,11288,S4R,1169,11892,11901,1170
PART-6-1,11289,S4R,11892,11893,11902,11901
PART-6-1,11290,S4R,11893,11894,11903,11902
PART-6-1,11291,S4R,11894,11895,11904,11903
PART-6-1,11292,S4R,11895,11896,11905,11904
PART-6-1,11293,S4R,11896,11897,11906,11905
PART-6-1,11294,S4R,11897,11898,11907,11906
PART-6-1,11295,S4R,11898,11899,11908,11907
PART-6-1,11296,S4R,11899,11900,11909,11908
PART-6-1,11297,S4R,11900,1667,1668,11909
PART-6-1,11298,S4R,1170,11901,11910,1171
PART-6-1,11299,S4R,11901,11902,11911,11910
PART-6-1,11300,S4R,11902,11903,11912,11911
PART-6-1,11301,S4R,11903,11904,11913,11912
PART-6-1,11302,S4R,11904,11905,11914,11913
PART-6-1,11303,S4R,11905,11906,11915,11914
PART-6-1,11304,S4R,11906,11907,11916,11915
PART-6-1,11305,S4R,11907,11908,11917,11916
PART-6-1,11306,S4R,11908,11909,11918,11917
PART-6-1,11307,S4R,11909,1668,1669,11918
PART-6-1,11308,S4R,1171,11910,11919,1172
PART-6-1,11309,S4R,11910,11911,11920,11919
PART-6-1,11310,S4R,11911,11912,11921,11920
PART-6-1,11311,S4R,11912,11913,11922,11921
PART-6-1,11312,S4R,11913,11914,11923,11922
PART-6-1,11313,S4R,11914,11915,11924,11923
PART-6-1,11314,S4R,11915,11916,11925,11924
PART-6-1,11315,S4R,11916,11917,11926,11925
PART-6-1,11316,S4R,11917,11918,11927,11926
PART-6-1,11317,S4R,11918,1669,1670,11927
PART-6-1,11318,S4R,1172,11919,11928,1173
PART-6-1,11319,S4R,11919,11920,11929,11928
PART-6-1,11320,S4R,11920,11921,11930,11929
PART-6-1,11321,S4R,11921,11922,11931,11930
PART-6-1,11322,S4R,11922,11923,11932,11931
PART-6-1,11323,S4R,11923,11924,11933,11932
PART-6-1,11324,S4R,11924,11925,11934,11933
PART-6-1,11325,S4R,11925,11926,11935,11934
PART-6-1,11326,S4R,11926,11927,11936,11935
PART-6-1,11327,S4R,11927,1670,1671,11936
PART-6-1,11328,S4R,1173,11928,11937,1174
PART-6-1,11329,S4R,11928,11929,11938,11937
PART-6-1,11330,S4R,11929,11930,11939,11938
PART-6-1,11331,S4R,11930,11931,11940,11939
PART-6-1,11332,S4R,11931,11932,11941,11940
PART-6-1,11333,S4R,11932,11933,11942,11941
PART-6-1,11334,S4R,11933,11934,11943,11942
PART-6-1,11335,S4R,11934,11935,11944,11943
PART-6-1,11336,S4R,11935,11936,11945,11944
PART-6-1,11337,S4R,11936,1671,1672,11945
PART-6-1,11338,S4R,1174,11937,11946,1175
PART-6-1,11339,S4R,11937,11938,11947,11946
PART-6-1,11340,S4R,11938,11939,11948,11947
PART-6-1,11341,S4R,11939,11940,11949,11948
PART-6-1,11342,S4R,11940,11941,11950,11949
PART-6-1,11343,S4R,11941,11942,11951,11950
PART-6-1,11344,S4R,11942,11943,11952,11951
PART-6-1,11345,S4R,11943,11944,11953,11952
PART-6-1,11346,S4R,11944,11945,11954,11953
PART-6-1,11347,S4R,11945,1672,1673,11954
PART-6-1,11348,S4R,1175,11946,11955,1176
PART-6-1,11349,S4R,11946,11947,11956,11955
PART-6-1,11350,S4R,11947,11948,11957,11956
PART-6-1,11351,S4R,11948,11949,11958,11957
PART-6-1,11352,S4R,11949,11950,11959,11958
PART-6-1,11353,S4R,11950,11951,11960,11959
PART-6-1,11354,S4R,11951,11952,11961,11960
PART-6-1,11355,S4R,11952,11953,11962,11961
PART-6-1,11356,S4R,11953,11954,11963,11962
PART-6-1,11357,S4R,11954,1673,1674,11963
PART-6-1,11358,S4R,1176,11955,11964,1177
PART-6-1,11359,S4R,11955,11956,11965,11964
PART-6-1,11360,S4R,11956,11957,11966,11965
PART-6-1,11361,S4R,11957,11958,11967,11966
PART-6-1,11362,S4R,11958,11959,11968,11967
PART-6-1,11363,S4R,11959,11960,11969,11968
PART-6-1,11364,S4R,11960,11961,11970,11969
PART-6-1,11365,S4R,11961,11962,11971,11970
PART-6-1,11366,S4R,11962,11963,11972,11971
PART-6-1,11367,S4R,11963,1674,1675,11972
PART-6-1,11368,S4R,1177,11964,11973,1178
PART-6-1,11369,S4R,11964,11965,11974,11973
PART-6-1,11370,S4R,11965,11966,11975,11974
PART-6-1,11371,S4R,11966,11967,11976,11975
PART-6-1,11372,S4R,11967,11968,11977,11976
PART-6-1,11373,S4R,11968,11969,11978,11977
PART-6-1,11374,S4R,11969,11970,11979,11978
PART-6-1,11375,S4R,11970,11971,11980,11979
PART-6-1,11376,S4R,11971,11972,11981,11980
PART-6-1,11377,S4R,11972,1675,1676,11981
PART-6-1,11378,S4R,1178,11973,11982,1179
PART-6-1,11379,S4R,11973,11974,11983,11982
PART-6-1,11380,S4R,11974,11975,11984,11983
PART-6-1,11381,S4R,11975,11976,11985,11984
PART-6-1,11382,S4R,11976,11977,11986,11985
PART-6-1,11383,S4R,11977,11978,11987,11986
PART-6-1,11384,S4R,11978,11979,11988,11987
PART-6-1,11385,S4R,11979,11980,11989,11988
PART-6-1,11386,S4R,11980,11981,11990,11989
PART-6-1,11387,S4R,11981,1676,1677,11990
PART-6-1,11388,S4R,1179,11982,11991,1180
PART-6-1,11389,S4R,11982,11983,11992,11991
PART-6-1,11390,S4R,11983,11984,11993,11992
PART-6-1,11391,S4R,11984,11985,11994,11993
PART-6-1,11392,S4R,11985,11986,11995,11994
PART-6-1,11393,S4R,11986,11987,11996,11995
PART-6-1,11394,S4R,11987,11988,11997,11996
PART-6-1,11395,S4R,11988,11989,11998,11997
PART-6-1,11396,S4R,11989,11990,11999,11998
PART-6-1,11397,S4R,11990,1677,1678,11999
PART-6-1,11398,S4R,1180,11991,12000,1181
PART-6-1,11399,S4R,11991,11992,12001,12000
PART-6-1,11400,S4R,11992,11993,12002,12001
PART-6-1,11401,S4R,11993,11994,12003,12002
PART-6-1,11402,S4R,11994,11995,12004,12003
PART-6-1,11403,S4R,11995,11996,12005,12004
PART-6-1,11404,S4R,11996,11997,12006,12005
PART-6-1,11405,S4R,11997,11998,12007,12006
PART-6-1,11406,S4R,11998,11999,12008,12007
PART-6-1,11407,S4R,11999,1678,1679,12008
PART-6-1,11408,S4R,1181,12000,12009,1182
PART-6-1,11409,S4R,12000,12001,12010,12009
PART-6-1,11410,S4R,12001,12002,12011,12010
PART-6-1,11411,S4R,12002,12003,12012,12011
PART-6-1,11412,S4R,12003,12004,12013,12012
PART-6-1,11413,S4R,12004,12005,12014,12013
PART-6-1,11414,S4R,12005,12006,12015,12014
PART-6-1,11415,S4R,12006,12007,12016,12015
PART-6-1,11416,S4R,12007,12008,12017,12016
PART-6-1,11417,S4R,12008,1679,1680,12017
PART-6-1,11418,S4R,1182,12009,12018,1183
PART-6-1,11419,S4R,12009,12010,12019,12018
PART-6-1,11420,S4R,12010,12011,12020,12019
PART-6-1,11421,S4R,12011,12012,12021,12020
PART-6-1,11422,S4R,12012,12013,12022,12021
PART-6-1,11423,S4R,12013,12014,12023,12022
PART-6-1,11424,S4R,12014,12015,12024,12023
PART-6-1,11425,S4R,12015,12016,12025,12024
PART-6-1,11426,S4R,12016,12017,12026,12025
PART-6-1,11427,S4R,12017,1680,1681,12026
PART-6-1,11428,S4R,1183,12018,12027,1184
PART-6-1,11429,S4R,12018,12019,12028,12027
PART-6-1,11430,S4R,12019,12020,12029,12028
PART-6-1,11431,S4R,12020,12021,12030,12029
PART-6-1,11432,S4R,12021,12022,12031,12030
PART-6-1,11433,S4R,12022,12023,12032,12031
PART-6-1,11434,S4R,12023,12024,12033,12032
PART-6-1,11435,S4R,12024,12025,12034,12033
PART-6-1,11436,S4R,12025,12026,12035,12034
PART-6-1,11437,S4R,12026,1681,1682,12035
PART-6-1,11438,S4R,1184,12027,12036,1185
PART-6-1,11439,S4R,12027,12028,12037,12036
PART-6-1,11440,S4R,12028,12029,12038,12037
PART-6-1,11441,S4R,12029,12030,12039,12038
PART-6-1,11442,S4R,12030,12031,12040,12039
PART-6-1,11443,S4R,12031,12032,12041,12040
PART-6-1,11444,S4R,12032,12033,12042,12041
PART-6-1,11445,S4R,12033,12034,12043,12042
PART-6-1,11446,S4R,12034,12035,12044,12043
PART-6-1,11447,S4R,12035,1682,1683,12044
PART-6-1,11448,S4R,1185,12036,12045,1186
PART-6-1,11449,S4R,12036,12037,12046,12045
PART-6-1,11450,S4R,12037,12038,12047,12046
PART-6-1,11451,S4R,12038,12039,12048,12047
PART-6-1,11452,S4R,12039,12040,12049,12048
PART-6-1,11453,S4R,12040,12041,12050,12049
PART-6-1,11454,S4R,12041,12042,12051,12050
PART-6-1,11455,S4R,12042,12043,12052,12051
PART-6-1,11456,S4R,12043,12044,12053,12052
PART-6-1,11457,S4R,12044,1683,1684,12053
PART-6-1,11458,S4R,1186,12045,12054,1187
PART-6-1,11459,S4R,12045,12046,12055,12054
PART-6-1,11460,S4R,12046,12047,12056,12055
PART-6-1,11461,S4R,12047,12048,12057,12056
PART-6-1,11462,S4R,12048,12049,12058,12057
PART-6-1,11463,S4R,12049,12050,12059,12058
PART-6-1,11464,S4R,12050,12051,12060,12059
PART-6-1,11465,S4R,12051,12052,12061,12060
PART-6-1,11466,S4R,12052,12053,12062,12061
PART-6-1,11467,S4R,12053,1684,1685,12062
PART-6-1,11468,S4R,1187,12054,12063,1188
PART-6-1,11469,S4R,12054,12055,12064,12063
PART-6-1,11470,S4R,12055,12056,12065,12064
PART-6-1,11471,S4R,12056,12057,12066,12065
PART-6-1,11472,S4R,12057,12058,12067,12066
PART-6-1,11473,S4R,12058,12059,12068,12067
PART-6-1,11474,S4R,12059,12060,12069,12068
PART-6-1,11475,S4R,12060,12061,12070,12069
PART-6-1,11476,S4R,12061,12062,12071,12070
PART-6-1,11477,S4R,12062,1685,1686,12071
PART-6-1,11478,S4R,1188,12063,12072,1189
PART-6-1,11479,S4R,12063,12064,12073,12072
PART-6-1,11480,S4R,12064,12065,12074,12073
PART-6-1,11481,S4R,12065,12066,12075,12074
PART-6-1,11482,S4R,12066,12067,12076,12075
PART-6-1,11483,S4R,12067,12068,12077,12076
PART-6-1,11484,S4R,12068,12069,12078,12077
PART-6-1,11485,S4R,12069,12070,12079,12078
PART-6-1,11486,S4R,12070,12071,12080,12079
PART-6-1,11487,S4R,12071,1686,1687,12080
PART-6-1,11488,S4R,1189,12072,12081,1190
PART-6-1,11489,S4R,12072,12073,12082,12081
PART-6-1,11490,S4R,12073,12074,12083,12082
PART-6-1,11491,S4R,12074,12075,12084,12083
PART-6-1,11492,S4R,12075,12076,12085,12084
PART-6-1,11493,S4R,12076,12077,12086,12085
PART-6-1,11494,S4R,12077,12078,12087,12086
PART-6-1,11495,S4R,12078,12079,12088,12087
PART-6-1,11496,S4R,12079,12080,12089,12088
PART-6-1,11497,S4R,12080,1687,1688,12089
PART-6-1,11498,S4R,1190,12081,12090,1191
PART-6-1,11499,S4R,12081,12082,12091,12090
PART-6-1,11500,S4R,12082,12083,12092,12091
PART-6-1,11501,S4R,12083,12084,12093,12092
PART-6-1,11502,S4R,12084,12085,12094,12093
PART-6-1,11503,S4R,12085,12086,12095,12094
PART-6-1,11504,S4R,12086,12087,12096,12095
PART-6-1,11505,S4R,12087,12088,12097,12096
PART-6-1,11506,S4R,12088,12089,12098,12097
PART-6-1,11507,S4R,12089,1688,1689,12098
PART-6-1,11508,S4R,1191,12090,12099,1192
PART-6-1,11509,S4R,12090,12091,12100,12099
PART-6-1,11510,S4R,12091,12092,12101,12100
PART-6-1,11511,S4R,12092,12093,12102,12101
PART-6-1,11512,S4R,12093,12094,12103,12102
PART-6-1,11513,S4R,12094,12095,12104,12103
PART-6-1,11514,S4R,12095,12096,12105,12104
PART-6-1,11515,S4R,12096,12097,12106,12105
PART-6-1,11516,S4R,12097,12098,12107,12106
PART-6-1,11517,S4R,12098,1689,1690,12107
PART-6-1,11518,S4R,1192,12099,12108,1193
PART-6-1,11519,S4R,12099,12100,12109,12108
PART-6-1,11520,S4R,12100,12101,12110,12109
PART-6-1,11521,S4R,12101,12102,12111,12110
PART-6-1,11522,S4R,12102,12103,12112,12111
PART-6-1,11523,S4R,12103,12104,12113,12112
PART-6-1,11524,S4R,12104,12105,12114,12113
PART-6-1,11525,S4R,12105,12106,12115,12114
PART-6-1,11526,S4R,12106,12107,12116,12115
PART-6-1,11527,S4R,12107,1690,1691,12116
PART-6-1,11528,S4R,1193,12108,12117,1194
PART-6-1,11529,S4R,12108,12109,12118,12117
PART-6-1,11530,S4R,12109,12110,12119,12118
PART-6-1,11531,S4R,12110,12111,12120,12119
PART-6-1,11532,S4R,12111,12112,12121,12120
PART-6-1,11533,S4R,12112,12113,12122,12121
PART-6-1,11534,S4R,12113,12114,12123,12122
PART-6-1,11535,S4R,12114,12115,12124,12123
PART-6-1,11536,S4R,12115,12116,12125,12124
PART-6-1,11537,S4R,12116,1691,1692,12125
PART-6-1,11538,S4R,1194,12117,12126,1195
PART-6-1,11539,S4R,12117,12118,12127,12126
PART-6-1,11540,S4R,12118,12119,12128,12127
PART-6-1,11541,S4R,12119,12120,12129,12128
PART-6-1,11542,S4R,12120,12121,12130,12129
PART-6-1,11543,S4R,12121,12122,12131,12130
PART-6-1,11544,S4R,12122,12123,12132,12131
PART-6-1,11545,S4R,12123,12124,12133,12132
PART-6-1,11546,S4R,12124,12125,12134,12133
PART-6-1,11547,S4R,12125,1692,1693,12134
PART-6-1,11548,S4R,1195,12126,12135,1196
PART-6-1,11549,S4R,12126,12127,12136,12135
PART-6-1,11550,S4R,12127,12128,12137,12136
PART-6-1,11551,S4R,12128,12129,12138,12137
PART-6-1,11552,S4R,12129,12130,12139,12138
PART-6-1,11553,S4R,12130,12131,12140,12139
PART-6-1,11554,S4R,12131,12132,12141,12140
PART-6-1,11555,S4R,12132,12133,12142,12141
PART-6-1,11556,S4R,12133,12134,12143,12142
PART-6-1,11557,S4R,12134,1693,1694,12143
PART-6-1,11558,S4R,1196,12135,12144,1197
PART-6-1,11559,S4R,12135,12136,12145,12144
PART-6-1,11560,S4R,12136,12137,12146,12145
PART-6-1,11561,S4R,12137,12138,12147,12146
PART-6-1,11562,S4R,12138,12139,12148,12147
PART-6-1,11563,S4R,12139,12140,12149,12148
PART-6-1,11564,S4R,12140,12141,12150,12149
PART-6-1,11565,S4R,12141,12142,12151,12150
PART-6-1,11566,S4R,12142,12143,12152,12151
PART-6-1,11567,S4R,12143,1694,1695,12152
PART-6-1,11568,S4R,1197,12144,12153,1198
PART-6-1,11569,S4R,12144,12145,12154,12153
PART-6-1,11570,S4R,12145,12146,12155,12154
PART-6-1,11571,S4R,12146,12147,12156,12155
PART-6-1,11572,S4R,12147,12148,12157,12156
PART-6-1,11573,S4R,12148,12149,12158,12157
PART-6-1,11574,S4R,12149,12150,12159,12158
PART-6-1,11575,S4R,12150,12151,12160,12159
PART-6-1,11576,S4R,12151,12152,12161,12160
PART-6-1,11577,S4R,12152,1695,1696,12161
PART-6-1,11578,S4R,1198,12153,12162,1199
PART-6-1,11579,S4R,12153,12154,12163,12162
PART-6-1,11580,S4R,12154,12155,12164,12163
PART-6-1,11581,S4R,12155,12156,12165,12164
PART-6-1,11582,S4R,12156,12157,12166,12165
PART-6-1,11583,S4R,12157,12158,12167,12166
PART-6-1,11584,S4R,12158,12159,12168,12167
PART-6-1,11585,S4R,12159,12160,12169,12168
PART-6-1,11586,S4R,12160,12161,12170,12169
PART-6-1,11587,S4R,12161,1696,1697,12170
PART-6-1,11588,S4R,1199,12162,12171,61
PART-6-1,11589,S4R,12162,12163,12172,12171
PART-6-1,11590,S4R,12163,12164,12173,12172
PART-6-1,11591,S4R,12164,12165,12174,12173
PART-6-1,11592,S4R,12165,12166,12175,12174
PART-6-1,11593,S4R,12166,12167,12176,12175
PART-6-1,11594,S4R,12167,12168,12177,12176
PART-6-1,11595,S4R,12168,12169,12178,12177
PART-6-1,11596,S4R,12169,12170,12179,12178
PART-6-1,11597,S4R,12170,1697,1698,12179
PART-6-1,11598,S4R,61,12171,12180,1519
PART-6-1,11599,S4R,12171,12172,12181,12180
PART-6-1,11600,S4R,12172,12173,12182,12181
PART-6-1,11601,S4R,12173,12174,12183,12182
PART-6-1,11602,S4R,12174,12175,12184,12183
PART-6-1,11603,S4R,12175,12176,12185,12184
PART-6-1,11604,S4R,12176,12177,12186,12185
PART-6-1,11605,S4R,12177,12178,12187,12186
PART-6-1,11606,S4R,12178,12179,12188,12187
PART-6-1,11607,S4R,12179,1698,1699,12188
PART-6-1,11608,S4R,1519,12180,12189,1518
PART-6-1,11609,S4R,12180,12181,12190,12189
PART-6-1,11610,S4R,12181,12182,12191,12190
PART-6-1,11611,S4R,12182,12183,12192,12191
PART-6-1,11612,S4R,12183,12184,12193,12192
PART-6-1,11613,S4R,12184,12185,12194,12193
PART-6-1,11614,S4R,12185,12186,12195,12194
PART-6-1,11615,S4R,12186,12187,12196,12195
PART-6-1,11616,S4R,12187,12188,12197,12196
PART-6-1,11617,S4R,12188,1699,1700,12197
PART-6-1,11618,S4R,1518,12189,12198,1517
PART-6-1,11619,S4R,12189,12190,12199,12198
PART-6-1,11620,S4R,12190,12191,12200,12199
PART-6-1,11621,S4R,12191,12192,12201,12200
PART-6-1,11622,S4R,12192,12193,12202,12201
PART-6-1,11623,S4R,12193,12194,12203,12202
PART-6-1,11624,S4R,12194,12195,12204,12203
PART-6-1,11625,S4R,12195,12196,12205,12204
PART-6-1,11626,S4R,12196,12197,12206,12205
PART-6-1,11627,S4R,12197,1700,1701,12206
PART-6-1,11628,S4R,1517,12198,12207,1516
PART-6-1,11629,S4R,12198,12199,12208,12207
PART-6-1,11630,S4R,12199,12200,12209,12208
PART-6-1,11631,S4R,12200,12201,12210,12209
PART-6-1,11632,S4R,12201,12202,12211,12210
PART-6-1,11633,S4R,12202,12203,12212,12211
PART-6-1,11634,S4R,12203,12204,12213,12212
PART-6-1,11635,S4R,12204,12205,12214,12213
PART-6-1,11636,S4R,12205,12206,12215,12214
PART-6-1,11637,S4R,12206,1701,1702,12215
PART-6-1,11638,S4R,1516,12207,12216,1515
PART-6-1,11639,S4R,12207,12208,12217,12216
PART-6-1,11640,S4R,12208,12209,12218,12217
PART-6-1,11641,S4R,12209,12210,12219,12218
PART-6-1,11642,S4R,12210,12211,12220,12219
PART-6-1,11643,S4R,12211,12212,12221,12220
PART-6-1,11644,S4R,12212,12213,12222,12221
PART-6-1,11645,S4R,12213,12214,12223,12222
PART-6-1,11646,S4R,12214,12215,12224,12223
PART-6-1,11647,S4R,12215,1702,1703,12224
PART-6-1,11648,S4R,1515,12216,12225,1514
PART-6-1,11649,S4R,12216,12217,12226,12225
PART-6-1,11650,S4R,12217,12218,12227,12226
PART-6-1,11651,S4R,12218,12219,12228,12227
PART-6-1,11652,S4R,12219,12220,12229,12228
PART-6-1,11653,S4R,12220,12221,12230,12229
PART-6-1,11654,S4R,12221,12222,12231,12230
PART-6-1,11655,S4R,12222,12223,12232,12231
PART-6-1,11656,S4R,12223,12224,12233,12232
PART-6-1,11657,S4R,12224,1703,1704,12233
PART-6-1,11658,S4R,1514,12225,12234,1513
PART-6-1,11659,S4R,12225,12226,12235,12234
PART-6-1,11660,S4R,12226,12227,12236,12235
PART-6-1,11661,S4R,12227,12228,12237,12236
PART-6-1,11662,S4R,12228,12229,12238,12237
PART-6-1,11663,S4R,12229,12230,12239,12238
PART-6-1,11664,S4R,12230,12231,12240,12239
PART-6-1,11665,S4R,12231,12232,12241,12240
PART-6-1,11666,S4R,12232,12233,12242,12241
PART-6-1,11667,S4R,12233,1704,1705,12242
PART-6-1,11668,S4R,1513,12234,12243,1512
PART-6-1,11669,S4R,12234,12235,12244,12243
PART-6-1,11670,S4R,12235,12236,12245,12244
PART-6-1,11671,S4R,12236,12237,12246,12245
PART-6-1,11672,S4R,12237,12238,12247,12246
PART-6-1,11673,S4R,12238,12239,12248,12247
PART-6-1,11674,S4R,12239,12240,12249,12248
PART-6-1,11675,S4R,12240,12241,12250,12249
PART-6-1,11676,S4R,12241,12242,12251,12250
PART-6-1,11677,S4R,12242,1705,1706,12251
PART-6-1,11678,S4R,1512,12243,12252,1511
PART-6-1,11679,S4R,12243,12244,12253,12252
PART-6-1,11680,S4R,12244,12245,12254,12253
PART-6-1,11681,S4R,12245,12246,12255,12254
PART-6-1,11682,S4R,12246,12247,12256,12255
PART-6-1,11683,S4R,12247,12248,12257,12256
PART-6-1,11684,S4R,12248,12249,12258,12257
PART-6-1,11685,S4R,12249,12250,12259,12258
PART-6-1,11686,S4R,12250,12251,12260,12259
PART-6-1,11687,S4R,12251,1706,1707,12260
PART-6-1,11688,S4R,1511,12252,12261,1510
PART-6-1,11689,S4R,12252,12253,12262,12261
PART-6-1,11690,S4R,12253,12254,12263,12262
PART-6-1,11691,S4R,12254,12255,12264,12263
PART-6-1,11692,S4R,12255,12256,12265,12264
PART-6-1,11693,S4R,12256,12257,12266,12265
PART-6-1,11694,S4R,12257,12258,12267,12266
PART-6-1,11695,S4R,12258,12259,12268,12267
PART-6-1,11696,S4R,12259,12260,12269,12268
PART-6-1,11697,S4R,12260,1707,1708,12269
PART-6-1,11698,S4R,1510,12261,12270,1509
PART-6-1,11699,S4R,12261,12262,12271,12270
PART-6-1,11700,S4R,12262,12263,12272,12271
PART-6-1,11701,S4R,12263,12264,12273,12272
PART-6-1,11702,S4R,12264,12265,12274,12273
PART-6-1,11703,S4R,12265,12266,12275,12274
PART-6-1,11704,S4R,12266,12267,12276,12275
PART-6-1,11705,S4R,12267,12268,12277,12276
PART-6-1,11706,S4R,12268,12269,12278,12277
PART-6-1,11707,S4R,12269,1708,1709,12278
PART-6-1,11708,S4R,1509,12270,12279,1508
PART-6-1,11709,S4R,12270,12271,12280,12279
PART-6-1,11710,S4R,12271,12272,12281,12280
PART-6-1,11711,S4R,12272,12273,12282,12281
PART-6-1,11712,S4R,12273,12274,12283,12282
PART-6-1,11713,S4R,12274,12275,12284,12283
PART-6-1,11714,S4R,12275,12276,12285,12284
PART-6-1,11715,S4R,12276,12277,12286,12285
PART-6-1,11716,S4R,12277,12278,12287,12286
PART-6-1,11717,S4R,12278,1709,1710,12287
PART-6-1,11718,S4R,1508,12279,12288,1507
PART-6-1,11719,S4R,12279,12280,12289,12288
PART-6-1,11720,S4R,12280,12281,12290,12289
PART-6-1,11721,S4R,12281,12282,12291,12290
PART-6-1,11722,S4R,12282,12283,12292,12291
PART-6-1,11723,S4R,12283,12284,12293,12292
PART-6-1,11724,S4R,12284,12285,12294,12293
PART-6-1,11725,S4R,12285,12286,12295,12294
PART-6-1,11726,S4R,12286,12287,12296,12295
PART-6-1,11727,S4R,12287,1710,1711,12296
PART-6-1,11728,S4R,1507,12288,12297,1506
PART-6-1,11729,S4R,12288,12289,12298,12297
PART-6-1,11730,S4R,12289,12290,12299,12298
PART-6-1,11731,S4R,12290,12291,12300,12299
PART-6-1,11732,S4R,12291,12292,12301,12300
PART-6-1,11733,S4R,12292,12293,12302,12301
PART-6-1,11734,S4R,12293,12294,12303,12302
PART-6-1,11735,S4R,12294,12295,12304,12303
PART-6-1,11736,S4R,12295,12296,12305,12304
PART-6-1,11737,S4R,12296,1711,1712,12305
PART-6-1,11738,S4R,1506,12297,12306,64
PART-6-1,11739,S4R,12297,12298,12307,12306
PART-6-1,11740,S4R,12298,12299,12308,12307
PART-6-1,11741,S4R,12299,12300,12309,12308
PART-6-1,11742,S4R,12300,12301,12310,12309
PART-6-1,11743,S4R,12301,12302,12311,12310
PART-6-1,11744,S4R,12302,12303,12312,12311
PART-6-1,11745,S4R,12303,12304,12313,12312
PART-6-1,11746,S4R,12304,12305,12314,12313
PART-6-1,11747,S4R,12305,1712,1713,12314
PART-6-1,11748,S4R,64,12306,12315,1224
PART-6-1,11749,S4R,12306,12307,12316,12315
PART-6-1,11750,S4R,12307,12308,12317,12316
PART-6-1,11751,S4R,12308,12309,12318,12317
PART-6-1,11752,S4R,12309,12310,12319,12318
PART-6-1,11753,S4R,12310,12311,12320,12319
PART-6-1,11754,S4R,12311,12312,12321,12320
PART-6-1,11755,S4R,12312,12313,12322,12321
PART-6-1,11756,S4R,12313,12314,12323,12322
PART-6-1,11757,S4R,12314,1713,1714,12323
PART-6-1,11758,S4R,1224,12315,12324,1225
PART-6-1,11759,S4R,12315,12316,12325,12324
PART-6-1,11760,S4R,12316,12317,12326,12325
PART-6-1,11761,S4R,12317,12318,12327,12326
PART-6-1,11762,S4R,12318,12319,12328,12327
PART-6-1,11763,S4R,12319,12320,12329,12328
PART-6-1,11764,S4R,12320,12321,12330,12329
PART-6-1,11765,S4R,12321,12322,12331,12330
PART-6-1,11766,S4R,12322,12323,12332,12331
PART-6-1,11767,S4R,12323,1714,1715,12332
PART-6-1,11768,S4R,1225,12324,12333,1226
PART-6-1,11769,S4R,12324,12325,12334,12333
PART-6-1,11770,S4R,12325,12326,12335,12334
PART-6-1,11771,S4R,12326,12327,12336,12335
PART-6-1,11772,S4R,12327,12328,12337,12336
PART-6-1,11773,S4R,12328,12329,12338,12337
PART-6-1,11774,S4R,12329,12330,12339,12338
PART-6-1,11775,S4R,12330,12331,12340,12339
PART-6-1,11776,S4R,12331,12332,12341,12340
PART-6-1,11777,S4R,12332,1715,1716,12341
PART-6-1,11778,S4R,1226,12333,12342,1227
PART-6-1,11779,S4R,12333,12334,12343,12342
PART-6-1,11780,S4R,12334,12335,12344,12343
PART-6-1,11781,S4R,12335,12336,12345,12344
PART-6-1,11782,S4R,12336,12337,12346,12345
PART-6-1,11783,S4R,12337,12338,12347,12346
PART-6-1,11784,S4R,12338,12339,12348,12347
PART-6-1,11785,S4R,12339,12340,12349,12348
PART-6-1,11786,S4R,12340,12341,12350,12349
PART-6-1,11787,S4R,12341,1716,1717,12350
PART-6-1,11788,S4R,1227,12342,12351,1228
PART-6-1,11789,S4R,12342,12343,12352,12351
PART-6-1,11790,S4R,12343,12344,12353,12352
PART-6-1,11791,S4R,12344,12345,12354,12353
PART-6-1,11792,S4R,12345,12346,12355,12354
PART-6-1,11793,S4R,12346,12347,12356,12355
PART-6-1,11794,S4R,12347,12348,12357,12356
PART-6-1,11795,S4R,12348,12349,12358,12357
PART-6-1,11796,S4R,12349,12350,12359,12358
PART-6-1,11797,S4R,12350,1717,1718,12359
PART-6-1,11798,S4R,1228,12351,12360,1229
PART-6-1,11799,S4R,12351,12352,12361,12360
PART-6-1,11800,S4R,12352,12353,12362,12361
PART-6-1,11801,S4R,12353,12354,12363,12362
PART-6-1,11802,S4R,12354,12355,12364,12363
PART-6-1,11803,S4R,12355,12356,12365,12364
PART-6-1,11804,S4R,12356,12357,12366,12365
PART-6-1,11805,S4R,12357,12358,12367,12366
PART-6-1,11806,S4R,12358,12359,12368,12367
PART-6-1,11807,S4R,12359,1718,1719,12368
PART-6-1,11808,S4R,1229,12360,12369,1230
PART-6-1,11809,S4R,12360,12361,12370,12369
PART-6-1,11810,S4R,12361,12362,12371,12370
PART-6-1,11811,S4R,12362,12363,12372,12371
PART-6-1,11812,S4R,12363,12364,12373,12372
PART-6-1,11813,S4R,12364,12365,12374,12373
PART-6-1,11814,S4R,12365,12366,12375,12374
PART-6-1,11815,S4R,12366,12367,12376,12375
PART-6-1,11816,S4R,12367,12368,12377,12376
PART-6-1,11817,S4R,12368,1719,1720,12377
PART-6-1,11818,S4R,1230,12369,12378,1231
PART-6-1,11819,S4R,12369,12370,12379,12378
PART-6-1,11820,S4R,12370,12371,12380,12379
PART-6-1,11821,S4R,12371,12372,12381,12380
PART-6-1,11822,S4R,12372,12373,12382,12381
PART-6-1,11823,S4R,12373,12374,12383,12382
PART-6-1,11824,S4R,12374,12375,12384,12383
PART-6-1,11825,S4R,12375,12376,12385,12384
PART-6-1,11826,S4R,12376,12377,12386,12385
PART-6-1,11827,S4R,12377,1720,1721,12386
PART-6-1,11828,S4R,1231,12378,12387,1232
PART-6-1,11829,S4R,12378,12379,12388,12387
PART-6-1,11830,S4R,12379,12380,12389,12388
PART-6-1,11831,S4R,12380,12381,12390,12389
PART-6-1,11832,S4R,12381,12382,12391,12390
PART-6-1,11833,S4R,12382,12383,12392,12391
PART-6-1,11834,S4R,12383,12384,12393,12392
PART-6-1,11835,S4R,12384,12385,12394,12393
PART-6-1,11836,S4R,12385,12386,12395,12394
PART-6-1,11837,S4R,12386,1721,1722,12395
PART-6-1,11838,S4R,1232,12387,12396,1233
PART-6-1,11839,S4R,12387,12388,12397,12396
PART-6-1,11840,S4R,12388,12389,12398,12397
PART-6-1,11841,S4R,12389,12390,12399,12398
PART-6-1,11842,S4R,12390,12391,12400,12399
PART-6-1,11843,S4R,12391,12392,12401,12400
PART-6-1,11844,S4R,12392,12393,12402,12401
PART-6-1,11845,S4R,12393,12394,12403,12402
PART-6-1,11846,S4R,12394,12395,12404,12403
PART-6-1,11847,S4R,12395,1722,1723,12404
PART-6-1,11848,S4R,1233,12396,12405,1234
PART-6-1,11849,S4R,12396,12397,12406,12405
PART-6-1,11850,S4R,12397,12398,12407,12406
PART-6-1,11851,S4R,12398,12399,12408,12407
PART-6-1,11852,S4R,12399,12400,12409,12408
PART-6-1,11853,S4R,12400,12401,12410,12409
PART-6-1,11854,S4R,12401,12402,12411,12410
PART-6-1,11855,S4R,12402,12403,12412,12411
PART-6-1,11856,S4R,12403,12404,12413,12412
PART-6-1,11857,S4R,12404,1723,1724,12413
PART-6-1,11858,S4R,1234,12405,12414,1235
PART-6-1,11859,S4R,12405,12406,12415,12414
PART-6-1,11860,S4R,12406,12407,12416,12415
PART-6-1,11861,S4R,12407,12408,12417,12416
PART-6-1,11862,S4R,12408,12409,12418,12417
PART-6-1,11863,S4R,12409,12410,12419,12418
PART-6-1,11864,S4R,12410,12411,12420,12419
PART-6-1,11865,S4R,12411,12412,12421,12420
PART-6-1,11866,S4R,12412,12413,12422,12421
PART-6-1,11867,S4R,12413,1724,1725,12422
PART-6-1,11868,S4R,1235,12414,12423,1236
PART-6-1,11869,S4R,12414,12415,12424,12423
PART-6-1,11870,S4R,12415,12416,12425,12424
PART-6-1,11871,S4R,12416,12417,12426,12425
PART-6-1,11872,S4R,12417,12418,12427,12426
PART-6-1,11873,S4R,12418,12419,12428,12427
PART-6-1,11874,S4R,12419,12420,12429,12428
PART-6-1,11875,S4R,12420,12421,12430,12429
PART-6-1,11876,S4R,12421,12422,12431,12430
PART-6-1,11877,S4R,12422,1725,1726,12431
PART-6-1,11878,S4R,1236,12423,12432,1237
PART-6-1,11879,S4R,12423,12424,12433,12432
PART-6-1,11880,S4R,12424,12425,12434,12433
PART-6-1,11881,S4R,12425,12426,12435,12434
PART-6-1,11882,S4R,12426,12427,12436,12435
PART-6-1,11883,S4R,12427,12428,12437,12436
PART-6-1,11884,S4R,12428,12429,12438,12437
PART-6-1,11885,S4R,12429,12430,12439,12438
PART-6-1,11886,S4R,12430,12431,12440,12439
PART-6-1,11887,S4R,12431,1726,1727,12440
PART-6-1,11888,S4R,1237,12432,12441,1238
PART-6-1,11889,S4R,12432,12433,12442,12441
PART-6-1,11890,S4R,12433,12434,12443,12442
PART-6-1,11891,S4R,12434,12435,12444,12443
PART-6-1,11892,S4R,12435,12436,12445,12444
PART-6-1,11893,S4R,12436,12437,12446,12445
PART-6-1,11894,S4R,12437,12438,12447,12446
PART-6-1,11895,S4R,12438,12439,12448,12447
PART-6-1,11896,S4R,12439,12440,12449,12448
PART-6-1,11897,S4R,12440,1727,1728,12449
PART-6-1,11898,S4R,1238,12441,12450,1239
PART-6-1,11899,S4R,12441,12442,12451,12450
PART-6-1,11900,S4R,12442,12443,12452,12451
PART-6-1,11901,S4R,12443,12444,12453,12452
PART-6-1,11902,S4R,12444,12445,12454,12453
PART-6-1,11903,S4R,12445,12446,12455,12454
PART-6-1,11904,S4R,12446,12447,12456,12455
PART-6-1,11905,S4R,12447,12448,12457,12456
PART-6-1,11906,S4R,12448,12449,12458,12457
PART-6-1,11907,S4R,12449,1728,1729,12458
PART-6-1,11908,S4R,1239,12450,12459,1240
PART-6-1,11909,S4R,12450,12451,12460,12459
PART-6-1,11910,S4R,12451,12452,12461,12460
PART-6-1,11911,S4R,12452,12453,12462,12461
PART-6-1,11912,S4R,12453,12454,12463,12462
PART-6-1,11913,S4R,12454,12455,12464,12463
PART-6-1,11914,S4R,12455,12456,12465,12464
PART-6-1,11915,S4R,12456,12457,12466,12465
PART-6-1,11916,S4R,12457,12458,12467,12466
PART-6-1,11917,S4R,12458,1729,1730,12467
PART-6-1,11918,S4R,1240,12459,12468,1241
PART-6-1,11919,S4R,12459,12460,12469,12468
PART-6-1,11920,S4R,12460,12461,12470,12469
PART-6-1,11921,S4R,12461,12462,12471,12470
PART-6-1,11922,S4R,12462,12463,12472,12471
PART-6-1,11923,S4R,12463,12464,12473,12472
PART-6-1,11924,S4R,12464,12465,12474,12473
PART-6-1,11925,S4R,12465,12466,12475,12474
PART-6-1,11926,S4R,12466,12467,12476,12475
PART-6-1,11927,S4R,12467,1730,1731,12476
PART-6-1,11928,S4R,1241,12468,12477,1242
PART-6-1,11929,S4R,12468,12469,12478,12477
PART-6-1,11930,S4R,12469,12470,12479,12478
PART-6-1,11931,S4R,12470,12471,12480,12479
PART-6-1,11932,S4R,12471,12472,12481,12480
PART-6-1,11933,S4R,12472,12473,12482,12481
PART-6-1,11934,S4R,12473,12474,12483,12482
PART-6-1,11935,S4R,12474,12475,12484,12483
PART-6-1,11936,S4R,12475,12476,12485,12484
PART-6-1,11937,S4R,12476,1731,1732,12485
PART-6-1,11938,S4R,1242,12477,12486,1243
PART-6-1,11939,S4R,12477,12478,12487,12486
PART-6-1,11940,S4R,12478,12479,12488,12487
PART-6-1,11941,S4R,12479,12480,12489,12488
PART-6-1,11942,S4R,12480,12481,12490,12489
PART-6-1,11943,S4R,12481,12482,12491,12490
PART-6-1,11944,S4R,12482,12483,12492,12491
PART-6-1,11945,S4R,12483,12484,12493,12492
PART-6-1,11946,S4R,12484,12485,12494,12493
PART-6-1,11947,S4R,12485,1732,1733,12494
PART-6-1,11948,S4R,1243,12486,12495,1244
PART-6-1,11949,S4R,12486,12487,12496,12495
PART-6-1,11950,S4R,12487,12488,12497,12496
PART-6-1,11951,S4R,12488,12489,12498,12497
PART-6-1,11952,S4R,12489,12490,12499,12498
PART-6-1,11953,S4R,12490,12491,12500,12499
PART-6-1,11954,S4R,12491,12492,12501,12500
PART-6-1,11955,S4R,12492,12493,12502,12501
PART-6-1,11956,S4R,12493,12494,12503,12502
PART-6-1,11957,S4R,12494,1733,1734,12503
PART-6-1,11958,S4R,1244,12495,12504,1245
PART-6-1,11959,S4R,12495,12496,12505,12504
PART-6-1,11960,S4R,12496,12497,12506,12505
PART-6-1,11961,S4R,12497,12498,12507,12506
PART-6-1,11962,S4R,12498,12499,12508,12507
PART-6-1,11963,S4R,12499,12500,12509,12508
PART-6-1,11964,S4R,12500,12501,12510,12509
PART-6-1,11965,S4R,12501,12502,12511,12510
PART-6-1,11966,S4R,12502,12503,12512,12511
PART-6-1,11967,S4R,12503,1734,1735,12512
PART-6-1,11968,S4R,1245,12504,12513,1246
PART-6-1,11969,S4R,12504,12505,12514,12513
PART-6-1,11970,S4R,12505,12506,12515,12514
PART-6-1,11971,S4R,12506,12507,12516,12515
PART-6-1,11972,S4R,12507,12508,12517,12516
PART-6-1,11973,S4R,12508,12509,12518,12517
PART-6-1,11974,S4R,12509,12510,12519,12518
PART-6-1,11975,S4R,12510,12511,12520,12519
PART-6-1,11976,S4R,12511,12512,12521,12520
PART-6-1,11977,S4R,12512,1735,1736,12521
PART-6-1,11978,S4R,1246,12513,12522,1247
PART-6-1,11979,S4R,12513,12514,12523,12522
PART-6-1,11980,S4R,12514,12515,12524,12523
PART-6-1,11981,S4R,12515,12516,12525,12524
PART-6-1,11982,S4R,12516,12517,12526,12525
PART-6-1,11983,S4R,12517,12518,12527,12526
PART-6-1,11984,S4R,12518,12519,12528,12527
PART-6-1,11985,S4R,12519,12520,12529,12528
PART-6-1,11986,S4R,12520,12521,12530,12529
PART-6-1,11987,S4R,12521,1736,1737,12530
PART-6-1,11988,S4R,1247,12522,12531,1248
PART-6-1,11989,S4R,12522,12523,12532,12531
PART-6-1,11990,S4R,12523,12524,12533,12532
PART-6-1,11991,S4R,12524,12525,12534,12533
PART-6-1,11992,S4R,12525,12526,12535,12534
PART-6-1,11993,S4R,12526,12527,12536,12535
PART-6-1,11994,S4R,12527,12528,12537,12536
PART-6-1,11995,S4R,12528,12529,12538,12537
PART-6-1,11996,S4R,12529,12530,12539,12538
PART-6-1,11997,S4R,12530,1737,1738,12539
PART-6-1,11998,S4R,1248,12531,12540,1249
PART-6-1,11999,S4R,12531,12532,12541,12540
PART-6-1,12000,S4R,12532,12533,12542,12541
PART-6-1,12001,S4R,12533,12534,12543,12542
PART-6-1,12002,S4R,12534,12535,12544,12543
PART-6-1,12003,S4R,12535,12536,12545,12544
PART-6-1,12004,S4R,12536,12537,12546,12545
PART-6-1,12005,S4R,12537,12538,12547,12546
PART-6-1,12006,S4R,12538,12539,12548,12547
PART-6-1,12007,S4R,12539,1738,1739,12548
PART-6-1,12008,S4R,1249,12540,12549,1250
PART-6-1,12009,S4R,12540,12541,12550,12549
PART-6-1,12010,S4R,12541,12542,12551,12550
PART-6-1,12011,S4R,12542,12543,12552,12551
PART-6-1,12012,S4R,12543,12544,12553,12552
PART-6-1,12013,S4R,12544,12545,12554,12553
PART-6-1,12014,S4R,12545,12546,12555,12554
PART-6-1,12015,S4R,12546,12547,12556,12555
PART-6-1,12016,S4R,12547,12548,12557,12556
PART-6-1,12017,S4R,12548,1739,1740,12557
PART-6-1,12018,S4R,1250,12549,12558,1251
PART-6-1,12019,S4R,12549,12550,12559,12558
PART-6-1,12020,S4R,12550,12551,12560,12559
PART-6-1,12021,S4R,12551,12552,12561,12560
PART-6-1,12022,S4R,12552,12553,12562,12561
PART-6-1,12023,S4R,12553,12554,12563,12562
PART-6-1,12024,S4R,12554,12555,12564,12563
PART-6-1,12025,S4R,12555,12556,12565,12564
PART-6-1,12026,S4R,12556,12557,12566,12565
PART-6-1,12027,S4R,12557,1740,1741,12566
PART-6-1,12028,S4R,1251,12558,12567,1252
PART-6-1,12029,S4R,12558,12559,12568,12567
PART-6-1,12030,S4R,12559,12560,12569,12568
PART-6-1,12031,S4R,12560,12561,12570,12569
PART-6-1,12032,S4R,12561,12562,12571,12570
PART-6-1,12033,S4R,12562,12563,12572,12571
PART-6-1,12034,S4R,12563,12564,12573,12572
PART-6-1,12035,S4R,12564,12565,12574,12573
PART-6-1,12036,S4R,12565,12566,12575,12574
PART-6-1,12037,S4R,12566,1741,1742,12575
PART-6-1,12038,S4R,1252,12567,12576,1253
PART-6-1,12039,S4R,12567,12568,12577,12576
PART-6-1,12040,S4R,12568,12569,12578,12577
PART-6-1,12041,S4R,12569,12570,12579,12578
PART-6-1,12042,S4R,12570,12571,12580,12579
PART-6-1,12043,S4R,12571,12572,12581,12580
PART-6-1,12044,S4R,12572,12573,12582,12581
PART-6-1,12045,S4R,12573,12574,12583,12582
PART-6-1,12046,S4R,12574,12575,12584,12583
PART-6-1,12047,S4R,12575,1742,1743,12584
PART-6-1,12048,S4R,1253,12576,12585,1254
PART-6-1,12049,S4R,12576,12577,12586,12585
PART-6-1,12050,S4R,12577,12578,12587,12586
PART-6-1,12051,S4R,12578,12579,12588,12587
PART-6-1,12052,S4R,12579,12580,12589,12588
PART-6-1,12053,S4R,12580,12581,12590,12589
PART-6-1,12054,S4R,12581,12582,12591,12590
PART-6-1,12055,S4R,12582,12583,12592,12591
PART-6-1,12056,S4R,12583,12584,12593,12592
PART-6-1,12057,S4R,12584,1743,1744,12593
PART-6-1,12058,S4R,1254,12585,12594,1255
PART-6-1,12059,S4R,12585,12586,12595,12594
PART-6-1,12060,S4R,12586,12587,12596,12595
PART-6-1,12061,S4R,12587,12588,12597,12596
PART-6-1,12062,S4R,12588,12589,12598,12597
PART-6-1,12063,S4R,12589,12590,12599,12598
PART-6-1,12064,S4R,12590,12591,12600,12599
PART-6-1,12065,S4R,12591,12592,12601,12600
PART-6-1,12066,S4R,12592,12593,12602,12601
PART-6-1,12067,S4R,12593,1744,1745,12602
PART-6-1,12068,S4R,1255,12594,12603,1256
PART-6-1,12069,S4R,12594,12595,12604,12603
PART-6-1,12070,S4R,12595,12596,12605,12604
PART-6-1,12071,S4R,12596,12597,12606,12605
PART-6-1,12072,S4R,12597,12598,12607,12606
PART-6-1,12073,S4R,12598,12599,12608,12607
PART-6-1,12074,S4R,12599,12600,12609,12608
PART-6-1,12075,S4R,12600,12601,12610,12609
PART-6-1,12076,S4R,12601,12602,12611,12610
PART-6-1,12077,S4R,12602,1745,1746,12611
PART-6-1,12078,S4R,1256,12603,12612,1257
PART-6-1,12079,S4R,12603,12604,12613,12612
PART-6-1,12080,S4R,12604,12605,12614,12613
PART-6-1,12081,S4R,12605,12606,12615,12614
PART-6-1,12082,S4R,12606,12607,12616,12615
PART-6-1,12083,S4R,12607,12608,12617,12616
PART-6-1,12084,S4R,12608,12609,12618,12617
PART-6-1,12085,S4R,12609,12610,12619,12618
PART-6-1,12086,S4R,12610,12611,12620,12619
PART-6-1,12087,S4R,12611,1746,1747,12620
PART-6-1,12088,S4R,1257,12612,12621,1258
PART-6-1,12089,S4R,12612,12613,12622,12621
PART-6-1,12090,S4R,12613,12614,12623,12622
PART-6-1,12091,S4R,12614,12615,12624,12623
PART-6-1,12092,S4R,12615,12616,12625,12624
PART-6-1,12093,S4R,12616,12617,12626,12625
PART-6-1,12094,S4R,12617,12618,12627,12626
PART-6-1,12095,S4R,12618,12619,12628,12627
PART-6-1,12096,S4R,12619,12620,12629,12628
PART-6-1,12097,S4R,12620,1747,1748,12629
PART-6-1,12098,S4R,1258,12621,12630,1259
PART-6-1,12099,S4R,12621,12622,12631,12630
PART-6-1,12100,S4R,12622,12623,12632,12631
PART-6-1,12101,S4R,12623,12624,12633,12632
PART-6-1,12102,S4R,12624,12625,12634,12633
PART-6-1,12103,S4R,12625,12626,12635,12634
PART-6-1,12104,S4R,12626,12627,12636,12635
PART-6-1,12105,S4R,12627,12628,12637,12636
PART-6-1,12106,S4R,12628,12629,12638,12637
PART-6-1,12107,S4R,12629,1748,1749,12638
PART-6-1,12108,S4R,1259,12630,344,36
PART-6-1,12109,S4R,12630,12631,345,344
PART-6-1,12110,S4R,12631,12632,346,345
PART-6-1,12111,S4R,12632,12633,347,346
PART-6-1,12112,S4R,12633,12634,348,347
PART-6-1,12113,S4R,12634,12635,349,348
PART-6-1,12114,S4R,12635,12636,350,349
PART-6-1,12115,S4R,12636,12637,351,350
PART-6-1,12116,S4R,12637,12638,352,351
PART-6-1,12117,S4R,12638,1749,35,352
PART-6-1,12118,S4R,64,1223,12639,1506
PART-6-1,12119,S4R,1223,1222,12640,12639
PART-6-1,12120,S4R,1222,1221,12641,12640
PART-6-1,12121,S4R,1221,1220,12642,12641
PART-6-1,12122,S4R,1220,1219,12643,12642
PART-6-1,12123,S4R,1219,1218,12644,12643
PART-6-1,12124,S4R,1218,1217,12645,12644
PART-6-1,12125,S4R,1217,1216,12646,12645
PART-6-1,12126,S4R,1216,1215,12647,12646
PART-6-1,12127,S4R,1215,1214,12648,12647
PART-6-1,12128,S4R,1214,1213,12649,12648
PART-6-1,12129,S4R,1213,1212,12650,12649
PART-6-1,12130,S4R,1212,1211,12651,12650
PART-6-1,12131,S4R,1211,1210,12652,12651
PART-6-1,12132,S4R,1210,1209,12653,12652
PART-6-1,12133,S4R,1209,1208,12654,12653
PART-6-1,12134,S4R,1208,1207,12655,12654
PART-6-1,12135,S4R,1207,1206,12656,12655
PART-6-1,12136,S4R,1206,1205,12657,12656
PART-6-1,12137,S4R,1205,1204,12658,12657
PART-6-1,12138,S4R,1204,1203,12659,12658
PART-6-1,12139,S4R,1203,1202,12660,12659
PART-6-1,12140,S4R,1202,1201,12661,12660
PART-6-1,12141,S4R,1201,1200,12662,12661
PART-6-1,12142,S4R,1200,63,1649,12662
PART-6-1,12143,S4R,1506,12639,12663,1507
PART-6-1,12144,S4R,12639,12640,12664,12663
PART-6-1,12145,S4R,12640,12641,12665,12664
PART-6-1,12146,S4R,12641,12642,12666,12665
PART-6-1,12147,S4R,12642,12643,12667,12666
PART-6-1,12148,S4R,12643,12644,12668,12667
PART-6-1,12149,S4R,12644,12645,12669,12668
PART-6-1,12150,S4R,12645,12646,12670,12669
PART-6-1,12151,S4R,12646,12647,12671,12670
PART-6-1,12152,S4R,12647,12648,12672,12671
PART-6-1,12153,S4R,12648,12649,12673,12672
PART-6-1,12154,S4R,12649,12650,12674,12673
PART-6-1,12155,S4R,12650,12651,12675,12674
PART-6-1,12156,S4R,12651,12652,12676,12675
PART-6-1,12157,S4R,12652,12653,12677,12676
PART-6-1,12158,S4R,12653,12654,12678,12677
PART-6-1,12159,S4R,12654,12655,12679,12678
PART-6-1,12160,S4R,12655,12656,12680,12679
PART-6-1,12161,S4R,12656,12657,12681,12680
PART-6-1,12162,S4R,12657,12658,12682,12681
PART-6-1,12163,S4R,12658,12659,12683,12682
PART-6-1,12164,S4R,12659,12660,12684,12683
PART-6-1,12165,S4R,12660,12661,12685,12684
PART-6-1,12166,S4R,12661,12662,12686,12685
PART-6-1,12167,S4R,12662,1649,1650,12686
PART-6-1,12168,S4R,1507,12663,12687,1508
PART-6-1,12169,S4R,12663,12664,12688,12687
PART-6-1,12170,S4R,12664,12665,12689,12688
PART-6-1,12171,S4R,12665,12666,12690,12689
PART-6-1,12172,S4R,12666,12667,12691,12690
PART-6-1,12173,S4R,12667,12668,12692,12691
PART-6-1,12174,S4R,12668,12669,12693,12692
PART-6-1,12175,S4R,12669,12670,12694,12693
PART-6-1,12176,S4R,12670,12671,12695,12694
PART-6-1,12177,S4R,12671,12672,12696,12695
PART-6-1,12178,S4R,12672,12673,12697,12696
PART-6-1,12179,S4R,12673,12674,12698,12697
PART-6-1,12180,S4R,12674,12675,12699,12698
PART-6-1,12181,S4R,12675,12676,12700,12699
PART-6-1,12182,S4R,12676,12677,12701,12700
PART-6-1,12183,S4R,12677,12678,12702,12701
PART-6-1,12184,S4R,12678,12679,12703,12702
PART-6-1,12185,S4R,12679,12680,12704,12703
PART-6-1,12186,S4R,12680,12681,12705,12704
PART-6-1,12187,S4R,12681,12682,12706,12705
PART-6-1,12188,S4R,12682,12683,12707,12706
PART-6-1,12189,S4R,12683,12684,12708,12707
PART-6-1,12190,S4R,12684,12685,12709,12708
PART-6-1,12191,S4R,12685,12686,12710,12709
PART-6-1,12192,S4R,12686,1650,1651,12710
PART-6-1,12193,S4R,1508,12687,12711,1509
PART-6-1,12194,S4R,12687,12688,12712,12711
PART-6-1,12195,S4R,12688,12689,12713,12712
PART-6-1,12196,S4R,12689,12690,12714,12713
PART-6-1,12197,S4R,12690,12691,12715,12714
PART-6-1,12198,S4R,12691,12692,12716,12715
PART-6-1,12199,S4R,12692,12693,12717,12716
PART-6-1,12200,S4R,12693,12694,12718,12717
PART-6-1,12201,S4R,12694,12695,12719,12718
PART-6-1,12202,S4R,12695,12696,12720,12719
PART-6-1,12203,S4R,12696,12697,12721,12720
PART-6-1,12204,S4R,12697,12698,12722,12721
PART-6-1,12205,S4R,12698,12699,12723,12722
PART-6-1,12206,S4R,12699,12700,12724,12723
PART-6-1,12207,S4R,12700,12701,12725,12724
PART-6-1,12208,S4R,12701,12702,12726,12725
PART-6-1,12209,S4R,12702,12703,12727,12726
PART-6-1,12210,S4R,12703,12704,12728,12727
PART-6-1,12211,S4R,12704,12705,12729,12728
PART-6-1,12212,S4R,12705,12706,12730,12729
PART-6-1,12213,S4R,12706,12707,12731,12730
PART-6-1,12214,S4R,12707,12708,12732,12731
PART-6-1,12215,S4R,12708,12709,12733,12732
PART-6-1,12216,S4R,12709,12710,12734,12733
PART-6-1,12217,S4R,12710,1651,1652,12734
PART-6-1,12218,S4R,1509,12711,12735,1510
PART-6-1,12219,S4R,12711,12712,12736,12735
PART-6-1,12220,S4R,12712,12713,12737,12736
PART-6-1,12221,S4R,12713,12714,12738,12737
PART-6-1,12222,S4R,12714,12715,12739,12738
PART-6-1,12223,S4R,12715,12716,12740,12739
PART-6-1,12224,S4R,12716,12717,12741,12740
PART-6-1,12225,S4R,12717,12718,12742,12741
PART-6-1,12226,S4R,12718,12719,12743,12742
PART-6-1,12227,S4R,12719,12720,12744,12743
PART-6-1,12228,S4R,12720,12721,12745,12744
PART-6-1,12229,S4R,12721,12722,12746,12745
PART-6-1,12230,S4R,12722,12723,12747,12746
PART-6-1,12231,S4R,12723,12724,12748,12747
PART-6-1,12232,S4R,12724,12725,12749,12748
PART-6-1,12233,S4R,12725,12726,12750,12749
PART-6-1,12234,S4R,12726,12727,12751,12750
PART-6-1,12235,S4R,12727,12728,12752,12751
PART-6-1,12236,S4R,12728,12729,12753,12752
PART-6-1,12237,S4R,12729,12730,12754,12753
PART-6-1,12238,S4R,12730,12731,12755,12754
PART-6-1,12239,S4R,12731,12732,12756,12755
PART-6-1,12240,S4R,12732,12733,12757,12756
PART-6-1,12241,S4R,12733,12734,12758,12757
PART-6-1,12242,S4R,12734,1652,1653,12758
PART-6-1,12243,S4R,1510,12735,12759,1511
PART-6-1,12244,S4R,12735,12736,12760,12759
PART-6-1,12245,S4R,12736,12737,12761,12760
PART-6-1,12246,S4R,12737,12738,12762,12761
PART-6-1,12247,S4R,12738,12739,12763,12762
PART-6-1,12248,S4R,12739,12740,12764,12763
PART-6-1,12249,S4R,12740,12741,12765,12764
PART-6-1,12250,S4R,12741,12742,12766,12765
PART-6-1,12251,S4R,12742,12743,12767,12766
PART-6-1,12252,S4R,12743,12744,12768,12767
PART-6-1,12253,S4R,12744,12745,12769,12768
PART-6-1,12254,S4R,12745,12746,12770,12769
PART-6-1,12255,S4R,12746,12747,12771,12770
PART-6-1,12256,S4R,12747,12748,12772,12771
PART-6-1,12257,S4R,12748,12749,12773,12772
PART-6-1,12258,S4R,12749,12750,12774,12773
PART-6-1,12259,S4R,12750,12751,12775,12774
PART-6-1,12260,S4R,12751,12752,12776,12775
PART-6-1,12261,S4R,12752,12753,12777,12776
PART-6-1,12262,S4R,12753,12754,12778,12777
PART-6-1,12263,S4R,12754,12755,12779,12778
PART-6-1,12264,S4R,12755,12756,12780,12779
PART-6-1,12265,S4R,12756,12757,12781,12780
PART-6-1,12266,S4R,12757,12758,12782,12781
PART-6-1,12267,S4R,12758,1653,1654,12782
PART-6-1,12268,S4R,1511,12759,12783,1512
PART-6-1,12269,S4R,12759,12760,12784,12783
PART-6-1,12270,S4R,12760,12761,12785,12784
PART-6-1,12271,S4R,12761,12762,12786,12785
PART-6-1,12272,S4R,12762,12763,12787,12786
PART-6-1,12273,S4R,12763,12764,12788,12787
PART-6-1,12274,S4R,12764,12765,12789,12788
PART-6-1,12275,S4R,12765,12766,12790,12789
PART-6-1,12276,S4R,12766,12767,12791,12790
PART-6-1,12277,S4R,12767,12768,12792,12791
PART-6-1,12278,S4R,12768,12769,12793,12792
PART-6-1,12279,S4R,12769,12770,12794,12793
PART-6-1,12280,S4R,12770,12771,12795,12794
PART-6-1,12281,S4R,12771,12772,12796,12795
PART-6-1,12282,S4R,12772,12773,12797,12796
PART-6-1,12283,S4R,12773,12774,12798,12797
PART-6-1,12284,S4R,12774,12775,12799,12798
PART-6-1,12285,S4R,12775,12776,12800,12799
PART-6-1,12286,S4R,12776,12777,12801,12800
PART-6-1,12287,S4R,12777,12778,12802,12801
PART-6-1,12288,S4R,12778,12779,12803,12802
PART-6-1,12289,S4R,12779,12780,12804,12803
PART-6-1,12290,S4R,12780,12781,12805,12804
PART-6-1,12291,S4R,12781,12782,12806,12805
PART-6-1,12292,S4R,12782,1654,1655,12806
PART-6-1,12293,S4R,1512,12783,12807,1513
PART-6-1,12294,S4R,12783,12784,12808,12807
PART-6-1,12295,S4R,12784,12785,12809,12808
PART-6-1,12296,S4R,12785,12786,12810,12809
PART-6-1,12297,S4R,12786,12787,12811,12810
PART-6-1,12298,S4R,12787,12788,12812,12811
PART-6-1,12299,S4R,12788,12789,12813,12812
PART-6-1,12300,S4R,12789,12790,12814,12813
PART-6-1,12301,S4R,12790,12791,12815,12814
PART-6-1,12302,S4R,12791,12792,12816,12815
PART-6-1,12303,S4R,12792,12793,12817,12816
PART-6-1,12304,S4R,12793,12794,12818,12817
PART-6-1,12305,S4R,12794,12795,12819,12818
PART-6-1,12306,S4R,12795,12796,12820,12819
PART-6-1,12307,S4R,12796,12797,12821,12820
PART-6-1,12308,S4R,12797,12798,12822,12821
PART-6-1,12309,S4R,12798,12799,12823,12822
PART-6-1,12310,S4R,12799,12800,12824,12823
PART-6-1,12311,S4R,12800,12801,12825,12824
PART-6-1,12312,S4R,12801,12802,12826,12825
PART-6-1,12313,S4R,12802,12803,12827,12826
PART-6-1,12314,S4R,12803,12804,12828,12827
PART-6-1,12315,S4R,12804,12805,12829,12828
PART-6-1,12316,S4R,12805,12806,12830,12829
PART-6-1,12317,S4R,12806,1655,1656,12830
PART-6-1,12318,S4R,1513,12807,12831,1514
PART-6-1,12319,S4R,12807,12808,12832,12831
PART-6-1,12320,S4R,12808,12809,12833,12832
PART-6-1,12321,S4R,12809,12810,12834,12833
PART-6-1,12322,S4R,12810,12811,12835,12834
PART-6-1,12323,S4R,12811,12812,12836,12835
PART-6-1,12324,S4R,12812,12813,12837,12836
PART-6-1,12325,S4R,12813,12814,12838,12837
PART-6-1,12326,S4R,12814,12815,12839,12838
PART-6-1,12327,S4R,12815,12816,12840,12839
PART-6-1,12328,S4R,12816,12817,12841,12840
PART-6-1,12329,S4R,12817,12818,12842,12841
PART-6-1,12330,S4R,12818,12819,12843,12842
PART-6-1,12331,S4R,12819,12820,12844,12843
PART-6-1,12332,S4R,12820,12821,12845,12844
PART-6-1,12333,S4R,12821,12822,12846,12845
PART-6-1,12334,S4R,12822,12823,12847,12846
PART-6-1,12335,S4R,12823,12824,12848,12847
PART-6-1,12336,S4R,12824,12825,12849,12848
PART-6-1,12337,S4R,12825,12826,12850,12849
PART-6-1,12338,S4R,12826,12827,12851,12850
PART-6-1,12339,S4R,12827,12828,12852,12851
PART-6-1,12340,S4R,12828,12829,12853,12852
PART-6-1,12341,S4R,12829,12830,12854,12853
PART-6-1,12342,S4R,12830,1656,1657,12854
PART-6-1,12343,S4R,1514,12831,12855,1515
PART-6-1,12344,S4R,12831,12832,12856,12855
PART-6-1,12345,S4R,12832,12833,12857,12856
PART-6-1,12346,S4R,12833,12834,12858,12857
PART-6-1,12347,S4R,12834,12835,12859,12858
PART-6-1,12348,S4R,12835,12836,12860,12859
PART-6-1,12349,S4R,12836,12837,12861,12860
PART-6-1,12350,S4R,12837,12838,12862,12861
PART-6-1,12351,S4R,12838,12839,12863,12862
PART-6-1,12352,S4R,12839,12840,12864,12863
PART-6-1,12353,S4R,12840,12841,12865,12864
PART-6-1,12354,S4R,12841,12842,12866,12865
PART-6-1,12355,S4R,12842,12843,12867,12866
PART-6-1,12356,S4R,12843,12844,12868,12867
PART-6-1,12357,S4R,12844,12845,12869,12868
PART-6-1,12358,S4R,12845,12846,12870,12869
PART-6-1,12359,S4R,12846,12847,12871,12870
PART-6-1,12360,S4R,12847,12848,12872,12871
PART-6-1,12361,S4R,12848,12849,12873,12872
PART-6-1,12362,S4R,12849,12850,12874,12873
PART-6-1,12363,S4R,12850,12851,12875,12874
PART-6-1,12364,S4R,12851,12852,12876,12875
PART-6-1,12365,S4R,12852,12853,12877,12876
PART-6-1,12366,S4R,12853,12854,12878,12877
PART-6-1,12367,S4R,12854,1657,1658,12878
PART-6-1,12368,S4R,1515,12855,12879,1516
PART-6-1,12369,S4R,12855,12856,12880,12879
PART-6-1,12370,S4R,12856,12857,12881,12880
PART-6-1,12371,S4R,12857,12858,12882,12881
PART-6-1,12372,S4R,12858,12859,12883,12882
PART-6-1,12373,S4R,12859,12860,12884,12883
PART-6-1,12374,S4R,12860,12861,12885,12884
PART-6-1,12375,S4R,12861,12862,12886,12885
PART-6-1,12376,S4R,12862,12863,12887,12886
PART-6-1,12377,S4R,12863,12864,12888,12887
PART-6-1,12378,S4R,12864,12865,12889,12888
PART-6-1,12379,S4R,12865,12866,12890,12889
PART-6-1,12380,S4R,12866,12867,12891,12890
PART-6-1,12381,S4R,12867,12868,12892,12891
PART-6-1,12382,S4R,12868,12869,12893,12892
PART-6-1,12383,S4R,12869,12870,12894,12893
PART-6-1,12384,S4R,12870,12871,12895,12894
PART-6-1,12385,S4R,12871,12872,12896,12895
PART-6-1,12386,S4R,12872,12873,12897,12896
PART-6-1,12387,S4R,12873,12874,12898,12897
PART-6-1,12388,S4R,12874,12875,12899,12898
PART-6-1,12389,S4R,12875,12876,12900,12899
PART-6-1,12390,S4R,12876,12877,12901,12900
PART-6-1,12391,S4R,12877,12878,12902,12901
PART-6-1,12392,S4R,12878,1658,1659,12902
PART-6-1,12393,S4R,1516,12879,12903,1517
PART-6-1,12394,S4R,12879,12880,12904,12903
PART-6-1,12395,S4R,12880,12881,12905,12904
PART-6-1,12396,S4R,12881,12882,12906,12905
PART-6-1,12397,S4R,12882,12883,12907,12906
PART-6-1,12398,S4R,12883,12884,12908,12907
PART-6-1,12399,S4R,12884,12885,12909,12908
PART-6-1,12400,S4R,12885,12886,12910,12909
PART-6-1,12401,S4R,12886,12887,12911,12910
PART-6-1,12402,S4R,12887,12888,12912,12911
PART-6-1,12403,S4R,12888,12889,12913,12912
PART-6-1,12404,S4R,12889,12890,12914,12913
PART-6-1,12405,S4R,12890,12891,12915,12914
PART-6-1,12406,S4R,12891,12892,12916,12915
PART-6-1,12407,S4R,12892,12893,12917,12916
PART-6-1,12408,S4R,12893,12894,12918,12917
PART-6-1,12409,S4R,12894,12895,12919,12918
PART-6-1,12410,S4R,12895,12896,12920,12919
PART-6-1,12411,S4R,12896,12897,12921,12920
PART-6-1,12412,S4R,12897,12898,12922,12921
PART-6-1,12413,S4R,12898,12899,12923,12922
PART-6-1,12414,S4R,12899,12900,12924,12923
PART-6-1,12415,S4R,12900,12901,12925,12924
PART-6-1,12416,S4R,12901,12902,12926,12925
PART-6-1,12417,S4R,12902,1659,1660,12926
PART-6-1,12418,S4R,1517,12903,12927,1518
PART-6-1,12419,S4R,12903,12904,12928,12927
PART-6-1,12420,S4R,12904,12905,12929,12928
PART-6-1,12421,S4R,12905,12906,12930,12929
PART-6-1,12422,S4R,12906,12907,12931,12930
PART-6-1,12423,S4R,12907,12908,12932,12931
PART-6-1,12424,S4R,12908,12909,12933,12932
PART-6-1,12425,S4R,12909,12910,12934,12933
PART-6-1,12426,S4R,12910,12911,12935,12934
PART-6-1,12427,S4R,12911,12912,12936,12935
PART-6-1,12428,S4R,12912,12913,12937,12936
PART-6-1,12429,S4R,12913,12914,12938,12937
PART-6-1,12430,S4R,12914,12915,12939,12938
PART-6-1,12431,S4R,12915,12916,12940,12939
PART-6-1,12432,S4R,12916,12917,12941,12940
PART-6-1,12433,S4R,12917,12918,12942,12941
PART-6-1,12434,S4R,12918,12919,12943,12942
PART-6-1,12435,S4R,12919,12920,12944,12943
PART-6-1,12436,S4R,12920,12921,12945,12944
PART-6-1,12437,S4R,12921,12922,12946,12945
PART-6-1,12438,S4R,12922,12923,12947,12946
PART-6-1,12439,S4R,12923,12924,12948,12947
PART-6-1,12440,S4R,12924,12925,12949,12948
PART-6-1,12441,S4R,12925,12926,12950,12949
PART-6-1,12442,S4R,12926,1660,1661,12950
PART-6-1,12443,S4R,1518,12927,12951,1519
PART-6-1,12444,S4R,12927,12928,12952,12951
PART-6-1,12445,S4R,12928,12929,12953,12952
PART-6-1,12446,S4R,12929,12930,12954,12953
PART-6-1,12447,S4R,12930,12931,12955,12954
PART-6-1,12448,S4R,12931,12932,12956,12955
PART-6-1,12449,S4R,12932,12933,12957,12956
PART-6-1,12450,S4R,12933,12934,12958,12957
PART-6-1,12451,S4R,12934,12935,12959,12958
PART-6-1,12452,S4R,12935,12936,12960,12959
PART-6-1,12453,S4R,12936,12937,12961,12960
PART-6-1,12454,S4R,12937,12938,12962,12961
PART-6-1,12455,S4R,12938,12939,12963,12962
PART-6-1,12456,S4R,12939,12940,12964,12963
PART-6-1,12457,S4R,12940,12941,12965,12964
PART-6-1,12458,S4R,12941,12942,12966,12965
PART-6-1,12459,S4R,12942,12943,12967,12966
PART-6-1,12460,S4R,12943,12944,12968,12967
PART-6-1,12461,S4R,12944,12945,12969,12968
PART-6-1,12462,S4R,12945,12946,12970,12969
PART-6-1,12463,S4R,12946,12947,12971,12970
PART-6-1,12464,S4R,12947,12948,12972,12971
PART-6-1,12465,S4R,12948,12949,12973,12972
PART-6-1,12466,S4R,12949,12950,12974,12973
PART-6-1,12467,S4R,12950,1661,1662,12974
PART-6-1,12468,S4R,1519,12951,1106,61
PART-6-1,12469,S4R,12951,12952,1107,1106
PART-6-1,12470,S4R,12952,12953,1108,1107
PART-6-1,12471,S4R,12953,12954,1109,1108
PART-6-1,12472,S4R,12954,12955,1110,1109
PART-6-1,12473,S4R,12955,12956,1111,1110
PART-6-1,12474,S4R,12956,12957,1112,1111
PART-6-1,12475,S4R,12957,12958,1113,1112
PART-6-1,12476,S4R,12958,12959,1114,1113
PART-6-1,12477,S4R,12959,12960,1115,1114
PART-6-1,12478,S4R,12960,12961,1116,1115
PART-6-1,12479,S4R,12961,12962,1117,1116
PART-6-1,12480,S4R,12962,12963,1118,1117
PART-6-1,12481,S4R,12963,12964,1119,1118
PART-6-1,12482,S4R,12964,12965,1120,1119
PART-6-1,12483,S4R,12965,12966,1121,1120
PART-6-1,12484,S4R,12966,12967,1122,1121
PART-6-1,12485,S4R,12967,12968,1123,1122
PART-6-1,12486,S4R,12968,12969,1124,1123
PART-6-1,12487,S4R,12969,12970,1125,1124
PART-6-1,12488,S4R,12970,12971,1126,1125
PART-6-1,12489,S4R,12971,12972,1127,1126
PART-6-1,12490,S4R,12972,12973,1128,1127
PART-6-1,12491,S4R,12973,12974,1129,1128
PART-6-1,12492,S4R,12974,1662,62,1129
PART-6-1,12493,S4R,49,714,12975,1017
PART-6-1,12494,S4R,714,715,12976,12975
PART-6-1,12495,S4R,715,716,12977,12976
PART-6-1,12496,S4R,716,717,12978,12977
PART-6-1,12497,S4R,717,718,12979,12978
PART-6-1,12498,S4R,718,719,12980,12979
PART-6-1,12499,S4R,719,720,12981,12980
PART-6-1,12500,S4R,720,721,12982,12981
PART-6-1,12501,S4R,721,722,12983,12982
PART-6-1,12502,S4R,722,52,1750,12983
PART-6-1,12503,S4R,1017,12975,12984,1016
PART-6-1,12504,S4R,12975,12976,12985,12984
PART-6-1,12505,S4R,12976,12977,12986,12985
PART-6-1,12506,S4R,12977,12978,12987,12986
PART-6-1,12507,S4R,12978,12979,12988,12987
PART-6-1,12508,S4R,12979,12980,12989,12988
PART-6-1,12509,S4R,12980,12981,12990,12989
PART-6-1,12510,S4R,12981,12982,12991,12990
PART-6-1,12511,S4R,12982,12983,12992,12991
PART-6-1,12512,S4R,12983,1750,1751,12992
PART-6-1,12513,S4R,1016,12984,12993,1015
PART-6-1,12514,S4R,12984,12985,12994,12993
PART-6-1,12515,S4R,12985,12986,12995,12994
PART-6-1,12516,S4R,12986,12987,12996,12995
PART-6-1,12517,S4R,12987,12988,12997,12996
PART-6-1,12518,S4R,12988,12989,12998,12997
PART-6-1,12519,S4R,12989,12990,12999,12998
PART-6-1,12520,S4R,12990,12991,13000,12999
PART-6-1,12521,S4R,12991,12992,13001,13000
PART-6-1,12522,S4R,12992,1751,1752,13001
PART-6-1,12523,S4R,1015,12993,13002,1014
PART-6-1,12524,S4R,12993,12994,13003,13002
PART-6-1,12525,S4R,12994,12995,13004,13003
PART-6-1,12526,S4R,12995,12996,13005,13004
PART-6-1,12527,S4R,12996,12997,13006,13005
PART-6-1,12528,S4R,12997,12998,13007,13006
PART-6-1,12529,S4R,12998,12999,13008,13007
PART-6-1,12530,S4R,12999,13000,13009,13008
PART-6-1,12531,S4R,13000,13001,13010,13009
PART-6-1,12532,S4R,13001,1752,1753,13010
PART-6-1,12533,S4R,1014,13002,13011,1013
PART-6-1,12534,S4R,13002,13003,13012,13011
PART-6-1,12535,S4R,13003,13004,13013,13012
PART-6-1,12536,S4R,13004,13005,13014,13013
PART-6-1,12537,S4R,13005,13006,13015,13014
PART-6-1,12538,S4R,13006,13007,13016,13015
PART-6-1,12539,S4R,13007,13008,13017,13016
PART-6-1,12540,S4R,13008,13009,13018,13017
PART-6-1,12541,S4R,13009,13010,13019,13018
PART-6-1,12542,S4R,13010,1753,1754,13019
PART-6-1,12543,S4R,1013,13011,13020,1012
PART-6-1,12544,S4R,13011,13012,13021,13020
PART-6-1,12545,S4R,13012,13013,13022,13021
PART-6-1,12546,S4R,13013,13014,13023,13022
PART-6-1,12547,S4R,13014,13015,13024,13023
PART-6-1,12548,S4R,13015,13016,13025,13024
PART-6-1,12549,S4R,13016,13017,13026,13025
PART-6-1,12550,S4R,13017,13018,13027,13026
PART-6-1,12551,S4R,13018,13019,13028,13027
PART-6-1,12552,S4R,13019,1754,1755,13028
PART-6-1,12553,S4R,1012,13020,13029,1011
PART-6-1,12554,S4R,13020,13021,13030,13029
PART-6-1,12555,S4R,13021,13022,13031,13030
PART-6-1,12556,S4R,13022,13023,13032,13031
PART-6-1,12557,S4R,13023,13024,13033,13032
PART-6-1,12558,S4R,13024,13025,13034,13033
PART-6-1,12559,S4R,13025,13026,13035,13034
PART-6-1,12560,S4R,13026,13027,13036,13035
PART-6-1,12561,S4R,13027,13028,13037,13036
PART-6-1,12562,S4R,13028,1755,1756,13037
PART-6-1,12563,S4R,1011,13029,13038,1010
PART-6-1,12564,S4R,13029,13030,13039,13038
PART-6-1,12565,S4R,13030,13031,13040,13039
PART-6-1,12566,S4R,13031,13032,13041,13040
PART-6-1,12567,S4R,13032,13033,13042,13041
PART-6-1,12568,S4R,13033,13034,13043,13042
PART-6-1,12569,S4R,13034,13035,13044,13043
PART-6-1,12570,S4R,13035,13036,13045,13044
PART-6-1,12571,S4R,13036,13037,13046,13045
PART-6-1,12572,S4R,13037,1756,1757,13046
PART-6-1,12573,S4R,1010,13038,13047,1009
PART-6-1,12574,S4R,13038,13039,13048,13047
PART-6-1,12575,S4R,13039,13040,13049,13048
PART-6-1,12576,S4R,13040,13041,13050,13049
PART-6-1,12577,S4R,13041,13042,13051,13050
PART-6-1,12578,S4R,13042,13043,13052,13051
PART-6-1,12579,S4R,13043,13044,13053,13052
PART-6-1,12580,S4R,13044,13045,13054,13053
PART-6-1,12581,S4R,13045,13046,13055,13054
PART-6-1,12582,S4R,13046,1757,1758,13055
PART-6-1,12583,S4R,1009,13047,13056,1008
PART-6-1,12584,S4R,13047,13048,13057,13056
PART-6-1,12585,S4R,13048,13049,13058,13057
PART-6-1,12586,S4R,13049,13050,13059,13058
PART-6-1,12587,S4R,13050,13051,13060,13059
PART-6-1,12588,S4R,13051,13052,13061,13060
PART-6-1,12589,S4R,13052,13053,13062,13061
PART-6-1,12590,S4R,13053,13054,13063,13062
PART-6-1,12591,S4R,13054,13055,13064,13063
PART-6-1,12592,S4R,13055,1758,1759,13064
PART-6-1,12593,S4R,1008,13056,13065,1007
PART-6-1,12594,S4R,13056,13057,13066,13065
PART-6-1,12595,S4R,13057,13058,13067,13066
PART-6-1,12596,S4R,13058,13059,13068,13067
PART-6-1,12597,S4R,13059,13060,13069,13068
PART-6-1,12598,S4R,13060,13061,13070,13069
PART-6-1,12599,S4R,13061,13062,13071,13070
PART-6-1,12600,S4R,13062,13063,13072,13071
PART-6-1,12601,S4R,13063,13064,13073,13072
PART-6-1,12602,S4R,13064,1759,1760,13073
PART-6-1,12603,S4R,1007,13065,13074,1006
PART-6-1,12604,S4R,13065,13066,13075,13074
PART-6-1,12605,S4R,13066,13067,13076,13075
PART-6-1,12606,S4R,13067,13068,13077,13076
PART-6-1,12607,S4R,13068,13069,13078,13077
PART-6-1,12608,S4R,13069,13070,13079,13078
PART-6-1,12609,S4R,13070,13071,13080,13079
PART-6-1,12610,S4R,13071,13072,13081,13080
PART-6-1,12611,S4R,13072,13073,13082,13081
PART-6-1,12612,S4R,13073,1760,1761,13082
PART-6-1,12613,S4R,1006,13074,13083,1005
PART-6-1,12614,S4R,13074,13075,13084,13083
PART-6-1,12615,S4R,13075,13076,13085,13084
PART-6-1,12616,S4R,13076,13077,13086,13085
PART-6-1,12617,S4R,13077,13078,13087,13086
PART-6-1,12618,S4R,13078,13079,13088,13087
PART-6-1,12619,S4R,13079,13080,13089,13088
PART-6-1,12620,S4R,13080,13081,13090,13089
PART-6-1,12621,S4R,13081,13082,13091,13090
PART-6-1,12622,S4R,13082,1761,1762,13091
PART-6-1,12623,S4R,1005,13083,13092,1004
PART-6-1,12624,S4R,13083,13084,13093,13092
PART-6-1,12625,S4R,13084,13085,13094,13093
PART-6-1,12626,S4R,13085,13086,13095,13094
PART-6-1,12627,S4R,13086,13087,13096,13095
PART-6-1,12628,S4R,13087,13088,13097,13096
PART-6-1,12629,S4R,13088,13089,13098,13097
PART-6-1,12630,S4R,13089,13090,13099,13098
PART-6-1,12631,S4R,13090,13091,13100,13099
PART-6-1,12632,S4R,13091,1762,1763,13100
PART-6-1,12633,S4R,1004,13092,13101,1003
PART-6-1,12634,S4R,13092,13093,13102,13101
PART-6-1,12635,S4R,13093,13094,13103,13102
PART-6-1,12636,S4R,13094,13095,13104,13103
PART-6-1,12637,S4R,13095,13096,13105,13104
PART-6-1,12638,S4R,13096,13097,13106,13105
PART-6-1,12639,S4R,13097,13098,13107,13106
PART-6-1,12640,S4R,13098,13099,13108,13107
PART-6-1,12641,S4R,13099,13100,13109,13108
PART-6-1,12642,S4R,13100,1763,1764,13109
PART-6-1,12643,S4R,1003,13101,13110,1002
PART-6-1,12644,S4R,13101,13102,13111,13110
PART-6-1,12645,S4R,13102,13103,13112,13111
PART-6-1,12646,S4R,13103,13104,13113,13112
PART-6-1,12647,S4R,13104,13105,13114,13113
PART-6-1,12648,S4R,13105,13106,13115,13114
PART-6-1,12649,S4R,13106,13107,13116,13115
PART-6-1,12650,S4R,13107,13108,13117,13116
PART-6-1,12651,S4R,13108,13109,13118,13117
PART-6-1,12652,S4R,13109,1764,1765,13118
PART-6-1,12653,S4R,1002,13110,13119,1001
PART-6-1,12654,S4R,13110,13111,13120,13119
PART-6-1,12655,S4R,13111,13112,13121,13120
PART-6-1,12656,S4R,13112,13113,13122,13121
PART-6-1,12657,S4R,13113,13114,13123,13122
PART-6-1,12658,S4R,13114,13115,13124,13123
PART-6-1,12659,S4R,13115,13116,13125,13124
PART-6-1,12660,S4R,13116,13117,13126,13125
PART-6-1,12661,S4R,13117,13118,13127,13126
PART-6-1,12662,S4R,13118,1765,1766,13127
PART-6-1,12663,S4R,1001,13119,13128,1000
PART-6-1,12664,S4R,13119,13120,13129,13128
PART-6-1,12665,S4R,13120,13121,13130,13129
PART-6-1,12666,S4R,13121,13122,13131,13130
PART-6-1,12667,S4R,13122,13123,13132,13131
PART-6-1,12668,S4R,13123,13124,13133,13132
PART-6-1,12669,S4R,13124,13125,13134,13133
PART-6-1,12670,S4R,13125,13126,13135,13134
PART-6-1,12671,S4R,13126,13127,13136,13135
PART-6-1,12672,S4R,13127,1766,1767,13136
PART-6-1,12673,S4R,1000,13128,13137,999
PART-6-1,12674,S4R,13128,13129,13138,13137
PART-6-1,12675,S4R,13129,13130,13139,13138
PART-6-1,12676,S4R,13130,13131,13140,13139
PART-6-1,12677,S4R,13131,13132,13141,13140
PART-6-1,12678,S4R,13132,13133,13142,13141
PART-6-1,12679,S4R,13133,13134,13143,13142
PART-6-1,12680,S4R,13134,13135,13144,13143
PART-6-1,12681,S4R,13135,13136,13145,13144
PART-6-1,12682,S4R,13136,1767,1768,13145
PART-6-1,12683,S4R,999,13137,13146,998
PART-6-1,12684,S4R,13137,13138,13147,13146
PART-6-1,12685,S4R,13138,13139,13148,13147
PART-6-1,12686,S4R,13139,13140,13149,13148
PART-6-1,12687,S4R,13140,13141,13150,13149
PART-6-1,12688,S4R,13141,13142,13151,13150
PART-6-1,12689,S4R,13142,13143,13152,13151
PART-6-1,12690,S4R,13143,13144,13153,13152
PART-6-1,12691,S4R,13144,13145,13154,13153
PART-6-1,12692,S4R,13145,1768,1769,13154
PART-6-1,12693,S4R,998,13146,13155,997
PART-6-1,12694,S4R,13146,13147,13156,13155
PART-6-1,12695,S4R,13147,13148,13157,13156
PART-6-1,12696,S4R,13148,13149,13158,13157
PART-6-1,12697,S4R,13149,13150,13159,13158
PART-6-1,12698,S4R,13150,13151,13160,13159
PART-6-1,12699,S4R,13151,13152,13161,13160
PART-6-1,12700,S4R,13152,13153,13162,13161
PART-6-1,12701,S4R,13153,13154,13163,13162
PART-6-1,12702,S4R,13154,1769,1770,13163
PART-6-1,12703,S4R,997,13155,13164,996
PART-6-1,12704,S4R,13155,13156,13165,13164
PART-6-1,12705,S4R,13156,13157,13166,13165
PART-6-1,12706,S4R,13157,13158,13167,13166
PART-6-1,12707,S4R,13158,13159,13168,13167
PART-6-1,12708,S4R,13159,13160,13169,13168
PART-6-1,12709,S4R,13160,13161,13170,13169
PART-6-1,12710,S4R,13161,13162,13171,13170
PART-6-1,12711,S4R,13162,13163,13172,13171
PART-6-1,12712,S4R,13163,1770,1771,13172
PART-6-1,12713,S4R,996,13164,13173,995
PART-6-1,12714,S4R,13164,13165,13174,13173
PART-6-1,12715,S4R,13165,13166,13175,13174
PART-6-1,12716,S4R,13166,13167,13176,13175
PART-6-1,12717,S4R,13167,13168,13177,13176
PART-6-1,12718,S4R,13168,13169,13178,13177
PART-6-1,12719,S4R,13169,13170,13179,13178
PART-6-1,12720,S4R,13170,13171,13180,13179
PART-6-1,12721,S4R,13171,13172,13181,13180
PART-6-1,12722,S4R,13172,1771,1772,13181
PART-6-1,12723,S4R,995,13173,13182,994
PART-6-1,12724,S4R,13173,13174,13183,13182
PART-6-1,12725,S4R,13174,13175,13184,13183
PART-6-1,12726,S4R,13175,13176,13185,13184
PART-6-1,12727,S4R,13176,13177,13186,13185
PART-6-1,12728,S4R,13177,13178,13187,13186
PART-6-1,12729,S4R,13178,13179,13188,13187
PART-6-1,12730,S4R,13179,13180,13189,13188
PART-6-1,12731,S4R,13180,13181,13190,13189
PART-6-1,12732,S4R,13181,1772,1773,13190
PART-6-1,12733,S4R,994,13182,13191,993
PART-6-1,12734,S4R,13182,13183,13192,13191
PART-6-1,12735,S4R,13183,13184,13193,13192
PART-6-1,12736,S4R,13184,13185,13194,13193
PART-6-1,12737,S4R,13185,13186,13195,13194
PART-6-1,12738,S4R,13186,13187,13196,13195
PART-6-1,12739,S4R,13187,13188,13197,13196
PART-6-1,12740,S4R,13188,13189,13198,13197
PART-6-1,12741,S4R,13189,13190,13199,13198
PART-6-1,12742,S4R,13190,1773,1774,13199
PART-6-1,12743,S4R,993,13191,13200,992
PART-6-1,12744,S4R,13191,13192,13201,13200
PART-6-1,12745,S4R,13192,13193,13202,13201
PART-6-1,12746,S4R,13193,13194,13203,13202
PART-6-1,12747,S4R,13194,13195,13204,13203
PART-6-1,12748,S4R,13195,13196,13205,13204
PART-6-1,12749,S4R,13196,13197,13206,13205
PART-6-1,12750,S4R,13197,13198,13207,13206
PART-6-1,12751,S4R,13198,13199,13208,13207
PART-6-1,12752,S4R,13199,1774,1775,13208
PART-6-1,12753,S4R,992,13200,13209,991
PART-6-1,12754,S4R,13200,13201,13210,13209
PART-6-1,12755,S4R,13201,13202,13211,13210
PART-6-1,12756,S4R,13202,13203,13212,13211
PART-6-1,12757,S4R,13203,13204,13213,13212
PART-6-1,12758,S4R,13204,13205,13214,13213
PART-6-1,12759,S4R,13205,13206,13215,13214
PART-6-1,12760,S4R,13206,13207,13216,13215
PART-6-1,12761,S4R,13207,13208,13217,13216
PART-6-1,12762,S4R,13208,1775,1776,13217
PART-6-1,12763,S4R,991,13209,13218,990
PART-6-1,12764,S4R,13209,13210,13219,13218
PART-6-1,12765,S4R,13210,13211,13220,13219
PART-6-1,12766,S4R,13211,13212,13221,13220
PART-6-1,12767,S4R,13212,13213,13222,13221
PART-6-1,12768,S4R,13213,13214,13223,13222
PART-6-1,12769,S4R,13214,13215,13224,13223
PART-6-1,12770,S4R,13215,13216,13225,13224
PART-6-1,12771,S4R,13216,13217,13226,13225
PART-6-1,12772,S4R,13217,1776,1777,13226
PART-6-1,12773,S4R,990,13218,13227,989
PART-6-1,12774,S4R,13218,13219,13228,13227
PART-6-1,12775,S4R,13219,13220,13229,13228
PART-6-1,12776,S4R,13220,13221,13230,13229
PART-6-1,12777,S4R,13221,13222,13231,13230
PART-6-1,12778,S4R,13222,13223,13232,13231
PART-6-1,12779,S4R,13223,13224,13233,13232
PART-6-1,12780,S4R,13224,13225,13234,13233
PART-6-1,12781,S4R,13225,13226,13235,13234
PART-6-1,12782,S4R,13226,1777,1778,13235
PART-6-1,12783,S4R,989,13227,13236,988
PART-6-1,12784,S4R,13227,13228,13237,13236
PART-6-1,12785,S4R,13228,13229,13238,13237
PART-6-1,12786,S4R,13229,13230,13239,13238
PART-6-1,12787,S4R,13230,13231,13240,13239
PART-6-1,12788,S4R,13231,13232,13241,13240
PART-6-1,12789,S4R,13232,13233,13242,13241
PART-6-1,12790,S4R,13233,13234,13243,13242
PART-6-1,12791,S4R,13234,13235,13244,13243
PART-6-1,12792,S4R,13235,1778,1779,13244
PART-6-1,12793,S4R,988,13236,13245,987
PART-6-1,12794,S4R,13236,13237,13246,13245
PART-6-1,12795,S4R,13237,13238,13247,13246
PART-6-1,12796,S4R,13238,13239,13248,13247
PART-6-1,12797,S4R,13239,13240,13249,13248
PART-6-1,12798,S4R,13240,13241,13250,13249
PART-6-1,12799,S4R,13241,13242,13251,13250
PART-6-1,12800,S4R,13242,13243,13252,13251
PART-6-1,12801,S4R,13243,13244,13253,13252
PART-6-1,12802,S4R,13244,1779,1780,13253
PART-6-1,12803,S4R,987,13245,13254,986
PART-6-1,12804,S4R,13245,13246,13255,13254
PART-6-1,12805,S4R,13246,13247,13256,13255
PART-6-1,12806,S4R,13247,13248,13257,13256
PART-6-1,12807,S4R,13248,13249,13258,13257
PART-6-1,12808,S4R,13249,13250,13259,13258
PART-6-1,12809,S4R,13250,13251,13260,13259
PART-6-1,12810,S4R,13251,13252,13261,13260
PART-6-1,12811,S4R,13252,13253,13262,13261
PART-6-1,12812,S4R,13253,1780,1781,13262
PART-6-1,12813,S4R,986,13254,13263,985
PART-6-1,12814,S4R,13254,13255,13264,13263
PART-6-1,12815,S4R,13255,13256,13265,13264
PART-6-1,12816,S4R,13256,13257,13266,13265
PART-6-1,12817,S4R,13257,13258,13267,13266
PART-6-1,12818,S4R,13258,13259,13268,13267
PART-6-1,12819,S4R,13259,13260,13269,13268
PART-6-1,12820,S4R,13260,13261,13270,13269
PART-6-1,12821,S4R,13261,13262,13271,13270
PART-6-1,12822,S4R,13262,1781,1782,13271
PART-6-1,12823,S4R,985,13263,13272,984
PART-6-1,12824,S4R,13263,13264,13273,13272
PART-6-1,12825,S4R,13264,13265,13274,13273
PART-6-1,12826,S4R,13265,13266,13275,13274
PART-6-1,12827,S4R,13266,13267,13276,13275
PART-6-1,12828,S4R,13267,13268,13277,13276
PART-6-1,12829,S4R,13268,13269,13278,13277
PART-6-1,12830,S4R,13269,13270,13279,13278
PART-6-1,12831,S4R,13270,13271,13280,13279
PART-6-1,12832,S4R,13271,1782,1783,13280
PART-6-1,12833,S4R,984,13272,13281,983
PART-6-1,12834,S4R,13272,13273,13282,13281
PART-6-1,12835,S4R,13273,13274,13283,13282
PART-6-1,12836,S4R,13274,13275,13284,13283
PART-6-1,12837,S4R,13275,13276,13285,13284
PART-6-1,12838,S4R,13276,13277,13286,13285
PART-6-1,12839,S4R,13277,13278,13287,13286
PART-6-1,12840,S4R,13278,13279,13288,13287
PART-6-1,12841,S4R,13279,13280,13289,13288
PART-6-1,12842,S4R,13280,1783,1784,13289
PART-6-1,12843,S4R,983,13281,13290,58
PART-6-1,12844,S4R,13281,13282,13291,13290
PART-6-1,12845,S4R,13282,13283,13292,13291
PART-6-1,12846,S4R,13283,13284,13293,13292
PART-6-1,12847,S4R,13284,13285,13294,13293
PART-6-1,12848,S4R,13285,13286,13295,13294
PART-6-1,12849,S4R,13286,13287,13296,13295
PART-6-1,12850,S4R,13287,13288,13297,13296
PART-6-1,12851,S4R,13288,13289,13298,13297
PART-6-1,12852,S4R,13289,1784,1785,13298
PART-6-1,12853,S4R,58,13290,13299,1091
PART-6-1,12854,S4R,13290,13291,13300,13299
PART-6-1,12855,S4R,13291,13292,13301,13300
PART-6-1,12856,S4R,13292,13293,13302,13301
PART-6-1,12857,S4R,13293,13294,13303,13302
PART-6-1,12858,S4R,13294,13295,13304,13303
PART-6-1,12859,S4R,13295,13296,13305,13304
PART-6-1,12860,S4R,13296,13297,13306,13305
PART-6-1,12861,S4R,13297,13298,13307,13306
PART-6-1,12862,S4R,13298,1785,1786,13307
PART-6-1,12863,S4R,1091,13299,13308,1090
PART-6-1,12864,S4R,13299,13300,13309,13308
PART-6-1,12865,S4R,13300,13301,13310,13309
PART-6-1,12866,S4R,13301,13302,13311,13310
PART-6-1,12867,S4R,13302,13303,13312,13311
PART-6-1,12868,S4R,13303,13304,13313,13312
PART-6-1,12869,S4R,13304,13305,13314,13313
PART-6-1,12870,S4R,13305,13306,13315,13314
PART-6-1,12871,S4R,13306,13307,13316,13315
PART-6-1,12872,S4R,13307,1786,1787,13316
PART-6-1,12873,S4R,1090,13308,13317,1089
PART-6-1,12874,S4R,13308,13309,13318,13317
PART-6-1,12875,S4R,13309,13310,13319,13318
PART-6-1,12876,S4R,13310,13311,13320,13319
PART-6-1,12877,S4R,13311,13312,13321,13320
PART-6-1,12878,S4R,13312,13313,13322,13321
PART-6-1,12879,S4R,13313,13314,13323,13322
PART-6-1,12880,S4R,13314,13315,13324,13323
PART-6-1,12881,S4R,13315,13316,13325,13324
PART-6-1,12882,S4R,13316,1787,1788,13325
PART-6-1,12883,S4R,1089,13317,13326,1088
PART-6-1,12884,S4R,13317,13318,13327,13326
PART-6-1,12885,S4R,13318,13319,13328,13327
PART-6-1,12886,S4R,13319,13320,13329,13328
PART-6-1,12887,S4R,13320,13321,13330,13329
PART-6-1,12888,S4R,13321,13322,13331,13330
PART-6-1,12889,S4R,13322,13323,13332,13331
PART-6-1,12890,S4R,13323,13324,13333,13332
PART-6-1,12891,S4R,13324,13325,13334,13333
PART-6-1,12892,S4R,13325,1788,1789,13334
PART-6-1,12893,S4R,1088,13326,13335,1087
PART-6-1,12894,S4R,13326,13327,13336,13335
PART-6-1,12895,S4R,13327,13328,13337,13336
PART-6-1,12896,S4R,13328,13329,13338,13337
PART-6-1,12897,S4R,13329,13330,13339,13338
PART-6-1,12898,S4R,13330,13331,13340,13339
PART-6-1,12899,S4R,13331,13332,13341,13340
PART-6-1,12900,S4R,13332,13333,13342,13341
PART-6-1,12901,S4R,13333,13334,13343,13342
PART-6-1,12902,S4R,13334,1789,1790,13343
PART-6-1,12903,S4R,1087,13335,13344,1086
PART-6-1,12904,S4R,13335,13336,13345,13344
PART-6-1,12905,S4R,13336,13337,13346,13345
PART-6-1,12906,S4R,13337,13338,13347,13346
PART-6-1,12907,S4R,13338,13339,13348,13347
PART-6-1,12908,S4R,13339,13340,13349,13348
PART-6-1,12909,S4R,13340,13341,13350,13349
PART-6-1,12910,S4R,13341,13342,13351,13350
PART-6-1,12911,S4R,13342,13343,13352,13351
PART-6-1,12912,S4R,13343,1790,1791,13352
PART-6-1,12913,S4R,1086,13344,13353,1085
PART-6-1,12914,S4R,13344,13345,13354,13353
PART-6-1,12915,S4R,13345,13346,13355,13354
PART-6-1,12916,S4R,13346,13347,13356,13355
PART-6-1,12917,S4R,13347,13348,13357,13356
PART-6-1,12918,S4R,13348,13349,13358,13357
PART-6-1,12919,S4R,13349,13350,13359,13358
PART-6-1,12920,S4R,13350,13351,13360,13359
PART-6-1,12921,S4R,13351,13352,13361,13360
PART-6-1,12922,S4R,13352,1791,1792,13361
PART-6-1,12923,S4R,1085,13353,13362,1084
PART-6-1,12924,S4R,13353,13354,13363,13362
PART-6-1,12925,S4R,13354,13355,13364,13363
PART-6-1,12926,S4R,13355,13356,13365,13364
PART-6-1,12927,S4R,13356,13357,13366,13365
PART-6-1,12928,S4R,13357,13358,13367,13366
PART-6-1,12929,S4R,13358,13359,13368,13367
PART-6-1,12930,S4R,13359,13360,13369,13368
PART-6-1,12931,S4R,13360,13361,13370,13369
PART-6-1,12932,S4R,13361,1792,1793,13370
PART-6-1,12933,S4R,1084,13362,13371,1083
PART-6-1,12934,S4R,13362,13363,13372,13371
PART-6-1,12935,S4R,13363,13364,13373,13372
PART-6-1,12936,S4R,13364,13365,13374,13373
PART-6-1,12937,S4R,13365,13366,13375,13374
PART-6-1,12938,S4R,13366,13367,13376,13375
PART-6-1,12939,S4R,13367,13368,13377,13376
PART-6-1,12940,S4R,13368,13369,13378,13377
PART-6-1,12941,S4R,13369,13370,13379,13378
PART-6-1,12942,S4R,13370,1793,1794,13379
PART-6-1,12943,S4R,1083,13371,13380,1082
PART-6-1,12944,S4R,13371,13372,13381,13380
PART-6-1,12945,S4R,13372,13373,13382,13381
PART-6-1,12946,S4R,13373,13374,13383,13382
PART-6-1,12947,S4R,13374,13375,13384,13383
PART-6-1,12948,S4R,13375,13376,13385,13384
PART-6-1,12949,S4R,13376,13377,13386,13385
PART-6-1,12950,S4R,13377,13378,13387,13386
PART-6-1,12951,S4R,13378,13379,13388,13387
PART-6-1,12952,S4R,13379,1794,1795,13388
PART-6-1,12953,S4R,1082,13380,13389,1081
PART-6-1,12954,S4R,13380,13381,13390,13389
PART-6-1,12955,S4R,13381,13382,13391,13390
PART-6-1,12956,S4R,13382,13383,13392,13391
PART-6-1,12957,S4R,13383,13384,13393,13392
PART-6-1,12958,S4R,13384,13385,13394,13393
PART-6-1,12959,S4R,13385,13386,13395,13394
PART-6-1,12960,S4R,13386,13387,13396,13395
PART-6-1,12961,S4R,13387,13388,13397,13396
PART-6-1,12962,S4R,13388,1795,1796,13397
PART-6-1,12963,S4R,1081,13389,13398,1080
PART-6-1,12964,S4R,13389,13390,13399,13398
PART-6-1,12965,S4R,13390,13391,13400,13399
PART-6-1,12966,S4R,13391,13392,13401,13400
PART-6-1,12967,S4R,13392,13393,13402,13401
PART-6-1,12968,S4R,13393,13394,13403,13402
PART-6-1,12969,S4R,13394,13395,13404,13403
PART-6-1,12970,S4R,13395,13396,13405,13404
PART-6-1,12971,S4R,13396,13397,13406,13405
PART-6-1,12972,S4R,13397,1796,1797,13406
PART-6-1,12973,S4R,1080,13398,13407,1079
PART-6-1,12974,S4R,13398,13399,13408,13407
PART-6-1,12975,S4R,13399,13400,13409,13408
PART-6-1,12976,S4R,13400,13401,13410,13409
PART-6-1,12977,S4R,13401,13402,13411,13410
PART-6-1,12978,S4R,13402,13403,13412,13411
PART-6-1,12979,S4R,13403,13404,13413,13412
PART-6-1,12980,S4R,13404,13405,13414,13413
PART-6-1,12981,S4R,13405,13406,13415,13414
PART-6-1,12982,S4R,13406,1797,1798,13415
PART-6-1,12983,S4R,1079,13407,13416,1078
PART-6-1,12984,S4R,13407,13408,13417,13416
PART-6-1,12985,S4R,13408,13409,13418,13417
PART-6-1,12986,S4R,13409,13410,13419,13418
PART-6-1,12987,S4R,13410,13411,13420,13419
PART-6-1,12988,S4R,13411,13412,13421,13420
PART-6-1,12989,S4R,13412,13413,13422,13421
PART-6-1,12990,S4R,13413,13414,13423,13422
PART-6-1,12991,S4R,13414,13415,13424,13423
PART-6-1,12992,S4R,13415,1798,1799,13424
PART-6-1,12993,S4R,1078,13416,13425,60
PART-6-1,12994,S4R,13416,13417,13426,13425
PART-6-1,12995,S4R,13417,13418,13427,13426
PART-6-1,12996,S4R,13418,13419,13428,13427
PART-6-1,12997,S4R,13419,13420,13429,13428
PART-6-1,12998,S4R,13420,13421,13430,13429
PART-6-1,12999,S4R,13421,13422,13431,13430
PART-6-1,13000,S4R,13422,13423,13432,13431
PART-6-1,13001,S4R,13423,13424,13433,13432
PART-6-1,13002,S4R,13424,1799,1800,13433
PART-6-1,13003,S4R,60,13425,13434,1395
PART-6-1,13004,S4R,13425,13426,13435,13434
PART-6-1,13005,S4R,13426,13427,13436,13435
PART-6-1,13006,S4R,13427,13428,13437,13436
PART-6-1,13007,S4R,13428,13429,13438,13437
PART-6-1,13008,S4R,13429,13430,13439,13438
PART-6-1,13009,S4R,13430,13431,13440,13439
PART-6-1,13010,S4R,13431,13432,13441,13440
PART-6-1,13011,S4R,13432,13433,13442,13441
PART-6-1,13012,S4R,13433,1800,1801,13442
PART-6-1,13013,S4R,1395,13434,13443,1396
PART-6-1,13014,S4R,13434,13435,13444,13443
PART-6-1,13015,S4R,13435,13436,13445,13444
PART-6-1,13016,S4R,13436,13437,13446,13445
PART-6-1,13017,S4R,13437,13438,13447,13446
PART-6-1,13018,S4R,13438,13439,13448,13447
PART-6-1,13019,S4R,13439,13440,13449,13448
PART-6-1,13020,S4R,13440,13441,13450,13449
PART-6-1,13021,S4R,13441,13442,13451,13450
PART-6-1,13022,S4R,13442,1801,1802,13451
PART-6-1,13023,S4R,1396,13443,13452,1397
PART-6-1,13024,S4R,13443,13444,13453,13452
PART-6-1,13025,S4R,13444,13445,13454,13453
PART-6-1,13026,S4R,13445,13446,13455,13454
PART-6-1,13027,S4R,13446,13447,13456,13455
PART-6-1,13028,S4R,13447,13448,13457,13456
PART-6-1,13029,S4R,13448,13449,13458,13457
PART-6-1,13030,S4R,13449,13450,13459,13458
PART-6-1,13031,S4R,13450,13451,13460,13459
PART-6-1,13032,S4R,13451,1802,1803,13460
PART-6-1,13033,S4R,1397,13452,13461,1398
PART-6-1,13034,S4R,13452,13453,13462,13461
PART-6-1,13035,S4R,13453,13454,13463,13462
PART-6-1,13036,S4R,13454,13455,13464,13463
PART-6-1,13037,S4R,13455,13456,13465,13464
PART-6-1,13038,S4R,13456,13457,13466,13465
PART-6-1,13039,S4R,13457,13458,13467,13466
PART-6-1,13040,S4R,13458,13459,13468,13467
PART-6-1,13041,S4R,13459,13460,13469,13468
PART-6-1,13042,S4R,13460,1803,1804,13469
PART-6-1,13043,S4R,1398,13461,13470,1399
PART-6-1,13044,S4R,13461,13462,13471,13470
PART-6-1,13045,S4R,13462,13463,13472,13471
PART-6-1,13046,S4R,13463,13464,13473,13472
PART-6-1,13047,S4R,13464,13465,13474,13473
PART-6-1,13048,S4R,13465,13466,13475,13474
PART-6-1,13049,S4R,13466,13467,13476,13475
PART-6-1,13050,S4R,13467,13468,13477,13476
PART-6-1,13051,S4R,13468,13469,13478,13477
PART-6-1,13052,S4R,13469,1804,1805,13478
PART-6-1,13053,S4R,1399,13470,13479,1400
PART-6-1,13054,S4R,13470,13471,13480,13479
PART-6-1,13055,S4R,13471,13472,13481,13480
PART-6-1,13056,S4R,13472,13473,13482,13481
PART-6-1,13057,S4R,13473,13474,13483,13482
PART-6-1,13058,S4R,13474,13475,13484,13483
PART-6-1,13059,S4R,13475,13476,13485,13484
PART-6-1,13060,S4R,13476,13477,13486,13485
PART-6-1,13061,S4R,13477,13478,13487,13486
PART-6-1,13062,S4R,13478,1805,1806,13487
PART-6-1,13063,S4R,1400,13479,13488,1401
PART-6-1,13064,S4R,13479,13480,13489,13488
PART-6-1,13065,S4R,13480,13481,13490,13489
PART-6-1,13066,S4R,13481,13482,13491,13490
PART-6-1,13067,S4R,13482,13483,13492,13491
PART-6-1,13068,S4R,13483,13484,13493,13492
PART-6-1,13069,S4R,13484,13485,13494,13493
PART-6-1,13070,S4R,13485,13486,13495,13494
PART-6-1,13071,S4R,13486,13487,13496,13495
PART-6-1,13072,S4R,13487,1806,1807,13496
PART-6-1,13073,S4R,1401,13488,13497,1402
PART-6-1,13074,S4R,13488,13489,13498,13497
PART-6-1,13075,S4R,13489,13490,13499,13498
PART-6-1,13076,S4R,13490,13491,13500,13499
PART-6-1,13077,S4R,13491,13492,13501,13500
PART-6-1,13078,S4R,13492,13493,13502,13501
PART-6-1,13079,S4R,13493,13494,13503,13502
PART-6-1,13080,S4R,13494,13495,13504,13503
PART-6-1,13081,S4R,13495,13496,13505,13504
PART-6-1,13082,S4R,13496,1807,1808,13505
PART-6-1,13083,S4R,1402,13497,13506,1403
PART-6-1,13084,S4R,13497,13498,13507,13506
PART-6-1,13085,S4R,13498,13499,13508,13507
PART-6-1,13086,S4R,13499,13500,13509,13508
PART-6-1,13087,S4R,13500,13501,13510,13509
PART-6-1,13088,S4R,13501,13502,13511,13510
PART-6-1,13089,S4R,13502,13503,13512,13511
PART-6-1,13090,S4R,13503,13504,13513,13512
PART-6-1,13091,S4R,13504,13505,13514,13513
PART-6-1,13092,S4R,13505,1808,1809,13514
PART-6-1,13093,S4R,1403,13506,13515,1404
PART-6-1,13094,S4R,13506,13507,13516,13515
PART-6-1,13095,S4R,13507,13508,13517,13516
PART-6-1,13096,S4R,13508,13509,13518,13517
PART-6-1,13097,S4R,13509,13510,13519,13518
PART-6-1,13098,S4R,13510,13511,13520,13519
PART-6-1,13099,S4R,13511,13512,13521,13520
PART-6-1,13100,S4R,13512,13513,13522,13521
PART-6-1,13101,S4R,13513,13514,13523,13522
PART-6-1,13102,S4R,13514,1809,1810,13523
PART-6-1,13103,S4R,1404,13515,13524,1405
PART-6-1,13104,S4R,13515,13516,13525,13524
PART-6-1,13105,S4R,13516,13517,13526,13525
PART-6-1,13106,S4R,13517,13518,13527,13526
PART-6-1,13107,S4R,13518,13519,13528,13527
PART-6-1,13108,S4R,13519,13520,13529,13528
PART-6-1,13109,S4R,13520,13521,13530,13529
PART-6-1,13110,S4R,13521,13522,13531,13530
PART-6-1,13111,S4R,13522,13523,13532,13531
PART-6-1,13112,S4R,13523,1810,1811,13532
PART-6-1,13113,S4R,1405,13524,13533,1406
PART-6-1,13114,S4R,13524,13525,13534,13533
PART-6-1,13115,S4R,13525,13526,13535,13534
PART-6-1,13116,S4R,13526,13527,13536,13535
PART-6-1,13117,S4R,13527,13528,13537,13536
PART-6-1,13118,S4R,13528,13529,13538,13537
PART-6-1,13119,S4R,13529,13530,13539,13538
PART-6-1,13120,S4R,13530,13531,13540,13539
PART-6-1,13121,S4R,13531,13532,13541,13540
PART-6-1,13122,S4R,13532,1811,1812,13541
PART-6-1,13123,S4R,1406,13533,13542,1407
PART-6-1,13124,S4R,13533,13534,13543,13542
PART-6-1,13125,S4R,13534,13535,13544,13543
PART-6-1,13126,S4R,13535,13536,13545,13544
PART-6-1,13127,S4R,13536,13537,13546,13545
PART-6-1,13128,S4R,13537,13538,13547,13546
PART-6-1,13129,S4R,13538,13539,13548,13547
PART-6-1,13130,S4R,13539,13540,13549,13548
PART-6-1,13131,S4R,13540,13541,13550,13549
PART-6-1,13132,S4R,13541,1812,1813,13550
PART-6-1,13133,S4R,1407,13542,13551,1408
PART-6-1,13134,S4R,13542,13543,13552,13551
PART-6-1,13135,S4R,13543,13544,13553,13552
PART-6-1,13136,S4R,13544,13545,13554,13553
PART-6-1,13137,S4R,13545,13546,13555,13554
PART-6-1,13138,S4R,13546,13547,13556,13555
PART-6-1,13139,S4R,13547,13548,13557,13556
PART-6-1,13140,S4R,13548,13549,13558,13557
PART-6-1,13141,S4R,13549,13550,13559,13558
PART-6-1,13142,S4R,13550,1813,1814,13559
PART-6-1,13143,S4R,1408,13551,13560,1409
PART-6-1,13144,S4R,13551,13552,13561,13560
PART-6-1,13145,S4R,13552,13553,13562,13561
PART-6-1,13146,S4R,13553,13554,13563,13562
PART-6-1,13147,S4R,13554,13555,13564,13563
PART-6-1,13148,S4R,13555,13556,13565,13564
PART-6-1,13149,S4R,13556,13557,13566,13565
PART-6-1,13150,S4R,13557,13558,13567,13566
PART-6-1,13151,S4R,13558,13559,13568,13567
PART-6-1,13152,S4R,13559,1814,1815,13568
PART-6-1,13153,S4R,1409,13560,13569,1410
PART-6-1,13154,S4R,13560,13561,13570,13569
PART-6-1,13155,S4R,13561,13562,13571,13570
PART-6-1,13156,S4R,13562,13563,13572,13571
PART-6-1,13157,S4R,13563,13564,13573,13572
PART-6-1,13158,S4R,13564,13565,13574,13573
PART-6-1,13159,S4R,13565,13566,13575,13574
PART-6-1,13160,S4R,13566,13567,13576,13575
PART-6-1,13161,S4R,13567,13568,13577,13576
PART-6-1,13162,S4R,13568,1815,1816,13577
PART-6-1,13163,S4R,1410,13569,13578,1411
PART-6-1,13164,S4R,13569,13570,13579,13578
PART-6-1,13165,S4R,13570,13571,13580,13579
PART-6-1,13166,S4R,13571,13572,13581,13580
PART-6-1,13167,S4R,13572,13573,13582,13581
PART-6-1,13168,S4R,13573,13574,13583,13582
PART-6-1,13169,S4R,13574,13575,13584,13583
PART-6-1,13170,S4R,13575,13576,13585,13584
PART-6-1,13171,S4R,13576,13577,13586,13585
PART-6-1,13172,S4R,13577,1816,1817,13586
PART-6-1,13173,S4R,1411,13578,13587,1412
PART-6-1,13174,S4R,13578,13579,13588,13587
PART-6-1,13175,S4R,13579,13580,13589,13588
PART-6-1,13176,S4R,13580,13581,13590,13589
PART-6-1,13177,S4R,13581,13582,13591,13590
PART-6-1,13178,S4R,13582,13583,13592,13591
PART-6-1,13179,S4R,13583,13584,13593,13592
PART-6-1,13180,S4R,13584,13585,13594,13593
PART-6-1,13181,S4R,13585,13586,13595,13594
PART-6-1,13182,S4R,13586,1817,1818,13595
PART-6-1,13183,S4R,1412,13587,13596,1413
PART-6-1,13184,S4R,13587,13588,13597,13596
PART-6-1,13185,S4R,13588,13589,13598,13597
PART-6-1,13186,S4R,13589,13590,13599,13598
PART-6-1,13187,S4R,13590,13591,13600,13599
PART-6-1,13188,S4R,13591,13592,13601,13600
PART-6-1,13189,S4R,13592,13593,13602,13601
PART-6-1,13190,S4R,13593,13594,13603,13602
PART-6-1,13191,S4R,13594,13595,13604,13603
PART-6-1,13192,S4R,13595,1818,1819,13604
PART-6-1,13193,S4R,1413,13596,13605,1414
PART-6-1,13194,S4R,13596,13597,13606,13605
PART-6-1,13195,S4R,13597,13598,13607,13606
PART-6-1,13196,S4R,13598,13599,13608,13607
PART-6-1,13197,S4R,13599,13600,13609,13608
PART-6-1,13198,S4R,13600,13601,13610,13609
PART-6-1,13199,S4R,13601,13602,13611,13610
PART-6-1,13200,S4R,13602,13603,13612,13611
PART-6-1,13201,S4R,13603,13604,13613,13612
PART-6-1,13202,S4R,13604,1819,1820,13613
PART-6-1,13203,S4R,1414,13605,13614,1415
PART-6-1,13204,S4R,13605,13606,13615,13614
PART-6-1,13205,S4R,13606,13607,13616,13615
PART-6-1,13206,S4R,13607,13608,13617,13616
PART-6-1,13207,S4R,13608,13609,13618,13617
PART-6-1,13208,S4R,13609,13610,13619,13618
PART-6-1,13209,S4R,13610,13611,13620,13619
PART-6-1,13210,S4R,13611,13612,13621,13620
PART-6-1,13211,S4R,13612,13613,13622,13621
PART-6-1,13212,S4R,13613,1820,1821,13622
PART-6-1,13213,S4R,1415,13614,13623,1416
PART-6-1,13214,S4R,13614,13615,13624,13623
PART-6-1,13215,S4R,13615,13616,13625,13624
PART-6-1,13216,S4R,13616,13617,13626,13625
PART-6-1,13217,S4R,13617,13618,13627,13626
PART-6-1,13218,S4R,13618,13619,13628,13627
PART-6-1,13219,S4R,13619,13620,13629,13628
PART-6-1,13220,S4R,13620,13621,13630,13629
PART-6-1,13221,S4R,13621,13622,13631,13630
PART-6-1,13222,S4R,13622,1821,1822,13631
PART-6-1,13223,S4R,1416,13623,13632,1417
PART-6-1,13224,S4R,13623,13624,13633,13632
PART-6-1,13225,S4R,13624,13625,13634,13633
PART-6-1,13226,S4R,13625,13626,13635,13634
PART-6-1,13227,S4R,13626,13627,13636,13635
PART-6-1,13228,S4R,13627,13628,13637,13636
PART-6-1,13229,S4R,13628,13629,13638,13637
PART-6-1,13230,S4R,13629,13630,13639,13638
PART-6-1,13231,S4R,13630,13631,13640,13639
PART-6-1,13232,S4R,13631,1822,1823,13640
PART-6-1,13233,S4R,1417,13632,13641,1418
PART-6-1,13234,S4R,13632,13633,13642,13641
PART-6-1,13235,S4R,13633,13634,13643,13642
PART-6-1,13236,S4R,13634,13635,13644,13643
PART-6-1,13237,S4R,13635,13636,13645,13644
PART-6-1,13238,S4R,13636,13637,13646,13645
PART-6-1,13239,S4R,13637,13638,13647,13646
PART-6-1,13240,S4R,13638,13639,13648,13647
PART-6-1,13241,S4R,13639,13640,13649,13648
PART-6-1,13242,S4R,13640,1823,1824,13649
PART-6-1,13243,S4R,1418,13641,13650,1419
PART-6-1,13244,S4R,13641,13642,13651,13650
PART-6-1,13245,S4R,13642,13643,13652,13651
PART-6-1,13246,S4R,13643,13644,13653,13652
PART-6-1,13247,S4R,13644,13645,13654,13653
PART-6-1,13248,S4R,13645,13646,13655,13654
PART-6-1,13249,S4R,13646,13647,13656,13655
PART-6-1,13250,S4R,13647,13648,13657,13656
PART-6-1,13251,S4R,13648,13649,13658,13657
PART-6-1,13252,S4R,13649,1824,1825,13658
PART-6-1,13253,S4R,1419,13650,13659,1420
PART-6-1,13254,S4R,13650,13651,13660,13659
PART-6-1,13255,S4R,13651,13652,13661,13660
PART-6-1,13256,S4R,13652,13653,13662,13661
PART-6-1,13257,S4R,13653,13654,13663,13662
PART-6-1,13258,S4R,13654,13655,13664,13663
PART-6-1,13259,S4R,13655,13656,13665,13664
PART-6-1,13260,S4R,13656,13657,13666,13665
PART-6-1,13261,S4R,13657,13658,13667,13666
PART-6-1,13262,S4R,13658,1825,1826,13667
PART-6-1,13263,S4R,1420,13659,13668,1421
PART-6-1,13264,S4R,13659,13660,13669,13668
PART-6-1,13265,S4R,13660,13661,13670,13669
PART-6-1,13266,S4R,13661,13662,13671,13670
PART-6-1,13267,S4R,13662,13663,13672,13671
PART-6-1,13268,S4R,13663,13664,13673,13672
PART-6-1,13269,S4R,13664,13665,13674,13673
PART-6-1,13270,S4R,13665,13666,13675,13674
PART-6-1,13271,S4R,13666,13667,13676,13675
PART-6-1,13272,S4R,13667,1826,1827,13676
PART-6-1,13273,S4R,1421,13668,13677,1422
PART-6-1,13274,S4R,13668,13669,13678,13677
PART-6-1,13275,S4R,13669,13670,13679,13678
PART-6-1,13276,S4R,13670,13671,13680,13679
PART-6-1,13277,S4R,13671,13672,13681,13680
PART-6-1,13278,S4R,13672,13673,13682,13681
PART-6-1,13279,S4R,13673,13674,13683,13682
PART-6-1,13280,S4R,13674,13675,13684,13683
PART-6-1,13281,S4R,13675,13676,13685,13684
PART-6-1,13282,S4R,13676,1827,1828,13685
PART-6-1,13283,S4R,1422,13677,13686,1423
PART-6-1,13284,S4R,13677,13678,13687,13686
PART-6-1,13285,S4R,13678,13679,13688,13687
PART-6-1,13286,S4R,13679,13680,13689,13688
PART-6-1,13287,S4R,13680,13681,13690,13689
PART-6-1,13288,S4R,13681,13682,13691,13690
PART-6-1,13289,S4R,13682,13683,13692,13691
PART-6-1,13290,S4R,13683,13684,13693,13692
PART-6-1,13291,S4R,13684,13685,13694,13693
PART-6-1,13292,S4R,13685,1828,1829,13694
PART-6-1,13293,S4R,1423,13686,13695,1424
PART-6-1,13294,S4R,13686,13687,13696,13695
PART-6-1,13295,S4R,13687,13688,13697,13696
PART-6-1,13296,S4R,13688,13689,13698,13697
PART-6-1,13297,S4R,13689,13690,13699,13698
PART-6-1,13298,S4R,13690,13691,13700,13699
PART-6-1,13299,S4R,13691,13692,13701,13700
PART-6-1,13300,S4R,13692,13693,13702,13701
PART-6-1,13301,S4R,13693,13694,13703,13702
PART-6-1,13302,S4R,13694,1829,1830,13703
PART-6-1,13303,S4R,1424,13695,13704,1425
PART-6-1,13304,S4R,13695,13696,13705,13704
PART-6-1,13305,S4R,13696,13697,13706,13705
PART-6-1,13306,S4R,13697,13698,13707,13706
PART-6-1,13307,S4R,13698,13699,13708,13707
PART-6-1,13308,S4R,13699,13700,13709,13708
PART-6-1,13309,S4R,13700,13701,13710,13709
PART-6-1,13310,S4R,13701,13702,13711,13710
PART-6-1,13311,S4R,13702,13703,13712,13711
PART-6-1,13312,S4R,13703,1830,1831,13712
PART-6-1,13313,S4R,1425,13704,13713,1426
PART-6-1,13314,S4R,13704,13705,13714,13713
PART-6-1,13315,S4R,13705,13706,13715,13714
PART-6-1,13316,S4R,13706,13707,13716,13715
PART-6-1,13317,S4R,13707,13708,13717,13716
PART-6-1,13318,S4R,13708,13709,13718,13717
PART-6-1,13319,S4R,13709,13710,13719,13718
PART-6-1,13320,S4R,13710,13711,13720,13719
PART-6-1,13321,S4R,13711,13712,13721,13720
PART-6-1,13322,S4R,13712,1831,1832,13721
PART-6-1,13323,S4R,1426,13713,13722,1427
PART-6-1,13324,S4R,13713,13714,13723,13722
PART-6-1,13325,S4R,13714,13715,13724,13723
PART-6-1,13326,S4R,13715,13716,13725,13724
PART-6-1,13327,S4R,13716,13717,13726,13725
PART-6-1,13328,S4R,13717,13718,13727,13726
PART-6-1,13329,S4R,13718,13719,13728,13727
PART-6-1,13330,S4R,13719,13720,13729,13728
PART-6-1,13331,S4R,13720,13721,13730,13729
PART-6-1,13332,S4R,13721,1832,1833,13730
PART-6-1,13333,S4R,1427,13722,13731,1428
PART-6-1,13334,S4R,13722,13723,13732,13731
PART-6-1,13335,S4R,13723,13724,13733,13732
PART-6-1,13336,S4R,13724,13725,13734,13733
PART-6-1,13337,S4R,13725,13726,13735,13734
PART-6-1,13338,S4R,13726,13727,13736,13735
PART-6-1,13339,S4R,13727,13728,13737,13736
PART-6-1,13340,S4R,13728,13729,13738,13737
PART-6-1,13341,S4R,13729,13730,13739,13738
PART-6-1,13342,S4R,13730,1833,1834,13739
PART-6-1,13343,S4R,1428,13731,13740,1429
PART-6-1,13344,S4R,13731,13732,13741,13740
PART-6-1,13345,S4R,13732,13733,13742,13741
PART-6-1,13346,S4R,13733,13734,13743,13742
PART-6-1,13347,S4R,13734,13735,13744,13743
PART-6-1,13348,S4R,13735,13736,13745,13744
PART-6-1,13349,S4R,13736,13737,13746,13745
PART-6-1,13350,S4R,13737,13738,13747,13746
PART-6-1,13351,S4R,13738,13739,13748,13747
PART-6-1,13352,S4R,13739,1834,1835,13748
PART-6-1,13353,S4R,1429,13740,13749,1430
PART-6-1,13354,S4R,13740,13741,13750,13749
PART-6-1,13355,S4R,13741,13742,13751,13750
PART-6-1,13356,S4R,13742,13743,13752,13751
PART-6-1,13357,S4R,13743,13744,13753,13752
PART-6-1,13358,S4R,13744,13745,13754,13753
PART-6-1,13359,S4R,13745,13746,13755,13754
PART-6-1,13360,S4R,13746,13747,13756,13755
PART-6-1,13361,S4R,13747,13748,13757,13756
PART-6-1,13362,S4R,13748,1835,1836,13757
PART-6-1,13363,S4R,1430,13749,297,34
PART-6-1,13364,S4R,13749,13750,298,297
PART-6-1,13365,S4R,13750,13751,299,298
PART-6-1,13366,S4R,13751,13752,300,299
PART-6-1,13367,S4R,13752,13753,301,300
PART-6-1,13368,S4R,13753,13754,302,301
PART-6-1,13369,S4R,13754,13755,303,302
PART-6-1,13370,S4R,13755,13756,304,303
PART-6-1,13371,S4R,13756,13757,305,304
PART-6-1,13372,S4R,13757,1836,33,305
PART-6-1,13373,S4R,68,1474,13758,1850
PART-6-1,13374,S4R,1474,1473,13759,13758
PART-6-1,13375,S4R,1473,1472,13760,13759
PART-6-1,13376,S4R,1472,1471,13761,13760
PART-6-1,13377,S4R,1471,1470,13762,13761
PART-6-1,13378,S4R,1470,1469,13763,13762
PART-6-1,13379,S4R,1469,1468,13764,13763
PART-6-1,13380,S4R,1468,1467,13765,13764
PART-6-1,13381,S4R,1467,1466,13766,13765
PART-6-1,13382,S4R,1466,1465,13767,13766
PART-6-1,13383,S4R,1465,1464,13768,13767
PART-6-1,13384,S4R,1464,1463,13769,13768
PART-6-1,13385,S4R,1463,58,1091,13769
PART-6-1,13386,S4R,1850,13758,13770,1849
PART-6-1,13387,S4R,13758,13759,13771,13770
PART-6-1,13388,S4R,13759,13760,13772,13771
PART-6-1,13389,S4R,13760,13761,13773,13772
PART-6-1,13390,S4R,13761,13762,13774,13773
PART-6-1,13391,S4R,13762,13763,13775,13774
PART-6-1,13392,S4R,13763,13764,13776,13775
PART-6-1,13393,S4R,13764,13765,13777,13776
PART-6-1,13394,S4R,13765,13766,13778,13777
PART-6-1,13395,S4R,13766,13767,13779,13778
PART-6-1,13396,S4R,13767,13768,13780,13779
PART-6-1,13397,S4R,13768,13769,13781,13780
PART-6-1,13398,S4R,13769,1091,1090,13781
PART-6-1,13399,S4R,1849,13770,13782,1848
PART-6-1,13400,S4R,13770,13771,13783,13782
PART-6-1,13401,S4R,13771,13772,13784,13783
PART-6-1,13402,S4R,13772,13773,13785,13784
PART-6-1,13403,S4R,13773,13774,13786,13785
PART-6-1,13404,S4R,13774,13775,13787,13786
PART-6-1,13405,S4R,13775,13776,13788,13787
PART-6-1,13406,S4R,13776,13777,13789,13788
PART-6-1,13407,S4R,13777,13778,13790,13789
PART-6-1,13408,S4R,13778,13779,13791,13790
PART-6-1,13409,S4R,13779,13780,13792,13791
PART-6-1,13410,S4R,13780,13781,13793,13792
PART-6-1,13411,S4R,13781,1090,1089,13793
PART-6-1,13412,S4R,1848,13782,13794,1847
PART-6-1,13413,S4R,13782,13783,13795,13794
PART-6-1,13414,S4R,13783,13784,13796,13795
PART-6-1,13415,S4R,13784,13785,13797,13796
PART-6-1,13416,S4R,13785,13786,13798,13797
PART-6-1,13417,S4R,13786,13787,13799,13798
PART-6-1,13418,S4R,13787,13788,13800,13799
PART-6-1,13419,S4R,13788,13789,13801,13800
PART-6-1,13420,S4R,13789,13790,13802,13801
PART-6-1,13421,S4R,13790,13791,13803,13802
PART-6-1,13422,S4R,13791,13792,13804,13803
PART-6-1,13423,S4R,13792,13793,13805,13804
PART-6-1,13424,S4R,13793,1089,1088,13805
PART-6-1,13425,S4R,1847,13794,13806,1846
PART-6-1,13426,S4R,13794,13795,13807,13806
PART-6-1,13427,S4R,13795,13796,13808,13807
PART-6-1,13428,S4R,13796,13797,13809,13808
PART-6-1,13429,S4R,13797,13798,13810,13809
PART-6-1,13430,S4R,13798,13799,13811,13810
PART-6-1,13431,S4R,13799,13800,13812,13811
PART-6-1,13432,S4R,13800,13801,13813,13812
PART-6-1,13433,S4R,13801,13802,13814,13813
PART-6-1,13434,S4R,13802,13803,13815,13814
PART-6-1,13435,S4R,13803,13804,13816,13815
PART-6-1,13436,S4R,13804,13805,13817,13816
PART-6-1,13437,S4R,13805,1088,1087,13817
PART-6-1,13438,S4R,1846,13806,13818,1845
PART-6-1,13439,S4R,13806,13807,13819,13818
PART-6-1,13440,S4R,13807,13808,13820,13819
PART-6-1,13441,S4R,13808,13809,13821,13820
PART-6-1,13442,S4R,13809,13810,13822,13821
PART-6-1,13443,S4R,13810,13811,13823,13822
PART-6-1,13444,S4R,13811,13812,13824,13823
PART-6-1,13445,S4R,13812,13813,13825,13824
PART-6-1,13446,S4R,13813,13814,13826,13825
PART-6-1,13447,S4R,13814,13815,13827,13826
PART-6-1,13448,S4R,13815,13816,13828,13827
PART-6-1,13449,S4R,13816,13817,13829,13828
PART-6-1,13450,S4R,13817,1087,1086,13829
PART-6-1,13451,S4R,1845,13818,13830,1844
PART-6-1,13452,S4R,13818,13819,13831,13830
PART-6-1,13453,S4R,13819,13820,13832,13831
PART-6-1,13454,S4R,13820,13821,13833,13832
PART-6-1,13455,S4R,13821,13822,13834,13833
PART-6-1,13456,S4R,13822,13823,13835,13834
PART-6-1,13457,S4R,13823,13824,13836,13835
PART-6-1,13458,S4R,13824,13825,13837,13836
PART-6-1,13459,S4R,13825,13826,13838,13837
PART-6-1,13460,S4R,13826,13827,13839,13838
PART-6-1,13461,S4R,13827,13828,13840,13839
PART-6-1,13462,S4R,13828,13829,13841,13840
PART-6-1,13463,S4R,13829,1086,1085,13841
PART-6-1,13464,S4R,1844,13830,13842,1843
PART-6-1,13465,S4R,13830,13831,13843,13842
PART-6-1,13466,S4R,13831,13832,13844,13843
PART-6-1,13467,S4R,13832,13833,13845,13844
PART-6-1,13468,S4R,13833,13834,13846,13845
PART-6-1,13469,S4R,13834,13835,13847,13846
PART-6-1,13470,S4R,13835,13836,13848,13847
PART-6-1,13471,S4R,13836,13837,13849,13848
PART-6-1,13472,S4R,13837,13838,13850,13849
PART-6-1,13473,S4R,13838,13839,13851,13850
PART-6-1,13474,S4R,13839,13840,13852,13851
PART-6-1,13475,S4R,13840,13841,13853,13852
PART-6-1,13476,S4R,13841,1085,1084,13853
PART-6-1,13477,S4R,1843,13842,13854,1842
PART-6-1,13478,S4R,13842,13843,13855,13854
PART-6-1,13479,S4R,13843,13844,13856,13855
PART-6-1,13480,S4R,13844,13845,13857,13856
PART-6-1,13481,S4R,13845,13846,13858,13857
PART-6-1,13482,S4R,13846,13847,13859,13858
PART-6-1,13483,S4R,13847,13848,13860,13859
PART-6-1,13484,S4R,13848,13849,13861,13860
PART-6-1,13485,S4R,13849,13850,13862,13861
PART-6-1,13486,S4R,13850,13851,13863,13862
PART-6-1,13487,S4R,13851,13852,13864,13863
PART-6-1,13488,S4R,13852,13853,13865,13864
PART-6-1,13489,S4R,13853,1084,1083,13865
PART-6-1,13490,S4R,1842,13854,13866,1841
PART-6-1,13491,S4R,13854,13855,13867,13866
PART-6-1,13492,S4R,13855,13856,13868,13867
PART-6-1,13493,S4R,13856,13857,13869,13868
PART-6-1,13494,S4R,13857,13858,13870,13869
PART-6-1,13495,S4R,13858,13859,13871,13870
PART-6-1,13496,S4R,13859,13860,13872,13871
PART-6-1,13497,S4R,13860,13861,13873,13872
PART-6-1,13498,S4R,13861,13862,13874,13873
PART-6-1,13499,S4R,13862,13863,13875,13874
PART-6-1,13500,S4R,13863,13864,13876,13875
PART-6-1,13501,S4R,13864,13865,13877,13876
PART-6-1,13502,S4R,13865,1083,1082,13877
PART-6-1,13503,S4R,1841,13866,13878,1840
PART-6-1,13504,S4R,13866,13867,13879,13878
PART-6-1,13505,S4R,13867,13868,13880,13879
PART-6-1,13506,S4R,13868,13869,13881,13880
PART-6-1,13507,S4R,13869,13870,13882,13881
PART-6-1,13508,S4R,13870,13871,13883,13882
PART-6-1,13509,S4R,13871,13872,13884,13883
PART-6-1,13510,S4R,13872,13873,13885,13884
PART-6-1,13511,S4R,13873,13874,13886,13885
PART-6-1,13512,S4R,13874,13875,13887,13886
PART-6-1,13513,S4R,13875,13876,13888,13887
PART-6-1,13514,S4R,13876,13877,13889,13888
PART-6-1,13515,S4R,13877,1082,1081,13889
PART-6-1,13516,S4R,1840,13878,13890,1839
PART-6-1,13517,S4R,13878,13879,13891,13890
PART-6-1,13518,S4R,13879,13880,13892,13891
PART-6-1,13519,S4R,13880,13881,13893,13892
PART-6-1,13520,S4R,13881,13882,13894,13893
PART-6-1,13521,S4R,13882,13883,13895,13894
PART-6-1,13522,S4R,13883,13884,13896,13895
PART-6-1,13523,S4R,13884,13885,13897,13896
PART-6-1,13524,S4R,13885,13886,13898,13897
PART-6-1,13525,S4R,13886,13887,13899,13898
PART-6-1,13526,S4R,13887,13888,13900,13899
PART-6-1,13527,S4R,13888,13889,13901,13900
PART-6-1,13528,S4R,13889,1081,1080,13901
PART-6-1,13529,S4R,1839,13890,13902,1838
PART-6-1,13530,S4R,13890,13891,13903,13902
PART-6-1,13531,S4R,13891,13892,13904,13903
PART-6-1,13532,S4R,13892,13893,13905,13904
PART-6-1,13533,S4R,13893,13894,13906,13905
PART-6-1,13534,S4R,13894,13895,13907,13906
PART-6-1,13535,S4R,13895,13896,13908,13907
PART-6-1,13536,S4R,13896,13897,13909,13908
PART-6-1,13537,S4R,13897,13898,13910,13909
PART-6-1,13538,S4R,13898,13899,13911,13910
PART-6-1,13539,S4R,13899,13900,13912,13911
PART-6-1,13540,S4R,13900,13901,13913,13912
PART-6-1,13541,S4R,13901,1080,1079,13913
PART-6-1,13542,S4R,1838,13902,13914,1837
PART-6-1,13543,S4R,13902,13903,13915,13914
PART-6-1,13544,S4R,13903,13904,13916,13915
PART-6-1,13545,S4R,13904,13905,13917,13916
PART-6-1,13546,S4R,13905,13906,13918,13917
PART-6-1,13547,S4R,13906,13907,13919,13918
PART-6-1,13548,S4R,13907,13908,13920,13919
PART-6-1,13549,S4R,13908,13909,13921,13920
PART-6-1,13550,S4R,13909,13910,13922,13921
PART-6-1,13551,S4R,13910,13911,13923,13922
PART-6-1,13552,S4R,13911,13912,13924,13923
PART-6-1,13553,S4R,13912,13913,13925,13924
PART-6-1,13554,S4R,13913,1079,1078,13925
PART-6-1,13555,S4R,1837,13914,1383,67
PART-6-1,13556,S4R,13914,13915,1384,1383
PART-6-1,13557,S4R,13915,13916,1385,1384
PART-6-1,13558,S4R,13916,13917,1386,1385
PART-6-1,13559,S4R,13917,13918,1387,1386
PART-6-1,13560,S4R,13918,13919,1388,1387
PART-6-1,13561,S4R,13919,13920,1389,1388
PART-6-1,13562,S4R,13920,13921,1390,1389
PART-6-1,13563,S4R,13921,13922,1391,1390
PART-6-1,13564,S4R,13922,13923,1392,1391
PART-6-1,13565,S4R,13923,13924,1393,1392
PART-6-1,13566,S4R,13924,13925,1394,1393
PART-6-1,13567,S4R,13925,1078,60,1394
PART-6-1,13568,S4R,53,705,13926,1018
PART-6-1,13569,S4R,705,706,13927,13926
PART-6-1,13570,S4R,706,707,13928,13927
PART-6-1,13571,S4R,707,708,13929,13928
PART-6-1,13572,S4R,708,709,13930,13929
PART-6-1,13573,S4R,709,710,13931,13930
PART-6-1,13574,S4R,710,711,13932,13931
PART-6-1,13575,S4R,711,712,13933,13932
PART-6-1,13576,S4R,712,713,13934,13933
PART-6-1,13577,S4R,713,55,1851,13934
PART-6-1,13578,S4R,1018,13926,13935,1019
PART-6-1,13579,S4R,13926,13927,13936,13935
PART-6-1,13580,S4R,13927,13928,13937,13936
PART-6-1,13581,S4R,13928,13929,13938,13937
PART-6-1,13582,S4R,13929,13930,13939,13938
PART-6-1,13583,S4R,13930,13931,13940,13939
PART-6-1,13584,S4R,13931,13932,13941,13940
PART-6-1,13585,S4R,13932,13933,13942,13941
PART-6-1,13586,S4R,13933,13934,13943,13942
PART-6-1,13587,S4R,13934,1851,1852,13943
PART-6-1,13588,S4R,1019,13935,13944,1020
PART-6-1,13589,S4R,13935,13936,13945,13944
PART-6-1,13590,S4R,13936,13937,13946,13945
PART-6-1,13591,S4R,13937,13938,13947,13946
PART-6-1,13592,S4R,13938,13939,13948,13947
PART-6-1,13593,S4R,13939,13940,13949,13948
PART-6-1,13594,S4R,13940,13941,13950,13949
PART-6-1,13595,S4R,13941,13942,13951,13950
PART-6-1,13596,S4R,13942,13943,13952,13951
PART-6-1,13597,S4R,13943,1852,1853,13952
PART-6-1,13598,S4R,1020,13944,13953,1021
PART-6-1,13599,S4R,13944,13945,13954,13953
PART-6-1,13600,S4R,13945,13946,13955,13954
PART-6-1,13601,S4R,13946,13947,13956,13955
PART-6-1,13602,S4R,13947,13948,13957,13956
PART-6-1,13603,S4R,13948,13949,13958,13957
PART-6-1,13604,S4R,13949,13950,13959,13958
PART-6-1,13605,S4R,13950,13951,13960,13959
PART-6-1,13606,S4R,13951,13952,13961,13960
PART-6-1,13607,S4R,13952,1853,1854,13961
PART-6-1,13608,S4R,1021,13953,13962,1022
PART-6-1,13609,S4R,13953,13954,13963,13962
PART-6-1,13610,S4R,13954,13955,13964,13963
PART-6-1,13611,S4R,13955,13956,13965,13964
PART-6-1,13612,S4R,13956,13957,13966,13965
PART-6-1,13613,S4R,13957,13958,13967,13966
PART-6-1,13614,S4R,13958,13959,13968,13967
PART-6-1,13615,S4R,13959,13960,13969,13968
PART-6-1,13616,S4R,13960,13961,13970,13969
PART-6-1,13617,S4R,13961,1854,1855,13970
PART-6-1,13618,S4R,1022,13962,13971,1023
PART-6-1,13619,S4R,13962,13963,13972,13971
PART-6-1,13620,S4R,13963,13964,13973,13972
PART-6-1,13621,S4R,13964,13965,13974,13973
PART-6-1,13622,S4R,13965,13966,13975,13974
PART-6-1,13623,S4R,13966,13967,13976,13975
PART-6-1,13624,S4R,13967,13968,13977,13976
PART-6-1,13625,S4R,13968,13969,13978,13977
PART-6-1,13626,S4R,13969,13970,13979,13978
PART-6-1,13627,S4R,13970,1855,1856,13979
PART-6-1,13628,S4R,1023,13971,13980,1024
PART-6-1,13629,S4R,13971,13972,13981,13980
PART-6-1,13630,S4R,13972,13973,13982,13981
PART-6-1,13631,S4R,13973,13974,13983,13982
PART-6-1,13632,S4R,13974,13975,13984,13983
PART-6-1,13633,S4R,13975,13976,13985,13984
PART-6-1,13634,S4R,13976,13977,13986,13985
PART-6-1,13635,S4R,13977,13978,13987,13986
PART-6-1,13636,S4R,13978,13979,13988,13987
PART-6-1,13637,S4R,13979,1856,1857,13988
PART-6-1,13638,S4R,1024,13980,13989,1025
PART-6-1,13639,S4R,13980,13981,13990,13989
PART-6-1,13640,S4R,13981,13982,13991,13990
PART-6-1,13641,S4R,13982,13983,13992,13991
PART-6-1,13642,S4R,13983,13984,13993,13992
PART-6-1,13643,S4R,13984,13985,13994,13993
PART-6-1,13644,S4R,13985,13986,13995,13994
PART-6-1,13645,S4R,13986,13987,13996,13995
PART-6-1,13646,S4R,13987,13988,13997,13996
PART-6-1,13647,S4R,13988,1857,1858,13997
PART-6-1,13648,S4R,1025,13989,13998,1026
PART-6-1,13649,S4R,13989,13990,13999,13998
PART-6-1,13650,S4R,13990,13991,14000,13999
PART-6-1,13651,S4R,13991,13992,14001,14000
PART-6-1,13652,S4R,13992,13993,14002,14001
PART-6-1,13653,S4R,13993,13994,14003,14002
PART-6-1,13654,S4R,13994,13995,14004,14003
PART-6-1,13655,S4R,13995,13996,14005,14004
PART-6-1,13656,S4R,13996,13997,14006,14005
PART-6-1,13657,S4R,13997,1858,1859,14006
PART-6-1,13658,S4R,1026,13998,14007,1027
PART-6-1,13659,S4R,13998,13999,14008,14007
PART-6-1,13660,S4R,13999,14000,14009,14008
PART-6-1,13661,S4R,14000,14001,14010,14009
PART-6-1,13662,S4R,14001,14002,14011,14010
PART-6-1,13663,S4R,14002,14003,14012,14011
PART-6-1,13664,S4R,14003,14004,14013,14012
PART-6-1,13665,S4R,14004,14005,14014,14013
PART-6-1,13666,S4R,14005,14006,14015,14014
PART-6-1,13667,S4R,14006,1859,1860,14015
PART-6-1,13668,S4R,1027,14007,14016,1028
PART-6-1,13669,S4R,14007,14008,14017,14016
PART-6-1,13670,S4R,14008,14009,14018,14017
PART-6-1,13671,S4R,14009,14010,14019,14018
PART-6-1,13672,S4R,14010,14011,14020,14019
PART-6-1,13673,S4R,14011,14012,14021,14020
PART-6-1,13674,S4R,14012,14013,14022,14021
PART-6-1,13675,S4R,14013,14014,14023,14022
PART-6-1,13676,S4R,14014,14015,14024,14023
PART-6-1,13677,S4R,14015,1860,1861,14024
PART-6-1,13678,S4R,1028,14016,14025,1029
PART-6-1,13679,S4R,14016,14017,14026,14025
PART-6-1,13680,S4R,14017,14018,14027,14026
PART-6-1,13681,S4R,14018,14019,14028,14027
PART-6-1,13682,S4R,14019,14020,14029,14028
PART-6-1,13683,S4R,14020,14021,14030,14029
PART-6-1,13684,S4R,14021,14022,14031,14030
PART-6-1,13685,S4R,14022,14023,14032,14031
PART-6-1,13686,S4R,14023,14024,14033,14032
PART-6-1,13687,S4R,14024,1861,1862,14033
PART-6-1,13688,S4R,1029,14025,14034,1030
PART-6-1,13689,S4R,14025,14026,14035,14034
PART-6-1,13690,S4R,14026,14027,14036,14035
PART-6-1,13691,S4R,14027,14028,14037,14036
PART-6-1,13692,S4R,14028,14029,14038,14037
PART-6-1,13693,S4R,14029,14030,14039,14038
PART-6-1,13694,S4R,14030,14031,14040,14039
PART-6-1,13695,S4R,14031,14032,14041,14040
PART-6-1,13696,S4R,14032,14033,14042,14041
PART-6-1,13697,S4R,14033,1862,1863,14042
PART-6-1,13698,S4R,1030,14034,14043,1031
PART-6-1,13699,S4R,14034,14035,14044,14043
PART-6-1,13700,S4R,14035,14036,14045,14044
PART-6-1,13701,S4R,14036,14037,14046,14045
PART-6-1,13702,S4R,14037,14038,14047,14046
PART-6-1,13703,S4R,14038,14039,14048,14047
PART-6-1,13704,S4R,14039,14040,14049,14048
PART-6-1,13705,S4R,14040,14041,14050,14049
PART-6-1,13706,S4R,14041,14042,14051,14050
PART-6-1,13707,S4R,14042,1863,1864,14051
PART-6-1,13708,S4R,1031,14043,14052,1032
PART-6-1,13709,S4R,14043,14044,14053,14052
PART-6-1,13710,S4R,14044,14045,14054,14053
PART-6-1,13711,S4R,14045,14046,14055,14054
PART-6-1,13712,S4R,14046,14047,14056,14055
PART-6-1,13713,S4R,14047,14048,14057,14056
PART-6-1,13714,S4R,14048,14049,14058,14057
PART-6-1,13715,S4R,14049,14050,14059,14058
PART-6-1,13716,S4R,14050,14051,14060,14059
PART-6-1,13717,S4R,14051,1864,1865,14060
PART-6-1,13718,S4R,1032,14052,14061,1033
PART-6-1,13719,S4R,14052,14053,14062,14061
PART-6-1,13720,S4R,14053,14054,14063,14062
PART-6-1,13721,S4R,14054,14055,14064,14063
PART-6-1,13722,S4R,14055,14056,14065,14064
PART-6-1,13723,S4R,14056,14057,14066,14065
PART-6-1,13724,S4R,14057,14058,14067,14066
PART-6-1,13725,S4R,14058,14059,14068,14067
PART-6-1,13726,S4R,14059,14060,14069,14068
PART-6-1,13727,S4R,14060,1865,1866,14069
PART-6-1,13728,S4R,1033,14061,14070,1034
PART-6-1,13729,S4R,14061,14062,14071,14070
PART-6-1,13730,S4R,14062,14063,14072,14071
PART-6-1,13731,S4R,14063,14064,14073,14072
PART-6-1,13732,S4R,14064,14065,14074,14073
PART-6-1,13733,S4R,14065,14066,14075,14074
PART-6-1,13734,S4R,14066,14067,14076,14075
PART-6-1,13735,S4R,14067,14068,14077,14076
PART-6-1,13736,S4R,14068,14069,14078,14077
PART-6-1,13737,S4R,14069,1866,1867,14078
PART-6-1,13738,S4R,1034,14070,14079,1035
PART-6-1,13739,S4R,14070,14071,14080,14079
PART-6-1,13740,S4R,14071,14072,14081,14080
PART-6-1,13741,S4R,14072,14073,14082,14081
PART-6-1,13742,S4R,14073,14074,14083,14082
PART-6-1,13743,S4R,14074,14075,14084,14083
PART-6-1,13744,S4R,14075,14076,14085,14084
PART-6-1,13745,S4R,14076,14077,14086,14085
PART-6-1,13746,S4R,14077,14078,14087,14086
PART-6-1,13747,S4R,14078,1867,1868,14087
PART-6-1,13748,S4R,1035,14079,14088,1036
PART-6-1,13749,S4R,14079,14080,14089,14088
PART-6-1,13750,S4R,14080,14081,14090,14089
PART-6-1,13751,S4R,14081,14082,14091,14090
PART-6-1,13752,S4R,14082,14083,14092,14091
PART-6-1,13753,S4R,14083,14084,14093,14092
PART-6-1,13754,S4R,14084,14085,14094,14093
PART-6-1,13755,S4R,14085,14086,14095,14094
PART-6-1,13756,S4R,14086,14087,14096,14095
PART-6-1,13757,S4R,14087,1868,1869,14096
PART-6-1,13758,S4R,1036,14088,14097,1037
PART-6-1,13759,S4R,14088,14089,14098,14097
PART-6-1,13760,S4R,14089,14090,14099,14098
PART-6-1,13761,S4R,14090,14091,14100,14099
PART-6-1,13762,S4R,14091,14092,14101,14100
PART-6-1,13763,S4R,14092,14093,14102,14101
PART-6-1,13764,S4R,14093,14094,14103,14102
PART-6-1,13765,S4R,14094,14095,14104,14103
PART-6-1,13766,S4R,14095,14096,14105,14104
PART-6-1,13767,S4R,14096,1869,1870,14105
PART-6-1,13768,S4R,1037,14097,14106,1038
PART-6-1,13769,S4R,14097,14098,14107,14106
PART-6-1,13770,S4R,14098,14099,14108,14107
PART-6-1,13771,S4R,14099,14100,14109,14108
PART-6-1,13772,S4R,14100,14101,14110,14109
PART-6-1,13773,S4R,14101,14102,14111,14110
PART-6-1,13774,S4R,14102,14103,14112,14111
PART-6-1,13775,S4R,14103,14104,14113,14112
PART-6-1,13776,S4R,14104,14105,14114,14113
PART-6-1,13777,S4R,14105,1870,1871,14114
PART-6-1,13778,S4R,1038,14106,14115,1039
PART-6-1,13779,S4R,14106,14107,14116,14115
PART-6-1,13780,S4R,14107,14108,14117,14116
PART-6-1,13781,S4R,14108,14109,14118,14117
PART-6-1,13782,S4R,14109,14110,14119,14118
PART-6-1,13783,S4R,14110,14111,14120,14119
PART-6-1,13784,S4R,14111,14112,14121,14120
PART-6-1,13785,S4R,14112,14113,14122,14121
PART-6-1,13786,S4R,14113,14114,14123,14122
PART-6-1,13787,S4R,14114,1871,1872,14123
PART-6-1,13788,S4R,1039,14115,14124,1040
PART-6-1,13789,S4R,14115,14116,14125,14124
PART-6-1,13790,S4R,14116,14117,14126,14125
PART-6-1,13791,S4R,14117,14118,14127,14126
PART-6-1,13792,S4R,14118,14119,14128,14127
PART-6-1,13793,S4R,14119,14120,14129,14128
PART-6-1,13794,S4R,14120,14121,14130,14129
PART-6-1,13795,S4R,14121,14122,14131,14130
PART-6-1,13796,S4R,14122,14123,14132,14131
PART-6-1,13797,S4R,14123,1872,1873,14132
PART-6-1,13798,S4R,1040,14124,14133,1041
PART-6-1,13799,S4R,14124,14125,14134,14133
PART-6-1,13800,S4R,14125,14126,14135,14134
PART-6-1,13801,S4R,14126,14127,14136,14135
PART-6-1,13802,S4R,14127,14128,14137,14136
PART-6-1,13803,S4R,14128,14129,14138,14137
PART-6-1,13804,S4R,14129,14130,14139,14138
PART-6-1,13805,S4R,14130,14131,14140,14139
PART-6-1,13806,S4R,14131,14132,14141,14140
PART-6-1,13807,S4R,14132,1873,1874,14141
PART-6-1,13808,S4R,1041,14133,14142,1042
PART-6-1,13809,S4R,14133,14134,14143,14142
PART-6-1,13810,S4R,14134,14135,14144,14143
PART-6-1,13811,S4R,14135,14136,14145,14144
PART-6-1,13812,S4R,14136,14137,14146,14145
PART-6-1,13813,S4R,14137,14138,14147,14146
PART-6-1,13814,S4R,14138,14139,14148,14147
PART-6-1,13815,S4R,14139,14140,14149,14148
PART-6-1,13816,S4R,14140,14141,14150,14149
PART-6-1,13817,S4R,14141,1874,1875,14150
PART-6-1,13818,S4R,1042,14142,14151,1043
PART-6-1,13819,S4R,14142,14143,14152,14151
PART-6-1,13820,S4R,14143,14144,14153,14152
PART-6-1,13821,S4R,14144,14145,14154,14153
PART-6-1,13822,S4R,14145,14146,14155,14154
PART-6-1,13823,S4R,14146,14147,14156,14155
PART-6-1,13824,S4R,14147,14148,14157,14156
PART-6-1,13825,S4R,14148,14149,14158,14157
PART-6-1,13826,S4R,14149,14150,14159,14158
PART-6-1,13827,S4R,14150,1875,1876,14159
PART-6-1,13828,S4R,1043,14151,14160,1044
PART-6-1,13829,S4R,14151,14152,14161,14160
PART-6-1,13830,S4R,14152,14153,14162,14161
PART-6-1,13831,S4R,14153,14154,14163,14162
PART-6-1,13832,S4R,14154,14155,14164,14163
PART-6-1,13833,S4R,14155,14156,14165,14164
PART-6-1,13834,S4R,14156,14157,14166,14165
PART-6-1,13835,S4R,14157,14158,14167,14166
PART-6-1,13836,S4R,14158,14159,14168,14167
PART-6-1,13837,S4R,14159,1876,1877,14168
PART-6-1,13838,S4R,1044,14160,14169,1045
PART-6-1,13839,S4R,14160,14161,14170,14169
PART-6-1,13840,S4R,14161,14162,14171,14170
PART-6-1,13841,S4R,14162,14163,14172,14171
PART-6-1,13842,S4R,14163,14164,14173,14172
PART-6-1,13843,S4R,14164,14165,14174,14173
PART-6-1,13844,S4R,14165,14166,14175,14174
PART-6-1,13845,S4R,14166,14167,14176,14175
PART-6-1,13846,S4R,14167,14168,14177,14176
PART-6-1,13847,S4R,14168,1877,1878,14177
PART-6-1,13848,S4R,1045,14169,14178,1046
PART-6-1,13849,S4R,14169,14170,14179,14178
PART-6-1,13850,S4R,14170,14171,14180,14179
PART-6-1,13851,S4R,14171,14172,14181,14180
PART-6-1,13852,S4R,14172,14173,14182,14181
PART-6-1,13853,S4R,14173,14174,14183,14182
PART-6-1,13854,S4R,14174,14175,14184,14183
PART-6-1,13855,S4R,14175,14176,14185,14184
PART-6-1,13856,S4R,14176,14177,14186,14185
PART-6-1,13857,S4R,14177,1878,1879,14186
PART-6-1,13858,S4R,1046,14178,14187,1047
PART-6-1,13859,S4R,14178,14179,14188,14187
PART-6-1,13860,S4R,14179,14180,14189,14188
PART-6-1,13861,S4R,14180,14181,14190,14189
PART-6-1,13862,S4R,14181,14182,14191,14190
PART-6-1,13863,S4R,14182,14183,14192,14191
PART-6-1,13864,S4R,14183,14184,14193,14192
PART-6-1,13865,S4R,14184,14185,14194,14193
PART-6-1,13866,S4R,14185,14186,14195,14194
PART-6-1,13867,S4R,14186,1879,1880,14195
PART-6-1,13868,S4R,1047,14187,14196,1048
PART-6-1,13869,S4R,14187,14188,14197,14196
PART-6-1,13870,S4R,14188,14189,14198,14197
PART-6-1,13871,S4R,14189,14190,14199,14198
PART-6-1,13872,S4R,14190,14191,14200,14199
PART-6-1,13873,S4R,14191,14192,14201,14200
PART-6-1,13874,S4R,14192,14193,14202,14201
PART-6-1,13875,S4R,14193,14194,14203,14202
PART-6-1,13876,S4R,14194,14195,14204,14203
PART-6-1,13877,S4R,14195,1880,1881,14204
PART-6-1,13878,S4R,1048,14196,14205,1049
PART-6-1,13879,S4R,14196,14197,14206,14205
PART-6-1,13880,S4R,14197,14198,14207,14206
PART-6-1,13881,S4R,14198,14199,14208,14207
PART-6-1,13882,S4R,14199,14200,14209,14208
PART-6-1,13883,S4R,14200,14201,14210,14209
PART-6-1,13884,S4R,14201,14202,14211,14210
PART-6-1,13885,S4R,14202,14203,14212,14211
PART-6-1,13886,S4R,14203,14204,14213,14212
PART-6-1,13887,S4R,14204,1881,1882,14213
PART-6-1,13888,S4R,1049,14205,14214,1050
PART-6-1,13889,S4R,14205,14206,14215,14214
PART-6-1,13890,S4R,14206,14207,14216,14215
PART-6-1,13891,S4R,14207,14208,14217,14216
PART-6-1,13892,S4R,14208,14209,14218,14217
PART-6-1,13893,S4R,14209,14210,14219,14218
PART-6-1,13894,S4R,14210,14211,14220,14219
PART-6-1,13895,S4R,14211,14212,14221,14220
PART-6-1,13896,S4R,14212,14213,14222,14221
PART-6-1,13897,S4R,14213,1882,1883,14222
PART-6-1,13898,S4R,1050,14214,14223,1051
PART-6-1,13899,S4R,14214,14215,14224,14223
PART-6-1,13900,S4R,14215,14216,14225,14224
PART-6-1,13901,S4R,14216,14217,14226,14225
PART-6-1,13902,S4R,14217,14218,14227,14226
PART-6-1,13903,S4R,14218,14219,14228,14227
PART-6-1,13904,S4R,14219,14220,14229,14228
PART-6-1,13905,S4R,14220,14221,14230,14229
PART-6-1,13906,S4R,14221,14222,14231,14230
PART-6-1,13907,S4R,14222,1883,1884,14231
PART-6-1,13908,S4R,1051,14223,14232,1052
PART-6-1,13909,S4R,14223,14224,14233,14232
PART-6-1,13910,S4R,14224,14225,14234,14233
PART-6-1,13911,S4R,14225,14226,14235,14234
PART-6-1,13912,S4R,14226,14227,14236,14235
PART-6-1,13913,S4R,14227,14228,14237,14236
PART-6-1,13914,S4R,14228,14229,14238,14237
PART-6-1,13915,S4R,14229,14230,14239,14238
PART-6-1,13916,S4R,14230,14231,14240,14239
PART-6-1,13917,S4R,14231,1884,1885,14240
PART-6-1,13918,S4R,1052,14232,14241,57
PART-6-1,13919,S4R,14232,14233,14242,14241
PART-6-1,13920,S4R,14233,14234,14243,14242
PART-6-1,13921,S4R,14234,14235,14244,14243
PART-6-1,13922,S4R,14235,14236,14245,14244
PART-6-1,13923,S4R,14236,14237,14246,14245
PART-6-1,13924,S4R,14237,14238,14247,14246
PART-6-1,13925,S4R,14238,14239,14248,14247
PART-6-1,13926,S4R,14239,14240,14249,14248
PART-6-1,13927,S4R,14240,1885,1886,14249
PART-6-1,13928,S4R,57,14241,14250,1092
PART-6-1,13929,S4R,14241,14242,14251,14250
PART-6-1,13930,S4R,14242,14243,14252,14251
PART-6-1,13931,S4R,14243,14244,14253,14252
PART-6-1,13932,S4R,14244,14245,14254,14253
PART-6-1,13933,S4R,14245,14246,14255,14254
PART-6-1,13934,S4R,14246,14247,14256,14255
PART-6-1,13935,S4R,14247,14248,14257,14256
PART-6-1,13936,S4R,14248,14249,14258,14257
PART-6-1,13937,S4R,14249,1886,1887,14258
PART-6-1,13938,S4R,1092,14250,14259,1093
PART-6-1,13939,S4R,14250,14251,14260,14259
PART-6-1,13940,S4R,14251,14252,14261,14260
PART-6-1,13941,S4R,14252,14253,14262,14261
PART-6-1,13942,S4R,14253,14254,14263,14262
PART-6-1,13943,S4R,14254,14255,14264,14263
PART-6-1,13944,S4R,14255,14256,14265,14264
PART-6-1,13945,S4R,14256,14257,14266,14265
PART-6-1,13946,S4R,14257,14258,14267,14266
PART-6-1,13947,S4R,14258,1887,1888,14267
PART-6-1,13948,S4R,1093,14259,14268,1094
PART-6-1,13949,S4R,14259,14260,14269,14268
PART-6-1,13950,S4R,14260,14261,14270,14269
PART-6-1,13951,S4R,14261,14262,14271,14270
PART-6-1,13952,S4R,14262,14263,14272,14271
PART-6-1,13953,S4R,14263,14264,14273,14272
PART-6-1,13954,S4R,14264,14265,14274,14273
PART-6-1,13955,S4R,14265,14266,14275,14274
PART-6-1,13956,S4R,14266,14267,14276,14275
PART-6-1,13957,S4R,14267,1888,1889,14276
PART-6-1,13958,S4R,1094,14268,14277,1095
PART-6-1,13959,S4R,14268,14269,14278,14277
PART-6-1,13960,S4R,14269,14270,14279,14278
PART-6-1,13961,S4R,14270,14271,14280,14279
PART-6-1,13962,S4R,14271,14272,14281,14280
PART-6-1,13963,S4R,14272,14273,14282,14281
PART-6-1,13964,S4R,14273,14274,14283,14282
PART-6-1,13965,S4R,14274,14275,14284,14283
PART-6-1,13966,S4R,14275,14276,14285,14284
PART-6-1,13967,S4R,14276,1889,1890,14285
PART-6-1,13968,S4R,1095,14277,14286,1096
PART-6-1,13969,S4R,14277,14278,14287,14286
PART-6-1,13970,S4R,14278,14279,14288,14287
PART-6-1,13971,S4R,14279,14280,14289,14288
PART-6-1,13972,S4R,14280,14281,14290,14289
PART-6-1,13973,S4R,14281,14282,14291,14290
PART-6-1,13974,S4R,14282,14283,14292,14291
PART-6-1,13975,S4R,14283,14284,14293,14292
PART-6-1,13976,S4R,14284,14285,14294,14293
PART-6-1,13977,S4R,14285,1890,1891,14294
PART-6-1,13978,S4R,1096,14286,14295,1097
PART-6-1,13979,S4R,14286,14287,14296,14295
PART-6-1,13980,S4R,14287,14288,14297,14296
PART-6-1,13981,S4R,14288,14289,14298,14297
PART-6-1,13982,S4R,14289,14290,14299,14298
PART-6-1,13983,S4R,14290,14291,14300,14299
PART-6-1,13984,S4R,14291,14292,14301,14300
PART-6-1,13985,S4R,14292,14293,14302,14301
PART-6-1,13986,S4R,14293,14294,14303,14302
PART-6-1,13987,S4R,14294,1891,1892,14303
PART-6-1,13988,S4R,1097,14295,14304,1098
PART-6-1,13989,S4R,14295,14296,14305,14304
PART-6-1,13990,S4R,14296,14297,14306,14305
PART-6-1,13991,S4R,14297,14298,14307,14306
PART-6-1,13992,S4R,14298,14299,14308,14307
PART-6-1,13993,S4R,14299,14300,14309,14308
PART-6-1,13994,S4R,14300,14301,14310,14309
PART-6-1,13995,S4R,14301,14302,14311,14310
PART-6-1,13996,S4R,14302,14303,14312,14311
PART-6-1,13997,S4R,14303,1892,1893,14312
PART-6-1,13998,S4R,1098,14304,14313,1099
PART-6-1,13999,S4R,14304,14305,14314,14313
PART-6-1,14000,S4R,14305,14306,14315,14314
PART-6-1,14001,S4R,14306,14307,14316,14315
PART-6-1,14002,S4R,14307,14308,14317,14316
PART-6-1,14003,S4R,14308,14309,14318,14317
PART-6-1,14004,S4R,14309,14310,14319,14318
PART-6-1,14005,S4R,14310,14311,14320,14319
PART-6-1,14006,S4R,14311,14312,14321,14320
PART-6-1,14007,S4R,14312,1893,1894,14321
PART-6-1,14008,S4R,1099,14313,14322,1100
PART-6-1,14009,S4R,14313,14314,14323,14322
PART-6-1,14010,S4R,14314,14315,14324,14323
PART-6-1,14011,S4R,14315,14316,14325,14324
PART-6-1,14012,S4R,14316,14317,14326,14325
PART-6-1,14013,S4R,14317,14318,14327,14326
PART-6-1,14014,S4R,14318,14319,14328,14327
PART-6-1,14015,S4R,14319,14320,14329,14328
PART-6-1,14016,S4R,14320,14321,14330,14329
PART-6-1,14017,S4R,14321,1894,1895,14330
PART-6-1,14018,S4R,1100,14322,14331,1101
PART-6-1,14019,S4R,14322,14323,14332,14331
PART-6-1,14020,S4R,14323,14324,14333,14332
PART-6-1,14021,S4R,14324,14325,14334,14333
PART-6-1,14022,S4R,14325,14326,14335,14334
PART-6-1,14023,S4R,14326,14327,14336,14335
PART-6-1,14024,S4R,14327,14328,14337,14336
PART-6-1,14025,S4R,14328,14329,14338,14337
PART-6-1,14026,S4R,14329,14330,14339,14338
PART-6-1,14027,S4R,14330,1895,1896,14339
PART-6-1,14028,S4R,1101,14331,14340,1102
PART-6-1,14029,S4R,14331,14332,14341,14340
PART-6-1,14030,S4R,14332,14333,14342,14341
PART-6-1,14031,S4R,14333,14334,14343,14342
PART-6-1,14032,S4R,14334,14335,14344,14343
PART-6-1,14033,S4R,14335,14336,14345,14344
PART-6-1,14034,S4R,14336,14337,14346,14345
PART-6-1,14035,S4R,14337,14338,14347,14346
PART-6-1,14036,S4R,14338,14339,14348,14347
PART-6-1,14037,S4R,14339,1896,1897,14348
PART-6-1,14038,S4R,1102,14340,14349,1103
PART-6-1,14039,S4R,14340,14341,14350,14349
PART-6-1,14040,S4R,14341,14342,14351,14350
PART-6-1,14041,S4R,14342,14343,14352,14351
PART-6-1,14042,S4R,14343,14344,14353,14352
PART-6-1,14043,S4R,14344,14345,14354,14353
PART-6-1,14044,S4R,14345,14346,14355,14354
PART-6-1,14045,S4R,14346,14347,14356,14355
PART-6-1,14046,S4R,14347,14348,14357,14356
PART-6-1,14047,S4R,14348,1897,1898,14357
PART-6-1,14048,S4R,1103,14349,14358,1104
PART-6-1,14049,S4R,14349,14350,14359,14358
PART-6-1,14050,S4R,14350,14351,14360,14359
PART-6-1,14051,S4R,14351,14352,14361,14360
PART-6-1,14052,S4R,14352,14353,14362,14361
PART-6-1,14053,S4R,14353,14354,14363,14362
PART-6-1,14054,S4R,14354,14355,14364,14363
PART-6-1,14055,S4R,14355,14356,14365,14364
PART-6-1,14056,S4R,14356,14357,14366,14365
PART-6-1,14057,S4R,14357,1898,1899,14366
PART-6-1,14058,S4R,1104,14358,14367,1105
PART-6-1,14059,S4R,14358,14359,14368,14367
PART-6-1,14060,S4R,14359,14360,14369,14368
PART-6-1,14061,S4R,14360,14361,14370,14369
PART-6-1,14062,S4R,14361,14362,14371,14370
PART-6-1,14063,S4R,14362,14363,14372,14371
PART-6-1,14064,S4R,14363,14364,14373,14372
PART-6-1,14065,S4R,14364,14365,14374,14373
PART-6-1,14066,S4R,14365,14366,14375,14374
PART-6-1,14067,S4R,14366,1899,1900,14375
PART-6-1,14068,S4R,1105,14367,14376,59
PART-6-1,14069,S4R,14367,14368,14377,14376
PART-6-1,14070,S4R,14368,14369,14378,14377
PART-6-1,14071,S4R,14369,14370,14379,14378
PART-6-1,14072,S4R,14370,14371,14380,14379
PART-6-1,14073,S4R,14371,14372,14381,14380
PART-6-1,14074,S4R,14372,14373,14382,14381
PART-6-1,14075,S4R,14373,14374,14383,14382
PART-6-1,14076,S4R,14374,14375,14384,14383
PART-6-1,14077,S4R,14375,1900,1901,14384
PART-6-1,14078,S4R,59,14376,14385,1973
PART-6-1,14079,S4R,14376,14377,14386,14385
PART-6-1,14080,S4R,14377,14378,14387,14386
PART-6-1,14081,S4R,14378,14379,14388,14387
PART-6-1,14082,S4R,14379,14380,14389,14388
PART-6-1,14083,S4R,14380,14381,14390,14389
PART-6-1,14084,S4R,14381,14382,14391,14390
PART-6-1,14085,S4R,14382,14383,14392,14391
PART-6-1,14086,S4R,14383,14384,14393,14392
PART-6-1,14087,S4R,14384,1901,1902,14393
PART-6-1,14088,S4R,1973,14385,14394,1972
PART-6-1,14089,S4R,14385,14386,14395,14394
PART-6-1,14090,S4R,14386,14387,14396,14395
PART-6-1,14091,S4R,14387,14388,14397,14396
PART-6-1,14092,S4R,14388,14389,14398,14397
PART-6-1,14093,S4R,14389,14390,14399,14398
PART-6-1,14094,S4R,14390,14391,14400,14399
PART-6-1,14095,S4R,14391,14392,14401,14400
PART-6-1,14096,S4R,14392,14393,14402,14401
PART-6-1,14097,S4R,14393,1902,1903,14402
PART-6-1,14098,S4R,1972,14394,14403,1971
PART-6-1,14099,S4R,14394,14395,14404,14403
PART-6-1,14100,S4R,14395,14396,14405,14404
PART-6-1,14101,S4R,14396,14397,14406,14405
PART-6-1,14102,S4R,14397,14398,14407,14406
PART-6-1,14103,S4R,14398,14399,14408,14407
PART-6-1,14104,S4R,14399,14400,14409,14408
PART-6-1,14105,S4R,14400,14401,14410,14409
PART-6-1,14106,S4R,14401,14402,14411,14410
PART-6-1,14107,S4R,14402,1903,1904,14411
PART-6-1,14108,S4R,1971,14403,14412,1970
PART-6-1,14109,S4R,14403,14404,14413,14412
PART-6-1,14110,S4R,14404,14405,14414,14413
PART-6-1,14111,S4R,14405,14406,14415,14414
PART-6-1,14112,S4R,14406,14407,14416,14415
PART-6-1,14113,S4R,14407,14408,14417,14416
PART-6-1,14114,S4R,14408,14409,14418,14417
PART-6-1,14115,S4R,14409,14410,14419,14418
PART-6-1,14116,S4R,14410,14411,14420,14419
PART-6-1,14117,S4R,14411,1904,1905,14420
PART-6-1,14118,S4R,1970,14412,14421,1969
PART-6-1,14119,S4R,14412,14413,14422,14421
PART-6-1,14120,S4R,14413,14414,14423,14422
PART-6-1,14121,S4R,14414,14415,14424,14423
PART-6-1,14122,S4R,14415,14416,14425,14424
PART-6-1,14123,S4R,14416,14417,14426,14425
PART-6-1,14124,S4R,14417,14418,14427,14426
PART-6-1,14125,S4R,14418,14419,14428,14427
PART-6-1,14126,S4R,14419,14420,14429,14428
PART-6-1,14127,S4R,14420,1905,1906,14429
PART-6-1,14128,S4R,1969,14421,14430,1968
PART-6-1,14129,S4R,14421,14422,14431,14430
PART-6-1,14130,S4R,14422,14423,14432,14431
PART-6-1,14131,S4R,14423,14424,14433,14432
PART-6-1,14132,S4R,14424,14425,14434,14433
PART-6-1,14133,S4R,14425,14426,14435,14434
PART-6-1,14134,S4R,14426,14427,14436,14435
PART-6-1,14135,S4R,14427,14428,14437,14436
PART-6-1,14136,S4R,14428,14429,14438,14437
PART-6-1,14137,S4R,14429,1906,1907,14438
PART-6-1,14138,S4R,1968,14430,14439,1967
PART-6-1,14139,S4R,14430,14431,14440,14439
PART-6-1,14140,S4R,14431,14432,14441,14440
PART-6-1,14141,S4R,14432,14433,14442,14441
PART-6-1,14142,S4R,14433,14434,14443,14442
PART-6-1,14143,S4R,14434,14435,14444,14443
PART-6-1,14144,S4R,14435,14436,14445,14444
PART-6-1,14145,S4R,14436,14437,14446,14445
PART-6-1,14146,S4R,14437,14438,14447,14446
PART-6-1,14147,S4R,14438,1907,1908,14447
PART-6-1,14148,S4R,1967,14439,14448,1966
PART-6-1,14149,S4R,14439,14440,14449,14448
PART-6-1,14150,S4R,14440,14441,14450,14449
PART-6-1,14151,S4R,14441,14442,14451,14450
PART-6-1,14152,S4R,14442,14443,14452,14451
PART-6-1,14153,S4R,14443,14444,14453,14452
PART-6-1,14154,S4R,14444,14445,14454,14453
PART-6-1,14155,S4R,14445,14446,14455,14454
PART-6-1,14156,S4R,14446,14447,14456,14455
PART-6-1,14157,S4R,14447,1908,1909,14456
PART-6-1,14158,S4R,1966,14448,14457,1965
PART-6-1,14159,S4R,14448,14449,14458,14457
PART-6-1,14160,S4R,14449,14450,14459,14458
PART-6-1,14161,S4R,14450,14451,14460,14459
PART-6-1,14162,S4R,14451,14452,14461,14460
PART-6-1,14163,S4R,14452,14453,14462,14461
PART-6-1,14164,S4R,14453,14454,14463,14462
PART-6-1,14165,S4R,14454,14455,14464,14463
PART-6-1,14166,S4R,14455,14456,14465,14464
PART-6-1,14167,S4R,14456,1909,1910,14465
PART-6-1,14168,S4R,1965,14457,14466,1964
PART-6-1,14169,S4R,14457,14458,14467,14466
PART-6-1,14170,S4R,14458,14459,14468,14467
PART-6-1,14171,S4R,14459,14460,14469,14468
PART-6-1,14172,S4R,14460,14461,14470,14469
PART-6-1,14173,S4R,14461,14462,14471,14470
PART-6-1,14174,S4R,14462,14463,14472,14471
PART-6-1,14175,S4R,14463,14464,14473,14472
PART-6-1,14176,S4R,14464,14465,14474,14473
PART-6-1,14177,S4R,14465,1910,1911,14474
PART-6-1,14178,S4R,1964,14466,14475,1963
PART-6-1,14179,S4R,14466,14467,14476,14475
PART-6-1,14180,S4R,14467,14468,14477,14476
PART-6-1,14181,S4R,14468,14469,14478,14477
PART-6-1,14182,S4R,14469,14470,14479,14478
PART-6-1,14183,S4R,14470,14471,14480,14479
PART-6-1,14184,S4R,14471,14472,14481,14480
PART-6-1,14185,S4R,14472,14473,14482,14481
PART-6-1,14186,S4R,14473,14474,14483,14482
PART-6-1,14187,S4R,14474,1911,1912,14483
PART-6-1,14188,S4R,1963,14475,14484,1962
PART-6-1,14189,S4R,14475,14476,14485,14484
PART-6-1,14190,S4R,14476,14477,14486,14485
PART-6-1,14191,S4R,14477,14478,14487,14486
PART-6-1,14192,S4R,14478,14479,14488,14487
PART-6-1,14193,S4R,14479,14480,14489,14488
PART-6-1,14194,S4R,14480,14481,14490,14489
PART-6-1,14195,S4R,14481,14482,14491,14490
PART-6-1,14196,S4R,14482,14483,14492,14491
PART-6-1,14197,S4R,14483,1912,1913,14492
PART-6-1,14198,S4R,1962,14484,14493,1961
PART-6-1,14199,S4R,14484,14485,14494,14493
PART-6-1,14200,S4R,14485,14486,14495,14494
PART-6-1,14201,S4R,14486,14487,14496,14495
PART-6-1,14202,S4R,14487,14488,14497,14496
PART-6-1,14203,S4R,14488,14489,14498,14497
PART-6-1,14204,S4R,14489,14490,14499,14498
PART-6-1,14205,S4R,14490,14491,14500,14499
PART-6-1,14206,S4R,14491,14492,14501,14500
PART-6-1,14207,S4R,14492,1913,1914,14501
PART-6-1,14208,S4R,1961,14493,14502,1960
PART-6-1,14209,S4R,14493,14494,14503,14502
PART-6-1,14210,S4R,14494,14495,14504,14503
PART-6-1,14211,S4R,14495,14496,14505,14504
PART-6-1,14212,S4R,14496,14497,14506,14505
PART-6-1,14213,S4R,14497,14498,14507,14506
PART-6-1,14214,S4R,14498,14499,14508,14507
PART-6-1,14215,S4R,14499,14500,14509,14508
PART-6-1,14216,S4R,14500,14501,14510,14509
PART-6-1,14217,S4R,14501,1914,1915,14510
PART-6-1,14218,S4R,1960,14502,14511,1959
PART-6-1,14219,S4R,14502,14503,14512,14511
PART-6-1,14220,S4R,14503,14504,14513,14512
PART-6-1,14221,S4R,14504,14505,14514,14513
PART-6-1,14222,S4R,14505,14506,14515,14514
PART-6-1,14223,S4R,14506,14507,14516,14515
PART-6-1,14224,S4R,14507,14508,14517,14516
PART-6-1,14225,S4R,14508,14509,14518,14517
PART-6-1,14226,S4R,14509,14510,14519,14518
PART-6-1,14227,S4R,14510,1915,1916,14519
PART-6-1,14228,S4R,1959,14511,14520,1958
PART-6-1,14229,S4R,14511,14512,14521,14520
PART-6-1,14230,S4R,14512,14513,14522,14521
PART-6-1,14231,S4R,14513,14514,14523,14522
PART-6-1,14232,S4R,14514,14515,14524,14523
PART-6-1,14233,S4R,14515,14516,14525,14524
PART-6-1,14234,S4R,14516,14517,14526,14525
PART-6-1,14235,S4R,14517,14518,14527,14526
PART-6-1,14236,S4R,14518,14519,14528,14527
PART-6-1,14237,S4R,14519,1916,1917,14528
PART-6-1,14238,S4R,1958,14520,14529,1957
PART-6-1,14239,S4R,14520,14521,14530,14529
PART-6-1,14240,S4R,14521,14522,14531,14530
PART-6-1,14241,S4R,14522,14523,14532,14531
PART-6-1,14242,S4R,14523,14524,14533,14532
PART-6-1,14243,S4R,14524,14525,14534,14533
PART-6-1,14244,S4R,14525,14526,14535,14534
PART-6-1,14245,S4R,14526,14527,14536,14535
PART-6-1,14246,S4R,14527,14528,14537,14536
PART-6-1,14247,S4R,14528,1917,1918,14537
PART-6-1,14248,S4R,1957,14529,14538,1956
PART-6-1,14249,S4R,14529,14530,14539,14538
PART-6-1,14250,S4R,14530,14531,14540,14539
PART-6-1,14251,S4R,14531,14532,14541,14540
PART-6-1,14252,S4R,14532,14533,14542,14541
PART-6-1,14253,S4R,14533,14534,14543,14542
PART-6-1,14254,S4R,14534,14535,14544,14543
PART-6-1,14255,S4R,14535,14536,14545,14544
PART-6-1,14256,S4R,14536,14537,14546,14545
PART-6-1,14257,S4R,14537,1918,1919,14546
PART-6-1,14258,S4R,1956,14538,14547,1955
PART-6-1,14259,S4R,14538,14539,14548,14547
PART-6-1,14260,S4R,14539,14540,14549,14548
PART-6-1,14261,S4R,14540,14541,14550,14549
PART-6-1,14262,S4R,14541,14542,14551,14550
PART-6-1,14263,S4R,14542,14543,14552,14551
PART-6-1,14264,S4R,14543,14544,14553,14552
PART-6-1,14265,S4R,14544,14545,14554,14553
PART-6-1,14266,S4R,14545,14546,14555,14554
PART-6-1,14267,S4R,14546,1919,1920,14555
PART-6-1,14268,S4R,1955,14547,14556,1954
PART-6-1,14269,S4R,14547,14548,14557,14556
PART-6-1,14270,S4R,14548,14549,14558,14557
PART-6-1,14271,S4R,14549,14550,14559,14558
PART-6-1,14272,S4R,14550,14551,14560,14559
PART-6-1,14273,S4R,14551,14552,14561,14560
PART-6-1,14274,S4R,14552,14553,14562,14561
PART-6-1,14275,S4R,14553,14554,14563,14562
PART-6-1,14276,S4R,14554,14555,14564,14563
PART-6-1,14277,S4R,14555,1920,1921,14564
PART-6-1,14278,S4R,1954,14556,14565,1953
PART-6-1,14279,S4R,14556,14557,14566,14565
PART-6-1,14280,S4R,14557,14558,14567,14566
PART-6-1,14281,S4R,14558,14559,14568,14567
PART-6-1,14282,S4R,14559,14560,14569,14568
PART-6-1,14283,S4R,14560,14561,14570,14569
PART-6-1,14284,S4R,14561,14562,14571,14570
PART-6-1,14285,S4R,14562,14563,14572,14571
PART-6-1,14286,S4R,14563,14564,14573,14572
PART-6-1,14287,S4R,14564,1921,1922,14573
PART-6-1,14288,S4R,1953,14565,14574,1952
PART-6-1,14289,S4R,14565,14566,14575,14574
PART-6-1,14290,S4R,14566,14567,14576,14575
PART-6-1,14291,S4R,14567,14568,14577,14576
PART-6-1,14292,S4R,14568,14569,14578,14577
PART-6-1,14293,S4R,14569,14570,14579,14578
PART-6-1,14294,S4R,14570,14571,14580,14579
PART-6-1,14295,S4R,14571,14572,14581,14580
PART-6-1,14296,S4R,14572,14573,14582,14581
PART-6-1,14297,S4R,14573,1922,1923,14582
PART-6-1,14298,S4R,1952,14574,14583,1951
PART-6-1,14299,S4R,14574,14575,14584,14583
PART-6-1,14300,S4R,14575,14576,14585,14584
PART-6-1,14301,S4R,14576,14577,14586,14585
PART-6-1,14302,S4R,14577,14578,14587,14586
PART-6-1,14303,S4R,14578,14579,14588,14587
PART-6-1,14304,S4R,14579,14580,14589,14588
PART-6-1,14305,S4R,14580,14581,14590,14589
PART-6-1,14306,S4R,14581,14582,14591,14590
PART-6-1,14307,S4R,14582,1923,1924,14591
PART-6-1,14308,S4R,1951,14583,14592,1950
PART-6-1,14309,S4R,14583,14584,14593,14592
PART-6-1,14310,S4R,14584,14585,14594,14593
PART-6-1,14311,S4R,14585,14586,14595,14594
PART-6-1,14312,S4R,14586,14587,14596,14595
PART-6-1,14313,S4R,14587,14588,14597,14596
PART-6-1,14314,S4R,14588,14589,14598,14597
PART-6-1,14315,S4R,14589,14590,14599,14598
PART-6-1,14316,S4R,14590,14591,14600,14599
PART-6-1,14317,S4R,14591,1924,1925,14600
PART-6-1,14318,S4R,1950,14592,14601,1949
PART-6-1,14319,S4R,14592,14593,14602,14601
PART-6-1,14320,S4R,14593,14594,14603,14602
PART-6-1,14321,S4R,14594,14595,14604,14603
PART-6-1,14322,S4R,14595,14596,14605,14604
PART-6-1,14323,S4R,14596,14597,14606,14605
PART-6-1,14324,S4R,14597,14598,14607,14606
PART-6-1,14325,S4R,14598,14599,14608,14607
PART-6-1,14326,S4R,14599,14600,14609,14608
PART-6-1,14327,S4R,14600,1925,1926,14609
PART-6-1,14328,S4R,1949,14601,14610,1948
PART-6-1,14329,S4R,14601,14602,14611,14610
PART-6-1,14330,S4R,14602,14603,14612,14611
PART-6-1,14331,S4R,14603,14604,14613,14612
PART-6-1,14332,S4R,14604,14605,14614,14613
PART-6-1,14333,S4R,14605,14606,14615,14614
PART-6-1,14334,S4R,14606,14607,14616,14615
PART-6-1,14335,S4R,14607,14608,14617,14616
PART-6-1,14336,S4R,14608,14609,14618,14617
PART-6-1,14337,S4R,14609,1926,1927,14618
PART-6-1,14338,S4R,1948,14610,14619,1947
PART-6-1,14339,S4R,14610,14611,14620,14619
PART-6-1,14340,S4R,14611,14612,14621,14620
PART-6-1,14341,S4R,14612,14613,14622,14621
PART-6-1,14342,S4R,14613,14614,14623,14622
PART-6-1,14343,S4R,14614,14615,14624,14623
PART-6-1,14344,S4R,14615,14616,14625,14624
PART-6-1,14345,S4R,14616,14617,14626,14625
PART-6-1,14346,S4R,14617,14618,14627,14626
PART-6-1,14347,S4R,14618,1927,1928,14627
PART-6-1,14348,S4R,1947,14619,14628,1946
PART-6-1,14349,S4R,14619,14620,14629,14628
PART-6-1,14350,S4R,14620,14621,14630,14629
PART-6-1,14351,S4R,14621,14622,14631,14630
PART-6-1,14352,S4R,14622,14623,14632,14631
PART-6-1,14353,S4R,14623,14624,14633,14632
PART-6-1,14354,S4R,14624,14625,14634,14633
PART-6-1,14355,S4R,14625,14626,14635,14634
PART-6-1,14356,S4R,14626,14627,14636,14635
PART-6-1,14357,S4R,14627,1928,1929,14636
PART-6-1,14358,S4R,1946,14628,14637,1945
PART-6-1,14359,S4R,14628,14629,14638,14637
PART-6-1,14360,S4R,14629,14630,14639,14638
PART-6-1,14361,S4R,14630,14631,14640,14639
PART-6-1,14362,S4R,14631,14632,14641,14640
PART-6-1,14363,S4R,14632,14633,14642,14641
PART-6-1,14364,S4R,14633,14634,14643,14642
PART-6-1,14365,S4R,14634,14635,14644,14643
PART-6-1,14366,S4R,14635,14636,14645,14644
PART-6-1,14367,S4R,14636,1929,1930,14645
PART-6-1,14368,S4R,1945,14637,14646,1944
PART-6-1,14369,S4R,14637,14638,14647,14646
PART-6-1,14370,S4R,14638,14639,14648,14647
PART-6-1,14371,S4R,14639,14640,14649,14648
PART-6-1,14372,S4R,14640,14641,14650,14649
PART-6-1,14373,S4R,14641,14642,14651,14650
PART-6-1,14374,S4R,14642,14643,14652,14651
PART-6-1,14375,S4R,14643,14644,14653,14652
PART-6-1,14376,S4R,14644,14645,14654,14653
PART-6-1,14377,S4R,14645,1930,1931,14654
PART-6-1,14378,S4R,1944,14646,14655,1943
PART-6-1,14379,S4R,14646,14647,14656,14655
PART-6-1,14380,S4R,14647,14648,14657,14656
PART-6-1,14381,S4R,14648,14649,14658,14657
PART-6-1,14382,S4R,14649,14650,14659,14658
PART-6-1,14383,S4R,14650,14651,14660,14659
PART-6-1,14384,S4R,14651,14652,14661,14660
PART-6-1,14385,S4R,14652,14653,14662,14661
PART-6-1,14386,S4R,14653,14654,14663,14662
PART-6-1,14387,S4R,14654,1931,1932,14663
PART-6-1,14388,S4R,1943,14655,14664,1942
PART-6-1,14389,S4R,14655,14656,14665,14664
PART-6-1,14390,S4R,14656,14657,14666,14665
PART-6-1,14391,S4R,14657,14658,14667,14666
PART-6-1,14392,S4R,14658,14659,14668,14667
PART-6-1,14393,S4R,14659,14660,14669,14668
PART-6-1,14394,S4R,14660,14661,14670,14669
PART-6-1,14395,S4R,14661,14662,14671,14670
PART-6-1,14396,S4R,14662,14663,14672,14671
PART-6-1,14397,S4R,14663,1932,1933,14672
PART-6-1,14398,S4R,1942,14664,14673,1941
PART-6-1,14399,S4R,14664,14665,14674,14673
PART-6-1,14400,S4R,14665,14666,14675,14674
PART-6-1,14401,S4R,14666,14667,14676,14675
PART-6-1,14402,S4R,14667,14668,14677,14676
PART-6-1,14403,S4R,14668,14669,14678,14677
PART-6-1,14404,S4R,14669,14670,14679,14678
PART-6-1,14405,S4R,14670,14671,14680,14679
PART-6-1,14406,S4R,14671,14672,14681,14680
PART-6-1,14407,S4R,14672,1933,1934,14681
PART-6-1,14408,S4R,1941,14673,14682,1940
PART-6-1,14409,S4R,14673,14674,14683,14682
PART-6-1,14410,S4R,14674,14675,14684,14683
PART-6-1,14411,S4R,14675,14676,14685,14684
PART-6-1,14412,S4R,14676,14677,14686,14685
PART-6-1,14413,S4R,14677,14678,14687,14686
PART-6-1,14414,S4R,14678,14679,14688,14687
PART-6-1,14415,S4R,14679,14680,14689,14688
PART-6-1,14416,S4R,14680,14681,14690,14689
PART-6-1,14417,S4R,14681,1934,1935,14690
PART-6-1,14418,S4R,1940,14682,14691,1939
PART-6-1,14419,S4R,14682,14683,14692,14691
PART-6-1,14420,S4R,14683,14684,14693,14692
PART-6-1,14421,S4R,14684,14685,14694,14693
PART-6-1,14422,S4R,14685,14686,14695,14694
PART-6-1,14423,S4R,14686,14687,14696,14695
PART-6-1,14424,S4R,14687,14688,14697,14696
PART-6-1,14425,S4R,14688,14689,14698,14697
PART-6-1,14426,S4R,14689,14690,14699,14698
PART-6-1,14427,S4R,14690,1935,1936,14699
PART-6-1,14428,S4R,1939,14691,14700,1938
PART-6-1,14429,S4R,14691,14692,14701,14700
PART-6-1,14430,S4R,14692,14693,14702,14701
PART-6-1,14431,S4R,14693,14694,14703,14702
PART-6-1,14432,S4R,14694,14695,14704,14703
PART-6-1,14433,S4R,14695,14696,14705,14704
PART-6-1,14434,S4R,14696,14697,14706,14705
PART-6-1,14435,S4R,14697,14698,14707,14706
PART-6-1,14436,S4R,14698,14699,14708,14707
PART-6-1,14437,S4R,14699,1936,1937,14708
PART-6-1,14438,S4R,1938,14700,272,38
PART-6-1,14439,S4R,14700,14701,271,272
PART-6-1,14440,S4R,14701,14702,270,271
PART-6-1,14441,S4R,14702,14703,269,270
PART-6-1,14442,S4R,14703,14704,268,269
PART-6-1,14443,S4R,14704,14705,267,268
PART-6-1,14444,S4R,14705,14706,266,267
PART-6-1,14445,S4R,14706,14707,265,266
PART-6-1,14446,S4R,14707,14708,264,265
PART-6-1,14447,S4R,14708,1937,37,264
PART-6-1,14448,S4R,20,14709,14733,158
PART-6-1,14449,S4R,14709,14710,14734,14733
PART-6-1,14450,S4R,14710,14711,14735,14734
PART-6-1,14451,S4R,14711,14712,14736,14735
PART-6-1,14452,S4R,14712,14713,14737,14736
PART-6-1,14453,S4R,14713,14714,14738,14737
PART-6-1,14454,S4R,14714,14715,14739,14738
PART-6-1,14455,S4R,14715,14716,14740,14739
PART-6-1,14456,S4R,14716,14717,14741,14740
PART-6-1,14457,S4R,14717,14718,14742,14741
PART-6-1,14458,S4R,14718,14719,14743,14742
PART-6-1,14459,S4R,14719,14720,14744,14743
PART-6-1,14460,S4R,14720,1944,1943,14744
PART-6-1,14461,S4R,158,14733,14745,159
PART-6-1,14462,S4R,14733,14734,14746,14745
PART-6-1,14463,S4R,14734,14735,14747,14746
PART-6-1,14464,S4R,14735,14736,14748,14747
PART-6-1,14465,S4R,14736,14737,14749,14748
PART-6-1,14466,S4R,14737,14738,14750,14749
PART-6-1,14467,S4R,14738,14739,14751,14750
PART-6-1,14468,S4R,14739,14740,14752,14751
PART-6-1,14469,S4R,14740,14741,14753,14752
PART-6-1,14470,S4R,14741,14742,14754,14753
PART-6-1,14471,S4R,14742,14743,14755,14754
PART-6-1,14472,S4R,14743,14744,14756,14755
PART-6-1,14473,S4R,14744,1943,1942,14756
PART-6-1,14474,S4R,159,14745,14757,160
PART-6-1,14475,S4R,14745,14746,14758,14757
PART-6-1,14476,S4R,14746,14747,14759,14758
PART-6-1,14477,S4R,14747,14748,14760,14759
PART-6-1,14478,S4R,14748,14749,14761,14760
PART-6-1,14479,S4R,14749,14750,14762,14761
PART-6-1,14480,S4R,14750,14751,14763,14762
PART-6-1,14481,S4R,14751,14752,14764,14763
PART-6-1,14482,S4R,14752,14753,14765,14764
PART-6-1,14483,S4R,14753,14754,14766,14765
PART-6-1,14484,S4R,14754,14755,14767,14766
PART-6-1,14485,S4R,14755,14756,14768,14767
PART-6-1,14486,S4R,14756,1942,1941,14768
PART-6-1,14487,S4R,160,14757,14769,161
PART-6-1,14488,S4R,14757,14758,14770,14769
PART-6-1,14489,S4R,14758,14759,14771,14770
PART-6-1,14490,S4R,14759,14760,14772,14771
PART-6-1,14491,S4R,14760,14761,14773,14772
PART-6-1,14492,S4R,14761,14762,14774,14773
PART-6-1,14493,S4R,14762,14763,14775,14774
PART-6-1,14494,S4R,14763,14764,14776,14775
PART-6-1,14495,S4R,14764,14765,14777,14776
PART-6-1,14496,S4R,14765,14766,14778,14777
PART-6-1,14497,S4R,14766,14767,14779,14778
PART-6-1,14498,S4R,14767,14768,14780,14779
PART-6-1,14499,S4R,14768,1941,1940,14780
PART-6-1,14500,S4R,161,14769,14781,162
PART-6-1,14501,S4R,14769,14770,14782,14781
PART-6-1,14502,S4R,14770,14771,14783,14782
PART-6-1,14503,S4R,14771,14772,14784,14783
PART-6-1,14504,S4R,14772,14773,14785,14784
PART-6-1,14505,S4R,14773,14774,14786,14785
PART-6-1,14506,S4R,14774,14775,14787,14786
PART-6-1,14507,S4R,14775,14776,14788,14787
PART-6-1,14508,S4R,14776,14777,14789,14788
PART-6-1,14509,S4R,14777,14778,14790,14789
PART-6-1,14510,S4R,14778,14779,14791,14790
PART-6-1,14511,S4R,14779,14780,14792,14791
PART-6-1,14512,S4R,14780,1940,1939,14792
PART-6-1,14513,S4R,162,14781,14793,163
PART-6-1,14514,S4R,14781,14782,14794,14793
PART-6-1,14515,S4R,14782,14783,14795,14794
PART-6-1,14516,S4R,14783,14784,14796,14795
PART-6-1,14517,S4R,14784,14785,14797,14796
PART-6-1,14518,S4R,14785,14786,14798,14797
PART-6-1,14519,S4R,14786,14787,14799,14798
PART-6-1,14520,S4R,14787,14788,14800,14799
PART-6-1,14521,S4R,14788,14789,14801,14800
PART-6-1,14522,S4R,14789,14790,14802,14801
PART-6-1,14523,S4R,14790,14791,14803,14802
PART-6-1,14524,S4R,14791,14792,14804,14803
PART-6-1,14525,S4R,14792,1939,1938,14804
PART-6-1,14526,S4R,163,14793,284,21
PART-6-1,14527,S4R,14793,14794,283,284
PART-6-1,14528,S4R,14794,14795,282,283
PART-6-1,14529,S4R,14795,14796,281,282
PART-6-1,14530,S4R,14796,14797,280,281
PART-6-1,14531,S4R,14797,14798,279,280
PART-6-1,14532,S4R,14798,14799,278,279
PART-6-1,14533,S4R,14799,14800,277,278
PART-6-1,14534,S4R,14800,14801,276,277
PART-6-1,14535,S4R,14801,14802,275,276
PART-6-1,14536,S4R,14802,14803,274,275
PART-6-1,14537,S4R,14803,14804,273,274
PART-6-1,14538,S4R,14804,1938,38,273
PART-6-1,14539,S4R,1944,14720,14805,1945
PART-6-1,14540,S4R,14720,14719,14806,14805
PART-6-1,14541,S4R,14719,14718,14807,14806
PART-6-1,14542,S4R,14718,14717,14808,14807
PART-6-1,14543,S4R,14717,14716,14809,14808
PART-6-1,14544,S4R,14716,14715,14810,14809
PART-6-1,14545,S4R,14715,14714,14811,14810
PART-6-1,14546,S4R,14714,14713,14812,14811
PART-6-1,14547,S4R,14713,14712,14813,14812
PART-6-1,14548,S4R,14712,14711,14814,14813
PART-6-1,14549,S4R,14711,14710,14815,14814
PART-6-1,14550,S4R,14710,14709,14816,14815
PART-6-1,14551,S4R,14709,20,14817,14816
PART-6-1,14552,S4R,20,14721,14818,14817
PART-6-1,14553,S4R,14721,14722,14819,14818
PART-6-1,14554,S4R,14722,14723,14820,14819
PART-6-1,14555,S4R,14723,14724,14821,14820
PART-6-1,14556,S4R,14724,14725,14822,14821
PART-6-1,14557,S4R,14725,14726,14823,14822
PART-6-1,14558,S4R,14726,14727,14824,14823
PART-6-1,14559,S4R,14727,14728,14825,14824
PART-6-1,14560,S4R,14728,14729,14826,14825
PART-6-1,14561,S4R,14729,14730,14827,14826
PART-6-1,14562,S4R,14730,14731,14828,14827
PART-6-1,14563,S4R,14731,14732,14829,14828
PART-6-1,14564,S4R,14732,1424,1423,14829
PART-6-1,14565,S4R,1945,14805,14830,1946
PART-6-1,14566,S4R,14805,14806,14831,14830
PART-6-1,14567,S4R,14806,14807,14832,14831
PART-6-1,14568,S4R,14807,14808,14833,14832
PART-6-1,14569,S4R,14808,14809,14834,14833
PART-6-1,14570,S4R,14809,14810,14835,14834
PART-6-1,14571,S4R,14810,14811,14836,14835
PART-6-1,14572,S4R,14811,14812,14837,14836
PART-6-1,14573,S4R,14812,14813,14838,14837
PART-6-1,14574,S4R,14813,14814,14839,14838
PART-6-1,14575,S4R,14814,14815,14840,14839
PART-6-1,14576,S4R,14815,14816,14841,14840
PART-6-1,14577,S4R,14816,14817,14842,14841
PART-6-1,14578,S4R,14817,14818,14843,14842
PART-6-1,14579,S4R,14818,14819,14844,14843
PART-6-1,14580,S4R,14819,14820,14845,14844
PART-6-1,14581,S4R,14820,14821,14846,14845
PART-6-1,14582,S4R,14821,14822,14847,14846
PART-6-1,14583,S4R,14822,14823,14848,14847
PART-6-1,14584,S4R,14823,14824,14849,14848
PART-6-1,14585,S4R,14824,14825,14850,14849
PART-6-1,14586,S4R,14825,14826,14851,14850
PART-6-1,14587,S4R,14826,14827,14852,14851
PART-6-1,14588,S4R,14827,14828,14853,14852
PART-6-1,14589,S4R,14828,14829,14854,14853
PART-6-1,14590,S4R,14829,1423,1422,14854
PART-6-1,14591,S4R,1946,14830,14855,1947
PART-6-1,14592,S4R,14830,14831,14856,14855
PART-6-1,14593,S4R,14831,14832,14857,14856
PART-6-1,14594,S4R,14832,14833,14858,14857
PART-6-1,14595,S4R,14833,14834,14859,14858
PART-6-1,14596,S4R,14834,14835,14860,14859
PART-6-1,14597,S4R,14835,14836,14861,14860
PART-6-1,14598,S4R,14836,14837,14862,14861
PART-6-1,14599,S4R,14837,14838,14863,14862
PART-6-1,14600,S4R,14838,14839,14864,14863
PART-6-1,14601,S4R,14839,14840,14865,14864
PART-6-1,14602,S4R,14840,14841,14866,14865
PART-6-1,14603,S4R,14841,14842,14867,14866
PART-6-1,14604,S4R,14842,14843,14868,14867
PART-6-1,14605,S4R,14843,14844,14869,14868
PART-6-1,14606,S4R,14844,14845,14870,14869
PART-6-1,14607,S4R,14845,14846,14871,14870
PART-6-1,14608,S4R,14846,14847,14872,14871
PART-6-1,14609,S4R,14847,14848,14873,14872
PART-6-1,14610,S4R,14848,14849,14874,14873
PART-6-1,14611,S4R,14849,14850,14875,14874
PART-6-1,14612,S4R,14850,14851,14876,14875
PART-6-1,14613,S4R,14851,14852,14877,14876
PART-6-1,14614,S4R,14852,14853,14878,14877
PART-6-1,14615,S4R,14853,14854,14879,14878
PART-6-1,14616,S4R,14854,1422,1421,14879
PART-6-1,14617,S4R,1947,14855,14880,1948
PART-6-1,14618,S4R,14855,14856,14881,14880
PART-6-1,14619,S4R,14856,14857,14882,14881
PART-6-1,14620,S4R,14857,14858,14883,14882
PART-6-1,14621,S4R,14858,14859,14884,14883
PART-6-1,14622,S4R,14859,14860,14885,14884
PART-6-1,14623,S4R,14860,14861,14886,14885
PART-6-1,14624,S4R,14861,14862,14887,14886
PART-6-1,14625,S4R,14862,14863,14888,14887
PART-6-1,14626,S4R,14863,14864,14889,14888
PART-6-1,14627,S4R,14864,14865,14890,14889
PART-6-1,14628,S4R,14865,14866,14891,14890
PART-6-1,14629,S4R,14866,14867,14892,14891
PART-6-1,14630,S4R,14867,14868,14893,14892
PART-6-1,14631,S4R,14868,14869,14894,14893
PART-6-1,14632,S4R,14869,14870,14895,14894
PART-6-1,14633,S4R,14870,14871,14896,14895
PART-6-1,14634,S4R,14871,14872,14897,14896
PART-6-1,14635,S4R,14872,14873,14898,14897
PART-6-1,14636,S4R,14873,14874,14899,14898
PART-6-1,14637,S4R,14874,14875,14900,14899
PART-6-1,14638,S4R,14875,14876,14901,14900
PART-6-1,14639,S4R,14876,14877,14902,14901
PART-6-1,14640,S4R,14877,14878,14903,14902
PART-6-1,14641,S4R,14878,14879,14904,14903
PART-6-1,14642,S4R,14879,1421,1420,14904
PART-6-1,14643,S4R,1948,14880,14905,1949
PART-6-1,14644,S4R,14880,14881,14906,14905
PART-6-1,14645,S4R,14881,14882,14907,14906
PART-6-1,14646,S4R,14882,14883,14908,14907
PART-6-1,14647,S4R,14883,14884,14909,14908
PART-6-1,14648,S4R,14884,14885,14910,14909
PART-6-1,14649,S4R,14885,14886,14911,14910
PART-6-1,14650,S4R,14886,14887,14912,14911
PART-6-1,14651,S4R,14887,14888,14913,14912
PART-6-1,14652,S4R,14888,14889,14914,14913
PART-6-1,14653,S4R,14889,14890,14915,14914
PART-6-1,14654,S4R,14890,14891,14916,14915
PART-6-1,14655,S4R,14891,14892,14917,14916
PART-6-1,14656,S4R,14892,14893,14918,14917
PART-6-1,14657,S4R,14893,14894,14919,14918
PART-6-1,14658,S4R,14894,14895,14920,14919
PART-6-1,14659,S4R,14895,14896,14921,14920
PART-6-1,14660,S4R,14896,14897,14922,14921
PART-6-1,14661,S4R,14897,14898,14923,14922
PART-6-1,14662,S4R,14898,14899,14924,14923
PART-6-1,14663,S4R,14899,14900,14925,14924
PART-6-1,14664,S4R,14900,14901,14926,14925
PART-6-1,14665,S4R,14901,14902,14927,14926
PART-6-1,14666,S4R,14902,14903,14928,14927
PART-6-1,14667,S4R,14903,14904,14929,14928
PART-6-1,14668,S4R,14904,1420,1419,14929
PART-6-1,14669,S4R,1949,14905,14930,1950
PART-6-1,14670,S4R,14905,14906,14931,14930
PART-6-1,14671,S4R,14906,14907,14932,14931
PART-6-1,14672,S4R,14907,14908,14933,14932
PART-6-1,14673,S4R,14908,14909,14934,14933
PART-6-1,14674,S4R,14909,14910,14935,14934
PART-6-1,14675,S4R,14910,14911,14936,14935
PART-6-1,14676,S4R,14911,14912,14937,14936
PART-6-1,14677,S4R,14912,14913,14938,14937
PART-6-1,14678,S4R,14913,14914,14939,14938
PART-6-1,14679,S4R,14914,14915,14940,14939
PART-6-1,14680,S4R,14915,14916,14941,14940
PART-6-1,14681,S4R,14916,14917,14942,14941
PART-6-1,14682,S4R,14917,14918,14943,14942
PART-6-1,14683,S4R,14918,14919,14944,14943
PART-6-1,14684,S4R,14919,14920,14945,14944
PART-6-1,14685,S4R,14920,14921,14946,14945
PART-6-1,14686,S4R,14921,14922,14947,14946
PART-6-1,14687,S4R,14922,14923,14948,14947
PART-6-1,14688,S4R,14923,14924,14949,14948
PART-6-1,14689,S4R,14924,14925,14950,14949
PART-6-1,14690,S4R,14925,14926,14951,14950
PART-6-1,14691,S4R,14926,14927,14952,14951
PART-6-1,14692,S4R,14927,14928,14953,14952
PART-6-1,14693,S4R,14928,14929,14954,14953
PART-6-1,14694,S4R,14929,1419,1418,14954
PART-6-1,14695,S4R,1950,14930,14955,1951
PART-6-1,14696,S4R,14930,14931,14956,14955
PART-6-1,14697,S4R,14931,14932,14957,14956
PART-6-1,14698,S4R,14932,14933,14958,14957
PART-6-1,14699,S4R,14933,14934,14959,14958
PART-6-1,14700,S4R,14934,14935,14960,14959
PART-6-1,14701,S4R,14935,14936,14961,14960
PART-6-1,14702,S4R,14936,14937,14962,14961
PART-6-1,14703,S4R,14937,14938,14963,14962
PART-6-1,14704,S4R,14938,14939,14964,14963
PART-6-1,14705,S4R,14939,14940,14965,14964
PART-6-1,14706,S4R,14940,14941,14966,14965
PART-6-1,14707,S4R,14941,14942,14967,14966
PART-6-1,14708,S4R,14942,14943,14968,14967
PART-6-1,14709,S4R,14943,14944,14969,14968
PART-6-1,14710,S4R,14944,14945,14970,14969
PART-6-1,14711,S4R,14945,14946,14971,14970
PART-6-1,14712,S4R,14946,14947,14972,14971
PART-6-1,14713,S4R,14947,14948,14973,14972
PART-6-1,14714,S4R,14948,14949,14974,14973
PART-6-1,14715,S4R,14949,14950,14975,14974
PART-6-1,14716,S4R,14950,14951,14976,14975
PART-6-1,14717,S4R,14951,14952,14977,14976
PART-6-1,14718,S4R,14952,14953,14978,14977
PART-6-1,14719,S4R,14953,14954,14979,14978
PART-6-1,14720,S4R,14954,1418,1417,14979
PART-6-1,14721,S4R,1951,14955,14980,1952
PART-6-1,14722,S4R,14955,14956,14981,14980
PART-6-1,14723,S4R,14956,14957,14982,14981
PART-6-1,14724,S4R,14957,14958,14983,14982
PART-6-1,14725,S4R,14958,14959,14984,14983
PART-6-1,14726,S4R,14959,14960,14985,14984
PART-6-1,14727,S4R,14960,14961,14986,14985
PART-6-1,14728,S4R,14961,14962,14987,14986
PART-6-1,14729,S4R,14962,14963,14988,14987
PART-6-1,14730,S4R,14963,14964,14989,14988
PART-6-1,14731,S4R,14964,14965,14990,14989
PART-6-1,14732,S4R,14965,14966,14991,14990
PART-6-1,14733,S4R,14966,14967,14992,14991
PART-6-1,14734,S4R,14967,14968,14993,14992
PART-6-1,14735,S4R,14968,14969,14994,14993
PART-6-1,14736,S4R,14969,14970,14995,14994
PART-6-1,14737,S4R,14970,14971,14996,14995
PART-6-1,14738,S4R,14971,14972,14997,14996
PART-6-1,14739,S4R,14972,14973,14998,14997
PART-6-1,14740,S4R,14973,14974,14999,14998
PART-6-1,14741,S4R,14974,14975,15000,14999
PART-6-1,14742,S4R,14975,14976,15001,15000
PART-6-1,14743,S4R,14976,14977,15002,15001
PART-6-1,14744,S4R,14977,14978,15003,15002
PART-6-1,14745,S4R,14978,14979,15004,15003
PART-6-1,14746,S4R,14979,1417,1416,15004
PART-6-1,14747,S4R,1952,14980,15005,1953
PART-6-1,14748,S4R,14980,14981,15006,15005
PART-6-1,14749,S4R,14981,14982,15007,15006
PART-6-1,14750,S4R,14982,14983,15008,15007
PART-6-1,14751,S4R,14983,14984,15009,15008
PART-6-1,14752,S4R,14984,14985,15010,15009
PART-6-1,14753,S4R,14985,14986,15011,15010
PART-6-1,14754,S4R,14986,14987,15012,15011
PART-6-1,14755,S4R,14987,14988,15013,15012
PART-6-1,14756,S4R,14988,14989,15014,15013
PART-6-1,14757,S4R,14989,14990,15015,15014
PART-6-1,14758,S4R,14990,14991,15016,15015
PART-6-1,14759,S4R,14991,14992,15017,15016
PART-6-1,14760,S4R,14992,14993,15018,15017
PART-6-1,14761,S4R,14993,14994,15019,15018
PART-6-1,14762,S4R,14994,14995,15020,15019
PART-6-1,14763,S4R,14995,14996,15021,15020
PART-6-1,14764,S4R,14996,14997,15022,15021
PART-6-1,14765,S4R,14997,14998,15023,15022
PART-6-1,14766,S4R,14998,14999,15024,15023
PART-6-1,14767,S4R,14999,15000,15025,15024
PART-6-1,14768,S4R,15000,15001,15026,15025
PART-6-1,14769,S4R,15001,15002,15027,15026
PART-6-1,14770,S4R,15002,15003,15028,15027
PART-6-1,14771,S4R,15003,15004,15029,15028
PART-6-1,14772,S4R,15004,1416,1415,15029
PART-6-1,14773,S4R,1953,15005,15030,1954
PART-6-1,14774,S4R,15005,15006,15031,15030
PART-6-1,14775,S4R,15006,15007,15032,15031
PART-6-1,14776,S4R,15007,15008,15033,15032
PART-6-1,14777,S4R,15008,15009,15034,15033
PART-6-1,14778,S4R,15009,15010,15035,15034
PART-6-1,14779,S4R,15010,15011,15036,15035
PART-6-1,14780,S4R,15011,15012,15037,15036
PART-6-1,14781,S4R,15012,15013,15038,15037
PART-6-1,14782,S4R,15013,15014,15039,15038
PART-6-1,14783,S4R,15014,15015,15040,15039
PART-6-1,14784,S4R,15015,15016,15041,15040
PART-6-1,14785,S4R,15016,15017,15042,15041
PART-6-1,14786,S4R,15017,15018,15043,15042
PART-6-1,14787,S4R,15018,15019,15044,15043
PART-6-1,14788,S4R,15019,15020,15045,15044
PART-6-1,14789,S4R,15020,15021,15046,15045
PART-6-1,14790,S4R,15021,15022,15047,15046
PART-6-1,14791,S4R,15022,15023,15048,15047
PART-6-1,14792,S4R,15023,15024,15049,15048
PART-6-1,14793,S4R,15024,15025,15050,15049
PART-6-1,14794,S4R,15025,15026,15051,15050
PART-6-1,14795,S4R,15026,15027,15052,15051
PART-6-1,14796,S4R,15027,15028,15053,15052
PART-6-1,14797,S4R,15028,15029,15054,15053
PART-6-1,14798,S4R,15029,1415,1414,15054
PART-6-1,14799,S4R,1954,15030,15055,1955
PART-6-1,14800,S4R,15030,15031,15056,15055
PART-6-1,14801,S4R,15031,15032,15057,15056
PART-6-1,14802,S4R,15032,15033,15058,15057
PART-6-1,14803,S4R,15033,15034,15059,15058
PART-6-1,14804,S4R,15034,15035,15060,15059
PART-6-1,14805,S4R,15035,15036,15061,15060
PART-6-1,14806,S4R,15036,15037,15062,15061
PART-6-1,14807,S4R,15037,15038,15063,15062
PART-6-1,14808,S4R,15038,15039,15064,15063
PART-6-1,14809,S4R,15039,15040,15065,15064
PART-6-1,14810,S4R,15040,15041,15066,15065
PART-6-1,14811,S4R,15041,15042,15067,15066
PART-6-1,14812,S4R,15042,15043,15068,15067
PART-6-1,14813,S4R,15043,15044,15069,15068
PART-6-1,14814,S4R,15044,15045,15070,15069
PART-6-1,14815,S4R,15045,15046,15071,15070
PART-6-1,14816,S4R,15046,15047,15072,15071
PART-6-1,14817,S4R,15047,15048,15073,15072
PART-6-1,14818,S4R,15048,15049,15074,15073
PART-6-1,14819,S4R,15049,15050,15075,15074
PART-6-1,14820,S4R,15050,15051,15076,15075
PART-6-1,14821,S4R,15051,15052,15077,15076
PART-6-1,14822,S4R,15052,15053,15078,15077
PART-6-1,14823,S4R,15053,15054,15079,15078
PART-6-1,14824,S4R,15054,1414,1413,15079
PART-6-1,14825,S4R,1955,15055,15080,1956
PART-6-1,14826,S4R,15055,15056,15081,15080
PART-6-1,14827,S4R,15056,15057,15082,15081
PART-6-1,14828,S4R,15057,15058,15083,15082
PART-6-1,14829,S4R,15058,15059,15084,15083
PART-6-1,14830,S4R,15059,15060,15085,15084
PART-6-1,14831,S4R,15060,15061,15086,15085
PART-6-1,14832,S4R,15061,15062,15087,15086
PART-6-1,14833,S4R,15062,15063,15088,15087
PART-6-1,14834,S4R,15063,15064,15089,15088
PART-6-1,14835,S4R,15064,15065,15090,15089
PART-6-1,14836,S4R,15065,15066,15091,15090
PART-6-1,14837,S4R,15066,15067,15092,15091
PART-6-1,14838,S4R,15067,15068,15093,15092
PART-6-1,14839,S4R,15068,15069,15094,15093
PART-6-1,14840,S4R,15069,15070,15095,15094
PART-6-1,14841,S4R,15070,15071,15096,15095
PART-6-1,14842,S4R,15071,15072,15097,15096
PART-6-1,14843,S4R,15072,15073,15098,15097
PART-6-1,14844,S4R,15073,15074,15099,15098
PART-6-1,14845,S4R,15074,15075,15100,15099
PART-6-1,14846,S4R,15075,15076,15101,15100
PART-6-1,14847,S4R,15076,15077,15102,15101
PART-6-1,14848,S4R,15077,15078,15103,15102
PART-6-1,14849,S4R,15078,15079,15104,15103
PART-6-1,14850,S4R,15079,1413,1412,15104
PART-6-1,14851,S4R,1956,15080,15105,1957
PART-6-1,14852,S4R,15080,15081,15106,15105
PART-6-1,14853,S4R,15081,15082,15107,15106
PART-6-1,14854,S4R,15082,15083,15108,15107
PART-6-1,14855,S4R,15083,15084,15109,15108
PART-6-1,14856,S4R,15084,15085,15110,15109
PART-6-1,14857,S4R,15085,15086,15111,15110
PART-6-1,14858,S4R,15086,15087,15112,15111
PART-6-1,14859,S4R,15087,15088,15113,15112
PART-6-1,14860,S4R,15088,15089,15114,15113
PART-6-1,14861,S4R,15089,15090,15115,15114
PART-6-1,14862,S4R,15090,15091,15116,15115
PART-6-1,14863,S4R,15091,15092,15117,15116
PART-6-1,14864,S4R,15092,15093,15118,15117
PART-6-1,14865,S4R,15093,15094,15119,15118
PART-6-1,14866,S4R,15094,15095,15120,15119
PART-6-1,14867,S4R,15095,15096,15121,15120
PART-6-1,14868,S4R,15096,15097,15122,15121
PART-6-1,14869,S4R,15097,15098,15123,15122
PART-6-1,14870,S4R,15098,15099,15124,15123
PART-6-1,14871,S4R,15099,15100,15125,15124
PART-6-1,14872,S4R,15100,15101,15126,15125
PART-6-1,14873,S4R,15101,15102,15127,15126
PART-6-1,14874,S4R,15102,15103,15128,15127
PART-6-1,14875,S4R,15103,15104,15129,15128
PART-6-1,14876,S4R,15104,1412,1411,15129
PART-6-1,14877,S4R,1957,15105,15130,1958
PART-6-1,14878,S4R,15105,15106,15131,15130
PART-6-1,14879,S4R,15106,15107,15132,15131
PART-6-1,14880,S4R,15107,15108,15133,15132
PART-6-1,14881,S4R,15108,15109,15134,15133
PART-6-1,14882,S4R,15109,15110,15135,15134
PART-6-1,14883,S4R,15110,15111,15136,15135
PART-6-1,14884,S4R,15111,15112,15137,15136
PART-6-1,14885,S4R,15112,15113,15138,15137
PART-6-1,14886,S4R,15113,15114,15139,15138
PART-6-1,14887,S4R,15114,15115,15140,15139
PART-6-1,14888,S4R,15115,15116,15141,15140
PART-6-1,14889,S4R,15116,15117,15142,15141
PART-6-1,14890,S4R,15117,15118,15143,15142
PART-6-1,14891,S4R,15118,15119,15144,15143
PART-6-1,14892,S4R,15119,15120,15145,15144
PART-6-1,14893,S4R,15120,15121,15146,15145
PART-6-1,14894,S4R,15121,15122,15147,15146
PART-6-1,14895,S4R,15122,15123,15148,15147
PART-6-1,14896,S4R,15123,15124,15149,15148
PART-6-1,14897,S4R,15124,15125,15150,15149
PART-6-1,14898,S4R,15125,15126,15151,15150
PART-6-1,14899,S4R,15126,15127,15152,15151
PART-6-1,14900,S4R,15127,15128,15153,15152
PART-6-1,14901,S4R,15128,15129,15154,15153
PART-6-1,14902,S4R,15129,1411,1410,15154
PART-6-1,14903,S4R,1958,15130,15155,1959
PART-6-1,14904,S4R,15130,15131,15156,15155
PART-6-1,14905,S4R,15131,15132,15157,15156
PART-6-1,14906,S4R,15132,15133,15158,15157
PART-6-1,14907,S4R,15133,15134,15159,15158
PART-6-1,14908,S4R,15134,15135,15160,15159
PART-6-1,14909,S4R,15135,15136,15161,15160
PART-6-1,14910,S4R,15136,15137,15162,15161
PART-6-1,14911,S4R,15137,15138,15163,15162
PART-6-1,14912,S4R,15138,15139,15164,15163
PART-6-1,14913,S4R,15139,15140,15165,15164
PART-6-1,14914,S4R,15140,15141,15166,15165
PART-6-1,14915,S4R,15141,15142,15167,15166
PART-6-1,14916,S4R,15142,15143,15168,15167
PART-6-1,14917,S4R,15143,15144,15169,15168
PART-6-1,14918,S4R,15144,15145,15170,15169
PART-6-1,14919,S4R,15145,15146,15171,15170
PART-6-1,14920,S4R,15146,15147,15172,15171
PART-6-1,14921,S4R,15147,15148,15173,15172
PART-6-1,14922,S4R,15148,15149,15174,15173
PART-6-1,14923,S4R,15149,15150,15175,15174
PART-6-1,14924,S4R,15150,15151,15176,15175
PART-6-1,14925,S4R,15151,15152,15177,15176
PART-6-1,14926,S4R,15152,15153,15178,15177
PART-6-1,14927,S4R,15153,15154,15179,15178
PART-6-1,14928,S4R,15154,1410,1409,15179
PART-6-1,14929,S4R,1959,15155,15180,1960
PART-6-1,14930,S4R,15155,15156,15181,15180
PART-6-1,14931,S4R,15156,15157,15182,15181
PART-6-1,14932,S4R,15157,15158,15183,15182
PART-6-1,14933,S4R,15158,15159,15184,15183
PART-6-1,14934,S4R,15159,15160,15185,15184
PART-6-1,14935,S4R,15160,15161,15186,15185
PART-6-1,14936,S4R,15161,15162,15187,15186
PART-6-1,14937,S4R,15162,15163,15188,15187
PART-6-1,14938,S4R,15163,15164,15189,15188
PART-6-1,14939,S4R,15164,15165,15190,15189
PART-6-1,14940,S4R,15165,15166,15191,15190
PART-6-1,14941,S4R,15166,15167,15192,15191
PART-6-1,14942,S4R,15167,15168,15193,15192
PART-6-1,14943,S4R,15168,15169,15194,15193
PART-6-1,14944,S4R,15169,15170,15195,15194
PART-6-1,14945,S4R,15170,15171,15196,15195
PART-6-1,14946,S4R,15171,15172,15197,15196
PART-6-1,14947,S4R,15172,15173,15198,15197
PART-6-1,14948,S4R,15173,15174,15199,15198
PART-6-1,14949,S4R,15174,15175,15200,15199
PART-6-1,14950,S4R,15175,15176,15201,15200
PART-6-1,14951,S4R,15176,15177,15202,15201
PART-6-1,14952,S4R,15177,15178,15203,15202
PART-6-1,14953,S4R,15178,15179,15204,15203
PART-6-1,14954,S4R,15179,1409,1408,15204
PART-6-1,14955,S4R,1960,15180,15205,1961
PART-6-1,14956,S4R,15180,15181,15206,15205
PART-6-1,14957,S4R,15181,15182,15207,15206
PART-6-1,14958,S4R,15182,15183,15208,15207
PART-6-1,14959,S4R,15183,15184,15209,15208
PART-6-1,14960,S4R,15184,15185,15210,15209
PART-6-1,14961,S4R,15185,15186,15211,15210
PART-6-1,14962,S4R,15186,15187,15212,15211
PART-6-1,14963,S4R,15187,15188,15213,15212
PART-6-1,14964,S4R,15188,15189,15214,15213
PART-6-1,14965,S4R,15189,15190,15215,15214
PART-6-1,14966,S4R,15190,15191,15216,15215
PART-6-1,14967,S4R,15191,15192,15217,15216
PART-6-1,14968,S4R,15192,15193,15218,15217
PART-6-1,14969,S4R,15193,15194,15219,15218
PART-6-1,14970,S4R,15194,15195,15220,15219
PART-6-1,14971,S4R,15195,15196,15221,15220
PART-6-1,14972,S4R,15196,15197,15222,15221
PART-6-1,14973,S4R,15197,15198,15223,15222
PART-6-1,14974,S4R,15198,15199,15224,15223
PART-6-1,14975,S4R,15199,15200,15225,15224
PART-6-1,14976,S4R,15200,15201,15226,15225
PART-6-1,14977,S4R,15201,15202,15227,15226
PART-6-1,14978,S4R,15202,15203,15228,15227
PART-6-1,14979,S4R,15203,15204,15229,15228
PART-6-1,14980,S4R,15204,1408,1407,15229
PART-6-1,14981,S4R,1961,15205,15230,1962
PART-6-1,14982,S4R,15205,15206,15231,15230
PART-6-1,14983,S4R,15206,15207,15232,15231
PART-6-1,14984,S4R,15207,15208,15233,15232
PART-6-1,14985,S4R,15208,15209,15234,15233
PART-6-1,14986,S4R,15209,15210,15235,15234
PART-6-1,14987,S4R,15210,15211,15236,15235
PART-6-1,14988,S4R,15211,15212,15237,15236
PART-6-1,14989,S4R,15212,15213,15238,15237
PART-6-1,14990,S4R,15213,15214,15239,15238
PART-6-1,14991,S4R,15214,15215,15240,15239
PART-6-1,14992,S4R,15215,15216,15241,15240
PART-6-1,14993,S4R,15216,15217,15242,15241
PART-6-1,14994,S4R,15217,15218,15243,15242
PART-6-1,14995,S4R,15218,15219,15244,15243
PART-6-1,14996,S4R,15219,15220,15245,15244
PART-6-1,14997,S4R,15220,15221,15246,15245
PART-6-1,14998,S4R,15221,15222,15247,15246
PART-6-1,14999,S4R,15222,15223,15248,15247
PART-6-1,15000,S4R,15223,15224,15249,15248
PART-6-1,15001,S4R,15224,15225,15250,15249
PART-6-1,15002,S4R,15225,15226,15251,15250
PART-6-1,15003,S4R,15226,15227,15252,15251
PART-6-1,15004,S4R,15227,15228,15253,15252
PART-6-1,15005,S4R,15228,15229,15254,15253
PART-6-1,15006,S4R,15229,1407,1406,15254
PART-6-1,15007,S4R,1962,15230,15255,1963
PART-6-1,15008,S4R,15230,15231,15256,15255
PART-6-1,15009,S4R,15231,15232,15257,15256
PART-6-1,15010,S4R,15232,15233,15258,15257
PART-6-1,15011,S4R,15233,15234,15259,15258
PART-6-1,15012,S4R,15234,15235,15260,15259
PART-6-1,15013,S4R,15235,15236,15261,15260
PART-6-1,15014,S4R,15236,15237,15262,15261
PART-6-1,15015,S4R,15237,15238,15263,15262
PART-6-1,15016,S4R,15238,15239,15264,15263
PART-6-1,15017,S4R,15239,15240,15265,15264
PART-6-1,15018,S4R,15240,15241,15266,15265
PART-6-1,15019,S4R,15241,15242,15267,15266
PART-6-1,15020,S4R,15242,15243,15268,15267
PART-6-1,15021,S4R,15243,15244,15269,15268
PART-6-1,15022,S4R,15244,15245,15270,15269
PART-6-1,15023,S4R,15245,15246,15271,15270
PART-6-1,15024,S4R,15246,15247,15272,15271
PART-6-1,15025,S4R,15247,15248,15273,15272
PART-6-1,15026,S4R,15248,15249,15274,15273
PART-6-1,15027,S4R,15249,15250,15275,15274
PART-6-1,15028,S4R,15250,15251,15276,15275
PART-6-1,15029,S4R,15251,15252,15277,15276
PART-6-1,15030,S4R,15252,15253,15278,15277
PART-6-1,15031,S4R,15253,15254,15279,15278
PART-6-1,15032,S4R,15254,1406,1405,15279
PART-6-1,15033,S4R,1963,15255,15280,1964
PART-6-1,15034,S4R,15255,15256,15281,15280
PART-6-1,15035,S4R,15256,15257,15282,15281
PART-6-1,15036,S4R,15257,15258,15283,15282
PART-6-1,15037,S4R,15258,15259,15284,15283
PART-6-1,15038,S4R,15259,15260,15285,15284
PART-6-1,15039,S4R,15260,15261,15286,15285
PART-6-1,15040,S4R,15261,15262,15287,15286
PART-6-1,15041,S4R,15262,15263,15288,15287
PART-6-1,15042,S4R,15263,15264,15289,15288
PART-6-1,15043,S4R,15264,15265,15290,15289
PART-6-1,15044,S4R,15265,15266,15291,15290
PART-6-1,15045,S4R,15266,15267,15292,15291
PART-6-1,15046,S4R,15267,15268,15293,15292
PART-6-1,15047,S4R,15268,15269,15294,15293
PART-6-1,15048,S4R,15269,15270,15295,15294
PART-6-1,15049,S4R,15270,15271,15296,15295
PART-6-1,15050,S4R,15271,15272,15297,15296
PART-6-1,15051,S4R,15272,15273,15298,15297
PART-6-1,15052,S4R,15273,15274,15299,15298
PART-6-1,15053,S4R,15274,15275,15300,15299
PART-6-1,15054,S4R,15275,15276,15301,15300
PART-6-1,15055,S4R,15276,15277,15302,15301
PART-6-1,15056,S4R,15277,15278,15303,15302
PART-6-1,15057,S4R,15278,15279,15304,15303
PART-6-1,15058,S4R,15279,1405,1404,15304
PART-6-1,15059,S4R,1964,15280,15305,1965
PART-6-1,15060,S4R,15280,15281,15306,15305
PART-6-1,15061,S4R,15281,15282,15307,15306
PART-6-1,15062,S4R,15282,15283,15308,15307
PART-6-1,15063,S4R,15283,15284,15309,15308
PART-6-1,15064,S4R,15284,15285,15310,15309
PART-6-1,15065,S4R,15285,15286,15311,15310
PART-6-1,15066,S4R,15286,15287,15312,15311
PART-6-1,15067,S4R,15287,15288,15313,15312
PART-6-1,15068,S4R,15288,15289,15314,15313
PART-6-1,15069,S4R,15289,15290,15315,15314
PART-6-1,15070,S4R,15290,15291,15316,15315
PART-6-1,15071,S4R,15291,15292,15317,15316
PART-6-1,15072,S4R,15292,15293,15318,15317
PART-6-1,15073,S4R,15293,15294,15319,15318
PART-6-1,15074,S4R,15294,15295,15320,15319
PART-6-1,15075,S4R,15295,15296,15321,15320
PART-6-1,15076,S4R,15296,15297,15322,15321
PART-6-1,15077,S4R,15297,15298,15323,15322
PART-6-1,15078,S4R,15298,15299,15324,15323
PART-6-1,15079,S4R,15299,15300,15325,15324
PART-6-1,15080,S4R,15300,15301,15326,15325
PART-6-1,15081,S4R,15301,15302,15327,15326
PART-6-1,15082,S4R,15302,15303,15328,15327
PART-6-1,15083,S4R,15303,15304,15329,15328
PART-6-1,15084,S4R,15304,1404,1403,15329
PART-6-1,15085,S4R,1965,15305,15330,1966
PART-6-1,15086,S4R,15305,15306,15331,15330
PART-6-1,15087,S4R,15306,15307,15332,15331
PART-6-1,15088,S4R,15307,15308,15333,15332
PART-6-1,15089,S4R,15308,15309,15334,15333
PART-6-1,15090,S4R,15309,15310,15335,15334
PART-6-1,15091,S4R,15310,15311,15336,15335
PART-6-1,15092,S4R,15311,15312,15337,15336
PART-6-1,15093,S4R,15312,15313,15338,15337
PART-6-1,15094,S4R,15313,15314,15339,15338
PART-6-1,15095,S4R,15314,15315,15340,15339
PART-6-1,15096,S4R,15315,15316,15341,15340
PART-6-1,15097,S4R,15316,15317,15342,15341
PART-6-1,15098,S4R,15317,15318,15343,15342
PART-6-1,15099,S4R,15318,15319,15344,15343
PART-6-1,15100,S4R,15319,15320,15345,15344
PART-6-1,15101,S4R,15320,15321,15346,15345
PART-6-1,15102,S4R,15321,15322,15347,15346
PART-6-1,15103,S4R,15322,15323,15348,15347
PART-6-1,15104,S4R,15323,15324,15349,15348
PART-6-1,15105,S4R,15324,15325,15350,15349
PART-6-1,15106,S4R,15325,15326,15351,15350
PART-6-1,15107,S4R,15326,15327,15352,15351
PART-6-1,15108,S4R,15327,15328,15353,15352
PART-6-1,15109,S4R,15328,15329,15354,15353
PART-6-1,15110,S4R,15329,1403,1402,15354
PART-6-1,15111,S4R,1966,15330,15355,1967
PART-6-1,15112,S4R,15330,15331,15356,15355
PART-6-1,15113,S4R,15331,15332,15357,15356
PART-6-1,15114,S4R,15332,15333,15358,15357
PART-6-1,15115,S4R,15333,15334,15359,15358
PART-6-1,15116,S4R,15334,15335,15360,15359
PART-6-1,15117,S4R,15335,15336,15361,15360
PART-6-1,15118,S4R,15336,15337,15362,15361
PART-6-1,15119,S4R,15337,15338,15363,15362
PART-6-1,15120,S4R,15338,15339,15364,15363
PART-6-1,15121,S4R,15339,15340,15365,15364
PART-6-1,15122,S4R,15340,15341,15366,15365
PART-6-1,15123,S4R,15341,15342,15367,15366
PART-6-1,15124,S4R,15342,15343,15368,15367
PART-6-1,15125,S4R,15343,15344,15369,15368
PART-6-1,15126,S4R,15344,15345,15370,15369
PART-6-1,15127,S4R,15345,15346,15371,15370
PART-6-1,15128,S4R,15346,15347,15372,15371
PART-6-1,15129,S4R,15347,15348,15373,15372
PART-6-1,15130,S4R,15348,15349,15374,15373
PART-6-1,15131,S4R,15349,15350,15375,15374
PART-6-1,15132,S4R,15350,15351,15376,15375
PART-6-1,15133,S4R,15351,15352,15377,15376
PART-6-1,15134,S4R,15352,15353,15378,15377
PART-6-1,15135,S4R,15353,15354,15379,15378
PART-6-1,15136,S4R,15354,1402,1401,15379
PART-6-1,15137,S4R,1967,15355,15380,1968
PART-6-1,15138,S4R,15355,15356,15381,15380
PART-6-1,15139,S4R,15356,15357,15382,15381
PART-6-1,15140,S4R,15357,15358,15383,15382
PART-6-1,15141,S4R,15358,15359,15384,15383
PART-6-1,15142,S4R,15359,15360,15385,15384
PART-6-1,15143,S4R,15360,15361,15386,15385
PART-6-1,15144,S4R,15361,15362,15387,15386
PART-6-1,15145,S4R,15362,15363,15388,15387
PART-6-1,15146,S4R,15363,15364,15389,15388
PART-6-1,15147,S4R,15364,15365,15390,15389
PART-6-1,15148,S4R,15365,15366,15391,15390
PART-6-1,15149,S4R,15366,15367,15392,15391
PART-6-1,15150,S4R,15367,15368,15393,15392
PART-6-1,15151,S4R,15368,15369,15394,15393
PART-6-1,15152,S4R,15369,15370,15395,15394
PART-6-1,15153,S4R,15370,15371,15396,15395
PART-6-1,15154,S4R,15371,15372,15397,15396
PART-6-1,15155,S4R,15372,15373,15398,15397
PART-6-1,15156,S4R,15373,15374,15399,15398
PART-6-1,15157,S4R,15374,15375,15400,15399
PART-6-1,15158,S4R,15375,15376,15401,15400
PART-6-1,15159,S4R,15376,15377,15402,15401
PART-6-1,15160,S4R,15377,15378,15403,15402
PART-6-1,15161,S4R,15378,15379,15404,15403
PART-6-1,15162,S4R,15379,1401,1400,15404
PART-6-1,15163,S4R,1968,15380,15405,1969
PART-6-1,15164,S4R,15380,15381,15406,15405
PART-6-1,15165,S4R,15381,15382,15407,15406
PART-6-1,15166,S4R,15382,15383,15408,15407
PART-6-1,15167,S4R,15383,15384,15409,15408
PART-6-1,15168,S4R,15384,15385,15410,15409
PART-6-1,15169,S4R,15385,15386,15411,15410
PART-6-1,15170,S4R,15386,15387,15412,15411
PART-6-1,15171,S4R,15387,15388,15413,15412
PART-6-1,15172,S4R,15388,15389,15414,15413
PART-6-1,15173,S4R,15389,15390,15415,15414
PART-6-1,15174,S4R,15390,15391,15416,15415
PART-6-1,15175,S4R,15391,15392,15417,15416
PART-6-1,15176,S4R,15392,15393,15418,15417
PART-6-1,15177,S4R,15393,15394,15419,15418
PART-6-1,15178,S4R,15394,15395,15420,15419
PART-6-1,15179,S4R,15395,15396,15421,15420
PART-6-1,15180,S4R,15396,15397,15422,15421
PART-6-1,15181,S4R,15397,15398,15423,15422
PART-6-1,15182,S4R,15398,15399,15424,15423
PART-6-1,15183,S4R,15399,15400,15425,15424
PART-6-1,15184,S4R,15400,15401,15426,15425
PART-6-1,15185,S4R,15401,15402,15427,15426
PART-6-1,15186,S4R,15402,15403,15428,15427
PART-6-1,15187,S4R,15403,15404,15429,15428
PART-6-1,15188,S4R,15404,1400,1399,15429
PART-6-1,15189,S4R,1969,15405,15430,1970
PART-6-1,15190,S4R,15405,15406,15431,15430
PART-6-1,15191,S4R,15406,15407,15432,15431
PART-6-1,15192,S4R,15407,15408,15433,15432
PART-6-1,15193,S4R,15408,15409,15434,15433
PART-6-1,15194,S4R,15409,15410,15435,15434
PART-6-1,15195,S4R,15410,15411,15436,15435
PART-6-1,15196,S4R,15411,15412,15437,15436
PART-6-1,15197,S4R,15412,15413,15438,15437
PART-6-1,15198,S4R,15413,15414,15439,15438
PART-6-1,15199,S4R,15414,15415,15440,15439
PART-6-1,15200,S4R,15415,15416,15441,15440
PART-6-1,15201,S4R,15416,15417,15442,15441
PART-6-1,15202,S4R,15417,15418,15443,15442
PART-6-1,15203,S4R,15418,15419,15444,15443
PART-6-1,15204,S4R,15419,15420,15445,15444
PART-6-1,15205,S4R,15420,15421,15446,15445
PART-6-1,15206,S4R,15421,15422,15447,15446
PART-6-1,15207,S4R,15422,15423,15448,15447
PART-6-1,15208,S4R,15423,15424,15449,15448
PART-6-1,15209,S4R,15424,15425,15450,15449
PART-6-1,15210,S4R,15425,15426,15451,15450
PART-6-1,15211,S4R,15426,15427,15452,15451
PART-6-1,15212,S4R,15427,15428,15453,15452
PART-6-1,15213,S4R,15428,15429,15454,15453
PART-6-1,15214,S4R,15429,1399,1398,15454
PART-6-1,15215,S4R,1970,15430,15455,1971
PART-6-1,15216,S4R,15430,15431,15456,15455
PART-6-1,15217,S4R,15431,15432,15457,15456
PART-6-1,15218,S4R,15432,15433,15458,15457
PART-6-1,15219,S4R,15433,15434,15459,15458
PART-6-1,15220,S4R,15434,15435,15460,15459
PART-6-1,15221,S4R,15435,15436,15461,15460
PART-6-1,15222,S4R,15436,15437,15462,15461
PART-6-1,15223,S4R,15437,15438,15463,15462
PART-6-1,15224,S4R,15438,15439,15464,15463
PART-6-1,15225,S4R,15439,15440,15465,15464
PART-6-1,15226,S4R,15440,15441,15466,15465
PART-6-1,15227,S4R,15441,15442,15467,15466
PART-6-1,15228,S4R,15442,15443,15468,15467
PART-6-1,15229,S4R,15443,15444,15469,15468
PART-6-1,15230,S4R,15444,15445,15470,15469
PART-6-1,15231,S4R,15445,15446,15471,15470
PART-6-1,15232,S4R,15446,15447,15472,15471
PART-6-1,15233,S4R,15447,15448,15473,15472
PART-6-1,15234,S4R,15448,15449,15474,15473
PART-6-1,15235,S4R,15449,15450,15475,15474
PART-6-1,15236,S4R,15450,15451,15476,15475
PART-6-1,15237,S4R,15451,15452,15477,15476
PART-6-1,15238,S4R,15452,15453,15478,15477
PART-6-1,15239,S4R,15453,15454,15479,15478
PART-6-1,15240,S4R,15454,1398,1397,15479
PART-6-1,15241,S4R,1971,15455,15480,1972
PART-6-1,15242,S4R,15455,15456,15481,15480
PART-6-1,15243,S4R,15456,15457,15482,15481
PART-6-1,15244,S4R,15457,15458,15483,15482
PART-6-1,15245,S4R,15458,15459,15484,15483
PART-6-1,15246,S4R,15459,15460,15485,15484
PART-6-1,15247,S4R,15460,15461,15486,15485
PART-6-1,15248,S4R,15461,15462,15487,15486
PART-6-1,15249,S4R,15462,15463,15488,15487
PART-6-1,15250,S4R,15463,15464,15489,15488
PART-6-1,15251,S4R,15464,15465,15490,15489
PART-6-1,15252,S4R,15465,15466,15491,15490
PART-6-1,15253,S4R,15466,15467,15492,15491
PART-6-1,15254,S4R,15467,15468,15493,15492
PART-6-1,15255,S4R,15468,15469,15494,15493
PART-6-1,15256,S4R,15469,15470,15495,15494
PART-6-1,15257,S4R,15470,15471,15496,15495
PART-6-1,15258,S4R,15471,15472,15497,15496
PART-6-1,15259,S4R,15472,15473,15498,15497
PART-6-1,15260,S4R,15473,15474,15499,15498
PART-6-1,15261,S4R,15474,15475,15500,15499
PART-6-1,15262,S4R,15475,15476,15501,15500
PART-6-1,15263,S4R,15476,15477,15502,15501
PART-6-1,15264,S4R,15477,15478,15503,15502
PART-6-1,15265,S4R,15478,15479,15504,15503
PART-6-1,15266,S4R,15479,1397,1396,15504
PART-6-1,15267,S4R,1972,15480,15505,1973
PART-6-1,15268,S4R,15480,15481,15506,15505
PART-6-1,15269,S4R,15481,15482,15507,15506
PART-6-1,15270,S4R,15482,15483,15508,15507
PART-6-1,15271,S4R,15483,15484,15509,15508
PART-6-1,15272,S4R,15484,15485,15510,15509
PART-6-1,15273,S4R,15485,15486,15511,15510
PART-6-1,15274,S4R,15486,15487,15512,15511
PART-6-1,15275,S4R,15487,15488,15513,15512
PART-6-1,15276,S4R,15488,15489,15514,15513
PART-6-1,15277,S4R,15489,15490,15515,15514
PART-6-1,15278,S4R,15490,15491,15516,15515
PART-6-1,15279,S4R,15491,15492,15517,15516
PART-6-1,15280,S4R,15492,15493,15518,15517
PART-6-1,15281,S4R,15493,15494,15519,15518
PART-6-1,15282,S4R,15494,15495,15520,15519
PART-6-1,15283,S4R,15495,15496,15521,15520
PART-6-1,15284,S4R,15496,15497,15522,15521
PART-6-1,15285,S4R,15497,15498,15523,15522
PART-6-1,15286,S4R,15498,15499,15524,15523
PART-6-1,15287,S4R,15499,15500,15525,15524
PART-6-1,15288,S4R,15500,15501,15526,15525
PART-6-1,15289,S4R,15501,15502,15527,15526
PART-6-1,15290,S4R,15502,15503,15528,15527
PART-6-1,15291,S4R,15503,15504,15529,15528
PART-6-1,15292,S4R,15504,1396,1395,15529
PART-6-1,15293,S4R,1973,15505,1053,59
PART-6-1,15294,S4R,15505,15506,1054,1053
PART-6-1,15295,S4R,15506,15507,1055,1054
PART-6-1,15296,S4R,15507,15508,1056,1055
PART-6-1,15297,S4R,15508,15509,1057,1056
PART-6-1,15298,S4R,15509,15510,1058,1057
PART-6-1,15299,S4R,15510,15511,1059,1058
PART-6-1,15300,S4R,15511,15512,1060,1059
PART-6-1,15301,S4R,15512,15513,1061,1060
PART-6-1,15302,S4R,15513,15514,1062,1061
PART-6-1,15303,S4R,15514,15515,1063,1062
PART-6-1,15304,S4R,15515,15516,1064,1063
PART-6-1,15305,S4R,15516,15517,1065,1064
PART-6-1,15306,S4R,15517,15518,1066,1065
PART-6-1,15307,S4R,15518,15519,1067,1066
PART-6-1,15308,S4R,15519,15520,1068,1067
PART-6-1,15309,S4R,15520,15521,1069,1068
PART-6-1,15310,S4R,15521,15522,1070,1069
PART-6-1,15311,S4R,15522,15523,1071,1070
PART-6-1,15312,S4R,15523,15524,1072,1071
PART-6-1,15313,S4R,15524,15525,1073,1072
PART-6-1,15314,S4R,15525,15526,1074,1073
PART-6-1,15315,S4R,15526,15527,1075,1074
PART-6-1,15316,S4R,15527,15528,1076,1075
PART-6-1,15317,S4R,15528,15529,1077,1076
PART-6-1,15318,S4R,15529,1395,60,1077
PART-6-1,15319,S4R,1424,14732,15530,1425
PART-6-1,15320,S4R,14732,14731,15531,15530
PART-6-1,15321,S4R,14731,14730,15532,15531
PART-6-1,15322,S4R,14730,14729,15533,15532
PART-6-1,15323,S4R,14729,14728,15534,15533
PART-6-1,15324,S4R,14728,14727,15535,15534
PART-6-1,15325,S4R,14727,14726,15536,15535
PART-6-1,15326,S4R,14726,14725,15537,15536
PART-6-1,15327,S4R,14725,14724,15538,15537
PART-6-1,15328,S4R,14724,14723,15539,15538
PART-6-1,15329,S4R,14723,14722,15540,15539
PART-6-1,15330,S4R,14722,14721,15541,15540
PART-6-1,15331,S4R,14721,20,158,15541
PART-6-1,15332,S4R,1425,15530,15542,1426
PART-6-1,15333,S4R,15530,15531,15543,15542
PART-6-1,15334,S4R,15531,15532,15544,15543
PART-6-1,15335,S4R,15532,15533,15545,15544
PART-6-1,15336,S4R,15533,15534,15546,15545
PART-6-1,15337,S4R,15534,15535,15547,15546
PART-6-1,15338,S4R,15535,15536,15548,15547
PART-6-1,15339,S4R,15536,15537,15549,15548
PART-6-1,15340,S4R,15537,15538,15550,15549
PART-6-1,15341,S4R,15538,15539,15551,15550
PART-6-1,15342,S4R,15539,15540,15552,15551
PART-6-1,15343,S4R,15540,15541,15553,15552
PART-6-1,15344,S4R,15541,158,159,15553
PART-6-1,15345,S4R,1426,15542,15554,1427
PART-6-1,15346,S4R,15542,15543,15555,15554
PART-6-1,15347,S4R,15543,15544,15556,15555
PART-6-1,15348,S4R,15544,15545,15557,15556
PART-6-1,15349,S4R,15545,15546,15558,15557
PART-6-1,15350,S4R,15546,15547,15559,15558
PART-6-1,15351,S4R,15547,15548,15560,15559
PART-6-1,15352,S4R,15548,15549,15561,15560
PART-6-1,15353,S4R,15549,15550,15562,15561
PART-6-1,15354,S4R,15550,15551,15563,15562
PART-6-1,15355,S4R,15551,15552,15564,15563
PART-6-1,15356,S4R,15552,15553,15565,15564
PART-6-1,15357,S4R,15553,159,160,15565
PART-6-1,15358,S4R,1427,15554,15566,1428
PART-6-1,15359,S4R,15554,15555,15567,15566
PART-6-1,15360,S4R,15555,15556,15568,15567
PART-6-1,15361,S4R,15556,15557,15569,15568
PART-6-1,15362,S4R,15557,15558,15570,15569
PART-6-1,15363,S4R,15558,15559,15571,15570
PART-6-1,15364,S4R,15559,15560,15572,15571
PART-6-1,15365,S4R,15560,15561,15573,15572
PART-6-1,15366,S4R,15561,15562,15574,15573
PART-6-1,15367,S4R,15562,15563,15575,15574
PART-6-1,15368,S4R,15563,15564,15576,15575
PART-6-1,15369,S4R,15564,15565,15577,15576
PART-6-1,15370,S4R,15565,160,161,15577
PART-6-1,15371,S4R,1428,15566,15578,1429
PART-6-1,15372,S4R,15566,15567,15579,15578
PART-6-1,15373,S4R,15567,15568,15580,15579
PART-6-1,15374,S4R,15568,15569,15581,15580
PART-6-1,15375,S4R,15569,15570,15582,15581
PART-6-1,15376,S4R,15570,15571,15583,15582
PART-6-1,15377,S4R,15571,15572,15584,15583
PART-6-1,15378,S4R,15572,15573,15585,15584
PART-6-1,15379,S4R,15573,15574,15586,15585
PART-6-1,15380,S4R,15574,15575,15587,15586
PART-6-1,15381,S4R,15575,15576,15588,15587
PART-6-1,15382,S4R,15576,15577,15589,15588
PART-6-1,15383,S4R,15577,161,162,15589
PART-6-1,15384,S4R,1429,15578,15590,1430
PART-6-1,15385,S4R,15578,15579,15591,15590
PART-6-1,15386,S4R,15579,15580,15592,15591
PART-6-1,15387,S4R,15580,15581,15593,15592
PART-6-1,15388,S4R,15581,15582,15594,15593
PART-6-1,15389,S4R,15582,15583,15595,15594
PART-6-1,15390,S4R,15583,15584,15596,15595
PART-6-1,15391,S4R,15584,15585,15597,15596
PART-6-1,15392,S4R,15585,15586,15598,15597
PART-6-1,15393,S4R,15586,15587,15599,15598
PART-6-1,15394,S4R,15587,15588,15600,15599
PART-6-1,15395,S4R,15588,15589,15601,15600
PART-6-1,15396,S4R,15589,162,163,15601
PART-6-1,15397,S4R,1430,15590,296,34
PART-6-1,15398,S4R,15590,15591,295,296
PART-6-1,15399,S4R,15591,15592,294,295
PART-6-1,15400,S4R,15592,15593,293,294
PART-6-1,15401,S4R,15593,15594,292,293
PART-6-1,15402,S4R,15594,15595,291,292
PART-6-1,15403,S4R,15595,15596,290,291
PART-6-1,15404,S4R,15596,15597,289,290
PART-6-1,15405,S4R,15597,15598,288,289
PART-6-1,15406,S4R,15598,15599,287,288
PART-6-1,15407,S4R,15599,15600,286,287
PART-6-1,15408,S4R,15600,15601,285,286
PART-6-1,15409,S4R,15601,163,21,285
