instance,node_label,mises_mpa,contributing_element_count
PART-6-1,1,0.920477294921875,5
PART-6-1,2,294.6440785725911,6
PART-6-1,3,48.966429710388184,8
PART-6-1,4,1.5429834365844726,5
PART-6-1,5,279.09515889485675,6
PART-6-1,6,52.080162048339844,8
PART-6-1,7,1.5978723526000977,5
PART-6-1,8,279.08158620198566,6
PART-6-1,9,52.41551494598389,8
PART-6-1,10,6.0170299530502644,5
PART-6-1,11,278.94620450337726,6
PART-6-1,12,53.113319396983826,8
PART-6-1,13,6.0267993927180665,5
PART-6-1,14,278.9500020345052,6
PART-6-1,15,52.99318695070035,8
PART-6-1,16,7.695743560827003,5
PART-6-1,17,291.2117176055908,6
PART-6-1,18,48.30674743652344,8
PART-6-1,19,7.639764404296875,5
PART-6-1,20,300.2301966349284,6
PART-6-1,21,48.71649360656738,8
PART-6-1,22,6.110819625854492,5
PART-6-1,23,6.125932693481445,5
PART-6-1,24,0.8138241767883301,5
PART-6-1,25,292.0121784210205,6
PART-6-1,26,47.92061614991351,8
PART-6-1,27,1.6004392623901367,5
PART-6-1,28,1.6461174011230468,5
PART-6-1,29,0.8170126914978028,5
PART-6-1,30,8.059636688232422,5
PART-6-1,31,7.74693603521156,5
PART-6-1,32,0.5928049087524414,5
PART-6-1,33,68.99999389648437,5
PART-6-1,34,94.28489903041294,7
PART-6-1,35,69.00000610351563,5
PART-6-1,36,94.18162972586495,7
PART-6-1,37,68.65581665039062,5
PART-6-1,38,95.91576639811198,6
PART-6-1,39,0.0,1
PART-6-1,40,0.0,1
PART-6-1,41,93.96516418457031,6
PART-6-1,42,0.0,1
PART-6-1,43,68.54368896484375,5
PART-6-1,44,0.0,1
PART-6-1,45,112.43235560825893,7
PART-6-1,46,90.63508605957031,6
PART-6-1,47,0.0,1
PART-6-1,48,62.34230346679688,5
PART-6-1,49,114.22457667759487,7
PART-6-1,50,0.0,1
PART-6-1,51,69.00000610351563,5
PART-6-1,52,55.00455322265625,5
PART-6-1,53,87.9114990234375,6
PART-6-1,54,0.0,1
PART-6-1,55,69.0,5
PART-6-1,56,0.0,1
PART-6-1,57,345.0000228881836,4
PART-6-1,58,345.0000254313151,6
PART-6-1,59,345.0000228881836,4
PART-6-1,60,345.00002034505206,6
PART-6-1,61,345.0000305175781,6
PART-6-1,62,345.00001525878906,4
PART-6-1,63,345.00001525878906,4
PART-6-1,64,345.0000406901042,6
PART-6-1,65,345.0,3
PART-6-1,66,339.7729187011719,3
PART-6-1,67,341.0490417480469,3
PART-6-1,68,345.0,3
PART-6-1,69,7.244168281555176,2
PART-6-1,70,19.647046089172363,2
PART-6-1,71,31.49340057373047,2
PART-6-1,72,44.81977844238281,2
PART-6-1,73,65.67192459106445,2
PART-6-1,74,70.42763900756836,2
PART-6-1,75,237.19675540924072,8
PART-6-1,76,171.47416877746582,8
PART-6-1,77,129.2758264541626,8
PART-6-1,78,113.00794219970703,8
PART-6-1,79,101.70901393890381,8
PART-6-1,80,18.50797398885091,6
PART-6-1,81,8.238747596740723,6
PART-6-1,82,3.7735846837361655,6
PART-6-1,83,2.478705088297526,6
PART-6-1,84,12.68773889541626,2
PART-6-1,85,23.485283851623535,2
PART-6-1,86,32.05370044708252,2
PART-6-1,87,36.82565689086914,2
PART-6-1,88,41.3203239440918,2
PART-6-1,89,51.41632843017578,2
PART-6-1,90,193.3686285018921,8
PART-6-1,91,124.6016492843628,8
PART-6-1,92,106.38455200195312,8
PART-6-1,93,23.16708246866862,6
PART-6-1,94,14.477731704711914,6
PART-6-1,95,8.436720530192057,6
PART-6-1,96,4.332635402679443,6
PART-6-1,97,13.036777973175049,2
PART-6-1,98,23.86411190032959,2
PART-6-1,99,32.252379417419434,2
PART-6-1,100,36.83395576477051,2
PART-6-1,101,41.22446823120117,2
PART-6-1,102,51.60747528076172,2
PART-6-1,103,193.2973337173462,8
PART-6-1,104,124.76107788085938,8
PART-6-1,105,106.9404525756836,8
PART-6-1,106,23.444569269816082,6
PART-6-1,107,14.74145762125651,6
PART-6-1,108,8.617151578267416,6
PART-6-1,109,4.439878940582275,6
PART-6-1,110,34.15007305145264,2
PART-6-1,111,44.56722831726074,2
PART-6-1,112,57.58613395690918,2
PART-6-1,113,75.32723617553711,2
PART-6-1,114,112.45870590209961,2
PART-6-1,115,186.84848022460938,2
PART-6-1,116,193.8810315132141,8
PART-6-1,117,126.22049045562744,8
PART-6-1,118,108.41242790222168,8
PART-6-1,119,30.350233713808148,6
PART-6-1,120,23.91421763106047,6
PART-6-1,121,17.862127304131324,6
PART-6-1,122,12.79784297946933,6
PART-6-1,123,33.90043544769287,2
PART-6-1,124,43.8968448638916,2
PART-6-1,125,57.08118438720703,2
PART-6-1,126,75.03213500976562,2
PART-6-1,127,112.11846160888672,2
PART-6-1,128,186.72126007080078,2
PART-6-1,129,193.72512340545654,8
PART-6-1,130,126.0869369506836,8
PART-6-1,131,108.31750202178955,8
PART-6-1,132,30.17009989423924,6
PART-6-1,133,23.69608116154062,6
PART-6-1,134,17.663746515951427,6
PART-6-1,135,12.71863842011615,6
PART-6-1,136,43.70516777038574,2
PART-6-1,137,57.82278823852539,2
PART-6-1,138,75.45346069335938,2
PART-6-1,139,105.6695442199707,2
PART-6-1,140,157.56435775756836,2
PART-6-1,141,248.72037506103516,2
PART-6-1,142,232.58490991592407,8
PART-6-1,143,168.70603466033936,8
PART-6-1,144,128.11851596832275,8
PART-6-1,145,112.25865840911865,8
PART-6-1,146,100.72678756713867,8
PART-6-1,147,28.250169118252888,6
PART-6-1,148,25.684953053826366,6
PART-6-1,149,21.404190063526215,6
PART-6-1,150,15.778954188066912,6
PART-6-1,151,44.7424259185791,2
PART-6-1,152,56.45854949951172,2
PART-6-1,153,72.6616153717041,2
PART-6-1,154,94.2989273071289,2
PART-6-1,155,129.7505760192871,2
PART-6-1,156,187.05115509033203,2
PART-6-1,157,282.25342559814453,2
PART-6-1,158,252.636381149292,8
PART-6-1,159,191.04442596435547,8
PART-6-1,160,142.84637641906738,8
PART-6-1,161,122.22025871276855,8
PART-6-1,162,108.66755390167236,8
PART-6-1,163,100.67947292327881,8
PART-6-1,164,29.284952799479168,6
PART-6-1,165,26.464473724365234,6
PART-6-1,166,22.2925230662028,6
PART-6-1,167,16.22593625386556,6
PART-6-1,168,34.44750690460205,2
PART-6-1,169,44.87178421020508,2
PART-6-1,170,58.25150108337402,2
PART-6-1,171,76.29509735107422,2
PART-6-1,172,113.46960067749023,2
PART-6-1,173,187.18285369873047,2
PART-6-1,174,30.09067153930664,6
PART-6-1,175,23.775447845458984,6
PART-6-1,176,17.83478037516276,6
PART-6-1,177,12.896445910135904,6
PART-6-1,178,34.411410331726074,2
PART-6-1,179,44.70257568359375,2
PART-6-1,180,58.05412483215332,2
PART-6-1,181,76.18902587890625,2
PART-6-1,182,113.58000183105469,2
PART-6-1,183,187.60160064697266,2
PART-6-1,184,29.896634419759113,6
PART-6-1,185,23.66273307800293,6
PART-6-1,186,17.791187922159832,6
PART-6-1,187,12.897114117940268,6
PART-6-1,188,6.703483819961548,2
PART-6-1,189,18.432866096496582,2
PART-6-1,190,29.588926315307617,2
PART-6-1,191,42.098276138305664,2
PART-6-1,192,61.67924880981445,2
PART-6-1,193,65.52527046203613,2
PART-6-1,194,232.94702005386353,8
PART-6-1,195,168.02814769744873,8
PART-6-1,196,127.30853462219238,8
PART-6-1,197,111.53974914550781,8
PART-6-1,198,99.9920768737793,8
PART-6-1,199,18.060718536376953,6
PART-6-1,200,8.179413000742594,6
PART-6-1,201,3.747262954711914,6
PART-6-1,202,2.3094497521718345,6
PART-6-1,203,12.932342052459717,2
PART-6-1,204,23.65965461730957,2
PART-6-1,205,32.15308380126953,2
PART-6-1,206,36.769805908203125,2
PART-6-1,207,40.98109436035156,2
PART-6-1,208,50.88395309448242,2
PART-6-1,209,23.828676223754883,6
PART-6-1,210,14.997801462809244,6
PART-6-1,211,8.687044461568197,6
PART-6-1,212,4.422139644622803,6
PART-6-1,213,12.924373626708984,2
PART-6-1,214,23.26571750640869,2
PART-6-1,215,31.63317584991455,2
PART-6-1,216,36.447357177734375,2
PART-6-1,217,40.776742935180664,2
PART-6-1,218,50.738773345947266,2
PART-6-1,219,23.803215662638348,6
PART-6-1,220,15.045267105102539,6
PART-6-1,221,8.708231290181478,6
PART-6-1,222,4.441147168477376,6
PART-6-1,223,6.804006814956665,2
PART-6-1,224,18.384110927581787,2
PART-6-1,225,29.230515480041504,2
PART-6-1,226,41.243337631225586,2
PART-6-1,227,60.480417251586914,2
PART-6-1,228,63.75095558166504,2
PART-6-1,229,18.281859079996746,6
PART-6-1,230,8.409879048665365,6
PART-6-1,231,3.8452879587809243,6
PART-6-1,232,2.295198996861776,6
PART-6-1,233,45.8664608001709,2
PART-6-1,234,60.415672302246094,2
PART-6-1,235,77.77658462524414,2
PART-6-1,236,109.37815475463867,2
PART-6-1,237,164.3268051147461,2
PART-6-1,238,259.1729431152344,2
PART-6-1,239,29.24368413289388,6
PART-6-1,240,26.801956176757812,6
PART-6-1,241,22.41782569885254,6
PART-6-1,242,16.545177459716797,6
PART-6-1,243,44.0058708190918,2
PART-6-1,244,58.10612487792969,2
PART-6-1,245,75.60723114013672,2
PART-6-1,246,106.0860710144043,2
PART-6-1,247,158.340087890625,2
PART-6-1,248,250.31079864501953,2
PART-6-1,249,28.200405120894285,6
PART-6-1,250,25.746982574500123,6
PART-6-1,251,21.51949882508069,6
PART-6-1,252,15.883849461873373,6
PART-6-1,253,7.349513053894043,2
PART-6-1,254,14.3355393409729,2
PART-6-1,255,26.300411224365234,2
PART-6-1,256,36.773094177246094,2
PART-6-1,257,49.56994819641113,2
PART-6-1,258,75.15116882324219,2
PART-6-1,259,82.7125015258789,2
PART-6-1,260,18.350634892781574,6
PART-6-1,261,8.932429313659668,6
PART-6-1,262,3.715679168701172,6
PART-6-1,263,1.4923284848531086,6
PART-6-1,264,108.03729248046875,6
PART-6-1,265,99.80646260579427,6
PART-6-1,266,96.07041422526042,6
PART-6-1,267,93.09310913085938,6
PART-6-1,268,90.97427876790364,6
PART-6-1,269,89.03504435221355,6
PART-6-1,270,87.75742594401042,6
PART-6-1,271,87.22981262207031,6
PART-6-1,272,93.0934346516927,6
PART-6-1,273,82.19637807210286,6
PART-6-1,274,74.45665232340495,6
PART-6-1,275,79.66257731119792,6
PART-6-1,276,84.35719807942708,6
PART-6-1,277,87.74839274088542,6
PART-6-1,278,88.86322021484375,6
PART-6-1,279,87.16059875488281,6
PART-6-1,280,82.26202392578125,6
PART-6-1,281,74.47163391113281,6
PART-6-1,282,64.63639322916667,6
PART-6-1,283,54.30822499593099,6
PART-6-1,284,43.83462651570638,6
PART-6-1,285,41.34040959676107,6
PART-6-1,286,50.32319895426432,6
PART-6-1,287,59.21502431233724,6
PART-6-1,288,67.80863189697266,6
PART-6-1,289,74.64817810058594,6
PART-6-1,290,78.89213562011719,6
PART-6-1,291,80.3743667602539,6
PART-6-1,292,79.47904205322266,6
PART-6-1,293,76.86677805582683,6
PART-6-1,294,73.19522094726562,6
PART-6-1,295,69.17039489746094,6
PART-6-1,296,69.92625681559245,6
PART-6-1,297,71.79336802164714,6
PART-6-1,298,73.33506774902344,6
PART-6-1,299,77.4000244140625,6
PART-6-1,300,82.09184010823567,6
PART-6-1,301,87.39116923014323,6
PART-6-1,302,93.52857462565105,6
PART-6-1,303,101.33434041341145,6
PART-6-1,304,110.40529378255208,6
PART-6-1,305,114.99998982747395,6
PART-6-1,306,74.23255157470703,6
PART-6-1,307,72.39438120524089,6
PART-6-1,308,70.6891098022461,6
PART-6-1,309,69.80711619059245,6
PART-6-1,310,70.15087636311848,6
PART-6-1,311,70.39638264973958,6
PART-6-1,312,69.22864278157552,6
PART-6-1,313,66.33689880371094,6
PART-6-1,314,64.07456970214844,6
PART-6-1,315,62.52625020345052,6
PART-6-1,316,57.98307800292969,6
PART-6-1,317,48.61577860514323,6
PART-6-1,318,40.096641540527344,6
PART-6-1,319,48.1807607014974,6
PART-6-1,320,57.323710123697914,6
PART-6-1,321,67.49066416422527,6
PART-6-1,322,76.28146362304688,6
PART-6-1,323,82.38987731933594,6
PART-6-1,324,85.48582204182942,6
PART-6-1,325,85.46669006347656,6
PART-6-1,326,82.33944956461589,6
PART-6-1,327,76.2028096516927,6
PART-6-1,328,67.39256032307942,6
PART-6-1,329,57.22252400716146,6
PART-6-1,330,48.06642405192057,6
PART-6-1,331,39.97813924153646,6
PART-6-1,332,48.30534362792969,6
PART-6-1,333,57.62761433919271,6
PART-6-1,334,62.099609375,6
PART-6-1,335,64.10914611816406,6
PART-6-1,336,66.95955149332683,6
PART-6-1,337,70.00339253743489,6
PART-6-1,338,71.3073221842448,6
PART-6-1,339,71.17718760172527,6
PART-6-1,340,70.18243153889973,6
PART-6-1,341,70.44164276123047,6
PART-6-1,342,72.28987884521484,6
PART-6-1,343,74.14588673909505,6
PART-6-1,344,71.40297444661458,6
PART-6-1,345,71.9989522298177,6
PART-6-1,346,74.73431650797527,6
PART-6-1,347,77.90462493896484,6
PART-6-1,348,81.51344045003255,6
PART-6-1,349,85.72323862711589,6
PART-6-1,350,91.27696736653645,6
PART-6-1,351,100.0779317220052,6
PART-6-1,352,110.30191040039062,6
PART-6-1,353,70.00012969970703,6
PART-6-1,354,69.61133066813152,6
PART-6-1,355,73.82686360677083,6
PART-6-1,356,77.23001352945964,6
PART-6-1,357,79.25038655598958,6
PART-6-1,358,79.06554412841797,6
PART-6-1,359,75.9011739095052,6
PART-6-1,360,69.69664255777995,6
PART-6-1,361,61.226941426595054,6
PART-6-1,362,51.901878356933594,6
PART-6-1,363,42.24610137939453,6
PART-6-1,364,43.996089935302734,6
PART-6-1,365,54.548970540364586,6
PART-6-1,366,64.95558420817058,6
PART-6-1,367,74.69034322102864,6
PART-6-1,368,82.49386342366536,6
PART-6-1,369,87.45867411295573,6
PART-6-1,370,89.2240702311198,6
PART-6-1,371,88.29102579752605,6
PART-6-1,372,85.11185201009114,6
PART-6-1,373,80.64232889811198,6
PART-6-1,374,75.81375630696614,6
PART-6-1,375,81.7996317545573,6
PART-6-1,376,92.70500183105469,6
PART-6-1,377,88.29843139648438,6
PART-6-1,378,89.65360005696614,6
PART-6-1,379,91.8223876953125,6
PART-6-1,380,94.68110656738281,6
PART-6-1,381,97.83171081542969,6
PART-6-1,382,101.91085306803386,6
PART-6-1,383,106.89572652180989,6
PART-6-1,384,111.83271789550781,6
PART-6-1,385,0.0,2
PART-6-1,386,0.0,2
PART-6-1,387,0.0,2
PART-6-1,388,0.0,2
PART-6-1,389,0.0,2
PART-6-1,390,0.0,2
PART-6-1,391,0.0,2
PART-6-1,392,0.0,2
PART-6-1,393,0.0,2
PART-6-1,394,0.0,2
PART-6-1,395,0.0,2
PART-6-1,396,0.0,2
PART-6-1,397,0.0,2
PART-6-1,398,0.0,2
PART-6-1,399,0.0,2
PART-6-1,400,0.0,2
PART-6-1,401,0.0,2
PART-6-1,402,0.0,2
PART-6-1,403,0.0,2
PART-6-1,404,0.0,2
PART-6-1,405,0.0,2
PART-6-1,406,0.0,2
PART-6-1,407,0.0,2
PART-6-1,408,0.0,2
PART-6-1,409,0.0,2
PART-6-1,410,0.0,2
PART-6-1,411,0.0,2
PART-6-1,412,0.0,2
PART-6-1,413,0.0,2
PART-6-1,414,0.0,2
PART-6-1,415,0.0,2
PART-6-1,416,0.0,2
PART-6-1,417,0.0,2
PART-6-1,418,0.0,2
PART-6-1,419,0.0,2
PART-6-1,420,0.0,2
PART-6-1,421,0.0,2
PART-6-1,422,0.0,2
PART-6-1,423,0.0,2
PART-6-1,424,0.0,2
PART-6-1,425,0.0,2
PART-6-1,426,0.0,2
PART-6-1,427,0.0,2
PART-6-1,428,0.0,2
PART-6-1,429,0.0,2
PART-6-1,430,0.0,2
PART-6-1,431,0.0,2
PART-6-1,432,0.0,2
PART-6-1,433,0.0,2
PART-6-1,434,0.0,2
PART-6-1,435,0.0,2
PART-6-1,436,0.0,2
PART-6-1,437,0.0,2
PART-6-1,438,0.0,2
PART-6-1,439,0.0,2
PART-6-1,440,0.0,2
PART-6-1,441,0.0,2
PART-6-1,442,0.0,2
PART-6-1,443,0.0,2
PART-6-1,444,0.0,2
PART-6-1,445,0.0,2
PART-6-1,446,0.0,2
PART-6-1,447,0.0,2
PART-6-1,448,0.0,2
PART-6-1,449,0.0,2
PART-6-1,450,0.0,2
PART-6-1,451,0.0,2
PART-6-1,452,0.0,2
PART-6-1,453,0.0,2
PART-6-1,454,0.0,2
PART-6-1,455,0.0,2
PART-6-1,456,0.0,2
PART-6-1,457,0.0,2
PART-6-1,458,0.0,2
PART-6-1,459,0.0,2
PART-6-1,460,0.0,2
PART-6-1,461,0.0,2
PART-6-1,462,0.0,2
PART-6-1,463,0.0,2
PART-6-1,464,0.0,2
PART-6-1,465,0.0,2
PART-6-1,466,0.0,2
PART-6-1,467,0.0,2
PART-6-1,468,0.0,2
PART-6-1,469,0.0,2
PART-6-1,470,0.0,2
PART-6-1,471,0.0,2
PART-6-1,472,0.0,2
PART-6-1,473,0.0,2
PART-6-1,474,0.0,2
PART-6-1,475,0.0,2
PART-6-1,476,0.0,2
PART-6-1,477,0.0,2
PART-6-1,478,0.0,2
PART-6-1,479,0.0,2
PART-6-1,480,0.0,2
PART-6-1,481,0.0,2
PART-6-1,482,0.0,2
PART-6-1,483,0.0,2
PART-6-1,484,0.0,2
PART-6-1,485,0.0,2
PART-6-1,486,0.0,2
PART-6-1,487,0.0,2
PART-6-1,488,0.0,2
PART-6-1,489,0.0,2
PART-6-1,490,0.0,2
PART-6-1,491,0.0,2
PART-6-1,492,0.0,2
PART-6-1,493,0.0,2
PART-6-1,494,0.0,2
PART-6-1,495,0.0,2
PART-6-1,496,0.0,2
PART-6-1,497,0.0,2
PART-6-1,498,0.0,2
PART-6-1,499,0.0,2
PART-6-1,500,0.0,2
PART-6-1,501,0.0,2
PART-6-1,502,0.0,2
PART-6-1,503,0.0,2
PART-6-1,504,0.0,2
PART-6-1,505,0.0,2
PART-6-1,506,0.0,2
PART-6-1,507,0.0,2
PART-6-1,508,0.0,2
PART-6-1,509,0.0,2
PART-6-1,510,0.0,2
PART-6-1,511,0.0,2
PART-6-1,512,0.0,2
PART-6-1,513,0.0,2
PART-6-1,514,0.0,2
PART-6-1,515,0.0,2
PART-6-1,516,0.0,2
PART-6-1,517,0.0,2
PART-6-1,518,0.0,2
PART-6-1,519,0.0,2
PART-6-1,520,0.0,2
PART-6-1,521,0.0,2
PART-6-1,522,0.0,2
PART-6-1,523,0.0,2
PART-6-1,524,0.0,2
PART-6-1,525,0.0,2
PART-6-1,526,0.0,2
PART-6-1,527,0.0,2
PART-6-1,528,0.0,2
PART-6-1,529,0.0,2
PART-6-1,530,0.0,2
PART-6-1,531,0.0,2
PART-6-1,532,0.0,2
PART-6-1,533,0.0,2
PART-6-1,534,0.0,2
PART-6-1,535,0.0,2
PART-6-1,536,0.0,2
PART-6-1,537,0.0,2
PART-6-1,538,0.0,2
PART-6-1,539,0.0,2
PART-6-1,540,0.0,2
PART-6-1,541,0.0,2
PART-6-1,542,0.0,2
PART-6-1,543,0.0,2
PART-6-1,544,0.0,2
PART-6-1,545,0.0,2
PART-6-1,546,0.0,2
PART-6-1,547,0.0,2
PART-6-1,548,0.0,2
PART-6-1,549,0.0,2
PART-6-1,550,0.0,2
PART-6-1,551,0.0,2
PART-6-1,552,0.0,2
PART-6-1,553,0.0,2
PART-6-1,554,0.0,2
PART-6-1,555,0.0,2
PART-6-1,556,0.0,2
PART-6-1,557,0.0,2
PART-6-1,558,0.0,2
PART-6-1,559,0.0,2
PART-6-1,560,0.0,2
PART-6-1,561,0.0,2
PART-6-1,562,0.0,2
PART-6-1,563,0.0,2
PART-6-1,564,0.0,2
PART-6-1,565,0.0,2
PART-6-1,566,0.0,2
PART-6-1,567,0.0,2
PART-6-1,568,0.0,2
PART-6-1,569,0.0,2
PART-6-1,570,0.0,2
PART-6-1,571,0.0,2
PART-6-1,572,0.0,2
PART-6-1,573,0.0,2
PART-6-1,574,0.0,2
PART-6-1,575,0.0,2
PART-6-1,576,0.0,2
PART-6-1,577,0.0,2
PART-6-1,578,0.0,2
PART-6-1,579,0.0,2
PART-6-1,580,0.0,2
PART-6-1,581,0.0,2
PART-6-1,582,0.0,2
PART-6-1,583,0.0,2
PART-6-1,584,0.0,2
PART-6-1,585,0.0,2
PART-6-1,586,0.0,2
PART-6-1,587,0.0,2
PART-6-1,588,0.0,2
PART-6-1,589,0.0,2
PART-6-1,590,0.0,2
PART-6-1,591,0.0,2
PART-6-1,592,0.0,2
PART-6-1,593,0.0,2
PART-6-1,594,0.0,2
PART-6-1,595,0.0,2
PART-6-1,596,0.0,2
PART-6-1,597,0.0,2
PART-6-1,598,0.0,2
PART-6-1,599,0.0,2
PART-6-1,600,0.0,2
PART-6-1,601,0.0,2
PART-6-1,602,0.0,2
PART-6-1,603,0.0,2
PART-6-1,604,0.0,2
PART-6-1,605,0.0,2
PART-6-1,606,0.0,2
PART-6-1,607,0.0,2
PART-6-1,608,0.0,2
PART-6-1,609,0.0,2
PART-6-1,610,0.0,2
PART-6-1,611,42.87121327718844,6
PART-6-1,612,52.67281341553851,6
PART-6-1,613,62.27769724528367,6
PART-6-1,614,71.25841776529948,6
PART-6-1,615,78.48700459798177,6
PART-6-1,616,83.2083231608073,6
PART-6-1,617,85.2447992960612,6
PART-6-1,618,85.20442708333333,6
PART-6-1,619,83.78780110677083,6
PART-6-1,620,82.21806335449219,6
PART-6-1,621,81.7182133992513,6
PART-6-1,622,87.36637115478516,6
PART-6-1,623,80.22139485677083,6
PART-6-1,624,74.01855977376302,6
PART-6-1,625,77.73768107096355,6
PART-6-1,626,81.33912150065105,6
PART-6-1,627,84.78480021158855,6
PART-6-1,628,87.97371927897136,6
PART-6-1,629,91.75631205240886,6
PART-6-1,630,96.31403096516927,6
PART-6-1,631,106.81324768066406,6
PART-6-1,632,42.8839365641276,6
PART-6-1,633,53.186920166015625,6
PART-6-1,634,63.15367889404297,6
PART-6-1,635,72.26663462320964,6
PART-6-1,636,79.2255121866862,6
PART-6-1,637,83.37836201985677,6
PART-6-1,638,84.89583841959636,6
PART-6-1,639,84.73610178629558,6
PART-6-1,640,84.05642191569011,6
PART-6-1,641,84.4605382283603,6
PART-6-1,642,87.61151631673921,6
PART-6-1,643,86.73809051514417,6
PART-6-1,644,80.58251698813338,6
PART-6-1,645,77.19984436036646,6
PART-6-1,646,75.72685241699963,6
PART-6-1,647,74.81334686280042,6
PART-6-1,648,73.57598368327568,6
PART-6-1,649,71.39811197916667,6
PART-6-1,650,67.84819285075243,6
PART-6-1,651,65.33151753743861,6
PART-6-1,652,63.67242685953776,6
PART-6-1,653,58.87201436360677,6
PART-6-1,654,49.25956471762557,6
PART-6-1,655,40.53240458172062,6
PART-6-1,656,48.53044637045016,6
PART-6-1,657,57.486829121907554,6
PART-6-1,658,67.42677052815755,6
PART-6-1,659,76.03098042805989,6
PART-6-1,660,82.02752939860027,6
PART-6-1,661,85.07279713948567,6
PART-6-1,662,85.05791473388672,6
PART-6-1,663,81.97953287761162,6
PART-6-1,664,75.94218444824963,6
PART-6-1,665,67.28733825683594,6
PART-6-1,666,57.32305653889974,6
PART-6-1,667,48.40881856282552,6
PART-6-1,668,40.490558624275025,6
PART-6-1,669,49.33878072104354,6
PART-6-1,670,58.86405436198661,6
PART-6-1,671,63.53467559814453,6
PART-6-1,672,65.69207255045573,6
PART-6-1,673,68.87905883789062,6
PART-6-1,674,72.60743459065755,6
PART-6-1,675,74.93157958984375,6
PART-6-1,676,76.26766204833984,6
PART-6-1,677,77.22495015462239,6
PART-6-1,678,78.67215728760621,6
PART-6-1,679,82.00131225586793,6
PART-6-1,680,88.17005920410156,6
PART-6-1,681,89.08150736491257,6
PART-6-1,682,85.42813618978609,6
PART-6-1,683,84.40205637614305,6
PART-6-1,684,84.73884836833427,6
PART-6-1,685,85.08980814617375,6
PART-6-1,686,84.3987197876051,6
PART-6-1,687,81.8804931640625,6
PART-6-1,688,76.92191314697638,6
PART-6-1,689,69.64403533935919,6
PART-6-1,690,60.77873738606771,6
PART-6-1,691,51.450480143229164,6
PART-6-1,692,41.9266967773512,6
PART-6-1,693,42.72736612957218,6
PART-6-1,694,52.55807749431083,6
PART-6-1,695,62.23322296142578,6
PART-6-1,696,71.31284840901692,6
PART-6-1,697,78.6445083618164,6
PART-6-1,698,83.4366226196289,6
PART-6-1,699,85.47504425049199,6
PART-6-1,700,85.33994293213262,6
PART-6-1,701,83.70111083984375,6
PART-6-1,702,81.7426961263058,6
PART-6-1,703,80.64413197835658,6
PART-6-1,704,85.34388732910156,6
PART-6-1,705,78.8396224975586,6
PART-6-1,706,74.90428670247395,6
PART-6-1,707,80.27758280436198,6
PART-6-1,708,85.63731638590495,6
PART-6-1,709,90.97320556640625,6
PART-6-1,710,96.29953511555989,6
PART-6-1,711,102.45836385091145,6
PART-6-1,712,110.13881937662761,6
PART-6-1,713,114.68212381998698,6
PART-6-1,714,78.79474639892578,6
PART-6-1,715,74.5138676961263,6
PART-6-1,716,74.27508799235027,6
PART-6-1,717,74.45318094889323,6
PART-6-1,718,74.93522644042969,6
PART-6-1,719,75.45883178710938,6
PART-6-1,720,76.49960072835286,6
PART-6-1,721,78.0194803873698,6
PART-6-1,722,85.19373830159505,6
PART-6-1,723,78.26859537760417,6
PART-6-1,724,74.95584615071614,6
PART-6-1,725,75.66541798909505,6
PART-6-1,726,76.93315124511719,6
PART-6-1,727,78.67440541585286,6
PART-6-1,728,80.6179707845052,6
PART-6-1,729,83.27111562093098,6
PART-6-1,730,86.53325653076172,6
PART-6-1,731,96.00221761067708,6
PART-6-1,732,0.0,2
PART-6-1,733,0.0,2
PART-6-1,734,0.0,2
PART-6-1,735,0.0,2
PART-6-1,736,0.0,2
PART-6-1,737,0.0,2
PART-6-1,738,0.0,2
PART-6-1,739,0.0,2
PART-6-1,740,0.0,2
PART-6-1,741,0.0,2
PART-6-1,742,0.0,2
PART-6-1,743,0.0,2
PART-6-1,744,0.0,2
PART-6-1,745,0.0,2
PART-6-1,746,0.0,2
PART-6-1,747,0.0,2
PART-6-1,748,0.0,2
PART-6-1,749,0.0,2
PART-6-1,750,0.0,2
PART-6-1,751,0.0,2
PART-6-1,752,0.0,2
PART-6-1,753,0.0,2
PART-6-1,754,0.0,2
PART-6-1,755,0.0,2
PART-6-1,756,0.0,2
PART-6-1,757,0.0,2
PART-6-1,758,0.0,2
PART-6-1,759,0.0,2
PART-6-1,760,0.0,2
PART-6-1,761,0.0,2
PART-6-1,762,0.0,2
PART-6-1,763,0.0,2
PART-6-1,764,0.0,2
PART-6-1,765,0.0,2
PART-6-1,766,0.0,2
PART-6-1,767,0.0,2
PART-6-1,768,0.0,2
PART-6-1,769,0.0,2
PART-6-1,770,0.0,2
PART-6-1,771,0.0,2
PART-6-1,772,0.0,2
PART-6-1,773,0.0,2
PART-6-1,774,0.0,2
PART-6-1,775,0.0,2
PART-6-1,776,0.0,2
PART-6-1,777,0.0,2
PART-6-1,778,0.0,2
PART-6-1,779,0.0,2
PART-6-1,780,0.0,2
PART-6-1,781,0.0,2
PART-6-1,782,0.0,2
PART-6-1,783,0.0,2
PART-6-1,784,0.0,2
PART-6-1,785,0.0,2
PART-6-1,786,0.0,2
PART-6-1,787,0.0,2
PART-6-1,788,0.0,2
PART-6-1,789,0.0,2
PART-6-1,790,0.0,2
PART-6-1,791,0.0,2
PART-6-1,792,0.0,2
PART-6-1,793,0.0,2
PART-6-1,794,0.0,2
PART-6-1,795,0.0,2
PART-6-1,796,0.0,2
PART-6-1,797,0.0,2
PART-6-1,798,0.0,2
PART-6-1,799,0.0,2
PART-6-1,800,0.0,2
PART-6-1,801,0.0,2
PART-6-1,802,0.0,2
PART-6-1,803,0.0,2
PART-6-1,804,0.0,2
PART-6-1,805,0.0,2
PART-6-1,806,0.0,2
PART-6-1,807,0.0,2
PART-6-1,808,0.0,2
PART-6-1,809,0.0,2
PART-6-1,810,0.0,2
PART-6-1,811,0.0,2
PART-6-1,812,0.0,2
PART-6-1,813,0.0,2
PART-6-1,814,0.0,2
PART-6-1,815,0.0,2
PART-6-1,816,0.0,2
PART-6-1,817,0.0,2
PART-6-1,818,0.0,2
PART-6-1,819,0.0,2
PART-6-1,820,0.0,2
PART-6-1,821,0.0,2
PART-6-1,822,0.0,2
PART-6-1,823,0.0,2
PART-6-1,824,0.0,2
PART-6-1,825,0.0,2
PART-6-1,826,0.0,2
PART-6-1,827,0.0,2
PART-6-1,828,0.0,2
PART-6-1,829,0.0,2
PART-6-1,830,0.0,2
PART-6-1,831,0.0,2
PART-6-1,832,0.0,2
PART-6-1,833,0.0,2
PART-6-1,834,0.0,2
PART-6-1,835,0.0,2
PART-6-1,836,0.0,2
PART-6-1,837,0.0,2
PART-6-1,838,1.1169136795996515e-11,2
PART-6-1,839,5.5845683979982574e-11,2
PART-6-1,840,4.467654718398606e-11,2
PART-6-1,841,0.0,2
PART-6-1,842,0.0,2
PART-6-1,843,0.0,2
PART-6-1,844,0.0,2
PART-6-1,845,0.0,2
PART-6-1,846,0.0,2
PART-6-1,847,0.0,2
PART-6-1,848,0.0,2
PART-6-1,849,0.0,2
PART-6-1,850,0.0,2
PART-6-1,851,0.0,2
PART-6-1,852,0.0,2
PART-6-1,853,0.0,2
PART-6-1,854,0.0,2
PART-6-1,855,0.0,2
PART-6-1,856,0.0,2
PART-6-1,857,0.0,2
PART-6-1,858,0.0,2
PART-6-1,859,0.0,2
PART-6-1,860,0.0,2
PART-6-1,861,0.0,2
PART-6-1,862,0.0,2
PART-6-1,863,0.0,2
PART-6-1,864,0.0,2
PART-6-1,865,0.0,2
PART-6-1,866,0.0,2
PART-6-1,867,0.0,2
PART-6-1,868,0.0,2
PART-6-1,869,0.0,2
PART-6-1,870,0.0,2
PART-6-1,871,0.0,2
PART-6-1,872,0.0,2
PART-6-1,873,0.0,2
PART-6-1,874,0.0,2
PART-6-1,875,0.0,2
PART-6-1,876,0.0,2
PART-6-1,877,0.0,2
PART-6-1,878,0.0,2
PART-6-1,879,0.0,2
PART-6-1,880,0.0,2
PART-6-1,881,0.0,2
PART-6-1,882,0.0,2
PART-6-1,883,0.0,2
PART-6-1,884,0.0,2
PART-6-1,885,0.0,2
PART-6-1,886,0.0,2
PART-6-1,887,0.0,2
PART-6-1,888,0.0,2
PART-6-1,889,0.0,2
PART-6-1,890,0.0,2
PART-6-1,891,0.0,2
PART-6-1,892,0.0,2
PART-6-1,893,0.0,2
PART-6-1,894,0.0,2
PART-6-1,895,0.0,2
PART-6-1,896,0.0,2
PART-6-1,897,0.0,2
PART-6-1,898,0.0,2
PART-6-1,899,0.0,2
PART-6-1,900,0.0,2
PART-6-1,901,0.0,2
PART-6-1,902,0.0,2
PART-6-1,903,0.0,2
PART-6-1,904,0.0,2
PART-6-1,905,0.0,2
PART-6-1,906,0.0,2
PART-6-1,907,0.0,2
PART-6-1,908,0.0,2
PART-6-1,909,0.0,2
PART-6-1,910,0.0,2
PART-6-1,911,0.0,2
PART-6-1,912,0.0,2
PART-6-1,913,0.0,2
PART-6-1,914,0.0,2
PART-6-1,915,0.0,2
PART-6-1,916,0.0,2
PART-6-1,917,0.0,2
PART-6-1,918,0.0,2
PART-6-1,919,0.0,2
PART-6-1,920,0.0,2
PART-6-1,921,0.0,2
PART-6-1,922,0.0,2
PART-6-1,923,0.0,2
PART-6-1,924,0.0,2
PART-6-1,925,0.0,2
PART-6-1,926,0.0,2
PART-6-1,927,0.0,2
PART-6-1,928,0.0,2
PART-6-1,929,0.0,2
PART-6-1,930,0.0,2
PART-6-1,931,0.0,2
PART-6-1,932,0.0,2
PART-6-1,933,0.0,2
PART-6-1,934,0.0,2
PART-6-1,935,0.0,2
PART-6-1,936,0.0,2
PART-6-1,937,0.0,2
PART-6-1,938,0.0,2
PART-6-1,939,0.0,2
PART-6-1,940,0.0,2
PART-6-1,941,0.0,2
PART-6-1,942,0.0,2
PART-6-1,943,0.0,2
PART-6-1,944,0.0,2
PART-6-1,945,0.0,2
PART-6-1,946,0.0,2
PART-6-1,947,0.0,2
PART-6-1,948,0.0,2
PART-6-1,949,0.0,2
PART-6-1,950,0.0,2
PART-6-1,951,0.0,2
PART-6-1,952,0.0,2
PART-6-1,953,0.0,2
PART-6-1,954,0.0,2
PART-6-1,955,0.0,2
PART-6-1,956,0.0,2
PART-6-1,957,0.0,2
PART-6-1,958,345.0000228881836,4
PART-6-1,959,345.0000305175781,4
PART-6-1,960,345.00001525878906,4
PART-6-1,961,345.0000228881836,4
PART-6-1,962,345.0000305175781,4
PART-6-1,963,345.00000762939453,4
PART-6-1,964,345.00000762939453,4
PART-6-1,965,345.00000762939453,4
PART-6-1,966,344.99999237060547,4
PART-6-1,967,344.99999237060547,4
PART-6-1,968,345.0000228881836,4
PART-6-1,969,345.0000305175781,4
PART-6-1,970,345.00001525878906,4
PART-6-1,971,345.00000762939453,4
PART-6-1,972,345.0000228881836,4
PART-6-1,973,345.0000534057617,4
PART-6-1,974,345.0000457763672,4
PART-6-1,975,345.0,4
PART-6-1,976,345.00000762939453,4
PART-6-1,977,345.0000534057617,4
PART-6-1,978,345.0000457763672,4
PART-6-1,979,345.0000228881836,4
PART-6-1,980,345.00000762939453,4
PART-6-1,981,345.0000228881836,4
PART-6-1,982,345.0000305175781,4
PART-6-1,983,345.0000305175781,6
PART-6-1,984,345.0000457763672,6
PART-6-1,985,345.00005594889325,6
PART-6-1,986,345.00006103515625,6
PART-6-1,987,345.00005594889325,6
PART-6-1,988,345.0000457763672,6
PART-6-1,989,345.0000305175781,6
PART-6-1,990,345.0000254313151,6
PART-6-1,991,345.00002034505206,6
PART-6-1,992,345.000005086263,6
PART-6-1,993,344.3748372395833,6
PART-6-1,994,344.3748270670573,6
PART-6-1,995,345.0,6
PART-6-1,996,345.0,6
PART-6-1,997,344.999994913737,6
PART-6-1,998,345.000005086263,6
PART-6-1,999,343.8748474121094,6
PART-6-1,1000,341.23956298828125,6
PART-6-1,1001,338.6100209554036,6
PART-6-1,1002,336.9870147705078,6
PART-6-1,1003,335.7300109863281,6
PART-6-1,1004,333.9341684977214,6
PART-6-1,1005,331.60425821940106,6
PART-6-1,1006,329.02197265625,6
PART-6-1,1007,326.4102783203125,6
PART-6-1,1008,323.72198486328125,6
PART-6-1,1009,316.9550323486328,6
PART-6-1,1010,300.50940958658856,6
PART-6-1,1011,279.6631266276042,6
PART-6-1,1012,261.8471934000651,6
PART-6-1,1013,248.12958272298178,6
PART-6-1,1014,239.12804158528647,6
PART-6-1,1015,234.92962646484375,6
PART-6-1,1016,240.05333964029947,6
PART-6-1,1017,256.2979151407878,6
PART-6-1,1018,246.79243087768555,4
PART-6-1,1019,221.95310592651367,4
PART-6-1,1020,217.14356231689453,4
PART-6-1,1021,224.26020431518555,4
PART-6-1,1022,233.51208877563477,4
PART-6-1,1023,243.91457748413086,4
PART-6-1,1024,254.46423721313477,4
PART-6-1,1025,264.988037109375,4
PART-6-1,1026,275.35040283203125,4
PART-6-1,1027,285.55809783935547,4
PART-6-1,1028,295.40977478027344,4
PART-6-1,1029,304.7237777709961,4
PART-6-1,1030,313.1976623535156,4
PART-6-1,1031,320.5350036621094,4
PART-6-1,1032,326.4472122192383,4
PART-6-1,1033,330.83595275878906,4
PART-6-1,1034,333.67513275146484,4
PART-6-1,1035,334.82521057128906,4
PART-6-1,1036,336.1890869140625,4
PART-6-1,1037,339.32469940185547,4
PART-6-1,1038,343.1043395996094,4
PART-6-1,1039,345.00001525878906,4
PART-6-1,1040,345.0,4
PART-6-1,1041,344.99999237060547,4
PART-6-1,1042,345.0,4
PART-6-1,1043,345.0000305175781,4
PART-6-1,1044,345.0000228881836,4
PART-6-1,1045,345.00001525878906,4
PART-6-1,1046,345.0000305175781,4
PART-6-1,1047,345.0000228881836,4
PART-6-1,1048,345.00001525878906,4
PART-6-1,1049,345.00001525878906,4
PART-6-1,1050,345.0000228881836,4
PART-6-1,1051,345.0000305175781,4
PART-6-1,1052,345.0000228881836,4
PART-6-1,1053,345.00000762939453,4
PART-6-1,1054,345.0,4
PART-6-1,1055,345.0000305175781,4
PART-6-1,1056,345.0000228881836,4
PART-6-1,1057,344.99999237060547,4
PART-6-1,1058,344.99999237060547,4
PART-6-1,1059,344.99999237060547,4
PART-6-1,1060,345.0,4
PART-6-1,1061,345.0,4
PART-6-1,1062,345.00000762939453,4
PART-6-1,1063,345.0000228881836,4
PART-6-1,1064,345.0000305175781,4
PART-6-1,1065,345.0000228881836,4
PART-6-1,1066,345.0000228881836,4
PART-6-1,1067,345.0000305175781,4
PART-6-1,1068,345.00000762939453,4
PART-6-1,1069,345.0,4
PART-6-1,1070,345.00000762939453,4
PART-6-1,1071,345.00001525878906,4
PART-6-1,1072,345.00003814697266,4
PART-6-1,1073,345.0000305175781,4
PART-6-1,1074,345.00001525878906,4
PART-6-1,1075,345.00000762939453,4
PART-6-1,1076,345.00001525878906,4
PART-6-1,1077,345.0000228881836,4
PART-6-1,1078,345.0000356038411,6
PART-6-1,1079,345.0000406901042,6
PART-6-1,1080,345.0000356038411,6
PART-6-1,1081,345.0000254313151,6
PART-6-1,1082,345.0000254313151,6
PART-6-1,1083,345.00002034505206,6
PART-6-1,1084,345.00001017252606,6
PART-6-1,1085,345.00002034505206,6
PART-6-1,1086,345.0000356038411,6
PART-6-1,1087,345.0000356038411,6
PART-6-1,1088,345.00001525878906,6
PART-6-1,1089,345.000005086263,6
PART-6-1,1090,345.00001525878906,6
PART-6-1,1091,345.00002034505206,6
PART-6-1,1092,345.0000534057617,4
PART-6-1,1093,345.0000457763672,4
PART-6-1,1094,345.0000228881836,4
PART-6-1,1095,345.00003814697266,4
PART-6-1,1096,345.00006103515625,4
PART-6-1,1097,345.0000686645508,4
PART-6-1,1098,345.0000457763672,4
PART-6-1,1099,345.0000228881836,4
PART-6-1,1100,345.00001525878906,4
PART-6-1,1101,345.0000228881836,4
PART-6-1,1102,345.0000305175781,4
PART-6-1,1103,345.0000305175781,4
PART-6-1,1104,345.0000457763672,4
PART-6-1,1105,345.0000457763672,4
PART-6-1,1106,345.00000762939453,4
PART-6-1,1107,345.00000762939453,4
PART-6-1,1108,345.0000228881836,4
PART-6-1,1109,345.0000228881836,4
PART-6-1,1110,345.00003814697266,4
PART-6-1,1111,345.0000457763672,4
PART-6-1,1112,345.00001525878906,4
PART-6-1,1113,345.0000305175781,4
PART-6-1,1114,345.0000534057617,4
PART-6-1,1115,345.0000305175781,4
PART-6-1,1116,345.00001525878906,4
PART-6-1,1117,345.0000228881836,4
PART-6-1,1118,345.0000305175781,4
PART-6-1,1119,345.00001525878906,4
PART-6-1,1120,345.0,4
PART-6-1,1121,345.00000762939453,4
PART-6-1,1122,345.0,4
PART-6-1,1123,344.99999237060547,4
PART-6-1,1124,344.99999237060547,4
PART-6-1,1125,345.00000762939453,4
PART-6-1,1126,345.0000305175781,4
PART-6-1,1127,345.00001525878906,4
PART-6-1,1128,345.0,4
PART-6-1,1129,345.00000762939453,4
PART-6-1,1130,345.00001525878906,4
PART-6-1,1131,345.0000305175781,4
PART-6-1,1132,345.0000228881836,4
PART-6-1,1133,345.0000228881836,4
PART-6-1,1134,345.00001525878906,4
PART-6-1,1135,345.00000762939453,4
PART-6-1,1136,345.00001525878906,4
PART-6-1,1137,345.0000457763672,4
PART-6-1,1138,345.0000534057617,4
PART-6-1,1139,345.0000305175781,4
PART-6-1,1140,345.0000305175781,4
PART-6-1,1141,345.00003814697266,4
PART-6-1,1142,345.0000305175781,4
PART-6-1,1143,345.00001525878906,4
PART-6-1,1144,344.89031982421875,4
PART-6-1,1145,344.3737030029297,4
PART-6-1,1146,343.5229721069336,4
PART-6-1,1147,342.4533920288086,4
PART-6-1,1148,340.78929138183594,4
PART-6-1,1149,338.3913345336914,4
PART-6-1,1150,335.28678131103516,4
PART-6-1,1151,331.55965423583984,4
PART-6-1,1152,326.37229919433594,4
PART-6-1,1153,318.38536834716797,4
PART-6-1,1154,308.14483642578125,4
PART-6-1,1155,296.7843780517578,4
PART-6-1,1156,284.7740783691406,4
PART-6-1,1157,272.6505470275879,4
PART-6-1,1158,260.5140571594238,4
PART-6-1,1159,248.67284393310547,4
PART-6-1,1160,237.46697616577148,4
PART-6-1,1161,228.02458953857422,4
PART-6-1,1162,221.2601547241211,4
PART-6-1,1163,226.9836540222168,4
PART-6-1,1164,253.71033477783203,4
PART-6-1,1165,252.75591278076172,6
PART-6-1,1166,237.4533716837565,6
PART-6-1,1167,232.39486440022787,6
PART-6-1,1168,236.40701293945312,6
PART-6-1,1169,245.37155151367188,6
PART-6-1,1170,258.9206085205078,6
PART-6-1,1171,276.56665802001953,6
PART-6-1,1172,297.2163798014323,6
PART-6-1,1173,314.9847412109375,6
PART-6-1,1174,323.2682393391927,6
PART-6-1,1175,326.09742228190106,6
PART-6-1,1176,328.815678914388,6
PART-6-1,1177,331.4475809733073,6
PART-6-1,1178,333.87218221028644,6
PART-6-1,1179,335.8724822998047,6
PART-6-1,1180,337.2958170572917,6
PART-6-1,1181,338.1983337402344,6
PART-6-1,1182,339.8878631591797,6
PART-6-1,1183,342.49937947591144,6
PART-6-1,1184,344.3807118733724,6
PART-6-1,1185,345.0000305175781,6
PART-6-1,1186,345.000005086263,6
PART-6-1,1187,344.999994913737,6
PART-6-1,1188,344.39369710286456,6
PART-6-1,1189,344.3937072753906,6
PART-6-1,1190,345.00001525878906,6
PART-6-1,1191,345.0000254313151,6
PART-6-1,1192,345.0000305175781,6
PART-6-1,1193,345.0000254313151,6
PART-6-1,1194,345.0000254313151,6
PART-6-1,1195,345.00001525878906,6
PART-6-1,1196,345.00001525878906,6
PART-6-1,1197,345.0000305175781,6
PART-6-1,1198,345.0000457763672,6
PART-6-1,1199,345.0000457763672,6
PART-6-1,1200,345.0,4
PART-6-1,1201,345.0,4
PART-6-1,1202,345.00001525878906,4
PART-6-1,1203,345.00001525878906,4
PART-6-1,1204,345.0,4
PART-6-1,1205,344.99999237060547,4
PART-6-1,1206,344.99999237060547,4
PART-6-1,1207,344.99999237060547,4
PART-6-1,1208,344.99999237060547,4
PART-6-1,1209,344.99999237060547,4
PART-6-1,1210,345.00000762939453,4
PART-6-1,1211,345.00003814697266,4
PART-6-1,1212,345.0000457763672,4
PART-6-1,1213,345.0000457763672,4
PART-6-1,1214,345.00003814697266,4
PART-6-1,1215,345.00001525878906,4
PART-6-1,1216,344.99999237060547,4
PART-6-1,1217,345.0,4
PART-6-1,1218,345.00001525878906,4
PART-6-1,1219,345.0000228881836,4
PART-6-1,1220,345.00001525878906,4
PART-6-1,1221,345.00000762939453,4
PART-6-1,1222,345.00001525878906,4
PART-6-1,1223,345.0000228881836,4
PART-6-1,1224,345.0000356038411,6
PART-6-1,1225,345.0000457763672,6
PART-6-1,1226,345.0000356038411,6
PART-6-1,1227,345.0000254313151,6
PART-6-1,1228,345.0000305175781,6
PART-6-1,1229,345.0000508626302,6
PART-6-1,1230,345.00005594889325,6
PART-6-1,1231,345.0000356038411,6
PART-6-1,1232,345.00364176432294,6
PART-6-1,1233,345.00364176432294,6
PART-6-1,1234,345.00001017252606,6
PART-6-1,1235,344.78282165527344,6
PART-6-1,1236,344.37445068359375,6
PART-6-1,1237,344.2178497314453,6
PART-6-1,1238,344.1341807047526,6
PART-6-1,1239,343.7107645670573,6
PART-6-1,1240,342.90041097005206,6
PART-6-1,1241,341.671137491862,6
PART-6-1,1242,340.0206553141276,6
PART-6-1,1243,337.9764862060547,6
PART-6-1,1244,335.54212951660156,6
PART-6-1,1245,332.7781066894531,6
PART-6-1,1246,329.9879608154297,6
PART-6-1,1247,327.1032409667969,6
PART-6-1,1248,324.17360432942706,6
PART-6-1,1249,321.52967325846356,6
PART-6-1,1250,319.07391357421875,6
PART-6-1,1251,312.6977844238281,6
PART-6-1,1252,295.4805221557617,6
PART-6-1,1253,272.20115661621094,6
PART-6-1,1254,251.21526590983072,6
PART-6-1,1255,236.44976298014322,6
PART-6-1,1256,227.7494354248047,6
PART-6-1,1257,221.19939676920572,6
PART-6-1,1258,219.6501693725586,6
PART-6-1,1259,220.3630803426107,6
PART-6-1,1260,263.2332000732422,4
PART-6-1,1261,236.94110107421875,4
PART-6-1,1262,232.58807754516602,4
PART-6-1,1263,241.3947410583496,4
PART-6-1,1264,253.1095428466797,4
PART-6-1,1265,264.83287048339844,4
PART-6-1,1266,275.6598587036133,4
PART-6-1,1267,285.5199432373047,4
PART-6-1,1268,294.2687072753906,4
PART-6-1,1269,302.0772399902344,4
PART-6-1,1270,309.0089645385742,4
PART-6-1,1271,315.126708984375,4
PART-6-1,1272,320.3874206542969,4
PART-6-1,1273,324.31651306152344,4
PART-6-1,1274,328.21839141845703,4
PART-6-1,1275,333.4853973388672,4
PART-6-1,1276,339.2819137573242,4
PART-6-1,1277,343.58802795410156,4
PART-6-1,1278,344.9742202758789,4
PART-6-1,1279,345.0000228881836,4
PART-6-1,1280,345.00001525878906,4
PART-6-1,1281,345.00000762939453,4
PART-6-1,1282,345.0000228881836,4
PART-6-1,1283,345.0000305175781,4
PART-6-1,1284,345.0000457763672,4
PART-6-1,1285,345.00003814697266,4
PART-6-1,1286,345.0,4
PART-6-1,1287,344.99999237060547,4
PART-6-1,1288,345.0,4
PART-6-1,1289,345.00000762939453,4
PART-6-1,1290,345.00001525878906,4
PART-6-1,1291,345.00001525878906,4
PART-6-1,1292,345.00000762939453,4
PART-6-1,1293,345.0,4
PART-6-1,1294,345.00000762939453,4
PART-6-1,1295,345.00001525878906,4
PART-6-1,1296,345.0,4
PART-6-1,1297,345.00000762939453,4
PART-6-1,1298,345.00001525878906,4
PART-6-1,1299,345.00001525878906,4
PART-6-1,1300,345.00000762939453,4
PART-6-1,1301,345.0,4
PART-6-1,1302,345.00001525878906,4
PART-6-1,1303,345.0000305175781,4
PART-6-1,1304,345.00001525878906,4
PART-6-1,1305,345.00001525878906,4
PART-6-1,1306,345.0000305175781,4
PART-6-1,1307,345.0000305175781,4
PART-6-1,1308,340.46024322509766,4
PART-6-1,1309,310.73905181884766,4
PART-6-1,1310,256.9344291687012,4
PART-6-1,1311,209.92817306518555,4
PART-6-1,1312,199.9498062133789,4
PART-6-1,1313,218.29158401489258,4
PART-6-1,1314,235.59276580810547,4
PART-6-1,1315,248.20129776000977,4
PART-6-1,1316,256.29052352905273,4
PART-6-1,1317,260.04998779296875,4
PART-6-1,1318,260.1626167297363,4
PART-6-1,1319,257.30382537841797,4
PART-6-1,1320,252.3014030456543,4
PART-6-1,1321,245.89995574951172,4
PART-6-1,1322,238.7589111328125,4
PART-6-1,1323,231.3649024963379,4
PART-6-1,1324,228.7082290649414,4
PART-6-1,1325,232.5997085571289,4
PART-6-1,1326,237.60725021362305,4
PART-6-1,1327,241.36247634887695,4
PART-6-1,1328,243.9223518371582,4
PART-6-1,1329,245.35013961791992,4
PART-6-1,1330,245.61157608032227,4
PART-6-1,1331,244.61275482177734,4
PART-6-1,1332,242.1333351135254,4
PART-6-1,1333,237.60930252075195,4
PART-6-1,1334,232.0909881591797,4
PART-6-1,1335,239.77798080444336,4
PART-6-1,1336,261.0587158203125,4
PART-6-1,1337,298.2529830932617,4
PART-6-1,1338,334.76097869873047,4
PART-6-1,1339,345.0000457763672,4
PART-6-1,1340,345.00003814697266,4
PART-6-1,1341,345.0000228881836,4
PART-6-1,1342,345.0000305175781,4
PART-6-1,1343,345.0000305175781,4
PART-6-1,1344,345.0,4
PART-6-1,1345,344.99999237060547,4
PART-6-1,1346,344.99999237060547,4
PART-6-1,1347,344.99999237060547,4
PART-6-1,1348,345.0,4
PART-6-1,1349,344.99999237060547,4
PART-6-1,1350,345.0,4
PART-6-1,1351,323.5185012817383,4
PART-6-1,1352,283.83905029296875,4
PART-6-1,1353,251.44073104858398,4
PART-6-1,1354,249.05828475952148,4
PART-6-1,1355,255.1127586364746,4
PART-6-1,1356,257.9882354736328,4
PART-6-1,1357,258.79016494750977,4
PART-6-1,1358,258.0664978027344,4
PART-6-1,1359,256.1866912841797,4
PART-6-1,1360,253.40141677856445,4
PART-6-1,1361,249.80661010742188,4
PART-6-1,1362,245.47825622558594,4
PART-6-1,1363,240.3973617553711,4
PART-6-1,1364,234.53433227539062,4
PART-6-1,1365,227.8010597229004,4
PART-6-1,1366,222.7527084350586,4
PART-6-1,1367,225.68817901611328,4
PART-6-1,1368,234.37347030639648,4
PART-6-1,1369,242.59741973876953,4
PART-6-1,1370,249.8204574584961,4
PART-6-1,1371,255.35729598999023,4
PART-6-1,1372,258.47396087646484,4
PART-6-1,1373,258.3903121948242,4
PART-6-1,1374,254.4966926574707,4
PART-6-1,1375,246.17948150634766,4
PART-6-1,1376,233.3017578125,4
PART-6-1,1377,215.73515701293945,4
PART-6-1,1378,197.00104904174805,4
PART-6-1,1379,206.76175689697266,4
PART-6-1,1380,254.36480331420898,4
PART-6-1,1381,311.14298248291016,4
PART-6-1,1382,341.8758087158203,4
PART-6-1,1383,345.00001525878906,4
PART-6-1,1384,345.00000762939453,4
PART-6-1,1385,344.99998474121094,4
PART-6-1,1386,344.99998474121094,4
PART-6-1,1387,344.99999237060547,4
PART-6-1,1388,345.00000762939453,4
PART-6-1,1389,345.0,4
PART-6-1,1390,345.00001525878906,4
PART-6-1,1391,345.0000305175781,4
PART-6-1,1392,345.00000762939453,4
PART-6-1,1393,345.0000228881836,4
PART-6-1,1394,345.0000457763672,4
PART-6-1,1395,345.00002034505206,6
PART-6-1,1396,345.0000356038411,6
PART-6-1,1397,345.0000406901042,6
PART-6-1,1398,345.0000406901042,6
PART-6-1,1399,345.0000406901042,6
PART-6-1,1400,345.0000406901042,6
PART-6-1,1401,345.0000406901042,6
PART-6-1,1402,345.0000457763672,6
PART-6-1,1403,345.0000305175781,6
PART-6-1,1404,344.99904378255206,6
PART-6-1,1405,344.72754923502606,6
PART-6-1,1406,344.728520711263,6
PART-6-1,1407,345.0000356038411,6
PART-6-1,1408,345.0000406901042,6
PART-6-1,1409,344.97193908691406,6
PART-6-1,1410,344.50938924153644,6
PART-6-1,1411,343.37742106119794,6
PART-6-1,1412,341.7688700358073,6
PART-6-1,1413,339.7329406738281,6
PART-6-1,1414,337.26544698079425,6
PART-6-1,1415,334.36731974283856,6
PART-6-1,1416,331.1254628499349,6
PART-6-1,1417,327.5510965983073,6
PART-6-1,1418,323.8022969563802,6
PART-6-1,1419,320.51373291015625,6
PART-6-1,1420,317.8474527994792,6
PART-6-1,1421,313.5942637125651,6
PART-6-1,1422,298.35589090983075,6
PART-6-1,1423,275.07002512613934,6
PART-6-1,1424,254.4102350870768,6
PART-6-1,1425,239.9460906982422,6
PART-6-1,1426,231.2984161376953,6
PART-6-1,1427,224.34609731038412,6
PART-6-1,1428,218.92439778645834,6
PART-6-1,1429,217.83279164632162,6
PART-6-1,1430,219.4948933919271,6
PART-6-1,1431,342.99363708496094,4
PART-6-1,1432,313.4404525756836,4
PART-6-1,1433,256.8462562561035,4
PART-6-1,1434,208.7444076538086,4
PART-6-1,1435,198.08547592163086,4
PART-6-1,1436,216.48455047607422,4
PART-6-1,1437,233.94903564453125,4
PART-6-1,1438,246.75457382202148,4
PART-6-1,1439,255.02163696289062,4
PART-6-1,1440,258.8700981140137,4
PART-6-1,1441,258.90856170654297,4
PART-6-1,1442,255.74506759643555,4
PART-6-1,1443,250.1604766845703,4
PART-6-1,1444,242.8947410583496,4
PART-6-1,1445,234.64044570922852,4
PART-6-1,1446,225.94608688354492,4
PART-6-1,1447,222.3927459716797,4
PART-6-1,1448,226.75958251953125,4
PART-6-1,1449,233.35560607910156,4
PART-6-1,1450,239.0503387451172,4
PART-6-1,1451,243.9262809753418,4
PART-6-1,1452,248.00708389282227,4
PART-6-1,1453,251.30400466918945,4
PART-6-1,1454,253.73710250854492,4
PART-6-1,1455,255.19733428955078,4
PART-6-1,1456,255.43432235717773,4
PART-6-1,1457,254.0414161682129,4
PART-6-1,1458,250.49480438232422,4
PART-6-1,1459,244.3960723876953,4
PART-6-1,1460,250.4700469970703,4
PART-6-1,1461,286.57503509521484,4
PART-6-1,1462,325.99755096435547,4
PART-6-1,1463,345.0000305175781,4
PART-6-1,1464,345.0000228881836,4
PART-6-1,1465,345.00001525878906,4
PART-6-1,1466,345.0000305175781,4
PART-6-1,1467,345.00003814697266,4
PART-6-1,1468,345.00001525878906,4
PART-6-1,1469,345.0,4
PART-6-1,1470,345.0,4
PART-6-1,1471,344.99999237060547,4
PART-6-1,1472,344.99998474121094,4
PART-6-1,1473,344.99999237060547,4
PART-6-1,1474,345.00000762939453,4
PART-6-1,1475,334.26226806640625,4
PART-6-1,1476,297.60441970825195,4
PART-6-1,1477,260.5257568359375,4
PART-6-1,1478,240.50570678710938,4
PART-6-1,1479,235.54641342163086,4
PART-6-1,1480,242.00651931762695,4
PART-6-1,1481,246.0091552734375,4
PART-6-1,1482,248.03070068359375,4
PART-6-1,1483,248.6072006225586,4
PART-6-1,1484,247.97455215454102,4
PART-6-1,1485,246.21917343139648,4
PART-6-1,1486,243.3786163330078,4
PART-6-1,1487,239.38368225097656,4
PART-6-1,1488,234.17396545410156,4
PART-6-1,1489,229.59668350219727,4
PART-6-1,1490,231.77337646484375,4
PART-6-1,1491,239.3846092224121,4
PART-6-1,1492,246.71808242797852,4
PART-6-1,1493,253.27333450317383,4
PART-6-1,1494,258.3780059814453,4
PART-6-1,1495,261.2763557434082,4
PART-6-1,1496,261.13098526000977,4
PART-6-1,1497,257.2602195739746,4
PART-6-1,1498,248.97616577148438,4
PART-6-1,1499,236.09221649169922,4
PART-6-1,1500,218.43943405151367,4
PART-6-1,1501,199.5690689086914,4
PART-6-1,1502,209.21102905273438,4
PART-6-1,1503,256.55363845825195,4
PART-6-1,1504,311.1394500732422,4
PART-6-1,1505,340.88124084472656,4
PART-6-1,1506,345.0000457763672,6
PART-6-1,1507,345.0000305175781,6
PART-6-1,1508,345.00002034505206,6
PART-6-1,1509,345.00002034505206,6
PART-6-1,1510,345.00002034505206,6
PART-6-1,1511,345.0000254313151,6
PART-6-1,1512,345.0000254313151,6
PART-6-1,1513,345.00001525878906,6
PART-6-1,1514,345.0000254313151,6
PART-6-1,1515,345.0000356038411,6
PART-6-1,1516,345.0000305175781,6
PART-6-1,1517,345.0000356038411,6
PART-6-1,1518,345.0000305175781,6
PART-6-1,1519,345.00002034505206,6
PART-6-1,1520,345.00001525878906,2
PART-6-1,1521,345.0,2
PART-6-1,1522,344.99998474121094,2
PART-6-1,1523,320.9553680419922,2
PART-6-1,1524,280.651123046875,2
PART-6-1,1525,248.5279541015625,2
PART-6-1,1526,229.00829315185547,2
PART-6-1,1527,236.7206802368164,2
PART-6-1,1528,267.96778869628906,2
PART-6-1,1529,308.2176818847656,2
PART-6-1,1530,336.7944793701172,2
PART-6-1,1531,344.99998474121094,2
PART-6-1,1532,345.0,2
PART-6-1,1533,345.0000305175781,2
PART-6-1,1534,270.5472412109375,2
PART-6-1,1535,214.07225799560547,2
PART-6-1,1536,211.2620849609375,2
PART-6-1,1537,203.5893325805664,2
PART-6-1,1538,197.27210235595703,2
PART-6-1,1539,192.26595306396484,2
PART-6-1,1540,189.66961669921875,2
PART-6-1,1541,189.4870376586914,2
PART-6-1,1542,191.76090240478516,2
PART-6-1,1543,196.35736083984375,2
PART-6-1,1544,202.28369903564453,2
PART-6-1,1545,209.33185577392578,2
PART-6-1,1546,211.54415130615234,2
PART-6-1,1547,271.1501998901367,2
PART-6-1,1548,262.6990509033203,2
PART-6-1,1549,186.64836883544922,2
PART-6-1,1550,191.9529037475586,2
PART-6-1,1551,190.50997161865234,2
PART-6-1,1552,188.00392150878906,2
PART-6-1,1553,185.49724578857422,2
PART-6-1,1554,184.10909271240234,2
PART-6-1,1555,184.049072265625,2
PART-6-1,1556,185.35777282714844,2
PART-6-1,1557,187.73865509033203,2
PART-6-1,1558,190.1769561767578,2
PART-6-1,1559,191.47786712646484,2
PART-6-1,1560,186.36392211914062,2
PART-6-1,1561,262.7424545288086,2
PART-6-1,1562,327.3894500732422,2
PART-6-1,1563,294.4713134765625,2
PART-6-1,1564,278.4478454589844,2
PART-6-1,1565,287.29698181152344,2
PART-6-1,1566,307.52146911621094,2
PART-6-1,1567,327.1783447265625,2
PART-6-1,1568,340.587890625,2
PART-6-1,1569,344.99998474121094,2
PART-6-1,1570,344.9999694824219,2
PART-6-1,1571,344.99998474121094,2
PART-6-1,1572,345.0,2
PART-6-1,1573,344.99998474121094,2
PART-6-1,1574,344.99998474121094,2
PART-6-1,1575,345.0,2
PART-6-1,1576,345.0,2
PART-6-1,1577,344.99998474121094,2
PART-6-1,1578,339.8274688720703,2
PART-6-1,1579,325.07444763183594,2
PART-6-1,1580,304.9803161621094,2
PART-6-1,1581,283.1590576171875,2
PART-6-1,1582,277.99317932128906,2
PART-6-1,1583,290.22727966308594,2
PART-6-1,1584,301.7469787597656,2
PART-6-1,1585,311.95204162597656,2
PART-6-1,1586,320.9135284423828,2
PART-6-1,1587,328.6819305419922,2
PART-6-1,1588,335.2168426513672,2
PART-6-1,1589,338.2243347167969,2
PART-6-1,1590,338.2271423339844,2
PART-6-1,1591,338.61273193359375,2
PART-6-1,1592,340.2717742919922,2
PART-6-1,1593,343.24542236328125,2
PART-6-1,1594,345.00001525878906,2
PART-6-1,1595,345.00001525878906,2
PART-6-1,1596,345.0,2
PART-6-1,1597,344.99998474121094,2
PART-6-1,1598,345.0,2
PART-6-1,1599,345.00001525878906,2
PART-6-1,1600,345.00001525878906,2
PART-6-1,1601,345.0000457763672,2
PART-6-1,1602,345.00001525878906,2
PART-6-1,1603,344.99998474121094,2
PART-6-1,1604,345.0,2
PART-6-1,1605,345.00001525878906,2
PART-6-1,1606,345.0000305175781,2
PART-6-1,1607,345.0000457763672,2
PART-6-1,1608,345.00006103515625,2
PART-6-1,1609,345.0000305175781,2
PART-6-1,1610,345.0,2
PART-6-1,1611,345.00001525878906,2
PART-6-1,1612,345.0000305175781,2
PART-6-1,1613,345.0000305175781,2
PART-6-1,1614,345.00001525878906,2
PART-6-1,1615,345.00001525878906,2
PART-6-1,1616,345.0000305175781,2
PART-6-1,1617,345.0000305175781,2
PART-6-1,1618,345.00001525878906,2
PART-6-1,1619,344.99998474121094,2
PART-6-1,1620,344.9999694824219,2
PART-6-1,1621,344.9999694824219,2
PART-6-1,1622,345.0,2
PART-6-1,1623,344.1525573730469,2
PART-6-1,1624,341.1122283935547,2
PART-6-1,1625,327.68016052246094,2
PART-6-1,1626,307.774658203125,2
PART-6-1,1627,310.04156494140625,2
PART-6-1,1628,331.29832458496094,2
PART-6-1,1629,343.3109436035156,2
PART-6-1,1630,345.0,2
PART-6-1,1631,344.99998474121094,2
PART-6-1,1632,344.99998474121094,2
PART-6-1,1633,344.99998474121094,2
PART-6-1,1634,344.99998474121094,2
PART-6-1,1635,345.0,2
PART-6-1,1636,344.99998474121094,2
PART-6-1,1637,344.99998474121094,2
PART-6-1,1638,345.0,2
PART-6-1,1639,345.0000457763672,2
PART-6-1,1640,342.9303741455078,2
PART-6-1,1641,331.3379211425781,2
PART-6-1,1642,310.4032745361328,2
PART-6-1,1643,286.72154235839844,2
PART-6-1,1644,260.7398376464844,2
PART-6-1,1645,257.82080078125,2
PART-6-1,1646,280.8310546875,2
PART-6-1,1647,312.0651397705078,2
PART-6-1,1648,336.90013122558594,2
PART-6-1,1649,345.00001525878906,4
PART-6-1,1650,345.00000762939453,4
PART-6-1,1651,345.0,4
PART-6-1,1652,345.00001525878906,4
PART-6-1,1653,345.00003814697266,4
PART-6-1,1654,345.0000305175781,4
PART-6-1,1655,345.00001525878906,4
PART-6-1,1656,345.0000228881836,4
PART-6-1,1657,345.00003814697266,4
PART-6-1,1658,345.00003814697266,4
PART-6-1,1659,345.00001525878906,4
PART-6-1,1660,345.00000762939453,4
PART-6-1,1661,345.00000762939453,4
PART-6-1,1662,345.00001525878906,4
PART-6-1,1663,290.78648376464844,2
PART-6-1,1664,256.04901123046875,2
PART-6-1,1665,244.43805694580078,2
PART-6-1,1666,258.40894317626953,2
PART-6-1,1667,282.70240783691406,2
PART-6-1,1668,306.4982147216797,2
PART-6-1,1669,327.243408203125,2
PART-6-1,1670,338.0348205566406,2
PART-6-1,1671,340.7862548828125,2
PART-6-1,1672,343.60986328125,2
PART-6-1,1673,345.0000457763672,2
PART-6-1,1674,345.0000457763672,2
PART-6-1,1675,345.0,2
PART-6-1,1676,345.0,2
PART-6-1,1677,345.0,2
PART-6-1,1678,345.0,2
PART-6-1,1679,344.99998474121094,2
PART-6-1,1680,343.5315856933594,2
PART-6-1,1681,332.50364685058594,2
PART-6-1,1682,312.62786865234375,2
PART-6-1,1683,309.17991638183594,2
PART-6-1,1684,322.4791564941406,2
PART-6-1,1685,329.3911590576172,2
PART-6-1,1686,330.44325256347656,2
PART-6-1,1687,331.7535400390625,2
PART-6-1,1688,333.436279296875,2
PART-6-1,1689,335.6575012207031,2
PART-6-1,1690,338.6852264404297,2
PART-6-1,1691,342.7176208496094,2
PART-6-1,1692,345.00006103515625,2
PART-6-1,1693,345.00006103515625,2
PART-6-1,1694,345.0,2
PART-6-1,1695,344.99998474121094,2
PART-6-1,1696,344.9999694824219,2
PART-6-1,1697,344.99998474121094,2
PART-6-1,1698,345.00001525878906,2
PART-6-1,1699,345.0000305175781,2
PART-6-1,1700,345.0000457763672,2
PART-6-1,1701,345.00001525878906,2
PART-6-1,1702,344.99998474121094,2
PART-6-1,1703,345.00001525878906,2
PART-6-1,1704,345.00006103515625,2
PART-6-1,1705,345.00006103515625,2
PART-6-1,1706,345.00006103515625,2
PART-6-1,1707,345.0000457763672,2
PART-6-1,1708,345.0,2
PART-6-1,1709,345.00001525878906,2
PART-6-1,1710,345.0000305175781,2
PART-6-1,1711,345.0000305175781,2
PART-6-1,1712,345.00001525878906,2
PART-6-1,1713,345.0,2
PART-6-1,1714,345.0,2
PART-6-1,1715,345.00001525878906,2
PART-6-1,1716,345.00001525878906,2
PART-6-1,1717,345.00001525878906,2
PART-6-1,1718,345.0,2
PART-6-1,1719,341.71856689453125,2
PART-6-1,1720,335.71124267578125,2
PART-6-1,1721,331.0569610595703,2
PART-6-1,1722,322.3235321044922,2
PART-6-1,1723,307.6828918457031,2
PART-6-1,1724,292.2201385498047,2
PART-6-1,1725,277.2247314453125,2
PART-6-1,1726,262.76683807373047,2
PART-6-1,1727,248.8931884765625,2
PART-6-1,1728,246.72164154052734,2
PART-6-1,1729,257.302734375,2
PART-6-1,1730,268.61175537109375,2
PART-6-1,1731,278.72552490234375,2
PART-6-1,1732,287.8240661621094,2
PART-6-1,1733,296.06898498535156,2
PART-6-1,1734,303.6277770996094,2
PART-6-1,1735,310.47398376464844,2
PART-6-1,1736,316.5680847167969,2
PART-6-1,1737,321.78138732910156,2
PART-6-1,1738,326.0834503173828,2
PART-6-1,1739,329.1612548828125,2
PART-6-1,1740,330.88551330566406,2
PART-6-1,1741,330.8621826171875,2
PART-6-1,1742,329.1572265625,2
PART-6-1,1743,325.3554229736328,2
PART-6-1,1744,320.01573181152344,2
PART-6-1,1745,312.81776428222656,2
PART-6-1,1746,305.7683563232422,2
PART-6-1,1747,298.6753692626953,2
PART-6-1,1748,304.0804901123047,2
PART-6-1,1749,329.5648956298828,2
PART-6-1,1750,255.879638671875,2
PART-6-1,1751,226.2557144165039,2
PART-6-1,1752,227.90525817871094,2
PART-6-1,1753,251.28711700439453,2
PART-6-1,1754,274.3642120361328,2
PART-6-1,1755,296.78607177734375,2
PART-6-1,1756,317.01544189453125,2
PART-6-1,1757,332.03240966796875,2
PART-6-1,1758,338.6639862060547,2
PART-6-1,1759,341.3065948486328,2
PART-6-1,1760,343.8507537841797,2
PART-6-1,1761,345.00006103515625,2
PART-6-1,1762,345.0000762939453,2
PART-6-1,1763,345.0,2
PART-6-1,1764,344.99998474121094,2
PART-6-1,1765,345.00001525878906,2
PART-6-1,1766,342.5757293701172,2
PART-6-1,1767,332.25743103027344,2
PART-6-1,1768,315.716796875,2
PART-6-1,1769,297.6899871826172,2
PART-6-1,1770,295.75782775878906,2
PART-6-1,1771,310.4300537109375,2
PART-6-1,1772,321.6255340576172,2
PART-6-1,1773,325.8891906738281,2
PART-6-1,1774,326.6328430175781,2
PART-6-1,1775,327.8368377685547,2
PART-6-1,1776,329.6756896972656,2
PART-6-1,1777,332.3971405029297,2
PART-6-1,1778,336.35643005371094,2
PART-6-1,1779,341.7970275878906,2
PART-6-1,1780,344.95684814453125,2
PART-6-1,1781,345.00001525878906,2
PART-6-1,1782,344.99998474121094,2
PART-6-1,1783,344.99998474121094,2
PART-6-1,1784,345.0,2
PART-6-1,1785,345.0,2
PART-6-1,1786,345.00001525878906,2
PART-6-1,1787,345.0000457763672,2
PART-6-1,1788,345.00001525878906,2
PART-6-1,1789,345.0,2
PART-6-1,1790,345.0000305175781,2
PART-6-1,1791,345.0000305175781,2
PART-6-1,1792,345.0000457763672,2
PART-6-1,1793,345.0000762939453,2
PART-6-1,1794,345.0000457763672,2
PART-6-1,1795,345.0,2
PART-6-1,1796,345.0,2
PART-6-1,1797,345.0,2
PART-6-1,1798,345.00001525878906,2
PART-6-1,1799,345.0000305175781,2
PART-6-1,1800,345.0000305175781,2
PART-6-1,1801,345.0,2
PART-6-1,1802,344.99998474121094,2
PART-6-1,1803,345.0,2
PART-6-1,1804,345.0,2
PART-6-1,1805,345.00001525878906,2
PART-6-1,1806,342.2401885986328,2
PART-6-1,1807,336.61663818359375,2
PART-6-1,1808,331.7670135498047,2
PART-6-1,1809,327.66749572753906,2
PART-6-1,1810,317.8455505371094,2
PART-6-1,1811,302.5687713623047,2
PART-6-1,1812,287.5173797607422,2
PART-6-1,1813,272.7294158935547,2
PART-6-1,1814,258.2685317993164,2
PART-6-1,1815,257.28617095947266,2
PART-6-1,1816,270.1249694824219,2
PART-6-1,1817,282.8369445800781,2
PART-6-1,1818,294.3460388183594,2
PART-6-1,1819,304.80413818359375,2
PART-6-1,1820,314.29754638671875,2
PART-6-1,1821,322.890625,2
PART-6-1,1822,330.5343933105469,2
PART-6-1,1823,337.15594482421875,2
PART-6-1,1824,342.4933319091797,2
PART-6-1,1825,344.87879943847656,2
PART-6-1,1826,345.00001525878906,2
PART-6-1,1827,344.5568389892578,2
PART-6-1,1828,343.43504333496094,2
PART-6-1,1829,341.7255554199219,2
PART-6-1,1830,336.3534393310547,2
PART-6-1,1831,327.4200897216797,2
PART-6-1,1832,316.03587341308594,2
PART-6-1,1833,304.3805236816406,2
PART-6-1,1834,301.4335632324219,2
PART-6-1,1835,321.230224609375,2
PART-6-1,1836,342.0552978515625,2
PART-6-1,1837,345.00001525878906,2
PART-6-1,1838,345.0000305175781,2
PART-6-1,1839,345.00001525878906,2
PART-6-1,1840,334.09552001953125,2
PART-6-1,1841,303.33746337890625,2
PART-6-1,1842,264.1732177734375,2
PART-6-1,1843,234.038330078125,2
PART-6-1,1844,228.02162170410156,2
PART-6-1,1845,248.98928833007812,2
PART-6-1,1846,281.519287109375,2
PART-6-1,1847,321.4445495605469,2
PART-6-1,1848,344.99998474121094,2
PART-6-1,1849,345.00001525878906,2
PART-6-1,1850,345.00001525878906,2
PART-6-1,1851,344.0008239746094,2
PART-6-1,1852,327.0287628173828,2
PART-6-1,1853,301.9865417480469,2
PART-6-1,1854,293.3931427001953,2
PART-6-1,1855,305.69102478027344,2
PART-6-1,1856,327.6142272949219,2
PART-6-1,1857,341.3577423095703,2
PART-6-1,1858,345.0,2
PART-6-1,1859,345.0,2
PART-6-1,1860,345.0,2
PART-6-1,1861,344.99998474121094,2
PART-6-1,1862,344.99998474121094,2
PART-6-1,1863,344.99998474121094,2
PART-6-1,1864,344.99998474121094,2
PART-6-1,1865,345.00001525878906,2
PART-6-1,1866,345.00001525878906,2
PART-6-1,1867,345.0,2
PART-6-1,1868,336.7333679199219,2
PART-6-1,1869,317.56317138671875,2
PART-6-1,1870,294.7742004394531,2
PART-6-1,1871,283.48594665527344,2
PART-6-1,1872,290.69126892089844,2
PART-6-1,1873,303.19163513183594,2
PART-6-1,1874,314.31871032714844,2
PART-6-1,1875,324.2291717529297,2
PART-6-1,1876,333.0232238769531,2
PART-6-1,1877,340.1092071533203,2
PART-6-1,1878,343.0350036621094,2
PART-6-1,1879,343.1212921142578,2
PART-6-1,1880,343.8356628417969,2
PART-6-1,1881,344.7110137939453,2
PART-6-1,1882,344.99998474121094,2
PART-6-1,1883,344.99998474121094,2
PART-6-1,1884,345.00001525878906,2
PART-6-1,1885,345.00001525878906,2
PART-6-1,1886,345.0,2
PART-6-1,1887,345.0,2
PART-6-1,1888,345.00001525878906,2
PART-6-1,1889,345.0000305175781,2
PART-6-1,1890,345.0000305175781,2
PART-6-1,1891,345.00001525878906,2
PART-6-1,1892,345.0,2
PART-6-1,1893,345.0,2
PART-6-1,1894,345.0000305175781,2
PART-6-1,1895,345.0000457763672,2
PART-6-1,1896,345.0000457763672,2
PART-6-1,1897,345.0000457763672,2
PART-6-1,1898,345.0000305175781,2
PART-6-1,1899,345.0,2
PART-6-1,1900,344.99998474121094,2
PART-6-1,1901,345.0,2
PART-6-1,1902,345.0,2
PART-6-1,1903,345.0,2
PART-6-1,1904,345.0,2
PART-6-1,1905,345.0,2
PART-6-1,1906,345.0,2
PART-6-1,1907,345.00001525878906,2
PART-6-1,1908,345.00001525878906,2
PART-6-1,1909,345.0,2
PART-6-1,1910,345.0,2
PART-6-1,1911,345.00001525878906,2
PART-6-1,1912,344.5845947265625,2
PART-6-1,1913,340.868408203125,2
PART-6-1,1914,326.3280334472656,2
PART-6-1,1915,305.3648376464844,2
PART-6-1,1916,306.4687805175781,2
PART-6-1,1917,327.5366973876953,2
PART-6-1,1918,341.3885498046875,2
PART-6-1,1919,345.00001525878906,2
PART-6-1,1920,345.00001525878906,2
PART-6-1,1921,345.0,2
PART-6-1,1922,345.0,2
PART-6-1,1923,345.0,2
PART-6-1,1924,345.0,2
PART-6-1,1925,345.0,2
PART-6-1,1926,345.0,2
PART-6-1,1927,344.99998474121094,2
PART-6-1,1928,345.00001525878906,2
PART-6-1,1929,341.6993865966797,2
PART-6-1,1930,329.35267639160156,2
PART-6-1,1931,309.49444580078125,2
PART-6-1,1932,287.0802001953125,2
PART-6-1,1933,262.4539794921875,2
PART-6-1,1934,251.04290008544922,2
PART-6-1,1935,264.2863540649414,2
PART-6-1,1936,293.80799865722656,2
PART-6-1,1937,327.4891815185547,2
PART-6-1,1938,266.8364677429199,4
PART-6-1,1939,237.76856994628906,4
PART-6-1,1940,230.49203491210938,4
PART-6-1,1941,236.08103561401367,4
PART-6-1,1942,246.46346282958984,4
PART-6-1,1943,257.85710525512695,4
PART-6-1,1944,269.2086753845215,4
PART-6-1,1945,280.20829010009766,4
PART-6-1,1946,290.5304489135742,4
PART-6-1,1947,300.07737731933594,4
PART-6-1,1948,308.7525863647461,4
PART-6-1,1949,316.47095489501953,4
PART-6-1,1950,322.3849105834961,4
PART-6-1,1951,326.0301208496094,4
PART-6-1,1952,329.1341247558594,4
PART-6-1,1953,333.88926696777344,4
PART-6-1,1954,339.9474639892578,4
PART-6-1,1955,343.99383544921875,4
PART-6-1,1956,345.0000534057617,4
PART-6-1,1957,345.0000228881836,4
PART-6-1,1958,344.99998474121094,4
PART-6-1,1959,344.99998474121094,4
PART-6-1,1960,345.00000762939453,4
PART-6-1,1961,345.0000228881836,4
PART-6-1,1962,345.00000762939453,4
PART-6-1,1963,344.99998474121094,4
PART-6-1,1964,345.0,4
PART-6-1,1965,345.0,4
PART-6-1,1966,345.0,4
PART-6-1,1967,345.00000762939453,4
PART-6-1,1968,345.00001525878906,4
PART-6-1,1969,345.00001525878906,4
PART-6-1,1970,345.0,4
PART-6-1,1971,345.00000762939453,4
PART-6-1,1972,345.00001525878906,4
PART-6-1,1973,345.00001525878906,4
PART-6-1,1974,24.307820320129395,3
PART-6-1,1975,37.139336585998535,4
PART-6-1,1976,19.930632829666138,4
PART-6-1,1977,17.084484100341797,4
PART-6-1,1978,12.852691650390625,4
PART-6-1,1979,71.01284503936768,4
PART-6-1,1980,34.085872411727905,4
PART-6-1,1981,9.124264240264893,4
PART-6-1,1982,18.016603469848633,4
PART-6-1,1983,27.542107105255127,4
PART-6-1,1984,50.59632873535156,4
PART-6-1,1985,70.44048500061035,4
PART-6-1,1986,67.14002895355225,4
PART-6-1,1987,61.13890838623047,4
PART-6-1,1988,57.547019958496094,4
PART-6-1,1989,30.873197317123413,4
PART-6-1,1990,29.372734546661377,4
PART-6-1,1991,27.183164596557617,4
PART-6-1,1992,28.971851984659832,3
PART-6-1,1993,22.08863639831543,4
PART-6-1,1994,15.558048963546753,4
PART-6-1,1995,63.894975662231445,4
PART-6-1,1996,35.824158668518066,4
PART-6-1,1997,28.227052688598633,4
PART-6-1,1998,71.7323226928711,4
PART-6-1,1999,68.29613494873047,4
PART-6-1,2000,33.707701683044434,4
PART-6-1,2001,40.26030254364014,4
PART-6-1,2002,20.508116245269775,4
PART-6-1,2003,23.3489727973938,4
PART-6-1,2004,29.209811528523762,3
PART-6-1,2005,22.471834182739258,4
PART-6-1,2006,15.939476251602173,4
PART-6-1,2007,64.1472110748291,4
PART-6-1,2008,35.93637943267822,4
PART-6-1,2009,28.381007194519043,4
PART-6-1,2010,71.98868370056152,4
PART-6-1,2011,68.8120641708374,4
PART-6-1,2012,34.01676845550537,4
PART-6-1,2013,40.8048095703125,4
PART-6-1,2014,20.823657512664795,4
PART-6-1,2015,23.78535556793213,4
PART-6-1,2016,59.16001001993815,3
PART-6-1,2017,50.95152568817139,4
PART-6-1,2018,41.84148454666138,4
PART-6-1,2019,155.92358779907227,4
PART-6-1,2020,108.46785354614258,4
PART-6-1,2021,73.82596588134766,4
PART-6-1,2022,106.11428260803223,4
PART-6-1,2023,89.14028549194336,4
PART-6-1,2024,93.47646903991699,4
PART-6-1,2025,77.10929489135742,4
PART-6-1,2026,69.59719276428223,4
PART-6-1,2027,60.22803592681885,4
PART-6-1,2028,58.658650716145836,3
PART-6-1,2029,50.32771682739258,4
PART-6-1,2030,41.42057466506958,4
PART-6-1,2031,155.78005027770996,4
PART-6-1,2032,108.0851058959961,4
PART-6-1,2033,73.4212760925293,4
PART-6-1,2034,106.02941513061523,4
PART-6-1,2035,88.86514472961426,4
PART-6-1,2036,93.0602798461914,4
PART-6-1,2037,76.5785264968872,4
PART-6-1,2038,69.02582836151123,4
PART-6-1,2039,59.61623954772949,4
PART-6-1,2040,113.19442749023438,3
PART-6-1,2041,106.22219276428223,4
PART-6-1,2042,97.19951820373535,4
PART-6-1,2043,80.81047630310059,4
PART-6-1,2044,69.01420402526855,4
PART-6-1,2045,138.34150314331055,4
PART-6-1,2046,136.37131881713867,4
PART-6-1,2047,52.02838611602783,4
PART-6-1,2048,66.0540885925293,4
PART-6-1,2049,80.53093528747559,4
PART-6-1,2050,153.59949111938477,4
PART-6-1,2051,204.44919204711914,4
PART-6-1,2052,113.2494125366211,4
PART-6-1,2053,102.8478889465332,4
PART-6-1,2054,90.22622871398926,4
PART-6-1,2055,111.8248119354248,4
PART-6-1,2056,94.17015838623047,4
PART-6-1,2057,82.42678260803223,4
PART-6-1,2058,131.17904408772787,3
PART-6-1,2059,127.73207092285156,4
PART-6-1,2060,112.98641967773438,4
PART-6-1,2061,95.41596031188965,4
PART-6-1,2062,80.46488571166992,4
PART-6-1,2063,70.0526990890503,4
PART-6-1,2064,150.89534187316895,4
PART-6-1,2065,154.14744186401367,4
PART-6-1,2066,53.3653678894043,4
PART-6-1,2067,64.20967674255371,4
PART-6-1,2068,81.13375568389893,4
PART-6-1,2069,98.07089614868164,4
PART-6-1,2070,179.06379318237305,4
PART-6-1,2071,228.3715934753418,4
PART-6-1,2072,122.8016128540039,4
PART-6-1,2073,111.36702156066895,4
PART-6-1,2074,100.03671455383301,4
PART-6-1,2075,91.7482738494873,4
PART-6-1,2076,125.17692184448242,4
PART-6-1,2077,106.63860702514648,4
PART-6-1,2078,94.04229736328125,4
PART-6-1,2079,83.6680965423584,4
PART-6-1,2080,59.75384648640951,3
PART-6-1,2081,51.2784481048584,4
PART-6-1,2082,42.08281946182251,4
PART-6-1,2083,156.0479278564453,4
PART-6-1,2084,109.1651611328125,4
PART-6-1,2085,74.57987976074219,4
PART-6-1,2086,105.70154571533203,4
PART-6-1,2087,88.38105201721191,4
PART-6-1,2088,93.63089370727539,4
PART-6-1,2089,76.86370468139648,4
PART-6-1,2090,69.98813438415527,4
PART-6-1,2091,60.307973861694336,4
PART-6-1,2092,59.542606353759766,3
PART-6-1,2093,51.093966484069824,4
PART-6-1,2094,42.006746768951416,4
PART-6-1,2095,156.25566864013672,4
PART-6-1,2096,109.23029899597168,4
PART-6-1,2097,74.44276809692383,4
PART-6-1,2098,105.65914154052734,4
PART-6-1,2099,88.04922485351562,4
PART-6-1,2100,93.5741138458252,4
PART-6-1,2101,76.62791538238525,4
PART-6-1,2102,69.82005596160889,4
PART-6-1,2103,60.15858268737793,4
PART-6-1,2104,22.261701265970867,3
PART-6-1,2105,34.67848014831543,4
PART-6-1,2106,18.915253400802612,4
PART-6-1,2107,16.462688446044922,4
PART-6-1,2108,12.386963367462158,4
PART-6-1,2109,70.7259111404419,4
PART-6-1,2110,32.901458978652954,4
PART-6-1,2111,8.472765803337097,4
PART-6-1,2112,16.813158988952637,4
PART-6-1,2113,25.868759632110596,4
PART-6-1,2114,47.72304725646973,4
PART-6-1,2115,67.58854579925537,4
PART-6-1,2116,67.48599529266357,4
PART-6-1,2117,61.363033294677734,4
PART-6-1,2118,56.86811637878418,4
PART-6-1,2119,30.927387475967407,4
PART-6-1,2120,29.589932918548584,4
PART-6-1,2121,26.949701070785522,4
PART-6-1,2122,28.945302963256836,3
PART-6-1,2123,22.103415489196777,4
PART-6-1,2124,15.739984273910522,4
PART-6-1,2125,64.11065006256104,4
PART-6-1,2126,35.751083850860596,4
PART-6-1,2127,28.040727615356445,4
PART-6-1,2128,72.9661054611206,4
PART-6-1,2129,70.0404462814331,4
PART-6-1,2130,34.099453926086426,4
PART-6-1,2131,41.33561944961548,4
PART-6-1,2132,20.291105270385742,4
PART-6-1,2133,23.665847301483154,4
PART-6-1,2134,28.52948061625163,3
PART-6-1,2135,21.7649245262146,4
PART-6-1,2136,15.617804050445557,4
PART-6-1,2137,64.29302215576172,4
PART-6-1,2138,35.681695222854614,4
PART-6-1,2139,27.704864740371704,4
PART-6-1,2140,73.36131191253662,4
PART-6-1,2141,70.14249992370605,4
PART-6-1,2142,34.17119097709656,4
PART-6-1,2143,41.445767879486084,4
PART-6-1,2144,20.016022443771362,4
PART-6-1,2145,23.597183227539062,4
PART-6-1,2146,21.511363983154297,3
PART-6-1,2147,33.8941068649292,4
PART-6-1,2148,18.70716142654419,4
PART-6-1,2149,16.59998393058777,4
PART-6-1,2150,12.554048299789429,4
PART-6-1,2151,70.36171054840088,4
PART-6-1,2152,32.19121599197388,4
PART-6-1,2153,8.495780348777771,4
PART-6-1,2154,16.798787593841553,4
PART-6-1,2155,25.58195447921753,4
PART-6-1,2156,46.65224504470825,4
PART-6-1,2157,66.36565399169922,4
PART-6-1,2158,67.54208469390869,4
PART-6-1,2159,61.64313316345215,4
PART-6-1,2160,57.395371437072754,4
PART-6-1,2161,30.84536600112915,4
PART-6-1,2162,29.89091682434082,4
PART-6-1,2163,27.4395489692688,4
PART-6-1,2164,115.81304423014323,3
PART-6-1,2165,109.32710838317871,4
PART-6-1,2166,99.5660629272461,4
PART-6-1,2167,83.50049781799316,4
PART-6-1,2168,71.97670078277588,4
PART-6-1,2169,140.241060256958,4
PART-6-1,2170,139.44161796569824,4
PART-6-1,2171,54.51774787902832,4
PART-6-1,2172,68.80235862731934,4
PART-6-1,2173,82.83529281616211,4
PART-6-1,2174,159.07343673706055,4
PART-6-1,2175,211.00946426391602,4
PART-6-1,2176,114.14389228820801,4
PART-6-1,2177,103.78351783752441,4
PART-6-1,2178,92.3232192993164,4
PART-6-1,2179,113.61515235900879,4
PART-6-1,2180,96.18835067749023,4
PART-6-1,2181,85.3077163696289,4
PART-6-1,2182,113.32354990641277,3
PART-6-1,2183,106.48101234436035,4
PART-6-1,2184,97.3572826385498,4
PART-6-1,2185,81.02422332763672,4
PART-6-1,2186,69.30742931365967,4
PART-6-1,2187,138.0634994506836,4
PART-6-1,2188,136.40154647827148,4
PART-6-1,2189,52.34558963775635,4
PART-6-1,2190,66.33635520935059,4
PART-6-1,2191,80.69291305541992,4
PART-6-1,2192,153.9968776702881,4
PART-6-1,2193,205.08186721801758,4
PART-6-1,2194,112.99880981445312,4
PART-6-1,2195,102.62966346740723,4
PART-6-1,2196,90.0684928894043,4
PART-6-1,2197,111.8419418334961,4
PART-6-1,2198,94.21049499511719,4
PART-6-1,2199,82.56373977661133,4
PART-6-1,2200,27.843490600585938,3
PART-6-1,2201,41.81029176712036,4
PART-6-1,2202,21.454923629760742,4
PART-6-1,2203,17.677546501159668,4
PART-6-1,2204,13.923307657241821,4
PART-6-1,2205,12.1273033618927,4
PART-6-1,2206,72.09910297393799,4
PART-6-1,2207,37.00456953048706,4
PART-6-1,2208,7.9765026569366455,4
PART-6-1,2209,13.339882850646973,4
PART-6-1,2210,21.899380207061768,4
PART-6-1,2211,31.057467937469482,4
PART-6-1,2212,57.85413646697998,4
PART-6-1,2213,77.27344417572021,4
PART-6-1,2214,69.28828048706055,4
PART-6-1,2215,65.07470512390137,4
PART-6-1,2216,61.14025115966797,4
PART-6-1,2217,56.697869300842285,4
PART-6-1,2218,32.20937204360962,4
PART-6-1,2219,31.23000192642212,4
PART-6-1,2220,28.889784336090088,4
PART-6-1,2221,26.541780948638916,4
PART-6-1,2222,0.0,4
PART-6-1,2223,0.0,4
PART-6-1,2224,0.0,4
PART-6-1,2225,0.0,4
PART-6-1,2226,0.0,4
PART-6-1,2227,0.0,4
PART-6-1,2228,0.0,4
PART-6-1,2229,0.0,4
PART-6-1,2230,0.0,4
PART-6-1,2231,0.0,4
PART-6-1,2232,0.0,4
PART-6-1,2233,0.0,4
PART-6-1,2234,0.0,4
PART-6-1,2235,0.0,4
PART-6-1,2236,0.0,4
PART-6-1,2237,0.0,4
PART-6-1,2238,0.0,4
PART-6-1,2239,0.0,4
PART-6-1,2240,0.0,4
PART-6-1,2241,0.0,4
PART-6-1,2242,0.0,4
PART-6-1,2243,0.0,4
PART-6-1,2244,0.0,4
PART-6-1,2245,0.0,4
PART-6-1,2246,0.0,4
PART-6-1,2247,0.0,4
PART-6-1,2248,0.0,4
PART-6-1,2249,0.0,4
PART-6-1,2250,0.0,4
PART-6-1,2251,0.0,4
PART-6-1,2252,0.0,4
PART-6-1,2253,0.0,4
PART-6-1,2254,0.0,4
PART-6-1,2255,0.0,4
PART-6-1,2256,0.0,4
PART-6-1,2257,0.0,4
PART-6-1,2258,0.0,4
PART-6-1,2259,0.0,4
PART-6-1,2260,0.0,4
PART-6-1,2261,0.0,4
PART-6-1,2262,0.0,4
PART-6-1,2263,0.0,4
PART-6-1,2264,0.0,4
PART-6-1,2265,0.0,4
PART-6-1,2266,0.0,4
PART-6-1,2267,0.0,4
PART-6-1,2268,0.0,4
PART-6-1,2269,0.0,4
PART-6-1,2270,0.0,4
PART-6-1,2271,0.0,4
PART-6-1,2272,0.0,4
PART-6-1,2273,0.0,4
PART-6-1,2274,0.0,4
PART-6-1,2275,0.0,4
PART-6-1,2276,0.0,4
PART-6-1,2277,0.0,4
PART-6-1,2278,0.0,4
PART-6-1,2279,0.0,4
PART-6-1,2280,0.0,4
PART-6-1,2281,0.0,4
PART-6-1,2282,0.0,4
PART-6-1,2283,0.0,4
PART-6-1,2284,0.0,4
PART-6-1,2285,0.0,4
PART-6-1,2286,0.0,4
PART-6-1,2287,0.0,4
PART-6-1,2288,0.0,4
PART-6-1,2289,0.0,4
PART-6-1,2290,0.0,4
PART-6-1,2291,0.0,4
PART-6-1,2292,0.0,4
PART-6-1,2293,0.0,4
PART-6-1,2294,0.0,4
PART-6-1,2295,0.0,4
PART-6-1,2296,0.0,4
PART-6-1,2297,0.0,4
PART-6-1,2298,0.0,4
PART-6-1,2299,0.0,4
PART-6-1,2300,0.0,4
PART-6-1,2301,0.0,4
PART-6-1,2302,0.0,4
PART-6-1,2303,0.0,4
PART-6-1,2304,0.0,4
PART-6-1,2305,0.0,4
PART-6-1,2306,0.0,4
PART-6-1,2307,0.0,4
PART-6-1,2308,0.0,4
PART-6-1,2309,0.0,4
PART-6-1,2310,0.0,4
PART-6-1,2311,0.0,4
PART-6-1,2312,0.0,4
PART-6-1,2313,0.0,4
PART-6-1,2314,0.0,4
PART-6-1,2315,0.0,4
PART-6-1,2316,0.0,4
PART-6-1,2317,0.0,4
PART-6-1,2318,0.0,4
PART-6-1,2319,0.0,4
PART-6-1,2320,0.0,4
PART-6-1,2321,0.0,4
PART-6-1,2322,0.0,4
PART-6-1,2323,0.0,4
PART-6-1,2324,0.0,4
PART-6-1,2325,0.0,4
PART-6-1,2326,0.0,4
PART-6-1,2327,0.0,4
PART-6-1,2328,0.0,4
PART-6-1,2329,0.0,4
PART-6-1,2330,0.0,4
PART-6-1,2331,0.0,4
PART-6-1,2332,0.0,4
PART-6-1,2333,0.0,4
PART-6-1,2334,0.0,4
PART-6-1,2335,0.0,4
PART-6-1,2336,0.0,4
PART-6-1,2337,0.0,4
PART-6-1,2338,0.0,4
PART-6-1,2339,0.0,4
PART-6-1,2340,0.0,4
PART-6-1,2341,0.0,4
PART-6-1,2342,0.0,4
PART-6-1,2343,0.0,4
PART-6-1,2344,0.0,4
PART-6-1,2345,0.0,4
PART-6-1,2346,0.0,4
PART-6-1,2347,0.0,4
PART-6-1,2348,0.0,4
PART-6-1,2349,0.0,4
PART-6-1,2350,0.0,4
PART-6-1,2351,0.0,4
PART-6-1,2352,0.0,4
PART-6-1,2353,0.0,4
PART-6-1,2354,0.0,4
PART-6-1,2355,0.0,4
PART-6-1,2356,0.0,4
PART-6-1,2357,0.0,4
PART-6-1,2358,0.0,4
PART-6-1,2359,0.0,4
PART-6-1,2360,0.0,4
PART-6-1,2361,0.0,4
PART-6-1,2362,0.0,4
PART-6-1,2363,0.0,4
PART-6-1,2364,0.0,4
PART-6-1,2365,0.0,4
PART-6-1,2366,0.0,4
PART-6-1,2367,0.0,4
PART-6-1,2368,0.0,4
PART-6-1,2369,0.0,4
PART-6-1,2370,0.0,4
PART-6-1,2371,0.0,4
PART-6-1,2372,0.0,4
PART-6-1,2373,0.0,4
PART-6-1,2374,0.0,4
PART-6-1,2375,0.0,4
PART-6-1,2376,0.0,4
PART-6-1,2377,0.0,4
PART-6-1,2378,0.0,4
PART-6-1,2379,0.0,4
PART-6-1,2380,0.0,4
PART-6-1,2381,0.0,4
PART-6-1,2382,0.0,4
PART-6-1,2383,0.0,4
PART-6-1,2384,0.0,4
PART-6-1,2385,0.0,4
PART-6-1,2386,0.0,4
PART-6-1,2387,0.0,4
PART-6-1,2388,0.0,4
PART-6-1,2389,0.0,4
PART-6-1,2390,0.0,4
PART-6-1,2391,0.0,4
PART-6-1,2392,0.0,4
PART-6-1,2393,0.0,4
PART-6-1,2394,0.0,4
PART-6-1,2395,0.0,4
PART-6-1,2396,0.0,4
PART-6-1,2397,0.0,4
PART-6-1,2398,0.0,4
PART-6-1,2399,0.0,4
PART-6-1,2400,0.0,4
PART-6-1,2401,0.0,4
PART-6-1,2402,0.0,4
PART-6-1,2403,0.0,4
PART-6-1,2404,0.0,4
PART-6-1,2405,0.0,4
PART-6-1,2406,0.0,4
PART-6-1,2407,0.0,4
PART-6-1,2408,0.0,4
PART-6-1,2409,0.0,4
PART-6-1,2410,0.0,4
PART-6-1,2411,0.0,4
PART-6-1,2412,0.0,4
PART-6-1,2413,0.0,4
PART-6-1,2414,0.0,4
PART-6-1,2415,0.0,4
PART-6-1,2416,0.0,4
PART-6-1,2417,0.0,4
PART-6-1,2418,0.0,4
PART-6-1,2419,0.0,4
PART-6-1,2420,0.0,4
PART-6-1,2421,0.0,4
PART-6-1,2422,0.0,4
PART-6-1,2423,0.0,4
PART-6-1,2424,0.0,4
PART-6-1,2425,0.0,4
PART-6-1,2426,0.0,4
PART-6-1,2427,0.0,4
PART-6-1,2428,0.0,4
PART-6-1,2429,0.0,4
PART-6-1,2430,0.0,4
PART-6-1,2431,0.0,4
PART-6-1,2432,0.0,4
PART-6-1,2433,0.0,4
PART-6-1,2434,0.0,4
PART-6-1,2435,0.0,4
PART-6-1,2436,0.0,4
PART-6-1,2437,0.0,4
PART-6-1,2438,0.0,4
PART-6-1,2439,0.0,4
PART-6-1,2440,0.0,4
PART-6-1,2441,0.0,4
PART-6-1,2442,0.0,4
PART-6-1,2443,0.0,4
PART-6-1,2444,0.0,4
PART-6-1,2445,0.0,4
PART-6-1,2446,0.0,4
PART-6-1,2447,0.0,4
PART-6-1,2448,0.0,4
PART-6-1,2449,0.0,4
PART-6-1,2450,0.0,4
PART-6-1,2451,0.0,4
PART-6-1,2452,0.0,4
PART-6-1,2453,0.0,4
PART-6-1,2454,0.0,4
PART-6-1,2455,0.0,4
PART-6-1,2456,0.0,4
PART-6-1,2457,0.0,4
PART-6-1,2458,0.0,4
PART-6-1,2459,0.0,4
PART-6-1,2460,0.0,4
PART-6-1,2461,0.0,4
PART-6-1,2462,0.0,4
PART-6-1,2463,0.0,4
PART-6-1,2464,0.0,4
PART-6-1,2465,0.0,4
PART-6-1,2466,0.0,4
PART-6-1,2467,0.0,4
PART-6-1,2468,0.0,4
PART-6-1,2469,0.0,4
PART-6-1,2470,0.0,4
PART-6-1,2471,0.0,4
PART-6-1,2472,0.0,4
PART-6-1,2473,0.0,4
PART-6-1,2474,0.0,4
PART-6-1,2475,0.0,4
PART-6-1,2476,0.0,4
PART-6-1,2477,0.0,4
PART-6-1,2478,0.0,4
PART-6-1,2479,0.0,4
PART-6-1,2480,0.0,4
PART-6-1,2481,0.0,4
PART-6-1,2482,0.0,4
PART-6-1,2483,0.0,4
PART-6-1,2484,0.0,4
PART-6-1,2485,0.0,4
PART-6-1,2486,0.0,4
PART-6-1,2487,0.0,4
PART-6-1,2488,0.0,4
PART-6-1,2489,0.0,4
PART-6-1,2490,0.0,4
PART-6-1,2491,0.0,4
PART-6-1,2492,0.0,4
PART-6-1,2493,0.0,4
PART-6-1,2494,0.0,4
PART-6-1,2495,0.0,4
PART-6-1,2496,0.0,4
PART-6-1,2497,0.0,4
PART-6-1,2498,0.0,4
PART-6-1,2499,0.0,4
PART-6-1,2500,0.0,4
PART-6-1,2501,0.0,4
PART-6-1,2502,0.0,4
PART-6-1,2503,0.0,4
PART-6-1,2504,0.0,4
PART-6-1,2505,0.0,4
PART-6-1,2506,0.0,4
PART-6-1,2507,0.0,4
PART-6-1,2508,0.0,4
PART-6-1,2509,0.0,4
PART-6-1,2510,0.0,4
PART-6-1,2511,0.0,4
PART-6-1,2512,0.0,4
PART-6-1,2513,0.0,4
PART-6-1,2514,0.0,4
PART-6-1,2515,0.0,4
PART-6-1,2516,0.0,4
PART-6-1,2517,0.0,4
PART-6-1,2518,0.0,4
PART-6-1,2519,0.0,4
PART-6-1,2520,0.0,4
PART-6-1,2521,0.0,4
PART-6-1,2522,0.0,4
PART-6-1,2523,0.0,4
PART-6-1,2524,0.0,4
PART-6-1,2525,0.0,4
PART-6-1,2526,0.0,4
PART-6-1,2527,0.0,4
PART-6-1,2528,0.0,4
PART-6-1,2529,0.0,4
PART-6-1,2530,0.0,4
PART-6-1,2531,0.0,4
PART-6-1,2532,0.0,4
PART-6-1,2533,0.0,4
PART-6-1,2534,0.0,4
PART-6-1,2535,0.0,4
PART-6-1,2536,0.0,4
PART-6-1,2537,0.0,4
PART-6-1,2538,0.0,4
PART-6-1,2539,0.0,4
PART-6-1,2540,0.0,4
PART-6-1,2541,0.0,4
PART-6-1,2542,0.0,4
PART-6-1,2543,0.0,4
PART-6-1,2544,0.0,4
PART-6-1,2545,0.0,4
PART-6-1,2546,0.0,4
PART-6-1,2547,0.0,4
PART-6-1,2548,0.0,4
PART-6-1,2549,0.0,4
PART-6-1,2550,0.0,4
PART-6-1,2551,0.0,4
PART-6-1,2552,0.0,4
PART-6-1,2553,0.0,4
PART-6-1,2554,0.0,4
PART-6-1,2555,0.0,4
PART-6-1,2556,0.0,4
PART-6-1,2557,0.0,4
PART-6-1,2558,0.0,4
PART-6-1,2559,0.0,4
PART-6-1,2560,0.0,4
PART-6-1,2561,0.0,4
PART-6-1,2562,0.0,4
PART-6-1,2563,0.0,4
PART-6-1,2564,0.0,4
PART-6-1,2565,0.0,4
PART-6-1,2566,0.0,4
PART-6-1,2567,0.0,4
PART-6-1,2568,0.0,4
PART-6-1,2569,0.0,4
PART-6-1,2570,0.0,4
PART-6-1,2571,0.0,4
PART-6-1,2572,0.0,4
PART-6-1,2573,0.0,4
PART-6-1,2574,0.0,4
PART-6-1,2575,0.0,4
PART-6-1,2576,0.0,4
PART-6-1,2577,0.0,4
PART-6-1,2578,0.0,4
PART-6-1,2579,0.0,4
PART-6-1,2580,0.0,4
PART-6-1,2581,0.0,4
PART-6-1,2582,0.0,4
PART-6-1,2583,0.0,4
PART-6-1,2584,0.0,4
PART-6-1,2585,0.0,4
PART-6-1,2586,0.0,4
PART-6-1,2587,0.0,4
PART-6-1,2588,0.0,4
PART-6-1,2589,0.0,4
PART-6-1,2590,0.0,4
PART-6-1,2591,0.0,4
PART-6-1,2592,0.0,4
PART-6-1,2593,0.0,4
PART-6-1,2594,0.0,4
PART-6-1,2595,0.0,4
PART-6-1,2596,0.0,4
PART-6-1,2597,0.0,4
PART-6-1,2598,0.0,4
PART-6-1,2599,0.0,4
PART-6-1,2600,0.0,4
PART-6-1,2601,0.0,4
PART-6-1,2602,0.0,4
PART-6-1,2603,0.0,4
PART-6-1,2604,0.0,4
PART-6-1,2605,0.0,4
PART-6-1,2606,0.0,4
PART-6-1,2607,0.0,4
PART-6-1,2608,0.0,4
PART-6-1,2609,0.0,4
PART-6-1,2610,0.0,4
PART-6-1,2611,0.0,4
PART-6-1,2612,0.0,4
PART-6-1,2613,0.0,4
PART-6-1,2614,0.0,4
PART-6-1,2615,0.0,4
PART-6-1,2616,0.0,4
PART-6-1,2617,0.0,4
PART-6-1,2618,0.0,4
PART-6-1,2619,0.0,4
PART-6-1,2620,0.0,4
PART-6-1,2621,0.0,4
PART-6-1,2622,0.0,4
PART-6-1,2623,0.0,4
PART-6-1,2624,0.0,4
PART-6-1,2625,0.0,4
PART-6-1,2626,0.0,4
PART-6-1,2627,0.0,4
PART-6-1,2628,0.0,4
PART-6-1,2629,0.0,4
PART-6-1,2630,0.0,4
PART-6-1,2631,0.0,4
PART-6-1,2632,0.0,4
PART-6-1,2633,0.0,4
PART-6-1,2634,0.0,4
PART-6-1,2635,0.0,4
PART-6-1,2636,0.0,4
PART-6-1,2637,0.0,4
PART-6-1,2638,0.0,4
PART-6-1,2639,0.0,4
PART-6-1,2640,0.0,4
PART-6-1,2641,0.0,4
PART-6-1,2642,0.0,4
PART-6-1,2643,0.0,4
PART-6-1,2644,0.0,4
PART-6-1,2645,0.0,4
PART-6-1,2646,0.0,4
PART-6-1,2647,0.0,4
PART-6-1,2648,0.0,4
PART-6-1,2649,0.0,4
PART-6-1,2650,0.0,4
PART-6-1,2651,0.0,4
PART-6-1,2652,0.0,4
PART-6-1,2653,0.0,4
PART-6-1,2654,0.0,4
PART-6-1,2655,0.0,4
PART-6-1,2656,0.0,4
PART-6-1,2657,0.0,4
PART-6-1,2658,0.0,4
PART-6-1,2659,0.0,4
PART-6-1,2660,0.0,4
PART-6-1,2661,0.0,4
PART-6-1,2662,0.0,4
PART-6-1,2663,0.0,4
PART-6-1,2664,0.0,4
PART-6-1,2665,0.0,4
PART-6-1,2666,0.0,4
PART-6-1,2667,0.0,4
PART-6-1,2668,0.0,4
PART-6-1,2669,0.0,4
PART-6-1,2670,0.0,4
PART-6-1,2671,0.0,4
PART-6-1,2672,0.0,4
PART-6-1,2673,0.0,4
PART-6-1,2674,0.0,4
PART-6-1,2675,0.0,4
PART-6-1,2676,0.0,4
PART-6-1,2677,0.0,4
PART-6-1,2678,0.0,4
PART-6-1,2679,0.0,4
PART-6-1,2680,0.0,4
PART-6-1,2681,0.0,4
PART-6-1,2682,0.0,4
PART-6-1,2683,0.0,4
PART-6-1,2684,0.0,4
PART-6-1,2685,0.0,4
PART-6-1,2686,0.0,4
PART-6-1,2687,0.0,4
PART-6-1,2688,0.0,4
PART-6-1,2689,0.0,4
PART-6-1,2690,0.0,4
PART-6-1,2691,0.0,4
PART-6-1,2692,0.0,4
PART-6-1,2693,0.0,4
PART-6-1,2694,0.0,4
PART-6-1,2695,0.0,4
PART-6-1,2696,0.0,4
PART-6-1,2697,0.0,4
PART-6-1,2698,0.0,4
PART-6-1,2699,0.0,4
PART-6-1,2700,0.0,4
PART-6-1,2701,0.0,4
PART-6-1,2702,0.0,4
PART-6-1,2703,0.0,4
PART-6-1,2704,0.0,4
PART-6-1,2705,0.0,4
PART-6-1,2706,0.0,4
PART-6-1,2707,0.0,4
PART-6-1,2708,0.0,4
PART-6-1,2709,0.0,4
PART-6-1,2710,0.0,4
PART-6-1,2711,0.0,4
PART-6-1,2712,0.0,4
PART-6-1,2713,0.0,4
PART-6-1,2714,0.0,4
PART-6-1,2715,0.0,4
PART-6-1,2716,0.0,4
PART-6-1,2717,0.0,4
PART-6-1,2718,0.0,4
PART-6-1,2719,0.0,4
PART-6-1,2720,0.0,4
PART-6-1,2721,0.0,4
PART-6-1,2722,0.0,4
PART-6-1,2723,0.0,4
PART-6-1,2724,0.0,4
PART-6-1,2725,0.0,4
PART-6-1,2726,0.0,4
PART-6-1,2727,0.0,4
PART-6-1,2728,0.0,4
PART-6-1,2729,0.0,4
PART-6-1,2730,0.0,4
PART-6-1,2731,0.0,4
PART-6-1,2732,0.0,4
PART-6-1,2733,0.0,4
PART-6-1,2734,0.0,4
PART-6-1,2735,0.0,4
PART-6-1,2736,0.0,4
PART-6-1,2737,0.0,4
PART-6-1,2738,0.0,4
PART-6-1,2739,0.0,4
PART-6-1,2740,0.0,4
PART-6-1,2741,0.0,4
PART-6-1,2742,0.0,4
PART-6-1,2743,0.0,4
PART-6-1,2744,0.0,4
PART-6-1,2745,0.0,4
PART-6-1,2746,0.0,4
PART-6-1,2747,0.0,4
PART-6-1,2748,0.0,4
PART-6-1,2749,0.0,4
PART-6-1,2750,0.0,4
PART-6-1,2751,0.0,4
PART-6-1,2752,0.0,4
PART-6-1,2753,0.0,4
PART-6-1,2754,0.0,4
PART-6-1,2755,0.0,4
PART-6-1,2756,0.0,4
PART-6-1,2757,0.0,4
PART-6-1,2758,0.0,4
PART-6-1,2759,0.0,4
PART-6-1,2760,0.0,4
PART-6-1,2761,0.0,4
PART-6-1,2762,0.0,4
PART-6-1,2763,0.0,4
PART-6-1,2764,0.0,4
PART-6-1,2765,0.0,4
PART-6-1,2766,0.0,4
PART-6-1,2767,0.0,4
PART-6-1,2768,0.0,4
PART-6-1,2769,0.0,4
PART-6-1,2770,0.0,4
PART-6-1,2771,0.0,4
PART-6-1,2772,0.0,4
PART-6-1,2773,0.0,4
PART-6-1,2774,0.0,4
PART-6-1,2775,0.0,4
PART-6-1,2776,0.0,4
PART-6-1,2777,0.0,4
PART-6-1,2778,0.0,4
PART-6-1,2779,0.0,4
PART-6-1,2780,0.0,4
PART-6-1,2781,0.0,4
PART-6-1,2782,0.0,4
PART-6-1,2783,0.0,4
PART-6-1,2784,0.0,4
PART-6-1,2785,0.0,4
PART-6-1,2786,0.0,4
PART-6-1,2787,0.0,4
PART-6-1,2788,0.0,4
PART-6-1,2789,0.0,4
PART-6-1,2790,0.0,4
PART-6-1,2791,0.0,4
PART-6-1,2792,0.0,4
PART-6-1,2793,0.0,4
PART-6-1,2794,0.0,4
PART-6-1,2795,0.0,4
PART-6-1,2796,0.0,4
PART-6-1,2797,0.0,4
PART-6-1,2798,0.0,4
PART-6-1,2799,0.0,4
PART-6-1,2800,0.0,4
PART-6-1,2801,0.0,4
PART-6-1,2802,0.0,4
PART-6-1,2803,0.0,4
PART-6-1,2804,0.0,4
PART-6-1,2805,0.0,4
PART-6-1,2806,0.0,4
PART-6-1,2807,0.0,4
PART-6-1,2808,0.0,4
PART-6-1,2809,0.0,4
PART-6-1,2810,0.0,4
PART-6-1,2811,0.0,4
PART-6-1,2812,0.0,4
PART-6-1,2813,0.0,4
PART-6-1,2814,0.0,4
PART-6-1,2815,0.0,4
PART-6-1,2816,0.0,4
PART-6-1,2817,0.0,4
PART-6-1,2818,0.0,4
PART-6-1,2819,0.0,4
PART-6-1,2820,0.0,4
PART-6-1,2821,0.0,4
PART-6-1,2822,0.0,4
PART-6-1,2823,0.0,4
PART-6-1,2824,0.0,4
PART-6-1,2825,0.0,4
PART-6-1,2826,0.0,4
PART-6-1,2827,0.0,4
PART-6-1,2828,0.0,4
PART-6-1,2829,0.0,4
PART-6-1,2830,0.0,4
PART-6-1,2831,0.0,4
PART-6-1,2832,0.0,4
PART-6-1,2833,0.0,4
PART-6-1,2834,0.0,4
PART-6-1,2835,0.0,4
PART-6-1,2836,0.0,4
PART-6-1,2837,0.0,4
PART-6-1,2838,0.0,4
PART-6-1,2839,0.0,4
PART-6-1,2840,0.0,4
PART-6-1,2841,0.0,4
PART-6-1,2842,0.0,4
PART-6-1,2843,0.0,4
PART-6-1,2844,0.0,4
PART-6-1,2845,0.0,4
PART-6-1,2846,0.0,4
PART-6-1,2847,0.0,4
PART-6-1,2848,0.0,4
PART-6-1,2849,0.0,4
PART-6-1,2850,0.0,4
PART-6-1,2851,0.0,4
PART-6-1,2852,0.0,4
PART-6-1,2853,0.0,4
PART-6-1,2854,0.0,4
PART-6-1,2855,0.0,4
PART-6-1,2856,0.0,4
PART-6-1,2857,0.0,4
PART-6-1,2858,0.0,4
PART-6-1,2859,0.0,4
PART-6-1,2860,0.0,4
PART-6-1,2861,0.0,4
PART-6-1,2862,0.0,4
PART-6-1,2863,0.0,4
PART-6-1,2864,0.0,4
PART-6-1,2865,0.0,4
PART-6-1,2866,0.0,4
PART-6-1,2867,0.0,4
PART-6-1,2868,0.0,4
PART-6-1,2869,0.0,4
PART-6-1,2870,0.0,4
PART-6-1,2871,0.0,4
PART-6-1,2872,0.0,4
PART-6-1,2873,0.0,4
PART-6-1,2874,0.0,4
PART-6-1,2875,0.0,4
PART-6-1,2876,0.0,4
PART-6-1,2877,0.0,4
PART-6-1,2878,0.0,4
PART-6-1,2879,0.0,4
PART-6-1,2880,0.0,4
PART-6-1,2881,0.0,4
PART-6-1,2882,0.0,4
PART-6-1,2883,0.0,4
PART-6-1,2884,0.0,4
PART-6-1,2885,0.0,4
PART-6-1,2886,0.0,4
PART-6-1,2887,0.0,4
PART-6-1,2888,0.0,4
PART-6-1,2889,0.0,4
PART-6-1,2890,0.0,4
PART-6-1,2891,0.0,4
PART-6-1,2892,0.0,4
PART-6-1,2893,0.0,4
PART-6-1,2894,0.0,4
PART-6-1,2895,0.0,4
PART-6-1,2896,0.0,4
PART-6-1,2897,0.0,4
PART-6-1,2898,0.0,4
PART-6-1,2899,0.0,4
PART-6-1,2900,0.0,4
PART-6-1,2901,0.0,4
PART-6-1,2902,0.0,4
PART-6-1,2903,0.0,4
PART-6-1,2904,0.0,4
PART-6-1,2905,0.0,4
PART-6-1,2906,0.0,4
PART-6-1,2907,0.0,4
PART-6-1,2908,0.0,4
PART-6-1,2909,0.0,4
PART-6-1,2910,0.0,4
PART-6-1,2911,0.0,4
PART-6-1,2912,0.0,4
PART-6-1,2913,0.0,4
PART-6-1,2914,0.0,4
PART-6-1,2915,0.0,4
PART-6-1,2916,0.0,4
PART-6-1,2917,0.0,4
PART-6-1,2918,0.0,4
PART-6-1,2919,0.0,4
PART-6-1,2920,0.0,4
PART-6-1,2921,0.0,4
PART-6-1,2922,0.0,4
PART-6-1,2923,0.0,4
PART-6-1,2924,0.0,4
PART-6-1,2925,0.0,4
PART-6-1,2926,0.0,4
PART-6-1,2927,0.0,4
PART-6-1,2928,0.0,4
PART-6-1,2929,0.0,4
PART-6-1,2930,0.0,4
PART-6-1,2931,0.0,4
PART-6-1,2932,0.0,4
PART-6-1,2933,0.0,4
PART-6-1,2934,0.0,4
PART-6-1,2935,0.0,4
PART-6-1,2936,0.0,4
PART-6-1,2937,0.0,4
PART-6-1,2938,0.0,4
PART-6-1,2939,0.0,4
PART-6-1,2940,0.0,4
PART-6-1,2941,0.0,4
PART-6-1,2942,0.0,4
PART-6-1,2943,0.0,4
PART-6-1,2944,0.0,4
PART-6-1,2945,0.0,4
PART-6-1,2946,0.0,4
PART-6-1,2947,0.0,4
PART-6-1,2948,0.0,4
PART-6-1,2949,0.0,4
PART-6-1,2950,0.0,4
PART-6-1,2951,0.0,4
PART-6-1,2952,0.0,4
PART-6-1,2953,0.0,4
PART-6-1,2954,0.0,4
PART-6-1,2955,0.0,4
PART-6-1,2956,0.0,4
PART-6-1,2957,0.0,4
PART-6-1,2958,0.0,4
PART-6-1,2959,0.0,4
PART-6-1,2960,0.0,4
PART-6-1,2961,0.0,4
PART-6-1,2962,0.0,4
PART-6-1,2963,0.0,4
PART-6-1,2964,0.0,4
PART-6-1,2965,0.0,4
PART-6-1,2966,0.0,4
PART-6-1,2967,0.0,4
PART-6-1,2968,0.0,4
PART-6-1,2969,0.0,4
PART-6-1,2970,0.0,4
PART-6-1,2971,0.0,4
PART-6-1,2972,0.0,4
PART-6-1,2973,0.0,4
PART-6-1,2974,0.0,4
PART-6-1,2975,0.0,4
PART-6-1,2976,0.0,4
PART-6-1,2977,0.0,4
PART-6-1,2978,0.0,4
PART-6-1,2979,0.0,4
PART-6-1,2980,0.0,4
PART-6-1,2981,0.0,4
PART-6-1,2982,0.0,4
PART-6-1,2983,0.0,4
PART-6-1,2984,0.0,4
PART-6-1,2985,0.0,4
PART-6-1,2986,0.0,4
PART-6-1,2987,0.0,4
PART-6-1,2988,0.0,4
PART-6-1,2989,0.0,4
PART-6-1,2990,0.0,4
PART-6-1,2991,0.0,4
PART-6-1,2992,0.0,4
PART-6-1,2993,0.0,4
PART-6-1,2994,0.0,4
PART-6-1,2995,0.0,4
PART-6-1,2996,0.0,4
PART-6-1,2997,0.0,4
PART-6-1,2998,0.0,4
PART-6-1,2999,0.0,4
PART-6-1,3000,0.0,4
PART-6-1,3001,0.0,4
PART-6-1,3002,0.0,4
PART-6-1,3003,0.0,4
PART-6-1,3004,0.0,4
PART-6-1,3005,0.0,4
PART-6-1,3006,0.0,4
PART-6-1,3007,0.0,4
PART-6-1,3008,0.0,4
PART-6-1,3009,0.0,4
PART-6-1,3010,0.0,4
PART-6-1,3011,0.0,4
PART-6-1,3012,0.0,4
PART-6-1,3013,0.0,4
PART-6-1,3014,0.0,4
PART-6-1,3015,0.0,4
PART-6-1,3016,0.0,4
PART-6-1,3017,0.0,4
PART-6-1,3018,0.0,4
PART-6-1,3019,0.0,4
PART-6-1,3020,0.0,4
PART-6-1,3021,0.0,4
PART-6-1,3022,0.0,4
PART-6-1,3023,0.0,4
PART-6-1,3024,0.0,4
PART-6-1,3025,0.0,4
PART-6-1,3026,0.0,4
PART-6-1,3027,0.0,4
PART-6-1,3028,0.0,4
PART-6-1,3029,0.0,4
PART-6-1,3030,0.0,4
PART-6-1,3031,0.0,4
PART-6-1,3032,0.0,4
PART-6-1,3033,0.0,4
PART-6-1,3034,0.0,4
PART-6-1,3035,0.0,4
PART-6-1,3036,0.0,4
PART-6-1,3037,0.0,4
PART-6-1,3038,0.0,4
PART-6-1,3039,0.0,4
PART-6-1,3040,0.0,4
PART-6-1,3041,0.0,4
PART-6-1,3042,0.0,4
PART-6-1,3043,0.0,4
PART-6-1,3044,0.0,4
PART-6-1,3045,0.0,4
PART-6-1,3046,0.0,4
PART-6-1,3047,0.0,4
PART-6-1,3048,0.0,4
PART-6-1,3049,0.0,4
PART-6-1,3050,0.0,4
PART-6-1,3051,0.0,4
PART-6-1,3052,0.0,4
PART-6-1,3053,0.0,4
PART-6-1,3054,0.0,4
PART-6-1,3055,0.0,4
PART-6-1,3056,0.0,4
PART-6-1,3057,0.0,4
PART-6-1,3058,0.0,4
PART-6-1,3059,0.0,4
PART-6-1,3060,0.0,4
PART-6-1,3061,0.0,4
PART-6-1,3062,0.0,4
PART-6-1,3063,0.0,4
PART-6-1,3064,0.0,4
PART-6-1,3065,0.0,4
PART-6-1,3066,0.0,4
PART-6-1,3067,0.0,4
PART-6-1,3068,0.0,4
PART-6-1,3069,0.0,4
PART-6-1,3070,0.0,4
PART-6-1,3071,0.0,4
PART-6-1,3072,0.0,4
PART-6-1,3073,0.0,4
PART-6-1,3074,0.0,4
PART-6-1,3075,0.0,4
PART-6-1,3076,0.0,4
PART-6-1,3077,0.0,4
PART-6-1,3078,0.0,4
PART-6-1,3079,0.0,4
PART-6-1,3080,0.0,4
PART-6-1,3081,0.0,4
PART-6-1,3082,0.0,4
PART-6-1,3083,0.0,4
PART-6-1,3084,0.0,4
PART-6-1,3085,0.0,4
PART-6-1,3086,0.0,4
PART-6-1,3087,0.0,4
PART-6-1,3088,0.0,4
PART-6-1,3089,0.0,4
PART-6-1,3090,0.0,4
PART-6-1,3091,0.0,4
PART-6-1,3092,0.0,4
PART-6-1,3093,0.0,4
PART-6-1,3094,0.0,4
PART-6-1,3095,0.0,4
PART-6-1,3096,0.0,4
PART-6-1,3097,0.0,4
PART-6-1,3098,0.0,4
PART-6-1,3099,0.0,4
PART-6-1,3100,0.0,4
PART-6-1,3101,0.0,4
PART-6-1,3102,0.0,4
PART-6-1,3103,0.0,4
PART-6-1,3104,0.0,4
PART-6-1,3105,0.0,4
PART-6-1,3106,0.0,4
PART-6-1,3107,0.0,4
PART-6-1,3108,0.0,4
PART-6-1,3109,0.0,4
PART-6-1,3110,0.0,4
PART-6-1,3111,0.0,4
PART-6-1,3112,0.0,4
PART-6-1,3113,0.0,4
PART-6-1,3114,0.0,4
PART-6-1,3115,0.0,4
PART-6-1,3116,0.0,4
PART-6-1,3117,0.0,4
PART-6-1,3118,0.0,4
PART-6-1,3119,0.0,4
PART-6-1,3120,0.0,4
PART-6-1,3121,0.0,4
PART-6-1,3122,0.0,4
PART-6-1,3123,0.0,4
PART-6-1,3124,0.0,4
PART-6-1,3125,0.0,4
PART-6-1,3126,0.0,4
PART-6-1,3127,0.0,4
PART-6-1,3128,0.0,4
PART-6-1,3129,0.0,4
PART-6-1,3130,0.0,4
PART-6-1,3131,0.0,4
PART-6-1,3132,0.0,4
PART-6-1,3133,0.0,4
PART-6-1,3134,0.0,4
PART-6-1,3135,0.0,4
PART-6-1,3136,0.0,4
PART-6-1,3137,0.0,4
PART-6-1,3138,0.0,4
PART-6-1,3139,0.0,4
PART-6-1,3140,0.0,4
PART-6-1,3141,0.0,4
PART-6-1,3142,0.0,4
PART-6-1,3143,0.0,4
PART-6-1,3144,0.0,4
PART-6-1,3145,0.0,4
PART-6-1,3146,0.0,4
PART-6-1,3147,0.0,4
PART-6-1,3148,0.0,4
PART-6-1,3149,0.0,4
PART-6-1,3150,0.0,4
PART-6-1,3151,0.0,4
PART-6-1,3152,0.0,4
PART-6-1,3153,0.0,4
PART-6-1,3154,0.0,4
PART-6-1,3155,0.0,4
PART-6-1,3156,0.0,4
PART-6-1,3157,0.0,4
PART-6-1,3158,0.0,4
PART-6-1,3159,0.0,4
PART-6-1,3160,0.0,4
PART-6-1,3161,0.0,4
PART-6-1,3162,0.0,4
PART-6-1,3163,0.0,4
PART-6-1,3164,0.0,4
PART-6-1,3165,0.0,4
PART-6-1,3166,0.0,4
PART-6-1,3167,0.0,4
PART-6-1,3168,0.0,4
PART-6-1,3169,0.0,4
PART-6-1,3170,0.0,4
PART-6-1,3171,0.0,4
PART-6-1,3172,0.0,4
PART-6-1,3173,0.0,4
PART-6-1,3174,0.0,4
PART-6-1,3175,0.0,4
PART-6-1,3176,0.0,4
PART-6-1,3177,0.0,4
PART-6-1,3178,0.0,4
PART-6-1,3179,0.0,4
PART-6-1,3180,0.0,4
PART-6-1,3181,0.0,4
PART-6-1,3182,0.0,4
PART-6-1,3183,0.0,4
PART-6-1,3184,0.0,4
PART-6-1,3185,0.0,4
PART-6-1,3186,0.0,4
PART-6-1,3187,0.0,4
PART-6-1,3188,0.0,4
PART-6-1,3189,0.0,4
PART-6-1,3190,0.0,4
PART-6-1,3191,0.0,4
PART-6-1,3192,0.0,4
PART-6-1,3193,0.0,4
PART-6-1,3194,0.0,4
PART-6-1,3195,0.0,4
PART-6-1,3196,0.0,4
PART-6-1,3197,0.0,4
PART-6-1,3198,0.0,4
PART-6-1,3199,0.0,4
PART-6-1,3200,0.0,4
PART-6-1,3201,0.0,4
PART-6-1,3202,0.0,4
PART-6-1,3203,0.0,4
PART-6-1,3204,0.0,4
PART-6-1,3205,0.0,4
PART-6-1,3206,0.0,4
PART-6-1,3207,0.0,4
PART-6-1,3208,0.0,4
PART-6-1,3209,0.0,4
PART-6-1,3210,0.0,4
PART-6-1,3211,0.0,4
PART-6-1,3212,0.0,4
PART-6-1,3213,0.0,4
PART-6-1,3214,0.0,4
PART-6-1,3215,0.0,4
PART-6-1,3216,0.0,4
PART-6-1,3217,0.0,4
PART-6-1,3218,0.0,4
PART-6-1,3219,0.0,4
PART-6-1,3220,0.0,4
PART-6-1,3221,0.0,4
PART-6-1,3222,0.0,4
PART-6-1,3223,0.0,4
PART-6-1,3224,0.0,4
PART-6-1,3225,0.0,4
PART-6-1,3226,0.0,4
PART-6-1,3227,0.0,4
PART-6-1,3228,0.0,4
PART-6-1,3229,0.0,4
PART-6-1,3230,0.0,4
PART-6-1,3231,0.0,4
PART-6-1,3232,0.0,4
PART-6-1,3233,0.0,4
PART-6-1,3234,0.0,4
PART-6-1,3235,0.0,4
PART-6-1,3236,0.0,4
PART-6-1,3237,0.0,4
PART-6-1,3238,0.0,4
PART-6-1,3239,0.0,4
PART-6-1,3240,0.0,4
PART-6-1,3241,0.0,4
PART-6-1,3242,0.0,4
PART-6-1,3243,0.0,4
PART-6-1,3244,0.0,4
PART-6-1,3245,0.0,4
PART-6-1,3246,0.0,4
PART-6-1,3247,0.0,4
PART-6-1,3248,0.0,4
PART-6-1,3249,0.0,4
PART-6-1,3250,0.0,4
PART-6-1,3251,0.0,4
PART-6-1,3252,0.0,4
PART-6-1,3253,0.0,4
PART-6-1,3254,0.0,4
PART-6-1,3255,0.0,4
PART-6-1,3256,0.0,4
PART-6-1,3257,0.0,4
PART-6-1,3258,0.0,4
PART-6-1,3259,0.0,4
PART-6-1,3260,0.0,4
PART-6-1,3261,0.0,4
PART-6-1,3262,0.0,4
PART-6-1,3263,0.0,4
PART-6-1,3264,0.0,4
PART-6-1,3265,0.0,4
PART-6-1,3266,0.0,4
PART-6-1,3267,0.0,4
PART-6-1,3268,0.0,4
PART-6-1,3269,0.0,4
PART-6-1,3270,0.0,4
PART-6-1,3271,0.0,4
PART-6-1,3272,0.0,4
PART-6-1,3273,0.0,4
PART-6-1,3274,0.0,4
PART-6-1,3275,0.0,4
PART-6-1,3276,0.0,4
PART-6-1,3277,0.0,4
PART-6-1,3278,0.0,4
PART-6-1,3279,0.0,4
PART-6-1,3280,0.0,4
PART-6-1,3281,0.0,4
PART-6-1,3282,0.0,4
PART-6-1,3283,0.0,4
PART-6-1,3284,0.0,4
PART-6-1,3285,0.0,4
PART-6-1,3286,0.0,4
PART-6-1,3287,0.0,4
PART-6-1,3288,0.0,4
PART-6-1,3289,0.0,4
PART-6-1,3290,0.0,4
PART-6-1,3291,0.0,4
PART-6-1,3292,0.0,4
PART-6-1,3293,0.0,4
PART-6-1,3294,0.0,4
PART-6-1,3295,0.0,4
PART-6-1,3296,0.0,4
PART-6-1,3297,0.0,4
PART-6-1,3298,0.0,4
PART-6-1,3299,0.0,4
PART-6-1,3300,0.0,4
PART-6-1,3301,0.0,4
PART-6-1,3302,0.0,4
PART-6-1,3303,0.0,4
PART-6-1,3304,0.0,4
PART-6-1,3305,0.0,4
PART-6-1,3306,0.0,4
PART-6-1,3307,0.0,4
PART-6-1,3308,0.0,4
PART-6-1,3309,0.0,4
PART-6-1,3310,0.0,4
PART-6-1,3311,0.0,4
PART-6-1,3312,0.0,4
PART-6-1,3313,0.0,4
PART-6-1,3314,0.0,4
PART-6-1,3315,0.0,4
PART-6-1,3316,0.0,4
PART-6-1,3317,0.0,4
PART-6-1,3318,0.0,4
PART-6-1,3319,0.0,4
PART-6-1,3320,0.0,4
PART-6-1,3321,0.0,4
PART-6-1,3322,0.0,4
PART-6-1,3323,0.0,4
PART-6-1,3324,0.0,4
PART-6-1,3325,0.0,4
PART-6-1,3326,0.0,4
PART-6-1,3327,0.0,4
PART-6-1,3328,0.0,4
PART-6-1,3329,0.0,4
PART-6-1,3330,0.0,4
PART-6-1,3331,0.0,4
PART-6-1,3332,0.0,4
PART-6-1,3333,0.0,4
PART-6-1,3334,0.0,4
PART-6-1,3335,0.0,4
PART-6-1,3336,0.0,4
PART-6-1,3337,0.0,4
PART-6-1,3338,0.0,4
PART-6-1,3339,0.0,4
PART-6-1,3340,0.0,4
PART-6-1,3341,0.0,4
PART-6-1,3342,0.0,4
PART-6-1,3343,0.0,4
PART-6-1,3344,0.0,4
PART-6-1,3345,0.0,4
PART-6-1,3346,0.0,4
PART-6-1,3347,0.0,4
PART-6-1,3348,0.0,4
PART-6-1,3349,0.0,4
PART-6-1,3350,0.0,4
PART-6-1,3351,0.0,4
PART-6-1,3352,0.0,4
PART-6-1,3353,0.0,4
PART-6-1,3354,0.0,4
PART-6-1,3355,0.0,4
PART-6-1,3356,0.0,4
PART-6-1,3357,0.0,4
PART-6-1,3358,0.0,4
PART-6-1,3359,0.0,4
PART-6-1,3360,0.0,4
PART-6-1,3361,0.0,4
PART-6-1,3362,0.0,4
PART-6-1,3363,0.0,4
PART-6-1,3364,0.0,4
PART-6-1,3365,0.0,4
PART-6-1,3366,0.0,4
PART-6-1,3367,0.0,4
PART-6-1,3368,0.0,4
PART-6-1,3369,0.0,4
PART-6-1,3370,0.0,4
PART-6-1,3371,0.0,4
PART-6-1,3372,0.0,4
PART-6-1,3373,0.0,4
PART-6-1,3374,0.0,4
PART-6-1,3375,0.0,4
PART-6-1,3376,0.0,4
PART-6-1,3377,0.0,4
PART-6-1,3378,0.0,4
PART-6-1,3379,0.0,4
PART-6-1,3380,0.0,4
PART-6-1,3381,0.0,4
PART-6-1,3382,0.0,4
PART-6-1,3383,0.0,4
PART-6-1,3384,0.0,4
PART-6-1,3385,0.0,4
PART-6-1,3386,0.0,4
PART-6-1,3387,0.0,4
PART-6-1,3388,0.0,4
PART-6-1,3389,0.0,4
PART-6-1,3390,0.0,4
PART-6-1,3391,0.0,4
PART-6-1,3392,0.0,4
PART-6-1,3393,0.0,4
PART-6-1,3394,0.0,4
PART-6-1,3395,0.0,4
PART-6-1,3396,0.0,4
PART-6-1,3397,0.0,4
PART-6-1,3398,0.0,4
PART-6-1,3399,0.0,4
PART-6-1,3400,0.0,4
PART-6-1,3401,0.0,4
PART-6-1,3402,0.0,4
PART-6-1,3403,0.0,4
PART-6-1,3404,0.0,4
PART-6-1,3405,0.0,4
PART-6-1,3406,0.0,4
PART-6-1,3407,0.0,4
PART-6-1,3408,0.0,4
PART-6-1,3409,0.0,4
PART-6-1,3410,0.0,4
PART-6-1,3411,0.0,4
PART-6-1,3412,0.0,4
PART-6-1,3413,0.0,4
PART-6-1,3414,0.0,4
PART-6-1,3415,0.0,4
PART-6-1,3416,0.0,4
PART-6-1,3417,0.0,4
PART-6-1,3418,0.0,4
PART-6-1,3419,0.0,4
PART-6-1,3420,0.0,4
PART-6-1,3421,0.0,4
PART-6-1,3422,0.0,4
PART-6-1,3423,0.0,4
PART-6-1,3424,0.0,4
PART-6-1,3425,0.0,4
PART-6-1,3426,0.0,4
PART-6-1,3427,0.0,4
PART-6-1,3428,0.0,4
PART-6-1,3429,0.0,4
PART-6-1,3430,0.0,4
PART-6-1,3431,0.0,4
PART-6-1,3432,0.0,4
PART-6-1,3433,0.0,4
PART-6-1,3434,0.0,4
PART-6-1,3435,0.0,4
PART-6-1,3436,0.0,4
PART-6-1,3437,0.0,4
PART-6-1,3438,0.0,4
PART-6-1,3439,0.0,4
PART-6-1,3440,0.0,4
PART-6-1,3441,0.0,4
PART-6-1,3442,0.0,4
PART-6-1,3443,0.0,4
PART-6-1,3444,0.0,4
PART-6-1,3445,0.0,4
PART-6-1,3446,0.0,4
PART-6-1,3447,0.0,4
PART-6-1,3448,0.0,4
PART-6-1,3449,0.0,4
PART-6-1,3450,0.0,4
PART-6-1,3451,0.0,4
PART-6-1,3452,0.0,4
PART-6-1,3453,0.0,4
PART-6-1,3454,0.0,4
PART-6-1,3455,0.0,4
PART-6-1,3456,0.0,4
PART-6-1,3457,0.0,4
PART-6-1,3458,0.0,4
PART-6-1,3459,0.0,4
PART-6-1,3460,0.0,4
PART-6-1,3461,0.0,4
PART-6-1,3462,0.0,4
PART-6-1,3463,0.0,4
PART-6-1,3464,0.0,4
PART-6-1,3465,0.0,4
PART-6-1,3466,0.0,4
PART-6-1,3467,0.0,4
PART-6-1,3468,0.0,4
PART-6-1,3469,0.0,4
PART-6-1,3470,0.0,4
PART-6-1,3471,0.0,4
PART-6-1,3472,0.0,4
PART-6-1,3473,0.0,4
PART-6-1,3474,0.0,4
PART-6-1,3475,0.0,4
PART-6-1,3476,0.0,4
PART-6-1,3477,0.0,4
PART-6-1,3478,0.0,4
PART-6-1,3479,0.0,4
PART-6-1,3480,0.0,4
PART-6-1,3481,0.0,4
PART-6-1,3482,0.0,4
PART-6-1,3483,0.0,4
PART-6-1,3484,0.0,4
PART-6-1,3485,0.0,4
PART-6-1,3486,0.0,4
PART-6-1,3487,0.0,4
PART-6-1,3488,0.0,4
PART-6-1,3489,0.0,4
PART-6-1,3490,0.0,4
PART-6-1,3491,0.0,4
PART-6-1,3492,0.0,4
PART-6-1,3493,0.0,4
PART-6-1,3494,0.0,4
PART-6-1,3495,0.0,4
PART-6-1,3496,0.0,4
PART-6-1,3497,0.0,4
PART-6-1,3498,0.0,4
PART-6-1,3499,0.0,4
PART-6-1,3500,0.0,4
PART-6-1,3501,0.0,4
PART-6-1,3502,0.0,4
PART-6-1,3503,0.0,4
PART-6-1,3504,0.0,4
PART-6-1,3505,0.0,4
PART-6-1,3506,0.0,4
PART-6-1,3507,0.0,4
PART-6-1,3508,0.0,4
PART-6-1,3509,0.0,4
PART-6-1,3510,0.0,4
PART-6-1,3511,0.0,4
PART-6-1,3512,0.0,4
PART-6-1,3513,0.0,4
PART-6-1,3514,0.0,4
PART-6-1,3515,0.0,4
PART-6-1,3516,0.0,4
PART-6-1,3517,0.0,4
PART-6-1,3518,0.0,4
PART-6-1,3519,0.0,4
PART-6-1,3520,0.0,4
PART-6-1,3521,0.0,4
PART-6-1,3522,0.0,4
PART-6-1,3523,0.0,4
PART-6-1,3524,0.0,4
PART-6-1,3525,0.0,4
PART-6-1,3526,0.0,4
PART-6-1,3527,0.0,4
PART-6-1,3528,0.0,4
PART-6-1,3529,0.0,4
PART-6-1,3530,0.0,4
PART-6-1,3531,0.0,4
PART-6-1,3532,0.0,4
PART-6-1,3533,0.0,4
PART-6-1,3534,0.0,4
PART-6-1,3535,0.0,4
PART-6-1,3536,0.0,4
PART-6-1,3537,0.0,4
PART-6-1,3538,0.0,4
PART-6-1,3539,0.0,4
PART-6-1,3540,0.0,4
PART-6-1,3541,0.0,4
PART-6-1,3542,0.0,4
PART-6-1,3543,0.0,4
PART-6-1,3544,0.0,4
PART-6-1,3545,0.0,4
PART-6-1,3546,0.0,4
PART-6-1,3547,0.0,4
PART-6-1,3548,0.0,4
PART-6-1,3549,0.0,4
PART-6-1,3550,0.0,4
PART-6-1,3551,0.0,4
PART-6-1,3552,0.0,4
PART-6-1,3553,0.0,4
PART-6-1,3554,0.0,4
PART-6-1,3555,0.0,4
PART-6-1,3556,0.0,4
PART-6-1,3557,0.0,4
PART-6-1,3558,0.0,4
PART-6-1,3559,0.0,4
PART-6-1,3560,0.0,4
PART-6-1,3561,0.0,4
PART-6-1,3562,0.0,4
PART-6-1,3563,0.0,4
PART-6-1,3564,0.0,4
PART-6-1,3565,0.0,4
PART-6-1,3566,0.0,4
PART-6-1,3567,0.0,4
PART-6-1,3568,0.0,4
PART-6-1,3569,0.0,4
PART-6-1,3570,0.0,4
PART-6-1,3571,0.0,4
PART-6-1,3572,0.0,4
PART-6-1,3573,0.0,4
PART-6-1,3574,0.0,4
PART-6-1,3575,0.0,4
PART-6-1,3576,0.0,4
PART-6-1,3577,0.0,4
PART-6-1,3578,0.0,4
PART-6-1,3579,0.0,4
PART-6-1,3580,0.0,4
PART-6-1,3581,0.0,4
PART-6-1,3582,0.0,4
PART-6-1,3583,0.0,4
PART-6-1,3584,0.0,4
PART-6-1,3585,0.0,4
PART-6-1,3586,0.0,4
PART-6-1,3587,0.0,4
PART-6-1,3588,0.0,4
PART-6-1,3589,0.0,4
PART-6-1,3590,0.0,4
PART-6-1,3591,0.0,4
PART-6-1,3592,0.0,4
PART-6-1,3593,0.0,4
PART-6-1,3594,0.0,4
PART-6-1,3595,0.0,4
PART-6-1,3596,0.0,4
PART-6-1,3597,0.0,4
PART-6-1,3598,0.0,4
PART-6-1,3599,0.0,4
PART-6-1,3600,0.0,4
PART-6-1,3601,0.0,4
PART-6-1,3602,0.0,4
PART-6-1,3603,0.0,4
PART-6-1,3604,0.0,4
PART-6-1,3605,0.0,4
PART-6-1,3606,0.0,4
PART-6-1,3607,0.0,4
PART-6-1,3608,0.0,4
PART-6-1,3609,0.0,4
PART-6-1,3610,0.0,4
PART-6-1,3611,0.0,4
PART-6-1,3612,0.0,4
PART-6-1,3613,0.0,4
PART-6-1,3614,0.0,4
PART-6-1,3615,0.0,4
PART-6-1,3616,0.0,4
PART-6-1,3617,0.0,4
PART-6-1,3618,0.0,4
PART-6-1,3619,0.0,4
PART-6-1,3620,0.0,4
PART-6-1,3621,0.0,4
PART-6-1,3622,0.0,4
PART-6-1,3623,0.0,4
PART-6-1,3624,0.0,4
PART-6-1,3625,0.0,4
PART-6-1,3626,0.0,4
PART-6-1,3627,0.0,4
PART-6-1,3628,0.0,4
PART-6-1,3629,0.0,4
PART-6-1,3630,0.0,4
PART-6-1,3631,0.0,4
PART-6-1,3632,0.0,4
PART-6-1,3633,0.0,4
PART-6-1,3634,0.0,4
PART-6-1,3635,0.0,4
PART-6-1,3636,0.0,4
PART-6-1,3637,0.0,4
PART-6-1,3638,0.0,4
PART-6-1,3639,0.0,4
PART-6-1,3640,0.0,4
PART-6-1,3641,0.0,4
PART-6-1,3642,0.0,4
PART-6-1,3643,0.0,4
PART-6-1,3644,0.0,4
PART-6-1,3645,0.0,4
PART-6-1,3646,0.0,4
PART-6-1,3647,0.0,4
PART-6-1,3648,0.0,4
PART-6-1,3649,0.0,4
PART-6-1,3650,0.0,4
PART-6-1,3651,0.0,4
PART-6-1,3652,0.0,4
PART-6-1,3653,0.0,4
PART-6-1,3654,0.0,4
PART-6-1,3655,0.0,4
PART-6-1,3656,0.0,4
PART-6-1,3657,0.0,4
PART-6-1,3658,0.0,4
PART-6-1,3659,0.0,4
PART-6-1,3660,0.0,4
PART-6-1,3661,0.0,4
PART-6-1,3662,0.0,4
PART-6-1,3663,0.0,4
PART-6-1,3664,0.0,4
PART-6-1,3665,0.0,4
PART-6-1,3666,0.0,4
PART-6-1,3667,0.0,4
PART-6-1,3668,0.0,4
PART-6-1,3669,0.0,4
PART-6-1,3670,0.0,4
PART-6-1,3671,0.0,4
PART-6-1,3672,0.0,4
PART-6-1,3673,0.0,4
PART-6-1,3674,0.0,4
PART-6-1,3675,0.0,4
PART-6-1,3676,0.0,4
PART-6-1,3677,0.0,4
PART-6-1,3678,0.0,4
PART-6-1,3679,0.0,4
PART-6-1,3680,0.0,4
PART-6-1,3681,0.0,4
PART-6-1,3682,0.0,4
PART-6-1,3683,0.0,4
PART-6-1,3684,0.0,4
PART-6-1,3685,0.0,4
PART-6-1,3686,0.0,4
PART-6-1,3687,0.0,4
PART-6-1,3688,0.0,4
PART-6-1,3689,0.0,4
PART-6-1,3690,0.0,4
PART-6-1,3691,0.0,4
PART-6-1,3692,0.0,4
PART-6-1,3693,0.0,4
PART-6-1,3694,0.0,4
PART-6-1,3695,0.0,4
PART-6-1,3696,0.0,4
PART-6-1,3697,0.0,4
PART-6-1,3698,0.0,4
PART-6-1,3699,0.0,4
PART-6-1,3700,0.0,4
PART-6-1,3701,0.0,4
PART-6-1,3702,0.0,4
PART-6-1,3703,0.0,4
PART-6-1,3704,0.0,4
PART-6-1,3705,0.0,4
PART-6-1,3706,0.0,4
PART-6-1,3707,0.0,4
PART-6-1,3708,0.0,4
PART-6-1,3709,0.0,4
PART-6-1,3710,0.0,4
PART-6-1,3711,0.0,4
PART-6-1,3712,0.0,4
PART-6-1,3713,0.0,4
PART-6-1,3714,0.0,4
PART-6-1,3715,0.0,4
PART-6-1,3716,0.0,4
PART-6-1,3717,0.0,4
PART-6-1,3718,0.0,4
PART-6-1,3719,0.0,4
PART-6-1,3720,0.0,4
PART-6-1,3721,0.0,4
PART-6-1,3722,0.0,4
PART-6-1,3723,0.0,4
PART-6-1,3724,0.0,4
PART-6-1,3725,0.0,4
PART-6-1,3726,0.0,4
PART-6-1,3727,0.0,4
PART-6-1,3728,0.0,4
PART-6-1,3729,0.0,4
PART-6-1,3730,0.0,4
PART-6-1,3731,0.0,4
PART-6-1,3732,0.0,4
PART-6-1,3733,0.0,4
PART-6-1,3734,0.0,4
PART-6-1,3735,0.0,4
PART-6-1,3736,0.0,4
PART-6-1,3737,0.0,4
PART-6-1,3738,0.0,4
PART-6-1,3739,0.0,4
PART-6-1,3740,0.0,4
PART-6-1,3741,0.0,4
PART-6-1,3742,0.0,4
PART-6-1,3743,0.0,4
PART-6-1,3744,0.0,4
PART-6-1,3745,0.0,4
PART-6-1,3746,0.0,4
PART-6-1,3747,0.0,4
PART-6-1,3748,0.0,4
PART-6-1,3749,0.0,4
PART-6-1,3750,0.0,4
PART-6-1,3751,0.0,4
PART-6-1,3752,0.0,4
PART-6-1,3753,0.0,4
PART-6-1,3754,0.0,4
PART-6-1,3755,0.0,4
PART-6-1,3756,0.0,4
PART-6-1,3757,0.0,4
PART-6-1,3758,0.0,4
PART-6-1,3759,2.233827359199303e-11,4
PART-6-1,3760,4.498370773098337e-11,4
PART-6-1,3761,3.3507410387989545e-11,4
PART-6-1,3762,1.1169136795996515e-11,4
PART-6-1,3763,3.6830167388091084e-11,4
PART-6-1,3764,0.0,4
PART-6-1,3765,0.0,4
PART-6-1,3766,0.0,4
PART-6-1,3767,0.0,4
PART-6-1,3768,0.0,4
PART-6-1,3769,0.0,4
PART-6-1,3770,0.0,4
PART-6-1,3771,0.0,4
PART-6-1,3772,0.0,4
PART-6-1,3773,0.0,4
PART-6-1,3774,0.0,4
PART-6-1,3775,0.0,4
PART-6-1,3776,0.0,4
PART-6-1,3777,0.0,4
PART-6-1,3778,0.0,4
PART-6-1,3779,0.0,4
PART-6-1,3780,0.0,4
PART-6-1,3781,1.13814652147326e-10,4
PART-6-1,3782,4.467654718398606e-11,4
PART-6-1,3783,0.0,4
PART-6-1,3784,0.0,4
PART-6-1,3785,0.0,4
PART-6-1,3786,0.0,4
PART-6-1,3787,0.0,4
PART-6-1,3788,0.0,4
PART-6-1,3789,3.3507410387989545e-11,4
PART-6-1,3790,2.233827359199303e-11,4
PART-6-1,3791,2.233827359199303e-11,4
PART-6-1,3792,4.467654718398606e-11,4
PART-6-1,3793,4.181597776375945e-11,4
PART-6-1,3794,1.947770417176642e-11,4
PART-6-1,3795,0.0,4
PART-6-1,3796,0.0,4
PART-6-1,3797,0.0,4
PART-6-1,3798,1.1169136795996515e-11,4
PART-6-1,3799,1.1169136795996515e-11,4
PART-6-1,3800,0.0,4
PART-6-1,3801,0.0,4
PART-6-1,3802,0.0,4
PART-6-1,3803,0.0,4
PART-6-1,3804,0.0,4
PART-6-1,3805,0.0,4
PART-6-1,3806,0.0,4
PART-6-1,3807,0.0,4
PART-6-1,3808,0.0,4
PART-6-1,3809,2.233827359199303e-11,4
PART-6-1,3810,4.467654718398606e-11,4
PART-6-1,3811,2.7922841989991287e-11,4
PART-6-1,3812,2.7922841989991287e-11,4
PART-6-1,3813,6.143025237798083e-11,4
PART-6-1,3814,5.026111558198432e-11,4
PART-6-1,3815,1.116913714294121e-10,4
PART-6-1,3816,1.3402964502140513e-10,4
PART-6-1,3817,1.0944511963373316e-10,4
PART-6-1,3818,8.710684604174013e-11,4
PART-6-1,3819,2.233827359199303e-11,4
PART-6-1,3820,4.467654718398606e-11,4
PART-6-1,3821,6.701482077597909e-11,4
PART-6-1,3822,1.0052223463341559e-10,4
PART-6-1,3823,8.935309783741907e-11,4
PART-6-1,3824,1.1169136795996515e-11,4
PART-6-1,3825,0.0,4
PART-6-1,3826,0.0,4
PART-6-1,3827,0.0,4
PART-6-1,3828,0.0,4
PART-6-1,3829,0.0,4
PART-6-1,3830,0.0,4
PART-6-1,3831,0.0,4
PART-6-1,3832,0.0,4
PART-6-1,3833,2.233827359199303e-11,4
PART-6-1,3834,9.147637855533297e-11,4
PART-6-1,3835,9.706094695333123e-11,4
PART-6-1,3836,7.290654972097466e-11,4
PART-6-1,3837,2.7922841989991287e-11,4
PART-6-1,3838,2.7922841989991287e-11,4
PART-6-1,3839,8.935309783741907e-11,4
PART-6-1,3840,8.935309783741907e-11,4
PART-6-1,3841,6.762914186997371e-11,4
PART-6-1,3842,6.762914186997371e-11,4
PART-6-1,3843,2.233827359199303e-11,4
PART-6-1,3844,4.467654718398606e-11,4
PART-6-1,3845,6.701482077597909e-11,4
PART-6-1,3846,1.3402964502140513e-10,4
PART-6-1,3847,1.2286050822540862e-10,4
PART-6-1,3848,1.1169136795996515e-11,4
PART-6-1,3849,0.0,4
PART-6-1,3850,0.0,4
PART-6-1,3851,0.0,4
PART-6-1,3852,0.0,4
PART-6-1,3853,0.0,4
PART-6-1,3854,0.0,4
PART-6-1,3855,0.0,4
PART-6-1,3856,0.0,4
PART-6-1,3857,0.0,4
PART-6-1,3858,4.679983137134691e-11,4
PART-6-1,3859,6.913810496333994e-11,4
PART-6-1,3860,4.498370773098337e-11,4
PART-6-1,3861,1.6753705193994772e-11,4
PART-6-1,3862,1.1169136795996515e-11,4
PART-6-1,3863,1.2134740261238175e-11,4
PART-6-1,3864,2.330387705723469e-11,4
PART-6-1,3865,2.233827359199303e-11,4
PART-6-1,3866,1.1169136795996515e-11,4
PART-6-1,3867,2.7922842857353025e-11,4
PART-6-1,3868,3.909197965334954e-11,4
PART-6-1,3869,1.1169136795996515e-11,4
PART-6-1,3870,5.5845683979982574e-11,4
PART-6-1,3871,7.81839575719756e-11,4
PART-6-1,3872,3.3507410387989545e-11,4
PART-6-1,3873,2.7505275834727172e-11,4
PART-6-1,3874,1.6336139038730657e-11,4
PART-6-1,3875,0.0,4
PART-6-1,3876,0.0,4
PART-6-1,3877,0.0,4
PART-6-1,3878,0.0,4
PART-6-1,3879,0.0,4
PART-6-1,3880,0.0,4
PART-6-1,3881,0.0,4
PART-6-1,3882,0.0,4
PART-6-1,3883,0.0,4
PART-6-1,3884,3.457434685771865e-11,4
PART-6-1,3885,6.143025411270431e-11,4
PART-6-1,3886,2.233827359199303e-11,4
PART-6-1,3887,4.571864328090092e-11,4
PART-6-1,3888,6.805691687289395e-11,4
PART-6-1,3889,4.467654718398606e-11,4
PART-6-1,3890,4.467654718398606e-11,4
PART-6-1,3891,6.143025324534257e-11,4
PART-6-1,3892,6.143025324534257e-11,4
PART-6-1,3893,3.3507410387989545e-11,4
PART-6-1,3894,2.233827359199303e-11,4
PART-6-1,3895,4.467654718398606e-11,4
PART-6-1,3896,7.259939004133908e-11,4
PART-6-1,3897,6.659725548807671e-11,4
PART-6-1,3898,2.7505275834727172e-11,4
PART-6-1,3899,0.0,4
PART-6-1,3900,0.0,4
PART-6-1,3901,0.0,4
PART-6-1,3902,0.0,4
PART-6-1,3903,0.0,4
PART-6-1,3904,1.1169136795996515e-11,4
PART-6-1,3905,2.7922842857353025e-11,4
PART-6-1,3906,1.675370606135651e-11,4
PART-6-1,3907,1.1169136795996515e-11,4
PART-6-1,3908,8.564507263109089e-11,4
PART-6-1,3909,6.143025411270431e-11,4
PART-6-1,3910,1.6753705193994772e-11,4
PART-6-1,3911,5.592217661165577e-11,4
PART-6-1,3912,7.82604502036488e-11,4
PART-6-1,3913,3.3507410387989545e-11,4
PART-6-1,3914,3.3507410387989545e-11,4
PART-6-1,3915,3.3507410387989545e-11,4
PART-6-1,3916,2.233827359199303e-11,4
PART-6-1,3917,2.233827359199303e-11,4
PART-6-1,3918,2.233827359199303e-11,4
PART-6-1,3919,2.233827359199303e-11,4
PART-6-1,3920,3.909197965334954e-11,4
PART-6-1,3921,5.0261116449346055e-11,4
PART-6-1,3922,2.233827359199303e-11,4
PART-6-1,3923,0.0,4
PART-6-1,3924,0.0,4
PART-6-1,3925,0.0,4
PART-6-1,3926,0.0,4
PART-6-1,3927,0.0,4
PART-6-1,3928,1.1169136795996515e-11,4
PART-6-1,3929,5.0568276996343364e-11,4
PART-6-1,3930,3.939914020034685e-11,4
PART-6-1,3931,2.233827359199303e-11,4
PART-6-1,3932,6.223986256936875e-11,4
PART-6-1,3933,3.90919787859878e-11,4
PART-6-1,3934,5.5845683979982574e-12,4
PART-6-1,3935,2.233827359199303e-11,4
PART-6-1,3936,3.90919787859878e-11,4
PART-6-1,3937,1.6753705193994772e-11,4
PART-6-1,3938,0.0,4
PART-6-1,3939,1.1169136795996515e-11,4
PART-6-1,3940,1.1169136795996515e-11,4
PART-6-1,3941,1.1169136795996515e-11,4
PART-6-1,3942,3.3507410387989545e-11,4
PART-6-1,3943,3.3507410387989545e-11,4
PART-6-1,3944,1.1169136795996515e-11,4
PART-6-1,3945,1.1169136795996515e-11,4
PART-6-1,3946,2.233827359199303e-11,4
PART-6-1,3947,1.1169136795996515e-11,4
PART-6-1,3948,0.0,4
PART-6-1,3949,0.0,4
PART-6-1,3950,0.0,4
PART-6-1,3951,0.0,4
PART-6-1,3952,0.0,4
PART-6-1,3953,2.264543413899034e-11,4
PART-6-1,3954,2.264543413899034e-11,4
PART-6-1,3955,1.1169136795996515e-11,4
PART-6-1,3956,1.1169136795996515e-11,4
PART-6-1,3957,2.426948052247635e-11,4
PART-6-1,3958,2.426948052247635e-11,4
PART-6-1,3959,0.0,4
PART-6-1,3960,1.1169136795996515e-11,4
PART-6-1,3961,3.4473013853231205e-11,4
PART-6-1,3962,2.8888445455232947e-11,4
PART-6-1,3963,2.7922841989991287e-11,4
PART-6-1,3964,2.426948052247635e-11,4
PART-6-1,3965,2.426948052247635e-11,4
PART-6-1,3966,2.233827359199303e-11,4
PART-6-1,3967,3.3507410387989545e-11,4
PART-6-1,3968,2.233827359199303e-11,4
PART-6-1,3969,2.233827359199303e-11,4
PART-6-1,3970,2.233827359199303e-11,4
PART-6-1,3971,2.426948052247635e-11,4
PART-6-1,3972,6.894602770646241e-11,4
PART-6-1,3973,9.128430129845544e-11,4
PART-6-1,3974,8.011516450245892e-11,4
PART-6-1,3975,4.467654718398606e-11,4
PART-6-1,3976,4.498370773098337e-11,4
PART-6-1,3977,3.3814570934986854e-11,4
PART-6-1,3978,4.993051111457092e-11,4
PART-6-1,3979,1.1800697398423043e-10,4
PART-6-1,3980,9.234594339213587e-11,4
PART-6-1,3981,5.7776890910465895e-11,4
PART-6-1,3982,6.701482077597909e-11,4
PART-6-1,3983,5.6152844526979884e-11,4
PART-6-1,3984,2.264543413899034e-11,4
PART-6-1,3985,2.566103059209457e-11,4
PART-6-1,3986,7.139921986976105e-11,4
PART-6-1,3987,6.807646286965952e-11,4
PART-6-1,3988,4.467654718398606e-11,4
PART-6-1,3989,5.5845683979982574e-11,4
PART-6-1,3990,3.3507410387989545e-11,4
PART-6-1,3991,0.0,4
PART-6-1,3992,0.0,4
PART-6-1,3993,4.467654718398606e-11,4
PART-6-1,3994,8.935309436797212e-11,4
PART-6-1,3995,6.701482077597909e-11,4
PART-6-1,3996,4.564215064922772e-11,4
PART-6-1,3997,2.330387705723469e-11,4
PART-6-1,3998,0.0,4
PART-6-1,3999,0.0,4
PART-6-1,4000,2.233827359199303e-11,4
PART-6-1,4001,4.467654718398606e-11,4
PART-6-1,4002,5.5845683979982574e-11,4
PART-6-1,4003,7.914956277194074e-11,4
PART-6-1,4004,4.5642152383951196e-11,4
PART-6-1,4005,0.0,4
PART-6-1,4006,2.233827359199303e-11,4
PART-6-1,4007,4.467654718398606e-11,4
PART-6-1,4008,2.233827359199303e-11,4
PART-6-1,4009,3.5168788888040314e-11,4
PART-6-1,4010,7.984533780674985e-11,4
PART-6-1,4011,4.4676548918709535e-11,4
PART-6-1,4012,0.0,4
PART-6-1,4013,4.467654718398606e-11,4
PART-6-1,4014,9.041473646165255e-11,4
PART-6-1,4015,5.6907326073663e-11,4
PART-6-1,4016,3.923543347855718e-11,4
PART-6-1,4017,3.923543347855718e-11,4
PART-6-1,4018,2.233827359199303e-11,4
PART-6-1,4019,2.233827359199303e-11,4
PART-6-1,4020,4.79993041840876e-11,4
PART-6-1,4021,7.139921986976105e-11,4
PART-6-1,4022,3.456905248166997e-11,4
PART-6-1,4023,2.6404918182509896e-11,4
PART-6-1,4024,2.0820349784511638e-11,4
PART-6-1,4025,1.6753705193994772e-11,4
PART-6-1,4026,2.233827359199303e-11,4
PART-6-1,4027,2.566103059209457e-11,4
PART-6-1,4028,4.79993041840876e-11,4
PART-6-1,4029,2.7922841989991287e-11,4
PART-6-1,4030,5.5845683979982574e-12,4
PART-6-1,4031,2.0820349784511638e-11,4
PART-6-1,4032,2.6404918182509896e-11,4
PART-6-1,4033,5.5845683979982574e-12,4
PART-6-1,4034,0.0,4
PART-6-1,4035,4.467654718398606e-11,4
PART-6-1,4036,7.259938917397735e-11,4
PART-6-1,4037,2.7922841989991287e-11,4
PART-6-1,4038,2.8066296682560665e-11,4
PART-6-1,4039,3.365086508055892e-11,4
PART-6-1,4040,5.5845683979982574e-12,4
PART-6-1,4041,1.1169136795996515e-11,4
PART-6-1,4042,5.5845683979982574e-11,4
PART-6-1,4043,8.935309436797212e-11,4
PART-6-1,4044,5.5845683979982574e-11,4
PART-6-1,4045,2.39996520920438e-11,4
PART-6-1,4046,2.39996520920438e-11,4
PART-6-1,4047,1.1169136795996515e-11,4
PART-6-1,4048,1.1169136795996515e-11,4
PART-6-1,4049,4.467654718398606e-11,4
PART-6-1,4050,7.81839575719756e-11,4
PART-6-1,4051,6.143025237798083e-11,4
PART-6-1,4052,5.026111731670779e-11,4
PART-6-1,4053,5.584568571470605e-11,4
PART-6-1,4054,3.3507410387989545e-11,4
PART-6-1,4055,0.0,4
PART-6-1,4056,0.0,4
PART-6-1,4057,0.0,4
PART-6-1,4058,0.0,4
PART-6-1,4059,0.0,4
PART-6-1,4060,0.0,4
PART-6-1,4061,0.0,4
PART-6-1,4062,0.0,4
PART-6-1,4063,0.0,4
PART-6-1,4064,0.0,4
PART-6-1,4065,1.1169136795996515e-11,4
PART-6-1,4066,2.233827359199303e-11,4
PART-6-1,4067,3.3507410387989545e-11,4
PART-6-1,4068,3.3507410387989545e-11,4
PART-6-1,4069,0.0,4
PART-6-1,4070,0.0,4
PART-6-1,4071,0.0,4
PART-6-1,4072,0.0,4
PART-6-1,4073,0.0,4
PART-6-1,4074,0.0,4
PART-6-1,4075,0.0,4
PART-6-1,4076,0.0,4
PART-6-1,4077,0.0,4
PART-6-1,4078,1.1169136795996515e-11,4
PART-6-1,4079,3.3507410387989545e-11,4
PART-6-1,4080,6.397290076148865e-11,4
PART-6-1,4081,6.397290076148865e-11,4
PART-6-1,4082,3.3507410387989545e-11,4
PART-6-1,4083,0.0,4
PART-6-1,4084,0.0,4
PART-6-1,4085,0.0,4
PART-6-1,4086,0.0,4
PART-6-1,4087,0.0,4
PART-6-1,4088,0.0,4
PART-6-1,4089,0.0,4
PART-6-1,4090,0.0,4
PART-6-1,4091,0.0,4
PART-6-1,4092,3.3507410387989545e-11,4
PART-6-1,4093,6.701482077597909e-11,4
PART-6-1,4094,7.514203755748516e-11,4
PART-6-1,4095,7.514203755748516e-11,4
PART-6-1,4096,3.3507410387989545e-11,4
PART-6-1,4097,0.0,4
PART-6-1,4098,0.0,4
PART-6-1,4099,0.0,4
PART-6-1,4100,0.0,4
PART-6-1,4101,0.0,4
PART-6-1,4102,0.0,4
PART-6-1,4103,0.0,4
PART-6-1,4104,0.0,4
PART-6-1,4105,0.0,4
PART-6-1,4106,2.233827359199303e-11,4
PART-6-1,4107,4.467654718398606e-11,4
PART-6-1,4108,2.7922841989991287e-11,4
PART-6-1,4109,5.026111558198432e-11,4
PART-6-1,4110,6.701482077597909e-11,4
PART-6-1,4111,0.0,4
PART-6-1,4112,0.0,4
PART-6-1,4113,0.0,4
PART-6-1,4114,0.0,4
PART-6-1,4115,0.0,4
PART-6-1,4116,0.0,4
PART-6-1,4117,0.0,4
PART-6-1,4118,0.0,4
PART-6-1,4119,0.0,4
PART-6-1,4120,0.0,4
PART-6-1,4121,2.264543413899034e-11,4
PART-6-1,4122,4.498370773098337e-11,4
PART-6-1,4123,4.467654718398606e-11,4
PART-6-1,4124,4.467654718398606e-11,4
PART-6-1,4125,0.0,4
PART-6-1,4126,0.0,4
PART-6-1,4127,0.0,4
PART-6-1,4128,0.0,4
PART-6-1,4129,0.0,4
PART-6-1,4130,0.0,4
PART-6-1,4131,0.0,4
PART-6-1,4132,0.0,4
PART-6-1,4133,0.0,4
PART-6-1,4134,0.0,4
PART-6-1,4135,2.264543413899034e-11,4
PART-6-1,4136,4.498370773098337e-11,4
PART-6-1,4137,2.233827359199303e-11,4
PART-6-1,4138,0.0,4
PART-6-1,4139,0.0,4
PART-6-1,4140,0.0,4
PART-6-1,4141,0.0,4
PART-6-1,4142,0.0,4
PART-6-1,4143,0.0,4
PART-6-1,4144,0.0,4
PART-6-1,4145,0.0,4
PART-6-1,4146,0.0,4
PART-6-1,4147,0.0,4
PART-6-1,4148,0.0,4
PART-6-1,4149,0.0,4
PART-6-1,4150,0.0,4
PART-6-1,4151,0.0,4
PART-6-1,4152,0.0,4
PART-6-1,4153,0.0,4
PART-6-1,4154,0.0,4
PART-6-1,4155,0.0,4
PART-6-1,4156,0.0,4
PART-6-1,4157,0.0,4
PART-6-1,4158,0.0,4
PART-6-1,4159,0.0,4
PART-6-1,4160,0.0,4
PART-6-1,4161,0.0,4
PART-6-1,4162,0.0,4
PART-6-1,4163,0.0,4
PART-6-1,4164,0.0,4
PART-6-1,4165,0.0,4
PART-6-1,4166,0.0,4
PART-6-1,4167,0.0,4
PART-6-1,4168,0.0,4
PART-6-1,4169,0.0,4
PART-6-1,4170,0.0,4
PART-6-1,4171,0.0,4
PART-6-1,4172,0.0,4
PART-6-1,4173,0.0,4
PART-6-1,4174,0.0,4
PART-6-1,4175,0.0,4
PART-6-1,4176,0.0,4
PART-6-1,4177,0.0,4
PART-6-1,4178,0.0,4
PART-6-1,4179,0.0,4
PART-6-1,4180,0.0,4
PART-6-1,4181,0.0,4
PART-6-1,4182,0.0,4
PART-6-1,4183,0.0,4
PART-6-1,4184,0.0,4
PART-6-1,4185,0.0,4
PART-6-1,4186,0.0,4
PART-6-1,4187,0.0,4
PART-6-1,4188,0.0,4
PART-6-1,4189,0.0,4
PART-6-1,4190,0.0,4
PART-6-1,4191,0.0,4
PART-6-1,4192,0.0,4
PART-6-1,4193,0.0,4
PART-6-1,4194,0.0,4
PART-6-1,4195,0.0,4
PART-6-1,4196,0.0,4
PART-6-1,4197,0.0,4
PART-6-1,4198,0.0,4
PART-6-1,4199,0.0,4
PART-6-1,4200,0.0,4
PART-6-1,4201,0.0,4
PART-6-1,4202,0.0,4
PART-6-1,4203,0.0,4
PART-6-1,4204,0.0,4
PART-6-1,4205,0.0,4
PART-6-1,4206,0.0,4
PART-6-1,4207,0.0,4
PART-6-1,4208,0.0,4
PART-6-1,4209,0.0,4
PART-6-1,4210,0.0,4
PART-6-1,4211,0.0,4
PART-6-1,4212,0.0,4
PART-6-1,4213,0.0,4
PART-6-1,4214,0.0,4
PART-6-1,4215,0.0,4
PART-6-1,4216,0.0,4
PART-6-1,4217,0.0,4
PART-6-1,4218,0.0,4
PART-6-1,4219,0.0,4
PART-6-1,4220,0.0,4
PART-6-1,4221,0.0,4
PART-6-1,4222,0.0,4
PART-6-1,4223,0.0,4
PART-6-1,4224,0.0,4
PART-6-1,4225,0.0,4
PART-6-1,4226,0.0,4
PART-6-1,4227,0.0,4
PART-6-1,4228,0.0,4
PART-6-1,4229,0.0,4
PART-6-1,4230,0.0,4
PART-6-1,4231,0.0,4
PART-6-1,4232,0.0,4
PART-6-1,4233,0.0,4
PART-6-1,4234,0.0,4
PART-6-1,4235,0.0,4
PART-6-1,4236,0.0,4
PART-6-1,4237,0.0,4
PART-6-1,4238,0.0,4
PART-6-1,4239,0.0,4
PART-6-1,4240,0.0,4
PART-6-1,4241,0.0,4
PART-6-1,4242,0.0,4
PART-6-1,4243,0.0,4
PART-6-1,4244,0.0,4
PART-6-1,4245,0.0,4
PART-6-1,4246,0.0,4
PART-6-1,4247,0.0,4
PART-6-1,4248,0.0,4
PART-6-1,4249,0.0,4
PART-6-1,4250,0.0,4
PART-6-1,4251,0.0,4
PART-6-1,4252,0.0,4
PART-6-1,4253,0.0,4
PART-6-1,4254,0.0,4
PART-6-1,4255,0.0,4
PART-6-1,4256,0.0,4
PART-6-1,4257,0.0,4
PART-6-1,4258,0.0,4
PART-6-1,4259,0.0,4
PART-6-1,4260,0.0,4
PART-6-1,4261,0.0,4
PART-6-1,4262,0.0,4
PART-6-1,4263,0.0,4
PART-6-1,4264,0.0,4
PART-6-1,4265,0.0,4
PART-6-1,4266,0.0,4
PART-6-1,4267,0.0,4
PART-6-1,4268,0.0,4
PART-6-1,4269,0.0,4
PART-6-1,4270,0.0,4
PART-6-1,4271,0.0,4
PART-6-1,4272,0.0,4
PART-6-1,4273,0.0,4
PART-6-1,4274,0.0,4
PART-6-1,4275,0.0,4
PART-6-1,4276,0.0,4
PART-6-1,4277,0.0,4
PART-6-1,4278,0.0,4
PART-6-1,4279,0.0,4
PART-6-1,4280,0.0,4
PART-6-1,4281,0.0,4
PART-6-1,4282,0.0,4
PART-6-1,4283,0.0,4
PART-6-1,4284,0.0,4
PART-6-1,4285,0.0,4
PART-6-1,4286,0.0,4
PART-6-1,4287,0.0,4
PART-6-1,4288,0.0,4
PART-6-1,4289,0.0,4
PART-6-1,4290,0.0,4
PART-6-1,4291,0.0,4
PART-6-1,4292,0.0,4
PART-6-1,4293,0.0,4
PART-6-1,4294,0.0,4
PART-6-1,4295,0.0,4
PART-6-1,4296,0.0,4
PART-6-1,4297,0.0,4
PART-6-1,4298,0.0,4
PART-6-1,4299,0.0,4
PART-6-1,4300,0.0,4
PART-6-1,4301,0.0,4
PART-6-1,4302,0.0,4
PART-6-1,4303,0.0,4
PART-6-1,4304,0.0,4
PART-6-1,4305,0.0,4
PART-6-1,4306,0.0,4
PART-6-1,4307,0.0,4
PART-6-1,4308,0.0,4
PART-6-1,4309,0.0,4
PART-6-1,4310,0.0,4
PART-6-1,4311,0.0,4
PART-6-1,4312,0.0,4
PART-6-1,4313,0.0,4
PART-6-1,4314,0.0,4
PART-6-1,4315,0.0,4
PART-6-1,4316,0.0,4
PART-6-1,4317,0.0,4
PART-6-1,4318,0.0,4
PART-6-1,4319,0.0,4
PART-6-1,4320,0.0,4
PART-6-1,4321,0.0,4
PART-6-1,4322,0.0,4
PART-6-1,4323,0.0,4
PART-6-1,4324,0.0,4
PART-6-1,4325,0.0,4
PART-6-1,4326,0.0,4
PART-6-1,4327,0.0,4
PART-6-1,4328,0.0,4
PART-6-1,4329,0.0,4
PART-6-1,4330,0.0,4
PART-6-1,4331,0.0,4
PART-6-1,4332,0.0,4
PART-6-1,4333,0.0,4
PART-6-1,4334,0.0,4
PART-6-1,4335,0.0,4
PART-6-1,4336,0.0,4
PART-6-1,4337,0.0,4
PART-6-1,4338,0.0,4
PART-6-1,4339,0.0,4
PART-6-1,4340,0.0,4
PART-6-1,4341,0.0,4
PART-6-1,4342,0.0,4
PART-6-1,4343,0.0,4
PART-6-1,4344,0.0,4
PART-6-1,4345,0.0,4
PART-6-1,4346,0.0,4
PART-6-1,4347,0.0,4
PART-6-1,4348,0.0,4
PART-6-1,4349,0.0,4
PART-6-1,4350,0.0,4
PART-6-1,4351,0.0,4
PART-6-1,4352,0.0,4
PART-6-1,4353,0.0,4
PART-6-1,4354,0.0,4
PART-6-1,4355,0.0,4
PART-6-1,4356,0.0,4
PART-6-1,4357,0.0,4
PART-6-1,4358,0.0,4
PART-6-1,4359,0.0,4
PART-6-1,4360,0.0,4
PART-6-1,4361,0.0,4
PART-6-1,4362,0.0,4
PART-6-1,4363,0.0,4
PART-6-1,4364,0.0,4
PART-6-1,4365,0.0,4
PART-6-1,4366,0.0,4
PART-6-1,4367,0.0,4
PART-6-1,4368,0.0,4
PART-6-1,4369,0.0,4
PART-6-1,4370,0.0,4
PART-6-1,4371,0.0,4
PART-6-1,4372,0.0,4
PART-6-1,4373,0.0,4
PART-6-1,4374,0.0,4
PART-6-1,4375,0.0,4
PART-6-1,4376,0.0,4
PART-6-1,4377,0.0,4
PART-6-1,4378,0.0,4
PART-6-1,4379,0.0,4
PART-6-1,4380,0.0,4
PART-6-1,4381,0.0,4
PART-6-1,4382,0.0,4
PART-6-1,4383,0.0,4
PART-6-1,4384,0.0,4
PART-6-1,4385,0.0,4
PART-6-1,4386,0.0,4
PART-6-1,4387,0.0,4
PART-6-1,4388,0.0,4
PART-6-1,4389,0.0,4
PART-6-1,4390,0.0,4
PART-6-1,4391,0.0,4
PART-6-1,4392,0.0,4
PART-6-1,4393,0.0,4
PART-6-1,4394,0.0,4
PART-6-1,4395,0.0,4
PART-6-1,4396,0.0,4
PART-6-1,4397,0.0,4
PART-6-1,4398,0.0,4
PART-6-1,4399,0.0,4
PART-6-1,4400,0.0,4
PART-6-1,4401,0.0,4
PART-6-1,4402,0.0,4
PART-6-1,4403,0.0,4
PART-6-1,4404,0.0,4
PART-6-1,4405,0.0,4
PART-6-1,4406,0.0,4
PART-6-1,4407,0.0,4
PART-6-1,4408,0.0,4
PART-6-1,4409,0.0,4
PART-6-1,4410,0.0,4
PART-6-1,4411,0.0,4
PART-6-1,4412,0.0,4
PART-6-1,4413,0.0,4
PART-6-1,4414,0.0,4
PART-6-1,4415,0.0,4
PART-6-1,4416,0.0,4
PART-6-1,4417,0.0,4
PART-6-1,4418,0.0,4
PART-6-1,4419,0.0,4
PART-6-1,4420,0.0,4
PART-6-1,4421,0.0,4
PART-6-1,4422,0.0,4
PART-6-1,4423,0.0,4
PART-6-1,4424,0.0,4
PART-6-1,4425,0.0,4
PART-6-1,4426,0.0,4
PART-6-1,4427,0.0,4
PART-6-1,4428,0.0,4
PART-6-1,4429,0.0,4
PART-6-1,4430,0.0,4
PART-6-1,4431,0.0,4
PART-6-1,4432,0.0,4
PART-6-1,4433,0.0,4
PART-6-1,4434,0.0,4
PART-6-1,4435,0.0,4
PART-6-1,4436,0.0,4
PART-6-1,4437,0.0,4
PART-6-1,4438,0.0,4
PART-6-1,4439,0.0,4
PART-6-1,4440,0.0,4
PART-6-1,4441,0.0,4
PART-6-1,4442,0.0,4
PART-6-1,4443,0.0,4
PART-6-1,4444,0.0,4
PART-6-1,4445,0.0,4
PART-6-1,4446,0.0,4
PART-6-1,4447,0.0,4
PART-6-1,4448,0.0,4
PART-6-1,4449,0.0,4
PART-6-1,4450,0.0,4
PART-6-1,4451,0.0,4
PART-6-1,4452,0.0,4
PART-6-1,4453,0.0,4
PART-6-1,4454,0.0,4
PART-6-1,4455,0.0,4
PART-6-1,4456,0.0,4
PART-6-1,4457,0.0,4
PART-6-1,4458,0.0,4
PART-6-1,4459,0.0,4
PART-6-1,4460,0.0,4
PART-6-1,4461,0.0,4
PART-6-1,4462,0.0,4
PART-6-1,4463,0.0,4
PART-6-1,4464,0.0,4
PART-6-1,4465,0.0,4
PART-6-1,4466,0.0,4
PART-6-1,4467,0.0,4
PART-6-1,4468,0.0,4
PART-6-1,4469,0.0,4
PART-6-1,4470,0.0,4
PART-6-1,4471,0.0,4
PART-6-1,4472,0.0,4
PART-6-1,4473,0.0,4
PART-6-1,4474,0.0,4
PART-6-1,4475,0.0,4
PART-6-1,4476,0.0,4
PART-6-1,4477,0.0,4
PART-6-1,4478,0.0,4
PART-6-1,4479,0.0,4
PART-6-1,4480,0.0,4
PART-6-1,4481,0.0,4
PART-6-1,4482,0.0,4
PART-6-1,4483,0.0,4
PART-6-1,4484,0.0,4
PART-6-1,4485,0.0,4
PART-6-1,4486,0.0,4
PART-6-1,4487,0.0,4
PART-6-1,4488,0.0,4
PART-6-1,4489,0.0,4
PART-6-1,4490,0.0,4
PART-6-1,4491,0.0,4
PART-6-1,4492,0.0,4
PART-6-1,4493,0.0,4
PART-6-1,4494,0.0,4
PART-6-1,4495,0.0,4
PART-6-1,4496,0.0,4
PART-6-1,4497,0.0,4
PART-6-1,4498,0.0,4
PART-6-1,4499,0.0,4
PART-6-1,4500,0.0,4
PART-6-1,4501,0.0,4
PART-6-1,4502,0.0,4
PART-6-1,4503,0.0,4
PART-6-1,4504,0.0,4
PART-6-1,4505,0.0,4
PART-6-1,4506,0.0,4
PART-6-1,4507,0.0,4
PART-6-1,4508,0.0,4
PART-6-1,4509,0.0,4
PART-6-1,4510,0.0,4
PART-6-1,4511,0.0,4
PART-6-1,4512,0.0,4
PART-6-1,4513,0.0,4
PART-6-1,4514,0.0,4
PART-6-1,4515,0.0,4
PART-6-1,4516,0.0,4
PART-6-1,4517,0.0,4
PART-6-1,4518,0.0,4
PART-6-1,4519,0.0,4
PART-6-1,4520,0.0,4
PART-6-1,4521,0.0,4
PART-6-1,4522,0.0,4
PART-6-1,4523,2.233827359199303e-11,4
PART-6-1,4524,0.0,4
PART-6-1,4525,2.3399915685673456e-11,4
PART-6-1,4526,3.456905248166997e-11,4
PART-6-1,4527,5.5845683979982574e-11,4
PART-6-1,4528,4.467654718398606e-11,4
PART-6-1,4529,2.233827359199303e-11,4
PART-6-1,4530,4.467654718398606e-11,4
PART-6-1,4531,2.233827359199303e-11,4
PART-6-1,4532,2.233827359199303e-11,4
PART-6-1,4533,2.233827359199303e-11,4
PART-6-1,4534,0.0,4
PART-6-1,4535,0.0,4
PART-6-1,4536,0.0,4
PART-6-1,4537,0.0,4
PART-6-1,4538,0.0,4
PART-6-1,4539,0.0,4
PART-6-1,4540,0.0,4
PART-6-1,4541,0.0,4
PART-6-1,4542,0.0,4
PART-6-1,4543,0.0,4
PART-6-1,4544,0.0,4
PART-6-1,4545,0.0,4
PART-6-1,4546,2.233827359199303e-11,4
PART-6-1,4547,2.233827359199303e-11,4
PART-6-1,4548,6.913810496333994e-11,4
PART-6-1,4549,1.947770417176642e-11,4
PART-6-1,4550,6.52158934494329e-11,4
PART-6-1,4551,7.924559966565603e-11,4
PART-6-1,4552,7.81839575719756e-11,4
PART-6-1,4553,6.701482077597909e-11,4
PART-6-1,4554,4.467654718398606e-11,4
PART-6-1,4555,8.931331368922102e-11,4
PART-6-1,4556,8.931331368922102e-11,4
PART-6-1,4557,6.701482077597909e-11,4
PART-6-1,4558,6.701482077597909e-11,4
PART-6-1,4559,2.233827359199303e-11,4
PART-6-1,4560,0.0,4
PART-6-1,4561,0.0,4
PART-6-1,4562,0.0,4
PART-6-1,4563,0.0,4
PART-6-1,4564,0.0,4
PART-6-1,4565,0.0,4
PART-6-1,4566,0.0,4
PART-6-1,4567,0.0,4
PART-6-1,4568,0.0,4
PART-6-1,4569,0.0,4
PART-6-1,4570,2.233827359199303e-11,4
PART-6-1,4571,1.3381510483023717e-10,4
PART-6-1,4572,1.3713786183033871e-10,4
PART-6-1,4573,9.147637855533297e-11,4
PART-6-1,4574,6.415425135575248e-11,4
PART-6-1,4575,8.649252494774551e-11,4
PART-6-1,4576,1.3402964155195818e-10,4
PART-6-1,4577,6.701482077597909e-11,4
PART-6-1,4578,2.233827359199303e-11,4
PART-6-1,4579,2.233827359199303e-11,4
PART-6-1,4580,1.3398986087320708e-10,4
PART-6-1,4581,1.563281344652001e-10,4
PART-6-1,4582,4.467654718398606e-11,4
PART-6-1,4583,8.935309436797212e-11,4
PART-6-1,4584,6.701482077597909e-11,4
PART-6-1,4585,0.0,4
PART-6-1,4586,0.0,4
PART-6-1,4587,0.0,4
PART-6-1,4588,0.0,4
PART-6-1,4589,0.0,4
PART-6-1,4590,0.0,4
PART-6-1,4591,0.0,4
PART-6-1,4592,0.0,4
PART-6-1,4593,0.0,4
PART-6-1,4594,0.0,4
PART-6-1,4595,6.143024977589562e-11,4
PART-6-1,4596,1.6173794421814325e-10,4
PART-6-1,4597,1.259687250343422e-10,4
PART-6-1,4598,4.467654718398606e-11,4
PART-6-1,4599,4.467654718398606e-11,4
PART-6-1,4600,5.5845683979982574e-11,4
PART-6-1,4601,1.0052223116396863e-10,4
PART-6-1,4602,6.701482077597909e-11,4
PART-6-1,4603,3.757405497850641e-11,4
PART-6-1,4604,1.523578138651338e-11,4
PART-6-1,4605,1.1169136795996515e-10,4
PART-6-1,4606,1.2692714934647853e-10,4
PART-6-1,4607,1.523578138651338e-11,4
PART-6-1,4608,4.467654718398606e-11,4
PART-6-1,4609,5.5845683979982574e-11,4
PART-6-1,4610,1.1169136795996515e-11,4
PART-6-1,4611,0.0,4
PART-6-1,4612,0.0,4
PART-6-1,4613,0.0,4
PART-6-1,4614,0.0,4
PART-6-1,4615,0.0,4
PART-6-1,4616,0.0,4
PART-6-1,4617,0.0,4
PART-6-1,4618,0.0,4
PART-6-1,4619,0.0,4
PART-6-1,4620,3.909197618390259e-11,4
PART-6-1,4621,7.259938657189213e-11,4
PART-6-1,4622,6.28503690064397e-11,4
PART-6-1,4623,1.1169136795996515e-11,4
PART-6-1,4624,4.4676548918709535e-11,4
PART-6-1,4625,6.701482251070257e-11,4
PART-6-1,4626,3.3507410387989545e-11,4
PART-6-1,4627,3.3507410387989545e-11,4
PART-6-1,4628,7.108146536649596e-11,4
PART-6-1,4629,3.757405497850641e-11,4
PART-6-1,4630,4.467654718398606e-11,4
PART-6-1,4631,7.108146536649596e-11,4
PART-6-1,4632,2.6404918182509896e-11,4
PART-6-1,4633,1.1169136795996515e-11,4
PART-6-1,4634,2.233827359199303e-11,4
PART-6-1,4635,2.233827359199303e-11,4
PART-6-1,4636,1.1169136795996515e-11,4
PART-6-1,4637,0.0,4
PART-6-1,4638,0.0,4
PART-6-1,4639,0.0,4
PART-6-1,4640,0.0,4
PART-6-1,4641,0.0,4
PART-6-1,4642,0.0,4
PART-6-1,4643,0.0,4
PART-6-1,4644,0.0,4
PART-6-1,4645,1.1169136795996515e-11,4
PART-6-1,4646,3.3507410387989545e-11,4
PART-6-1,4647,6.451174750649047e-11,4
PART-6-1,4648,5.584568571470605e-11,4
PART-6-1,4649,6.701482251070257e-11,4
PART-6-1,4650,6.701482251070257e-11,4
PART-6-1,4651,2.7922841989991287e-11,4
PART-6-1,4652,2.49217747133601e-11,4
PART-6-1,4653,4.167547990735487e-11,4
PART-6-1,4654,2.233827359199303e-11,4
PART-6-1,4655,2.233827359199303e-11,4
PART-6-1,4656,5.5845683979982574e-11,4
PART-6-1,4657,4.467654718398606e-11,4
PART-6-1,4658,2.233827359199303e-11,4
PART-6-1,4659,1.1169136795996515e-11,4
PART-6-1,4660,4.4676548918709535e-11,4
PART-6-1,4661,4.4676548918709535e-11,4
PART-6-1,4662,1.1169136795996515e-11,4
PART-6-1,4663,1.1169136795996515e-11,4
PART-6-1,4664,0.0,4
PART-6-1,4665,0.0,4
PART-6-1,4666,0.0,4
PART-6-1,4667,0.0,4
PART-6-1,4668,0.0,4
PART-6-1,4669,2.233827359199303e-11,4
PART-6-1,4670,3.3507410387989545e-11,4
PART-6-1,4671,1.1169136795996515e-11,4
PART-6-1,4672,1.2830515296047285e-11,4
PART-6-1,4673,5.584568571470605e-11,4
PART-6-1,4674,2.233827359199303e-11,4
PART-6-1,4675,1.1169136795996515e-11,4
PART-6-1,4676,1.1169136795996515e-11,4
PART-6-1,4677,1.9337206315361843e-11,4
PART-6-1,4678,8.168069519365329e-12,4
PART-6-1,4679,1.1169136795996515e-11,4
PART-6-1,4680,2.233827359199303e-11,4
PART-6-1,4681,3.3507410387989545e-11,4
PART-6-1,4682,3.90919787859878e-11,4
PART-6-1,4683,2.233827359199303e-11,4
PART-6-1,4684,5.5845683979982574e-12,4
PART-6-1,4685,3.350741212271302e-11,4
PART-6-1,4686,3.350741212271302e-11,4
PART-6-1,4687,2.39996520920438e-11,4
PART-6-1,4688,2.39996520920438e-11,4
PART-6-1,4689,0.0,4
PART-6-1,4690,0.0,4
PART-6-1,4691,0.0,4
PART-6-1,4692,0.0,4
PART-6-1,4693,0.0,4
PART-6-1,4694,2.233827359199303e-11,4
PART-6-1,4695,2.233827359199303e-11,4
PART-6-1,4696,1.1169136795996515e-11,4
PART-6-1,4697,2.233827359199303e-11,4
PART-6-1,4698,0.0,4
PART-6-1,4699,0.0,4
PART-6-1,4700,0.0,4
PART-6-1,4701,0.0,4
PART-6-1,4702,0.0,4
PART-6-1,4703,0.0,4
PART-6-1,4704,0.0,4
PART-6-1,4705,0.0,4
PART-6-1,4706,0.0,4
PART-6-1,4707,0.0,4
PART-6-1,4708,0.0,4
PART-6-1,4709,0.0,4
PART-6-1,4710,0.0,4
PART-6-1,4711,0.0,4
PART-6-1,4712,0.0,4
PART-6-1,4713,0.0,4
PART-6-1,4714,0.0,4
PART-6-1,4715,0.0,4
PART-6-1,4716,0.0,4
PART-6-1,4717,0.0,4
PART-6-1,4718,0.0,4
PART-6-1,4719,0.0,4
PART-6-1,4720,0.0,4
PART-6-1,4721,0.0,4
PART-6-1,4722,0.0,4
PART-6-1,4723,0.0,4
PART-6-1,4724,0.0,4
PART-6-1,4725,0.0,4
PART-6-1,4726,0.0,4
PART-6-1,4727,0.0,4
PART-6-1,4728,0.0,4
PART-6-1,4729,0.0,4
PART-6-1,4730,0.0,4
PART-6-1,4731,0.0,4
PART-6-1,4732,0.0,4
PART-6-1,4733,0.0,4
PART-6-1,4734,0.0,4
PART-6-1,4735,0.0,4
PART-6-1,4736,0.0,4
PART-6-1,4737,0.0,4
PART-6-1,4738,0.0,4
PART-6-1,4739,0.0,4
PART-6-1,4740,0.0,4
PART-6-1,4741,0.0,4
PART-6-1,4742,0.0,4
PART-6-1,4743,0.0,4
PART-6-1,4744,0.0,4
PART-6-1,4745,0.0,4
PART-6-1,4746,0.0,4
PART-6-1,4747,0.0,4
PART-6-1,4748,0.0,4
PART-6-1,4749,0.0,4
PART-6-1,4750,0.0,4
PART-6-1,4751,0.0,4
PART-6-1,4752,0.0,4
PART-6-1,4753,0.0,4
PART-6-1,4754,0.0,4
PART-6-1,4755,0.0,4
PART-6-1,4756,0.0,4
PART-6-1,4757,0.0,4
PART-6-1,4758,0.0,4
PART-6-1,4759,0.0,4
PART-6-1,4760,0.0,4
PART-6-1,4761,0.0,4
PART-6-1,4762,0.0,4
PART-6-1,4763,0.0,4
PART-6-1,4764,0.0,4
PART-6-1,4765,0.0,4
PART-6-1,4766,0.0,4
PART-6-1,4767,0.0,4
PART-6-1,4768,0.0,4
PART-6-1,4769,0.0,4
PART-6-1,4770,0.0,4
PART-6-1,4771,0.0,4
PART-6-1,4772,0.0,4
PART-6-1,4773,0.0,4
PART-6-1,4774,0.0,4
PART-6-1,4775,0.0,4
PART-6-1,4776,0.0,4
PART-6-1,4777,0.0,4
PART-6-1,4778,0.0,4
PART-6-1,4779,0.0,4
PART-6-1,4780,0.0,4
PART-6-1,4781,0.0,4
PART-6-1,4782,0.0,4
PART-6-1,4783,0.0,4
PART-6-1,4784,0.0,4
PART-6-1,4785,0.0,4
PART-6-1,4786,0.0,4
PART-6-1,4787,0.0,4
PART-6-1,4788,0.0,4
PART-6-1,4789,0.0,4
PART-6-1,4790,0.0,4
PART-6-1,4791,0.0,4
PART-6-1,4792,0.0,4
PART-6-1,4793,0.0,4
PART-6-1,4794,0.0,4
PART-6-1,4795,0.0,4
PART-6-1,4796,0.0,4
PART-6-1,4797,0.0,4
PART-6-1,4798,0.0,4
PART-6-1,4799,0.0,4
PART-6-1,4800,0.0,4
PART-6-1,4801,0.0,4
PART-6-1,4802,0.0,4
PART-6-1,4803,0.0,4
PART-6-1,4804,0.0,4
PART-6-1,4805,0.0,4
PART-6-1,4806,0.0,4
PART-6-1,4807,0.0,4
PART-6-1,4808,0.0,4
PART-6-1,4809,0.0,4
PART-6-1,4810,0.0,4
PART-6-1,4811,0.0,4
PART-6-1,4812,0.0,4
PART-6-1,4813,0.0,4
PART-6-1,4814,0.0,4
PART-6-1,4815,0.0,4
PART-6-1,4816,0.0,4
PART-6-1,4817,0.0,4
PART-6-1,4818,0.0,4
PART-6-1,4819,0.0,4
PART-6-1,4820,0.0,4
PART-6-1,4821,0.0,4
PART-6-1,4822,0.0,4
PART-6-1,4823,0.0,4
PART-6-1,4824,0.0,4
PART-6-1,4825,0.0,4
PART-6-1,4826,0.0,4
PART-6-1,4827,0.0,4
PART-6-1,4828,0.0,4
PART-6-1,4829,0.0,4
PART-6-1,4830,0.0,4
PART-6-1,4831,0.0,4
PART-6-1,4832,0.0,4
PART-6-1,4833,0.0,4
PART-6-1,4834,0.0,4
PART-6-1,4835,0.0,4
PART-6-1,4836,0.0,4
PART-6-1,4837,0.0,4
PART-6-1,4838,0.0,4
PART-6-1,4839,0.0,4
PART-6-1,4840,0.0,4
PART-6-1,4841,0.0,4
PART-6-1,4842,0.0,4
PART-6-1,4843,0.0,4
PART-6-1,4844,0.0,4
PART-6-1,4845,0.0,4
PART-6-1,4846,0.0,4
PART-6-1,4847,0.0,4
PART-6-1,4848,0.0,4
PART-6-1,4849,0.0,4
PART-6-1,4850,0.0,4
PART-6-1,4851,0.0,4
PART-6-1,4852,0.0,4
PART-6-1,4853,0.0,4
PART-6-1,4854,0.0,4
PART-6-1,4855,0.0,4
PART-6-1,4856,0.0,4
PART-6-1,4857,0.0,4
PART-6-1,4858,0.0,4
PART-6-1,4859,0.0,4
PART-6-1,4860,0.0,4
PART-6-1,4861,0.0,4
PART-6-1,4862,0.0,4
PART-6-1,4863,0.0,4
PART-6-1,4864,0.0,4
PART-6-1,4865,0.0,4
PART-6-1,4866,0.0,4
PART-6-1,4867,0.0,4
PART-6-1,4868,0.0,4
PART-6-1,4869,0.0,4
PART-6-1,4870,0.0,4
PART-6-1,4871,0.0,4
PART-6-1,4872,0.0,4
PART-6-1,4873,0.0,4
PART-6-1,4874,0.0,4
PART-6-1,4875,0.0,4
PART-6-1,4876,0.0,4
PART-6-1,4877,0.0,4
PART-6-1,4878,0.0,4
PART-6-1,4879,0.0,4
PART-6-1,4880,0.0,4
PART-6-1,4881,0.0,4
PART-6-1,4882,0.0,4
PART-6-1,4883,0.0,4
PART-6-1,4884,0.0,4
PART-6-1,4885,0.0,4
PART-6-1,4886,0.0,4
PART-6-1,4887,0.0,4
PART-6-1,4888,0.0,4
PART-6-1,4889,0.0,4
PART-6-1,4890,0.0,4
PART-6-1,4891,0.0,4
PART-6-1,4892,0.0,4
PART-6-1,4893,0.0,4
PART-6-1,4894,0.0,4
PART-6-1,4895,0.0,4
PART-6-1,4896,0.0,4
PART-6-1,4897,0.0,4
PART-6-1,4898,0.0,4
PART-6-1,4899,0.0,4
PART-6-1,4900,0.0,4
PART-6-1,4901,0.0,4
PART-6-1,4902,0.0,4
PART-6-1,4903,0.0,4
PART-6-1,4904,0.0,4
PART-6-1,4905,0.0,4
PART-6-1,4906,0.0,4
PART-6-1,4907,0.0,4
PART-6-1,4908,0.0,4
PART-6-1,4909,0.0,4
PART-6-1,4910,0.0,4
PART-6-1,4911,0.0,4
PART-6-1,4912,0.0,4
PART-6-1,4913,0.0,4
PART-6-1,4914,0.0,4
PART-6-1,4915,0.0,4
PART-6-1,4916,0.0,4
PART-6-1,4917,0.0,4
PART-6-1,4918,0.0,4
PART-6-1,4919,0.0,4
PART-6-1,4920,0.0,4
PART-6-1,4921,0.0,4
PART-6-1,4922,0.0,4
PART-6-1,4923,0.0,4
PART-6-1,4924,0.0,4
PART-6-1,4925,0.0,4
PART-6-1,4926,0.0,4
PART-6-1,4927,0.0,4
PART-6-1,4928,0.0,4
PART-6-1,4929,0.0,4
PART-6-1,4930,0.0,4
PART-6-1,4931,0.0,4
PART-6-1,4932,0.0,4
PART-6-1,4933,0.0,4
PART-6-1,4934,0.0,4
PART-6-1,4935,0.0,4
PART-6-1,4936,0.0,4
PART-6-1,4937,0.0,4
PART-6-1,4938,0.0,4
PART-6-1,4939,0.0,4
PART-6-1,4940,0.0,4
PART-6-1,4941,0.0,4
PART-6-1,4942,0.0,4
PART-6-1,4943,0.0,4
PART-6-1,4944,0.0,4
PART-6-1,4945,0.0,4
PART-6-1,4946,0.0,4
PART-6-1,4947,0.0,4
PART-6-1,4948,2.233827359199303e-11,4
PART-6-1,4949,6.701482077597909e-11,4
PART-6-1,4950,4.467654718398606e-11,4
PART-6-1,4951,1.6336139038730657e-11,4
PART-6-1,4952,2.7505275834727172e-11,4
PART-6-1,4953,3.3507410387989545e-11,4
PART-6-1,4954,4.467654718398606e-11,4
PART-6-1,4955,0.0,4
PART-6-1,4956,4.467654718398606e-11,4
PART-6-1,4957,6.701482077597909e-11,4
PART-6-1,4958,4.98435494267202e-11,4
PART-6-1,4959,2.7505275834727172e-11,4
PART-6-1,4960,2.233827359199303e-11,4
PART-6-1,4961,3.3507410387989545e-11,4
PART-6-1,4962,4.467654718398606e-11,4
PART-6-1,4963,8.935309436797212e-11,4
PART-6-1,4964,9.267585136807366e-11,4
PART-6-1,4965,7.130318124132229e-11,4
PART-6-1,4966,2.8888445455232947e-11,4
PART-6-1,4967,1.6753705193994772e-11,4
PART-6-1,4968,1.1169136795996515e-11,4
PART-6-1,4969,4.467654718398606e-11,4
PART-6-1,4970,8.935309436797212e-11,4
PART-6-1,4971,9.267585136807366e-11,4
PART-6-1,4972,6.013404444532577e-11,4
PART-6-1,4973,2.8888445455232947e-11,4
PART-6-1,4974,2.7922841989991287e-11,4
PART-6-1,4975,1.1169136795996515e-11,4
PART-6-1,4976,2.233827359199303e-11,4
PART-6-1,4977,8.457813616136178e-11,4
PART-6-1,4978,8.457813616136178e-11,4
PART-6-1,4979,2.233827359199303e-11,4
PART-6-1,4980,3.3507410387989545e-11,4
PART-6-1,4981,5.284461670335139e-11,4
PART-6-1,4982,1.9337206315361843e-11,4
PART-6-1,4983,2.233827359199303e-11,4
PART-6-1,4984,6.223986256936875e-11,4
PART-6-1,4985,6.223986256936875e-11,4
PART-6-1,4986,3.3507410387989545e-11,4
PART-6-1,4987,4.467654718398606e-11,4
PART-6-1,4988,4.167547990735487e-11,4
PART-6-1,4989,8.168069519365329e-12,4
PART-6-1,4990,2.233827359199303e-11,4
PART-6-1,4991,4.467654718398606e-11,4
PART-6-1,4992,4.467654718398606e-11,4
PART-6-1,4993,3.3507410387989545e-11,4
PART-6-1,4994,2.233827359199303e-11,4
PART-6-1,4995,1.1169136795996515e-11,4
PART-6-1,4996,5.5845683979982574e-12,4
PART-6-1,4997,4.467654718398606e-11,4
PART-6-1,4998,1.3571676768520113e-10,4
PART-6-1,4999,1.133784940932081e-10,4
PART-6-1,5000,3.3507410387989545e-11,4
PART-6-1,5001,3.3507410387989545e-11,4
PART-6-1,5002,2.233827359199303e-11,4
PART-6-1,5003,5.5845683979982574e-12,4
PART-6-1,5004,2.233827359199303e-11,4
PART-6-1,5005,1.133784940932081e-10,4
PART-6-1,5006,1.133784940932081e-10,4
PART-6-1,5007,3.3507410387989545e-11,4
PART-6-1,5008,4.467654718398606e-11,4
PART-6-1,5009,4.467654718398606e-11,4
PART-6-1,5010,1.1169136795996515e-11,4
PART-6-1,5011,2.566103059209457e-11,4
PART-6-1,5012,6.747700835585402e-11,4
PART-6-1,5013,4.181597776375945e-11,4
PART-6-1,5014,5.5845683979982574e-12,4
PART-6-1,5015,3.939913933298511e-11,4
PART-6-1,5016,5.6152844526979884e-11,4
PART-6-1,5017,2.7922841989991287e-11,4
PART-6-1,5018,2.566103059209457e-11,4
PART-6-1,5019,6.747700835585402e-11,4
PART-6-1,5020,6.129368193552587e-11,4
PART-6-1,5021,4.7400546161757706e-11,4
PART-6-1,5022,8.407568825169465e-11,4
PART-6-1,5023,8.96602566496929e-11,4
PART-6-1,5024,3.90919787859878e-11,4
PART-6-1,5025,0.0,4
PART-6-1,5026,2.233827359199303e-11,4
PART-6-1,5027,4.181597776375945e-11,4
PART-6-1,5028,5.3950718024997624e-11,4
PART-6-1,5029,6.798042597594423e-11,4
PART-6-1,5030,6.701482251070257e-11,4
PART-6-1,5031,3.3507410387989545e-11,4
PART-6-1,5032,0.0,4
PART-6-1,5033,0.0,4
PART-6-1,5034,0.0,4
PART-6-1,5035,1.2134740261238175e-11,4
PART-6-1,5036,4.5642152383951196e-11,4
PART-6-1,5037,5.991233030522292e-11,4
PART-6-1,5038,2.6404918182509896e-11,4
PART-6-1,5039,0.0,4
PART-6-1,5040,0.0,4
PART-6-1,5041,0.0,4
PART-6-1,5042,0.0,4
PART-6-1,5043,5.584568571470605e-11,4
PART-6-1,5044,7.666603549921769e-11,4
PART-6-1,5045,2.0820349784511638e-11,4
PART-6-1,5046,0.0,4
PART-6-1,5047,0.0,4
PART-6-1,5048,0.0,4
PART-6-1,5049,0.0,4
PART-6-1,5050,0.0,4
PART-6-1,5051,0.0,4
PART-6-1,5052,0.0,4
PART-6-1,5053,0.0,4
PART-6-1,5054,0.0,4
PART-6-1,5055,0.0,4
PART-6-1,5056,0.0,4
PART-6-1,5057,0.0,4
PART-6-1,5058,0.0,4
PART-6-1,5059,0.0,4
PART-6-1,5060,0.0,4
PART-6-1,5061,0.0,4
PART-6-1,5062,0.0,4
PART-6-1,5063,0.0,4
PART-6-1,5064,0.0,4
PART-6-1,5065,0.0,4
PART-6-1,5066,0.0,4
PART-6-1,5067,0.0,4
PART-6-1,5068,0.0,4
PART-6-1,5069,0.0,4
PART-6-1,5070,0.0,4
PART-6-1,5071,0.0,4
PART-6-1,5072,0.0,4
PART-6-1,5073,0.0,4
PART-6-1,5074,0.0,4
PART-6-1,5075,0.0,4
PART-6-1,5076,0.0,4
PART-6-1,5077,0.0,4
PART-6-1,5078,0.0,4
PART-6-1,5079,0.0,4
PART-6-1,5080,0.0,4
PART-6-1,5081,0.0,4
PART-6-1,5082,0.0,4
PART-6-1,5083,0.0,4
PART-6-1,5084,0.0,4
PART-6-1,5085,0.0,4
PART-6-1,5086,0.0,4
PART-6-1,5087,0.0,4
PART-6-1,5088,0.0,4
PART-6-1,5089,0.0,4
PART-6-1,5090,0.0,4
PART-6-1,5091,0.0,4
PART-6-1,5092,0.0,4
PART-6-1,5093,0.0,4
PART-6-1,5094,0.0,4
PART-6-1,5095,0.0,4
PART-6-1,5096,0.0,4
PART-6-1,5097,0.0,4
PART-6-1,5098,0.0,4
PART-6-1,5099,0.0,4
PART-6-1,5100,0.0,4
PART-6-1,5101,0.0,4
PART-6-1,5102,0.0,4
PART-6-1,5103,0.0,4
PART-6-1,5104,0.0,4
PART-6-1,5105,0.0,4
PART-6-1,5106,0.0,4
PART-6-1,5107,0.0,4
PART-6-1,5108,0.0,4
PART-6-1,5109,0.0,4
PART-6-1,5110,0.0,4
PART-6-1,5111,0.0,4
PART-6-1,5112,0.0,4
PART-6-1,5113,0.0,4
PART-6-1,5114,0.0,4
PART-6-1,5115,0.0,4
PART-6-1,5116,0.0,4
PART-6-1,5117,0.0,4
PART-6-1,5118,0.0,4
PART-6-1,5119,0.0,4
PART-6-1,5120,0.0,4
PART-6-1,5121,0.0,4
PART-6-1,5122,0.0,4
PART-6-1,5123,0.0,4
PART-6-1,5124,0.0,4
PART-6-1,5125,0.0,4
PART-6-1,5126,0.0,4
PART-6-1,5127,0.0,4
PART-6-1,5128,0.0,4
PART-6-1,5129,0.0,4
PART-6-1,5130,0.0,4
PART-6-1,5131,0.0,4
PART-6-1,5132,0.0,4
PART-6-1,5133,0.0,4
PART-6-1,5134,0.0,4
PART-6-1,5135,0.0,4
PART-6-1,5136,0.0,4
PART-6-1,5137,0.0,4
PART-6-1,5138,0.0,4
PART-6-1,5139,0.0,4
PART-6-1,5140,0.0,4
PART-6-1,5141,0.0,4
PART-6-1,5142,0.0,4
PART-6-1,5143,0.0,4
PART-6-1,5144,0.0,4
PART-6-1,5145,0.0,4
PART-6-1,5146,0.0,4
PART-6-1,5147,0.0,4
PART-6-1,5148,0.0,4
PART-6-1,5149,0.0,4
PART-6-1,5150,0.0,4
PART-6-1,5151,0.0,4
PART-6-1,5152,0.0,4
PART-6-1,5153,0.0,4
PART-6-1,5154,0.0,4
PART-6-1,5155,0.0,4
PART-6-1,5156,0.0,4
PART-6-1,5157,0.0,4
PART-6-1,5158,0.0,4
PART-6-1,5159,0.0,4
PART-6-1,5160,0.0,4
PART-6-1,5161,0.0,4
PART-6-1,5162,0.0,4
PART-6-1,5163,0.0,4
PART-6-1,5164,0.0,4
PART-6-1,5165,0.0,4
PART-6-1,5166,0.0,4
PART-6-1,5167,0.0,4
PART-6-1,5168,0.0,4
PART-6-1,5169,0.0,4
PART-6-1,5170,0.0,4
PART-6-1,5171,0.0,4
PART-6-1,5172,0.0,4
PART-6-1,5173,0.0,4
PART-6-1,5174,0.0,4
PART-6-1,5175,0.0,4
PART-6-1,5176,0.0,4
PART-6-1,5177,0.0,4
PART-6-1,5178,0.0,4
PART-6-1,5179,0.0,4
PART-6-1,5180,0.0,4
PART-6-1,5181,0.0,4
PART-6-1,5182,0.0,4
PART-6-1,5183,0.0,4
PART-6-1,5184,0.0,4
PART-6-1,5185,0.0,4
PART-6-1,5186,0.0,4
PART-6-1,5187,0.0,4
PART-6-1,5188,0.0,4
PART-6-1,5189,0.0,4
PART-6-1,5190,0.0,4
PART-6-1,5191,0.0,4
PART-6-1,5192,0.0,4
PART-6-1,5193,0.0,4
PART-6-1,5194,0.0,4
PART-6-1,5195,0.0,4
PART-6-1,5196,0.0,4
PART-6-1,5197,0.0,4
PART-6-1,5198,0.0,4
PART-6-1,5199,0.0,4
PART-6-1,5200,0.0,4
PART-6-1,5201,0.0,4
PART-6-1,5202,0.0,4
PART-6-1,5203,0.0,4
PART-6-1,5204,0.0,4
PART-6-1,5205,0.0,4
PART-6-1,5206,0.0,4
PART-6-1,5207,0.0,4
PART-6-1,5208,0.0,4
PART-6-1,5209,0.0,4
PART-6-1,5210,0.0,4
PART-6-1,5211,0.0,4
PART-6-1,5212,0.0,4
PART-6-1,5213,0.0,4
PART-6-1,5214,0.0,4
PART-6-1,5215,0.0,4
PART-6-1,5216,0.0,4
PART-6-1,5217,0.0,4
PART-6-1,5218,0.0,4
PART-6-1,5219,0.0,4
PART-6-1,5220,0.0,4
PART-6-1,5221,0.0,4
PART-6-1,5222,0.0,4
PART-6-1,5223,0.0,4
PART-6-1,5224,0.0,4
PART-6-1,5225,0.0,4
PART-6-1,5226,0.0,4
PART-6-1,5227,0.0,4
PART-6-1,5228,0.0,4
PART-6-1,5229,0.0,4
PART-6-1,5230,0.0,4
PART-6-1,5231,0.0,4
PART-6-1,5232,0.0,4
PART-6-1,5233,0.0,4
PART-6-1,5234,0.0,4
PART-6-1,5235,0.0,4
PART-6-1,5236,0.0,4
PART-6-1,5237,0.0,4
PART-6-1,5238,0.0,4
PART-6-1,5239,0.0,4
PART-6-1,5240,0.0,4
PART-6-1,5241,0.0,4
PART-6-1,5242,0.0,4
PART-6-1,5243,0.0,4
PART-6-1,5244,0.0,4
PART-6-1,5245,0.0,4
PART-6-1,5246,0.0,4
PART-6-1,5247,0.0,4
PART-6-1,5248,0.0,4
PART-6-1,5249,0.0,4
PART-6-1,5250,0.0,4
PART-6-1,5251,0.0,4
PART-6-1,5252,0.0,4
PART-6-1,5253,0.0,4
PART-6-1,5254,0.0,4
PART-6-1,5255,0.0,4
PART-6-1,5256,0.0,4
PART-6-1,5257,0.0,4
PART-6-1,5258,0.0,4
PART-6-1,5259,0.0,4
PART-6-1,5260,0.0,4
PART-6-1,5261,0.0,4
PART-6-1,5262,0.0,4
PART-6-1,5263,0.0,4
PART-6-1,5264,0.0,4
PART-6-1,5265,0.0,4
PART-6-1,5266,0.0,4
PART-6-1,5267,0.0,4
PART-6-1,5268,0.0,4
PART-6-1,5269,0.0,4
PART-6-1,5270,0.0,4
PART-6-1,5271,0.0,4
PART-6-1,5272,0.0,4
PART-6-1,5273,0.0,4
PART-6-1,5274,0.0,4
PART-6-1,5275,0.0,4
PART-6-1,5276,0.0,4
PART-6-1,5277,0.0,4
PART-6-1,5278,0.0,4
PART-6-1,5279,0.0,4
PART-6-1,5280,0.0,4
PART-6-1,5281,0.0,4
PART-6-1,5282,0.0,4
PART-6-1,5283,0.0,4
PART-6-1,5284,0.0,4
PART-6-1,5285,0.0,4
PART-6-1,5286,0.0,4
PART-6-1,5287,0.0,4
PART-6-1,5288,0.0,4
PART-6-1,5289,0.0,4
PART-6-1,5290,0.0,4
PART-6-1,5291,0.0,4
PART-6-1,5292,0.0,4
PART-6-1,5293,0.0,4
PART-6-1,5294,0.0,4
PART-6-1,5295,0.0,4
PART-6-1,5296,343.76123809814453,4
PART-6-1,5297,328.0066375732422,4
PART-6-1,5298,295.36511993408203,4
PART-6-1,5299,268.1735153198242,4
PART-6-1,5300,253.4258804321289,4
PART-6-1,5301,244.6268424987793,4
PART-6-1,5302,239.5470848083496,4
PART-6-1,5303,238.26444625854492,4
PART-6-1,5304,240.9380989074707,4
PART-6-1,5305,245.26948928833008,4
PART-6-1,5306,250.51226043701172,4
PART-6-1,5307,257.2235221862793,4
PART-6-1,5308,339.435546875,4
PART-6-1,5309,320.4181900024414,4
PART-6-1,5310,287.0163993835449,4
PART-6-1,5311,257.32202911376953,4
PART-6-1,5312,241.2123260498047,4
PART-6-1,5313,233.65242767333984,4
PART-6-1,5314,235.99741744995117,4
PART-6-1,5315,242.46338272094727,4
PART-6-1,5316,249.5841522216797,4
PART-6-1,5317,255.01324844360352,4
PART-6-1,5318,255.46298217773438,4
PART-6-1,5319,252.05749893188477,4
PART-6-1,5320,325.0634765625,4
PART-6-1,5321,330.3883819580078,4
PART-6-1,5322,303.04845428466797,4
PART-6-1,5323,278.4725799560547,4
PART-6-1,5324,262.1729736328125,4
PART-6-1,5325,253.00321578979492,4
PART-6-1,5326,246.61058044433594,4
PART-6-1,5327,242.8181381225586,4
PART-6-1,5328,240.18431854248047,4
PART-6-1,5329,239.67248153686523,4
PART-6-1,5330,240.71315383911133,4
PART-6-1,5331,243.11425018310547,4
PART-6-1,5332,250.69401931762695,4
PART-6-1,5333,290.92540740966797,4
PART-6-1,5334,284.96717834472656,4
PART-6-1,5335,271.3630065917969,4
PART-6-1,5336,261.9612503051758,4
PART-6-1,5337,254.5210304260254,4
PART-6-1,5338,249.49735260009766,4
PART-6-1,5339,245.47443008422852,4
PART-6-1,5340,242.30873107910156,4
PART-6-1,5341,239.4248504638672,4
PART-6-1,5342,236.7872657775879,4
PART-6-1,5343,235.1824836730957,4
PART-6-1,5344,175.38195419311523,4
PART-6-1,5345,222.58428192138672,4
PART-6-1,5346,248.32885360717773,4
PART-6-1,5347,254.2821388244629,4
PART-6-1,5348,253.64142608642578,4
PART-6-1,5349,251.68064880371094,4
PART-6-1,5350,249.2300148010254,4
PART-6-1,5351,246.69845962524414,4
PART-6-1,5352,243.3641815185547,4
PART-6-1,5353,239.2608184814453,4
PART-6-1,5354,234.61919403076172,4
PART-6-1,5355,231.3002700805664,4
PART-6-1,5356,144.82102394104004,4
PART-6-1,5357,181.6680793762207,4
PART-6-1,5358,213.56841659545898,4
PART-6-1,5359,233.4674835205078,4
PART-6-1,5360,242.76358032226562,4
PART-6-1,5361,247.0680389404297,4
PART-6-1,5362,248.67850494384766,4
PART-6-1,5363,248.40110397338867,4
PART-6-1,5364,246.29894256591797,4
PART-6-1,5365,242.10984802246094,4
PART-6-1,5366,235.5551300048828,4
PART-6-1,5367,233.9913330078125,4
PART-6-1,5368,130.45965003967285,4
PART-6-1,5369,161.91302871704102,4
PART-6-1,5370,191.07164001464844,4
PART-6-1,5371,215.90988159179688,4
PART-6-1,5372,234.09775161743164,4
PART-6-1,5373,245.21472549438477,4
PART-6-1,5374,250.94663619995117,4
PART-6-1,5375,252.4537124633789,4
PART-6-1,5376,251.3520164489746,4
PART-6-1,5377,249.1097412109375,4
PART-6-1,5378,247.09737396240234,4
PART-6-1,5379,252.81512451171875,4
PART-6-1,5380,275.8481979370117,4
PART-6-1,5381,264.8510208129883,4
PART-6-1,5382,258.01240158081055,4
PART-6-1,5383,252.15485763549805,4
PART-6-1,5384,245.8000144958496,4
PART-6-1,5385,242.39357376098633,4
PART-6-1,5386,239.02204513549805,4
PART-6-1,5387,237.4748306274414,4
PART-6-1,5388,243.8741226196289,4
PART-6-1,5389,261.54083251953125,4
PART-6-1,5390,290.96225357055664,4
PART-6-1,5391,296.51489639282227,4
PART-6-1,5392,288.12255477905273,4
PART-6-1,5393,288.57140731811523,4
PART-6-1,5394,272.572078704834,4
PART-6-1,5395,245.3246955871582,4
PART-6-1,5396,237.7632179260254,4
PART-6-1,5397,241.24523544311523,4
PART-6-1,5398,244.79542922973633,4
PART-6-1,5399,255.90796661376953,4
PART-6-1,5400,264.4682846069336,4
PART-6-1,5401,268.5970687866211,4
PART-6-1,5402,268.50963592529297,4
PART-6-1,5403,265.88932037353516,4
PART-6-1,5404,263.61512756347656,4
PART-6-1,5405,298.28741455078125,4
PART-6-1,5406,281.48233795166016,4
PART-6-1,5407,273.1453094482422,4
PART-6-1,5408,269.2691955566406,4
PART-6-1,5409,266.5558433532715,4
PART-6-1,5410,262.79655838012695,4
PART-6-1,5411,256.56228256225586,4
PART-6-1,5412,247.5760955810547,4
PART-6-1,5413,245.5355453491211,4
PART-6-1,5414,246.0957489013672,4
PART-6-1,5415,255.67673110961914,4
PART-6-1,5416,251.88117599487305,4
PART-6-1,5417,239.63858795166016,4
PART-6-1,5418,253.70384216308594,4
PART-6-1,5419,254.57995986938477,4
PART-6-1,5420,249.05774688720703,4
PART-6-1,5421,259.9072952270508,4
PART-6-1,5422,271.7638626098633,4
PART-6-1,5423,280.4383544921875,4
PART-6-1,5424,285.6178665161133,4
PART-6-1,5425,286.81443786621094,4
PART-6-1,5426,284.4083251953125,4
PART-6-1,5427,279.6315155029297,4
PART-6-1,5428,274.8761672973633,4
PART-6-1,5429,274.4644775390625,4
PART-6-1,5430,321.2904357910156,4
PART-6-1,5431,300.2435073852539,4
PART-6-1,5432,289.28587341308594,4
PART-6-1,5433,286.1812744140625,4
PART-6-1,5434,286.8055191040039,4
PART-6-1,5435,287.9408874511719,4
PART-6-1,5436,287.90880584716797,4
PART-6-1,5437,285.6192626953125,4
PART-6-1,5438,282.1238021850586,4
PART-6-1,5439,278.9880065917969,4
PART-6-1,5440,278.6653366088867,4
PART-6-1,5441,277.3053665161133,4
PART-6-1,5442,277.2561836242676,4
PART-6-1,5443,287.3742485046387,4
PART-6-1,5444,297.2969665527344,4
PART-6-1,5445,302.5634231567383,4
PART-6-1,5446,307.38719177246094,4
PART-6-1,5447,311.0680160522461,4
PART-6-1,5448,312.6265869140625,4
PART-6-1,5449,310.53704833984375,4
PART-6-1,5450,305.19425201416016,4
PART-6-1,5451,297.34764862060547,4
PART-6-1,5452,289.00037384033203,4
PART-6-1,5453,283.0669479370117,4
PART-6-1,5454,284.8924331665039,4
PART-6-1,5455,337.85367584228516,4
PART-6-1,5456,320.4211654663086,4
PART-6-1,5457,306.3900833129883,4
PART-6-1,5458,302.9848861694336,4
PART-6-1,5459,305.53255462646484,4
PART-6-1,5460,310.43011474609375,4
PART-6-1,5461,315.0025100708008,4
PART-6-1,5462,318.2728500366211,4
PART-6-1,5463,320.1126937866211,4
PART-6-1,5464,321.4660415649414,4
PART-6-1,5465,321.68812561035156,4
PART-6-1,5466,322.57430267333984,4
PART-6-1,5467,325.6030807495117,4
PART-6-1,5468,327.80628204345703,4
PART-6-1,5469,331.9926986694336,4
PART-6-1,5470,335.40271759033203,4
PART-6-1,5471,336.4676513671875,4
PART-6-1,5472,337.03086853027344,4
PART-6-1,5473,335.77274322509766,4
PART-6-1,5474,330.2967987060547,4
PART-6-1,5475,319.8466567993164,4
PART-6-1,5476,308.1031951904297,4
PART-6-1,5477,297.5206832885742,4
PART-6-1,5478,291.3933334350586,4
PART-6-1,5479,295.16915130615234,4
PART-6-1,5480,344.29241943359375,4
PART-6-1,5481,336.28453063964844,4
PART-6-1,5482,324.26634979248047,4
PART-6-1,5483,319.7285614013672,4
PART-6-1,5484,322.83453369140625,4
PART-6-1,5485,329.6412124633789,4
PART-6-1,5486,335.74041748046875,4
PART-6-1,5487,338.8762741088867,4
PART-6-1,5488,340.9557647705078,4
PART-6-1,5489,342.15282440185547,4
PART-6-1,5490,343.1274185180664,4
PART-6-1,5491,344.39646911621094,4
PART-6-1,5492,344.8629684448242,4
PART-6-1,5493,345.0,4
PART-6-1,5494,344.99999237060547,4
PART-6-1,5495,344.99999237060547,4
PART-6-1,5496,344.99999237060547,4
PART-6-1,5497,344.99998474121094,4
PART-6-1,5498,344.81774139404297,4
PART-6-1,5499,341.56797790527344,4
PART-6-1,5500,331.30284881591797,4
PART-6-1,5501,317.44742584228516,4
PART-6-1,5502,306.1782760620117,4
PART-6-1,5503,300.5681915283203,4
PART-6-1,5504,305.4956741333008,4
PART-6-1,5505,345.0,4
PART-6-1,5506,343.4084243774414,4
PART-6-1,5507,339.1650161743164,4
PART-6-1,5508,336.18927001953125,4
PART-6-1,5509,337.6794662475586,4
PART-6-1,5510,341.71520233154297,4
PART-6-1,5511,344.4684066772461,4
PART-6-1,5512,344.99999237060547,4
PART-6-1,5513,345.0,4
PART-6-1,5514,345.00000762939453,4
PART-6-1,5515,345.0,4
PART-6-1,5516,345.00000762939453,4
PART-6-1,5517,345.0,4
PART-6-1,5518,344.99999237060547,4
PART-6-1,5519,344.99999237060547,4
PART-6-1,5520,344.99999237060547,4
PART-6-1,5521,344.99999237060547,4
PART-6-1,5522,344.99998474121094,4
PART-6-1,5523,344.99998474121094,4
PART-6-1,5524,344.69647216796875,4
PART-6-1,5525,338.5039291381836,4
PART-6-1,5526,326.1651840209961,4
PART-6-1,5527,315.56351470947266,4
PART-6-1,5528,311.01712799072266,4
PART-6-1,5529,315.82801818847656,4
PART-6-1,5530,345.00000762939453,4
PART-6-1,5531,345.00001525878906,4
PART-6-1,5532,345.00001525878906,4
PART-6-1,5533,344.63218688964844,4
PART-6-1,5534,344.6321716308594,4
PART-6-1,5535,344.99999237060547,4
PART-6-1,5536,345.00000762939453,4
PART-6-1,5537,345.00001525878906,4
PART-6-1,5538,345.00001525878906,4
PART-6-1,5539,345.0,4
PART-6-1,5540,344.99999237060547,4
PART-6-1,5541,345.0,4
PART-6-1,5542,344.99999237060547,4
PART-6-1,5543,345.0,4
PART-6-1,5544,345.00000762939453,4
PART-6-1,5545,344.99999237060547,4
PART-6-1,5546,344.99999237060547,4
PART-6-1,5547,345.00000762939453,4
PART-6-1,5548,344.99999237060547,4
PART-6-1,5549,345.00003814697266,4
PART-6-1,5550,342.4323043823242,4
PART-6-1,5551,334.53421783447266,4
PART-6-1,5552,325.84351348876953,4
PART-6-1,5553,322.55992126464844,4
PART-6-1,5554,325.85753631591797,4
PART-6-1,5555,345.00001525878906,4
PART-6-1,5556,345.00000762939453,4
PART-6-1,5557,345.00000762939453,4
PART-6-1,5558,345.00001525878906,4
PART-6-1,5559,345.0,4
PART-6-1,5560,344.99999237060547,4
PART-6-1,5561,345.0,4
PART-6-1,5562,345.00001525878906,4
PART-6-1,5563,345.0000228881836,4
PART-6-1,5564,345.0,4
PART-6-1,5565,344.99999237060547,4
PART-6-1,5566,345.0,4
PART-6-1,5567,345.0,4
PART-6-1,5568,345.0,4
PART-6-1,5569,345.0,4
PART-6-1,5570,345.0,4
PART-6-1,5571,345.00000762939453,4
PART-6-1,5572,345.0000228881836,4
PART-6-1,5573,345.00000762939453,4
PART-6-1,5574,345.0000305175781,4
PART-6-1,5575,344.5402297973633,4
PART-6-1,5576,341.49011993408203,4
PART-6-1,5577,336.4439697265625,4
PART-6-1,5578,334.39854431152344,4
PART-6-1,5579,335.02294158935547,4
PART-6-1,5580,345.0,4
PART-6-1,5581,345.0,4
PART-6-1,5582,345.0,4
PART-6-1,5583,345.0,4
PART-6-1,5584,344.99999237060547,4
PART-6-1,5585,344.99998474121094,4
PART-6-1,5586,344.99999237060547,4
PART-6-1,5587,345.0,4
PART-6-1,5588,345.0,4
PART-6-1,5589,344.99999237060547,4
PART-6-1,5590,344.99998474121094,4
PART-6-1,5591,344.99999237060547,4
PART-6-1,5592,345.0,4
PART-6-1,5593,344.99999237060547,4
PART-6-1,5594,345.0,4
PART-6-1,5595,345.0,4
PART-6-1,5596,344.99999237060547,4
PART-6-1,5597,345.00000762939453,4
PART-6-1,5598,345.00001525878906,4
PART-6-1,5599,345.00001525878906,4
PART-6-1,5600,345.0000228881836,4
PART-6-1,5601,344.6742401123047,4
PART-6-1,5602,343.3496856689453,4
PART-6-1,5603,342.6273422241211,4
PART-6-1,5604,341.09729766845703,4
PART-6-1,5605,345.00000762939453,4
PART-6-1,5606,345.0,4
PART-6-1,5607,344.99999237060547,4
PART-6-1,5608,344.99998474121094,4
PART-6-1,5609,344.99998474121094,4
PART-6-1,5610,345.00000762939453,4
PART-6-1,5611,345.00001525878906,4
PART-6-1,5612,344.99999237060547,4
PART-6-1,5613,344.9999771118164,4
PART-6-1,5614,344.99998474121094,4
PART-6-1,5615,344.99999237060547,4
PART-6-1,5616,344.99999237060547,4
PART-6-1,5617,345.0,4
PART-6-1,5618,345.00000762939453,4
PART-6-1,5619,344.6092834472656,4
PART-6-1,5620,343.5937728881836,4
PART-6-1,5621,342.82247161865234,4
PART-6-1,5622,342.9808120727539,4
PART-6-1,5623,344.13806915283203,4
PART-6-1,5624,344.9952392578125,4
PART-6-1,5625,345.0000228881836,4
PART-6-1,5626,345.00001525878906,4
PART-6-1,5627,345.0,4
PART-6-1,5628,344.99999237060547,4
PART-6-1,5629,343.1361312866211,4
PART-6-1,5630,345.0000228881836,4
PART-6-1,5631,345.00000762939453,4
PART-6-1,5632,345.0,4
PART-6-1,5633,345.0,4
PART-6-1,5634,345.0,4
PART-6-1,5635,345.00001525878906,4
PART-6-1,5636,345.0,4
PART-6-1,5637,344.99999237060547,4
PART-6-1,5638,343.31365966796875,4
PART-6-1,5639,339.93910217285156,4
PART-6-1,5640,336.8583068847656,4
PART-6-1,5641,334.3423614501953,4
PART-6-1,5642,332.2057876586914,4
PART-6-1,5643,330.38838958740234,4
PART-6-1,5644,328.7496795654297,4
PART-6-1,5645,327.457275390625,4
PART-6-1,5646,327.70975494384766,4
PART-6-1,5647,330.3993148803711,4
PART-6-1,5648,335.49725341796875,4
PART-6-1,5649,341.2904739379883,4
PART-6-1,5650,344.4824905395508,4
PART-6-1,5651,345.0,4
PART-6-1,5652,344.99998474121094,4
PART-6-1,5653,344.99999237060547,4
PART-6-1,5654,343.17452239990234,4
PART-6-1,5655,345.0000228881836,4
PART-6-1,5656,345.00001525878906,4
PART-6-1,5657,345.0,4
PART-6-1,5658,345.0,4
PART-6-1,5659,344.99999237060547,4
PART-6-1,5660,344.99999237060547,4
PART-6-1,5661,343.9256591796875,4
PART-6-1,5662,339.0016632080078,4
PART-6-1,5663,330.1607666015625,4
PART-6-1,5664,320.66072845458984,4
PART-6-1,5665,312.4755325317383,4
PART-6-1,5666,305.8846740722656,4
PART-6-1,5667,300.66222381591797,4
PART-6-1,5668,296.78736114501953,4
PART-6-1,5669,294.86959075927734,4
PART-6-1,5670,295.72574615478516,4
PART-6-1,5671,299.92498779296875,4
PART-6-1,5672,307.6728973388672,4
PART-6-1,5673,318.5098571777344,4
PART-6-1,5674,331.38269805908203,4
PART-6-1,5675,341.58715057373047,4
PART-6-1,5676,344.99999237060547,4
PART-6-1,5677,344.99999237060547,4
PART-6-1,5678,345.0,4
PART-6-1,5679,342.1322708129883,4
PART-6-1,5680,345.00000762939453,4
PART-6-1,5681,345.00000762939453,4
PART-6-1,5682,345.0,4
PART-6-1,5683,345.0,4
PART-6-1,5684,344.99999237060547,4
PART-6-1,5685,344.99999237060547,4
PART-6-1,5686,338.40179443359375,4
PART-6-1,5687,322.70484161376953,4
PART-6-1,5688,305.5916290283203,4
PART-6-1,5689,290.79454040527344,4
PART-6-1,5690,278.46054458618164,4
PART-6-1,5691,268.65224838256836,4
PART-6-1,5692,261.4881935119629,4
PART-6-1,5693,257.2800178527832,4
PART-6-1,5694,256.76412200927734,4
PART-6-1,5695,260.7058448791504,4
PART-6-1,5696,269.43700790405273,4
PART-6-1,5697,282.6639404296875,4
PART-6-1,5698,299.33455657958984,4
PART-6-1,5699,318.56837463378906,4
PART-6-1,5700,336.89196014404297,4
PART-6-1,5701,345.0,4
PART-6-1,5702,345.00001525878906,4
PART-6-1,5703,345.0000228881836,4
PART-6-1,5704,341.8459930419922,4
PART-6-1,5705,345.00000762939453,4
PART-6-1,5706,345.00001525878906,4
PART-6-1,5707,345.00001525878906,4
PART-6-1,5708,345.00001525878906,4
PART-6-1,5709,345.00000762939453,4
PART-6-1,5710,341.7038879394531,4
PART-6-1,5711,326.0746078491211,4
PART-6-1,5712,301.907470703125,4
PART-6-1,5713,279.41675567626953,4
PART-6-1,5714,259.601806640625,4
PART-6-1,5715,242.9536018371582,4
PART-6-1,5716,229.8486557006836,4
PART-6-1,5717,220.7947120666504,4
PART-6-1,5718,216.53297805786133,4
PART-6-1,5719,217.8916130065918,4
PART-6-1,5720,225.44375610351562,4
PART-6-1,5721,243.27423095703125,4
PART-6-1,5722,269.3865509033203,4
PART-6-1,5723,296.5400161743164,4
PART-6-1,5724,322.30774688720703,4
PART-6-1,5725,339.78731536865234,4
PART-6-1,5726,345.00000762939453,4
PART-6-1,5727,345.00001525878906,4
PART-6-1,5728,345.00001525878906,4
PART-6-1,5729,343.6928939819336,4
PART-6-1,5730,345.00001525878906,4
PART-6-1,5731,345.0000228881836,4
PART-6-1,5732,345.00001525878906,4
PART-6-1,5733,345.0000228881836,4
PART-6-1,5734,345.00001525878906,4
PART-6-1,5735,335.14918518066406,4
PART-6-1,5736,310.7889175415039,4
PART-6-1,5737,282.15370178222656,4
PART-6-1,5738,255.07468032836914,4
PART-6-1,5739,230.74961853027344,4
PART-6-1,5740,210.07080841064453,4
PART-6-1,5741,193.93536758422852,4
PART-6-1,5742,184.41225051879883,4
PART-6-1,5743,186.56076431274414,4
PART-6-1,5744,199.91808319091797,4
PART-6-1,5745,219.71013641357422,4
PART-6-1,5746,248.56759643554688,4
PART-6-1,5747,283.5135269165039,4
PART-6-1,5748,316.76676177978516,4
PART-6-1,5749,338.8268356323242,4
PART-6-1,5750,345.0000457763672,4
PART-6-1,5751,345.00001525878906,4
PART-6-1,5752,345.00000762939453,4
PART-6-1,5753,345.0,4
PART-6-1,5754,345.0,4
PART-6-1,5755,345.00001525878906,4
PART-6-1,5756,345.00001525878906,4
PART-6-1,5757,345.00000762939453,4
PART-6-1,5758,345.00001525878906,4
PART-6-1,5759,343.6996841430664,4
PART-6-1,5760,329.27034759521484,4
PART-6-1,5761,301.8649444580078,4
PART-6-1,5762,273.25543212890625,4
PART-6-1,5763,245.60475158691406,4
PART-6-1,5764,220.9984359741211,4
PART-6-1,5765,201.47825241088867,4
PART-6-1,5766,188.96087646484375,4
PART-6-1,5767,185.88829040527344,4
PART-6-1,5768,196.67975234985352,4
PART-6-1,5769,219.43825149536133,4
PART-6-1,5770,247.90023040771484,4
PART-6-1,5771,279.3130226135254,4
PART-6-1,5772,311.30531311035156,4
PART-6-1,5773,336.0831985473633,4
PART-6-1,5774,345.00000762939453,4
PART-6-1,5775,345.00001525878906,4
PART-6-1,5776,345.00000762939453,4
PART-6-1,5777,345.0,4
PART-6-1,5778,344.99999237060547,4
PART-6-1,5779,344.99998474121094,4
PART-6-1,5780,345.00000762939453,4
PART-6-1,5781,345.00000762939453,4
PART-6-1,5782,345.00001525878906,4
PART-6-1,5783,345.00001525878906,4
PART-6-1,5784,343.69966888427734,4
PART-6-1,5785,333.2198791503906,4
PART-6-1,5786,311.9506149291992,4
PART-6-1,5787,287.30945587158203,4
PART-6-1,5788,263.0534324645996,4
PART-6-1,5789,241.89020538330078,4
PART-6-1,5790,226.62044143676758,4
PART-6-1,5791,219.67877197265625,4
PART-6-1,5792,222.3779640197754,4
PART-6-1,5793,234.4566650390625,4
PART-6-1,5794,254.2051773071289,4
PART-6-1,5795,279.26630783081055,4
PART-6-1,5796,307.13196563720703,4
PART-6-1,5797,331.8905487060547,4
PART-6-1,5798,343.67256927490234,4
PART-6-1,5799,344.99999237060547,4
PART-6-1,5800,344.99999237060547,4
PART-6-1,5801,345.00000762939453,4
PART-6-1,5802,345.00000762939453,4
PART-6-1,5803,344.99999237060547,4
PART-6-1,5804,344.99999237060547,4
PART-6-1,5805,345.00000762939453,4
PART-6-1,5806,345.00001525878906,4
PART-6-1,5807,345.0000228881836,4
PART-6-1,5808,345.00001525878906,4
PART-6-1,5809,344.99999237060547,4
PART-6-1,5810,342.39483642578125,4
PART-6-1,5811,331.2503356933594,4
PART-6-1,5812,312.1563491821289,4
PART-6-1,5813,291.6690444946289,4
PART-6-1,5814,273.73289489746094,4
PART-6-1,5815,260.8005065917969,4
PART-6-1,5816,254.8770980834961,4
PART-6-1,5817,257.08141326904297,4
PART-6-1,5818,267.25887298583984,4
PART-6-1,5819,284.18943786621094,4
PART-6-1,5820,305.8844299316406,4
PART-6-1,5821,328.4354934692383,4
PART-6-1,5822,342.12174224853516,4
PART-6-1,5823,345.0,4
PART-6-1,5824,344.99998474121094,4
PART-6-1,5825,344.99998474121094,4
PART-6-1,5826,345.00000762939453,4
PART-6-1,5827,345.00000762939453,4
PART-6-1,5828,345.0,4
PART-6-1,5829,345.0,4
PART-6-1,5830,345.0000228881836,4
PART-6-1,5831,345.0000305175781,4
PART-6-1,5832,345.0000305175781,4
PART-6-1,5833,345.0000228881836,4
PART-6-1,5834,345.00001525878906,4
PART-6-1,5835,345.0000228881836,4
PART-6-1,5836,341.97423553466797,4
PART-6-1,5837,331.03182220458984,4
PART-6-1,5838,314.7981948852539,4
PART-6-1,5839,299.7130355834961,4
PART-6-1,5840,288.7525405883789,4
PART-6-1,5841,283.62445068359375,4
PART-6-1,5842,285.28507232666016,4
PART-6-1,5843,293.7305221557617,4
PART-6-1,5844,307.9968719482422,4
PART-6-1,5845,326.60072326660156,4
PART-6-1,5846,340.8936538696289,4
PART-6-1,5847,345.0,4
PART-6-1,5848,345.0,4
PART-6-1,5849,344.99999237060547,4
PART-6-1,5850,344.99999237060547,4
PART-6-1,5851,345.00000762939453,4
PART-6-1,5852,345.0,4
PART-6-1,5853,344.99999237060547,4
PART-6-1,5854,345.0,4
PART-6-1,5855,345.0000228881836,4
PART-6-1,5856,345.0000305175781,4
PART-6-1,5857,345.0000305175781,4
PART-6-1,5858,345.0000305175781,4
PART-6-1,5859,345.0000457763672,4
PART-6-1,5860,345.00003814697266,4
PART-6-1,5861,345.00000762939453,4
PART-6-1,5862,341.87890625,4
PART-6-1,5863,332.13927459716797,4
PART-6-1,5864,319.80045318603516,4
PART-6-1,5865,310.4240417480469,4
PART-6-1,5866,305.8316116333008,4
PART-6-1,5867,306.89271545410156,4
PART-6-1,5868,313.6997604370117,4
PART-6-1,5869,325.5616760253906,4
PART-6-1,5870,338.7767333984375,4
PART-6-1,5871,344.9697570800781,4
PART-6-1,5872,345.00001525878906,4
PART-6-1,5873,345.00001525878906,4
PART-6-1,5874,345.00000762939453,4
PART-6-1,5875,345.00000762939453,4
PART-6-1,5876,345.00001525878906,4
PART-6-1,5877,345.00000762939453,4
PART-6-1,5878,344.99999237060547,4
PART-6-1,5879,345.0,4
PART-6-1,5880,345.0000305175781,4
PART-6-1,5881,345.0000457763672,4
PART-6-1,5882,345.00003814697266,4
PART-6-1,5883,345.0000305175781,4
PART-6-1,5884,345.0000457763672,4
PART-6-1,5885,345.0000305175781,4
PART-6-1,5886,345.0,4
PART-6-1,5887,345.0,4
PART-6-1,5888,342.15899658203125,4
PART-6-1,5889,334.5065231323242,4
PART-6-1,5890,326.46885681152344,4
PART-6-1,5891,322.19017028808594,4
PART-6-1,5892,322.58374786376953,4
PART-6-1,5893,327.84098052978516,4
PART-6-1,5894,336.91046142578125,4
PART-6-1,5895,343.58438873291016,4
PART-6-1,5896,345.00000762939453,4
PART-6-1,5897,345.0000228881836,4
PART-6-1,5898,345.00001525878906,4
PART-6-1,5899,345.00000762939453,4
PART-6-1,5900,345.00000762939453,4
PART-6-1,5901,345.00000762939453,4
PART-6-1,5902,345.00000762939453,4
PART-6-1,5903,345.0,4
PART-6-1,5904,345.0,4
PART-6-1,5905,345.00003814697266,4
PART-6-1,5906,345.0000534057617,4
PART-6-1,5907,345.0000534057617,4
PART-6-1,5908,345.0000305175781,4
PART-6-1,5909,345.0000228881836,4
PART-6-1,5910,345.00001525878906,4
PART-6-1,5911,345.00000762939453,4
PART-6-1,5912,345.0,4
PART-6-1,5913,345.00000762939453,4
PART-6-1,5914,342.79872131347656,4
PART-6-1,5915,337.8333435058594,4
PART-6-1,5916,333.91783905029297,4
PART-6-1,5917,333.6254425048828,4
PART-6-1,5918,337.39881134033203,4
PART-6-1,5919,342.65657806396484,4
PART-6-1,5920,345.0,4
PART-6-1,5921,345.00001525878906,4
PART-6-1,5922,345.0000228881836,4
PART-6-1,5923,345.00001525878906,4
PART-6-1,5924,345.00001525878906,4
PART-6-1,5925,345.00000762939453,4
PART-6-1,5926,345.0,4
PART-6-1,5927,345.0000228881836,4
PART-6-1,5928,345.0000228881836,4
PART-6-1,5929,345.00000762939453,4
PART-6-1,5930,345.0000457763672,4
PART-6-1,5931,345.0000305175781,4
PART-6-1,5932,345.0000457763672,4
PART-6-1,5933,345.00003814697266,4
PART-6-1,5934,345.00001525878906,4
PART-6-1,5935,345.00000762939453,4
PART-6-1,5936,345.00000762939453,4
PART-6-1,5937,345.00000762939453,4
PART-6-1,5938,345.00000762939453,4
PART-6-1,5939,345.00001525878906,4
PART-6-1,5940,343.7337875366211,4
PART-6-1,5941,341.86653900146484,4
PART-6-1,5942,341.5609359741211,4
PART-6-1,5943,343.1001968383789,4
PART-6-1,5944,344.67201232910156,4
PART-6-1,5945,344.99999237060547,4
PART-6-1,5946,345.0000228881836,4
PART-6-1,5947,345.00001525878906,4
PART-6-1,5948,345.00000762939453,4
PART-6-1,5949,345.00001525878906,4
PART-6-1,5950,345.00000762939453,4
PART-6-1,5951,345.0,4
PART-6-1,5952,345.0000305175781,4
PART-6-1,5953,345.0000686645508,4
PART-6-1,5954,345.0000534057617,4
PART-6-1,5955,345.0000534057617,4
PART-6-1,5956,345.00000762939453,4
PART-6-1,5957,345.0000305175781,4
PART-6-1,5958,345.0000457763672,4
PART-6-1,5959,345.00000762939453,4
PART-6-1,5960,345.0,4
PART-6-1,5961,345.00000762939453,4
PART-6-1,5962,345.00000762939453,4
PART-6-1,5963,345.00001525878906,4
PART-6-1,5964,345.00001525878906,4
PART-6-1,5965,345.00000762939453,4
PART-6-1,5966,344.9691467285156,4
PART-6-1,5967,344.9691467285156,4
PART-6-1,5968,344.99999237060547,4
PART-6-1,5969,344.99998474121094,4
PART-6-1,5970,345.00000762939453,4
PART-6-1,5971,345.0000228881836,4
PART-6-1,5972,345.00000762939453,4
PART-6-1,5973,345.00000762939453,4
PART-6-1,5974,345.00000762939453,4
PART-6-1,5975,345.0,4
PART-6-1,5976,345.00000762939453,4
PART-6-1,5977,345.00000762939453,4
PART-6-1,5978,345.0000457763672,4
PART-6-1,5979,345.0000534057617,4
PART-6-1,5980,345.0000534057617,4
PART-6-1,5981,345.0,4
PART-6-1,5982,345.0000228881836,4
PART-6-1,5983,345.0000457763672,4
PART-6-1,5984,345.00000762939453,4
PART-6-1,5985,345.0,4
PART-6-1,5986,345.00000762939453,4
PART-6-1,5987,345.0,4
PART-6-1,5988,345.00000762939453,4
PART-6-1,5989,345.00000762939453,4
PART-6-1,5990,344.99999237060547,4
PART-6-1,5991,344.99998474121094,4
PART-6-1,5992,344.99999237060547,4
PART-6-1,5993,345.0,4
PART-6-1,5994,345.0,4
PART-6-1,5995,345.00001525878906,4
PART-6-1,5996,345.0000228881836,4
PART-6-1,5997,345.00001525878906,4
PART-6-1,5998,345.0000228881836,4
PART-6-1,5999,345.0000228881836,4
PART-6-1,6000,345.00001525878906,4
PART-6-1,6001,345.00001525878906,4
PART-6-1,6002,345.00000762939453,4
PART-6-1,6003,345.0,4
PART-6-1,6004,345.0,4
PART-6-1,6005,345.0000762939453,4
PART-6-1,6006,345.00003814697266,4
PART-6-1,6007,345.0000305175781,4
PART-6-1,6008,345.00003814697266,4
PART-6-1,6009,345.00001525878906,4
PART-6-1,6010,345.00000762939453,4
PART-6-1,6011,345.00001525878906,4
PART-6-1,6012,345.00001525878906,4
PART-6-1,6013,345.00001525878906,4
PART-6-1,6014,345.0,4
PART-6-1,6015,344.99999237060547,4
PART-6-1,6016,345.00000762939453,4
PART-6-1,6017,345.00001525878906,4
PART-6-1,6018,345.00001525878906,4
PART-6-1,6019,345.00001525878906,4
PART-6-1,6020,345.0000228881836,4
PART-6-1,6021,345.0000305175781,4
PART-6-1,6022,345.0000305175781,4
PART-6-1,6023,345.00003814697266,4
PART-6-1,6024,345.00003814697266,4
PART-6-1,6025,345.0000305175781,4
PART-6-1,6026,345.00001525878906,4
PART-6-1,6027,345.00001525878906,4
PART-6-1,6028,345.00001525878906,4
PART-6-1,6029,345.0,4
PART-6-1,6030,345.0000762939453,4
PART-6-1,6031,345.0000534057617,4
PART-6-1,6032,345.0000228881836,4
PART-6-1,6033,345.0000228881836,4
PART-6-1,6034,345.0000228881836,4
PART-6-1,6035,345.0000228881836,4
PART-6-1,6036,345.0000305175781,4
PART-6-1,6037,345.00003814697266,4
PART-6-1,6038,345.0000457763672,4
PART-6-1,6039,345.0000305175781,4
PART-6-1,6040,345.0000228881836,4
PART-6-1,6041,345.0000305175781,4
PART-6-1,6042,345.0000228881836,4
PART-6-1,6043,345.0000228881836,4
PART-6-1,6044,345.00003814697266,4
PART-6-1,6045,345.0000457763672,4
PART-6-1,6046,345.0000534057617,4
PART-6-1,6047,345.0000534057617,4
PART-6-1,6048,345.0000534057617,4
PART-6-1,6049,345.00003814697266,4
PART-6-1,6050,345.0000228881836,4
PART-6-1,6051,345.0000228881836,4
PART-6-1,6052,345.00001525878906,4
PART-6-1,6053,345.00001525878906,4
PART-6-1,6054,345.00001525878906,4
PART-6-1,6055,345.00003814697266,4
PART-6-1,6056,345.0000305175781,4
PART-6-1,6057,345.00000762939453,4
PART-6-1,6058,345.00000762939453,4
PART-6-1,6059,345.0000228881836,4
PART-6-1,6060,345.0000305175781,4
PART-6-1,6061,345.0000305175781,4
PART-6-1,6062,345.0000457763672,4
PART-6-1,6063,345.0000534057617,4
PART-6-1,6064,345.00003814697266,4
PART-6-1,6065,345.0000305175781,4
PART-6-1,6066,345.0000305175781,4
PART-6-1,6067,345.0000228881836,4
PART-6-1,6068,345.0000305175781,4
PART-6-1,6069,345.00003814697266,4
PART-6-1,6070,345.0000305175781,4
PART-6-1,6071,345.00003814697266,4
PART-6-1,6072,345.00003814697266,4
PART-6-1,6073,345.0000228881836,4
PART-6-1,6074,345.0000228881836,4
PART-6-1,6075,345.0000305175781,4
PART-6-1,6076,345.0000228881836,4
PART-6-1,6077,345.00000762939453,4
PART-6-1,6078,345.00000762939453,4
PART-6-1,6079,345.0000228881836,4
PART-6-1,6080,345.0000305175781,4
PART-6-1,6081,345.0000305175781,4
PART-6-1,6082,345.00001525878906,4
PART-6-1,6083,345.00001525878906,4
PART-6-1,6084,345.0000305175781,4
PART-6-1,6085,345.0000534057617,4
PART-6-1,6086,345.0000305175781,4
PART-6-1,6087,345.0000228881836,4
PART-6-1,6088,345.0000457763672,4
PART-6-1,6089,345.0000457763672,4
PART-6-1,6090,345.0000305175781,4
PART-6-1,6091,345.0000228881836,4
PART-6-1,6092,345.0000305175781,4
PART-6-1,6093,345.0000457763672,4
PART-6-1,6094,345.0000305175781,4
PART-6-1,6095,344.99999237060547,4
PART-6-1,6096,345.0,4
PART-6-1,6097,345.00000762939453,4
PART-6-1,6098,344.99999237060547,4
PART-6-1,6099,345.00000762939453,4
PART-6-1,6100,345.0000305175781,4
PART-6-1,6101,345.00001525878906,4
PART-6-1,6102,345.00000762939453,4
PART-6-1,6103,345.0000228881836,4
PART-6-1,6104,345.0000228881836,4
PART-6-1,6105,239.9687156677246,4
PART-6-1,6106,243.35724258422852,4
PART-6-1,6107,239.96701049804688,4
PART-6-1,6108,235.9212989807129,4
PART-6-1,6109,234.4115333557129,4
PART-6-1,6110,236.91279220581055,4
PART-6-1,6111,244.61601638793945,4
PART-6-1,6112,255.75983428955078,4
PART-6-1,6113,275.1809883117676,4
PART-6-1,6114,304.43346405029297,4
PART-6-1,6115,332.6950225830078,4
PART-6-1,6116,330.41688537597656,4
PART-6-1,6117,227.9337387084961,4
PART-6-1,6118,232.25264739990234,4
PART-6-1,6119,232.77743530273438,4
PART-6-1,6120,235.03973770141602,4
PART-6-1,6121,238.71913528442383,4
PART-6-1,6122,243.62377548217773,4
PART-6-1,6123,250.20457077026367,4
PART-6-1,6124,260.3307991027832,4
PART-6-1,6125,273.5792999267578,4
PART-6-1,6126,293.33455657958984,4
PART-6-1,6127,301.4955940246582,4
PART-6-1,6128,264.3991508483887,4
PART-6-1,6129,219.00476837158203,4
PART-6-1,6130,228.58223342895508,4
PART-6-1,6131,234.86449813842773,4
PART-6-1,6132,239.14191818237305,4
PART-6-1,6133,242.68873977661133,4
PART-6-1,6134,246.05236434936523,4
PART-6-1,6135,250.29850006103516,4
PART-6-1,6136,255.0420913696289,4
PART-6-1,6137,259.4950942993164,4
PART-6-1,6138,258.25722885131836,4
PART-6-1,6139,235.71735382080078,4
PART-6-1,6140,189.0361557006836,4
PART-6-1,6141,221.63890075683594,4
PART-6-1,6142,231.81024169921875,4
PART-6-1,6143,238.28738403320312,4
PART-6-1,6144,243.09796905517578,4
PART-6-1,6145,246.0282096862793,4
PART-6-1,6146,247.56151962280273,4
PART-6-1,6147,247.8167724609375,4
PART-6-1,6148,245.83742904663086,4
PART-6-1,6149,239.18450546264648,4
PART-6-1,6150,221.30870056152344,4
PART-6-1,6151,190.06544494628906,4
PART-6-1,6152,152.88820266723633,4
PART-6-1,6153,241.63977813720703,4
PART-6-1,6154,238.0260353088379,4
PART-6-1,6155,242.63880157470703,4
PART-6-1,6156,248.27653884887695,4
PART-6-1,6157,251.92791748046875,4
PART-6-1,6158,252.52825164794922,4
PART-6-1,6159,248.3855209350586,4
PART-6-1,6160,238.52687072753906,4
PART-6-1,6161,221.10356903076172,4
PART-6-1,6162,196.39115142822266,4
PART-6-1,6163,166.60758209228516,4
PART-6-1,6164,134.42537689208984,4
PART-6-1,6165,345.0000228881836,4
PART-6-1,6166,345.00000762939453,4
PART-6-1,6167,345.0000305175781,4
PART-6-1,6168,345.0000228881836,4
PART-6-1,6169,344.99999237060547,4
PART-6-1,6170,344.99999237060547,4
PART-6-1,6171,344.99999237060547,4
PART-6-1,6172,344.99999237060547,4
PART-6-1,6173,344.99999237060547,4
PART-6-1,6174,345.00000762939453,4
PART-6-1,6175,345.0000305175781,4
PART-6-1,6176,345.0000305175781,4
PART-6-1,6177,345.00000762939453,4
PART-6-1,6178,345.00001525878906,4
PART-6-1,6179,345.0000305175781,4
PART-6-1,6180,345.0000228881836,4
PART-6-1,6181,345.0,4
PART-6-1,6182,345.0,4
PART-6-1,6183,345.0,4
PART-6-1,6184,345.00000762939453,4
PART-6-1,6185,345.00003814697266,4
PART-6-1,6186,345.0000305175781,4
PART-6-1,6187,345.00001525878906,4
PART-6-1,6188,345.00001525878906,4
PART-6-1,6189,345.0000228881836,4
PART-6-1,6190,345.0000305175781,4
PART-6-1,6191,345.00001525878906,4
PART-6-1,6192,345.0000228881836,4
PART-6-1,6193,345.00001525878906,4
PART-6-1,6194,344.99999237060547,4
PART-6-1,6195,344.99999237060547,4
PART-6-1,6196,344.99998474121094,4
PART-6-1,6197,344.99998474121094,4
PART-6-1,6198,344.99999237060547,4
PART-6-1,6199,345.0,4
PART-6-1,6200,344.46636962890625,4
PART-6-1,6201,341.5453186035156,4
PART-6-1,6202,338.4841995239258,4
PART-6-1,6203,338.57337188720703,4
PART-6-1,6204,341.6184616088867,4
PART-6-1,6205,344.4503402709961,4
PART-6-1,6206,345.0,4
PART-6-1,6207,345.00000762939453,4
PART-6-1,6208,345.0,4
PART-6-1,6209,344.99999237060547,4
PART-6-1,6210,345.0000305175781,4
PART-6-1,6211,345.0000457763672,4
PART-6-1,6212,345.0000228881836,4
PART-6-1,6213,345.00000762939453,4
PART-6-1,6214,345.00000762939453,4
PART-6-1,6215,345.0000228881836,4
PART-6-1,6216,345.0000228881836,4
PART-6-1,6217,345.00001525878906,4
PART-6-1,6218,345.00000762939453,4
PART-6-1,6219,345.00000762939453,4
PART-6-1,6220,345.00001525878906,4
PART-6-1,6221,345.00001525878906,4
PART-6-1,6222,345.00001525878906,4
PART-6-1,6223,345.00001525878906,4
PART-6-1,6224,341.29100799560547,4
PART-6-1,6225,333.0546340942383,4
PART-6-1,6226,323.7217330932617,4
PART-6-1,6227,317.57276916503906,4
PART-6-1,6228,318.1193161010742,4
PART-6-1,6229,324.96913146972656,4
PART-6-1,6230,334.43077850341797,4
PART-6-1,6231,341.96630859375,4
PART-6-1,6232,345.00001525878906,4
PART-6-1,6233,345.0,4
PART-6-1,6234,345.00001525878906,4
PART-6-1,6235,345.0000457763672,4
PART-6-1,6236,345.0000457763672,4
PART-6-1,6237,345.0000228881836,4
PART-6-1,6238,345.00001525878906,4
PART-6-1,6239,345.00001525878906,4
PART-6-1,6240,345.0000228881836,4
PART-6-1,6241,345.00003814697266,4
PART-6-1,6242,345.0000228881836,4
PART-6-1,6243,345.00000762939453,4
PART-6-1,6244,345.00000762939453,4
PART-6-1,6245,345.0000228881836,4
PART-6-1,6246,345.00003814697266,4
PART-6-1,6247,345.0000305175781,4
PART-6-1,6248,338.34588623046875,4
PART-6-1,6249,322.0155715942383,4
PART-6-1,6250,303.9194793701172,4
PART-6-1,6251,290.63812255859375,4
PART-6-1,6252,284.6582794189453,4
PART-6-1,6253,286.18314361572266,4
PART-6-1,6254,294.7791290283203,4
PART-6-1,6255,309.48157501220703,4
PART-6-1,6256,327.17700958251953,4
PART-6-1,6257,340.56136322021484,4
PART-6-1,6258,345.00000762939453,4
PART-6-1,6259,345.0000305175781,4
PART-6-1,6260,345.0000457763672,4
PART-6-1,6261,345.00003814697266,4
PART-6-1,6262,345.0000305175781,4
PART-6-1,6263,345.0000305175781,4
PART-6-1,6264,345.0000228881836,4
PART-6-1,6265,345.00003814697266,4
PART-6-1,6266,345.0000534057617,4
PART-6-1,6267,345.00003814697266,4
PART-6-1,6268,345.00001525878906,4
PART-6-1,6269,345.0,4
PART-6-1,6270,345.00000762939453,4
PART-6-1,6271,345.00003814697266,4
PART-6-1,6272,336.2214813232422,4
PART-6-1,6273,312.6447448730469,4
PART-6-1,6274,285.13554763793945,4
PART-6-1,6275,263.3328285217285,4
PART-6-1,6276,249.31432342529297,4
PART-6-1,6277,243.83517837524414,4
PART-6-1,6278,246.90020370483398,4
PART-6-1,6279,257.85638427734375,4
PART-6-1,6280,275.6467590332031,4
PART-6-1,6281,298.9231262207031,4
PART-6-1,6282,323.994873046875,4
PART-6-1,6283,340.6209030151367,4
PART-6-1,6284,345.0000228881836,4
PART-6-1,6285,345.0000305175781,4
PART-6-1,6286,345.0000228881836,4
PART-6-1,6287,345.0000228881836,4
PART-6-1,6288,345.0000305175781,4
PART-6-1,6289,345.0000228881836,4
PART-6-1,6290,345.0000305175781,4
PART-6-1,6291,345.00003814697266,4
PART-6-1,6292,345.00003814697266,4
PART-6-1,6293,345.00001525878906,4
PART-6-1,6294,344.99999237060547,4
PART-6-1,6295,344.99999237060547,4
PART-6-1,6296,335.81502532958984,4
PART-6-1,6297,307.5161666870117,4
PART-6-1,6298,270.9434623718262,4
PART-6-1,6299,239.35944366455078,4
PART-6-1,6300,215.41305923461914,4
PART-6-1,6301,200.7325668334961,4
PART-6-1,6302,196.17092895507812,4
PART-6-1,6303,201.53103637695312,4
PART-6-1,6304,215.70135116577148,4
PART-6-1,6305,237.1342887878418,4
PART-6-1,6306,264.2670440673828,4
PART-6-1,6307,295.6336212158203,4
PART-6-1,6308,325.8385467529297,4
PART-6-1,6309,342.24230194091797,4
PART-6-1,6310,345.00001525878906,4
PART-6-1,6311,345.00001525878906,4
PART-6-1,6312,345.00001525878906,4
PART-6-1,6313,345.0000228881836,4
PART-6-1,6314,345.0000228881836,4
PART-6-1,6315,345.0000228881836,4
PART-6-1,6316,345.0000228881836,4
PART-6-1,6317,345.0000305175781,4
PART-6-1,6318,345.00001525878906,4
PART-6-1,6319,345.0,4
PART-6-1,6320,337.66136932373047,4
PART-6-1,6321,309.2293930053711,4
PART-6-1,6322,266.0452308654785,4
PART-6-1,6323,224.3734245300293,4
PART-6-1,6324,188.8883819580078,4
PART-6-1,6325,162.10247230529785,4
PART-6-1,6326,146.5226001739502,4
PART-6-1,6327,143.5451488494873,4
PART-6-1,6328,152.5033664703369,4
PART-6-1,6329,171.11229705810547,4
PART-6-1,6330,196.91566848754883,4
PART-6-1,6331,228.04281997680664,4
PART-6-1,6332,263.0462760925293,4
PART-6-1,6333,300.70164489746094,4
PART-6-1,6334,332.52429962158203,4
PART-6-1,6335,345.00000762939453,4
PART-6-1,6336,345.0000228881836,4
PART-6-1,6337,345.00001525878906,4
PART-6-1,6338,345.00001525878906,4
PART-6-1,6339,345.0000228881836,4
PART-6-1,6340,345.0000457763672,4
PART-6-1,6341,345.00003814697266,4
PART-6-1,6342,345.00003814697266,4
PART-6-1,6343,345.00001525878906,4
PART-6-1,6344,345.00001525878906,4
PART-6-1,6345,336.67139434814453,4
PART-6-1,6346,305.31878662109375,4
PART-6-1,6347,259.85086822509766,4
PART-6-1,6348,217.70612335205078,4
PART-6-1,6349,181.89926147460938,4
PART-6-1,6350,154.8339786529541,4
PART-6-1,6351,139.1771183013916,4
PART-6-1,6352,136.3029727935791,4
PART-6-1,6353,145.58693504333496,4
PART-6-1,6354,164.62459182739258,4
PART-6-1,6355,190.9093246459961,4
PART-6-1,6356,222.46831130981445,4
PART-6-1,6357,257.88122177124023,4
PART-6-1,6358,295.92313385009766,4
PART-6-1,6359,330.2017822265625,4
PART-6-1,6360,345.00000762939453,4
PART-6-1,6361,345.00001525878906,4
PART-6-1,6362,345.00000762939453,4
PART-6-1,6363,345.0,4
PART-6-1,6364,345.00001525878906,4
PART-6-1,6365,345.0000686645508,4
PART-6-1,6366,345.0000457763672,4
PART-6-1,6367,345.00003814697266,4
PART-6-1,6368,345.0000228881836,4
PART-6-1,6369,345.0000228881836,4
PART-6-1,6370,344.01001739501953,4
PART-6-1,6371,329.6092300415039,4
PART-6-1,6372,296.1994285583496,4
PART-6-1,6373,258.32865142822266,4
PART-6-1,6374,226.03743362426758,4
PART-6-1,6375,201.61138534545898,4
PART-6-1,6376,186.69557571411133,4
PART-6-1,6377,182.2205924987793,4
PART-6-1,6378,187.97211456298828,4
PART-6-1,6379,202.7220458984375,4
PART-6-1,6380,224.81209182739258,4
PART-6-1,6381,252.59751892089844,4
PART-6-1,6382,284.56463623046875,4
PART-6-1,6383,318.1216354370117,4
PART-6-1,6384,339.9197769165039,4
PART-6-1,6385,345.0,4
PART-6-1,6386,345.00000762939453,4
PART-6-1,6387,345.00000762939453,4
PART-6-1,6388,344.99999237060547,4
PART-6-1,6389,345.00000762939453,4
PART-6-1,6390,345.00006103515625,4
PART-6-1,6391,345.00003814697266,4
PART-6-1,6392,345.0000228881836,4
PART-6-1,6393,345.00001525878906,4
PART-6-1,6394,345.00001525878906,4
PART-6-1,6395,345.00000762939453,4
PART-6-1,6396,342.70484161376953,4
PART-6-1,6397,329.292724609375,4
PART-6-1,6398,302.3199462890625,4
PART-6-1,6399,273.4711151123047,4
PART-6-1,6400,251.1400032043457,4
PART-6-1,6401,236.76458358764648,4
PART-6-1,6402,231.10393524169922,4
PART-6-1,6403,234.12054824829102,4
PART-6-1,6404,245.1479949951172,4
PART-6-1,6405,263.0627326965332,4
PART-6-1,6406,286.5375061035156,4
PART-6-1,6407,314.2192153930664,4
PART-6-1,6408,336.97669982910156,4
PART-6-1,6409,345.00001525878906,4
PART-6-1,6410,345.00001525878906,4
PART-6-1,6411,345.00001525878906,4
PART-6-1,6412,345.00000762939453,4
PART-6-1,6413,345.00000762939453,4
PART-6-1,6414,345.0000228881836,4
PART-6-1,6415,345.00003814697266,4
PART-6-1,6416,345.0000228881836,4
PART-6-1,6417,345.00000762939453,4
PART-6-1,6418,345.0,4
PART-6-1,6419,345.0,4
PART-6-1,6420,345.00000762939453,4
PART-6-1,6421,345.00000762939453,4
PART-6-1,6422,343.1936340332031,4
PART-6-1,6423,333.7939682006836,4
PART-6-1,6424,314.2209167480469,4
PART-6-1,6425,293.58872985839844,4
PART-6-1,6426,279.8388977050781,4
PART-6-1,6427,273.4453239440918,4
PART-6-1,6428,274.5679740905762,4
PART-6-1,6429,282.80018615722656,4
PART-6-1,6430,297.2680206298828,4
PART-6-1,6431,316.80899810791016,4
PART-6-1,6432,335.64195251464844,4
PART-6-1,6433,344.29420471191406,4
PART-6-1,6434,345.0000305175781,4
PART-6-1,6435,345.0000305175781,4
PART-6-1,6436,345.0000228881836,4
PART-6-1,6437,345.00001525878906,4
PART-6-1,6438,345.0000228881836,4
PART-6-1,6439,345.0000228881836,4
PART-6-1,6440,345.0000228881836,4
PART-6-1,6441,345.00001525878906,4
PART-6-1,6442,345.00000762939453,4
PART-6-1,6443,345.00000762939453,4
PART-6-1,6444,345.00000762939453,4
PART-6-1,6445,345.00001525878906,4
PART-6-1,6446,345.00001525878906,4
PART-6-1,6447,345.00000762939453,4
PART-6-1,6448,344.8253936767578,4
PART-6-1,6449,338.8279113769531,4
PART-6-1,6450,326.41292572021484,4
PART-6-1,6451,314.8061294555664,4
PART-6-1,6452,308.1470947265625,4
PART-6-1,6453,308.0250701904297,4
PART-6-1,6454,314.02327728271484,4
PART-6-1,6455,325.6597900390625,4
PART-6-1,6456,337.862548828125,4
PART-6-1,6457,343.9523391723633,4
PART-6-1,6458,345.0000228881836,4
PART-6-1,6459,345.0000305175781,4
PART-6-1,6460,345.00003814697266,4
PART-6-1,6461,345.00003814697266,4
PART-6-1,6462,345.0000228881836,4
PART-6-1,6463,345.0000228881836,4
PART-6-1,6464,345.00001525878906,4
PART-6-1,6465,345.0000457763672,4
PART-6-1,6466,345.00001525878906,4
PART-6-1,6467,345.00000762939453,4
PART-6-1,6468,345.00001525878906,4
PART-6-1,6469,345.00001525878906,4
PART-6-1,6470,345.00000762939453,4
PART-6-1,6471,345.00001525878906,4
PART-6-1,6472,345.00000762939453,4
PART-6-1,6473,345.0,4
PART-6-1,6474,345.00001525878906,4
PART-6-1,6475,342.49576568603516,4
PART-6-1,6476,337.5707015991211,4
PART-6-1,6477,334.04154205322266,4
PART-6-1,6478,333.7502746582031,4
PART-6-1,6479,336.4347686767578,4
PART-6-1,6480,341.6247329711914,4
PART-6-1,6481,344.9736633300781,4
PART-6-1,6482,345.0000228881836,4
PART-6-1,6483,345.00000762939453,4
PART-6-1,6484,345.00000762939453,4
PART-6-1,6485,345.0000305175781,4
PART-6-1,6486,345.00003814697266,4
PART-6-1,6487,345.00001525878906,4
PART-6-1,6488,345.00001525878906,4
PART-6-1,6489,345.00000762939453,4
PART-6-1,6490,345.0000534057617,4
PART-6-1,6491,345.0000228881836,4
PART-6-1,6492,345.00000762939453,4
PART-6-1,6493,345.0000228881836,4
PART-6-1,6494,345.0000305175781,4
PART-6-1,6495,345.00000762939453,4
PART-6-1,6496,345.00001525878906,4
PART-6-1,6497,345.00000762939453,4
PART-6-1,6498,344.99998474121094,4
PART-6-1,6499,345.0,4
PART-6-1,6500,345.00001525878906,4
PART-6-1,6501,345.00000762939453,4
PART-6-1,6502,344.7931442260742,4
PART-6-1,6503,344.79315185546875,4
PART-6-1,6504,345.0000228881836,4
PART-6-1,6505,345.0000305175781,4
PART-6-1,6506,345.00003814697266,4
PART-6-1,6507,345.00000762939453,4
PART-6-1,6508,344.9999771118164,4
PART-6-1,6509,345.00000762939453,4
PART-6-1,6510,345.0000305175781,4
PART-6-1,6511,345.0000228881836,4
PART-6-1,6512,345.00000762939453,4
PART-6-1,6513,345.00001525878906,4
PART-6-1,6514,345.00000762939453,4
PART-6-1,6515,338.96016693115234,4
PART-6-1,6516,318.9480438232422,4
PART-6-1,6517,285.25295639038086,4
PART-6-1,6518,256.0543556213379,4
PART-6-1,6519,240.29080963134766,4
PART-6-1,6520,233.88886642456055,4
PART-6-1,6521,237.29515838623047,4
PART-6-1,6522,244.6948471069336,4
PART-6-1,6523,252.68255233764648,4
PART-6-1,6524,258.1532974243164,4
PART-6-1,6525,258.8185844421387,4
PART-6-1,6526,256.63293838500977,4
PART-6-1,6527,339.6036682128906,4
PART-6-1,6528,316.925048828125,4
PART-6-1,6529,283.4189224243164,4
PART-6-1,6530,259.2217025756836,4
PART-6-1,6531,246.46957778930664,4
PART-6-1,6532,239.22967910766602,4
PART-6-1,6533,237.22174453735352,4
PART-6-1,6534,238.76929092407227,4
PART-6-1,6535,242.11272048950195,4
PART-6-1,6536,247.24715042114258,4
PART-6-1,6537,253.88550567626953,4
PART-6-1,6538,329.93065643310547,4
PART-6-1,6539,331.2675094604492,4
PART-6-1,6540,302.08919525146484,4
PART-6-1,6541,273.64771270751953,4
PART-6-1,6542,254.75641632080078,4
PART-6-1,6543,243.97469329833984,4
PART-6-1,6544,236.4924659729004,4
PART-6-1,6545,235.1123924255371,4
PART-6-1,6546,237.73370742797852,4
PART-6-1,6547,242.73932647705078,4
PART-6-1,6548,246.83491134643555,4
PART-6-1,6549,244.03453063964844,4
PART-6-1,6550,263.4052734375,4
PART-6-1,6551,299.543212890625,4
PART-6-1,6552,290.8738327026367,4
PART-6-1,6553,271.99620056152344,4
PART-6-1,6554,259.3375587463379,4
PART-6-1,6555,249.67009735107422,4
PART-6-1,6556,243.4337615966797,4
PART-6-1,6557,238.77888107299805,4
PART-6-1,6558,235.3901596069336,4
PART-6-1,6559,234.26431274414062,4
PART-6-1,6560,235.34984588623047,4
PART-6-1,6561,232.13888549804688,4
PART-6-1,6562,188.38523864746094,4
PART-6-1,6563,234.16111755371094,4
PART-6-1,6564,256.44983291625977,4
PART-6-1,6565,258.0972023010254,4
PART-6-1,6566,254.14748764038086,4
PART-6-1,6567,249.8334197998047,4
PART-6-1,6568,245.98442459106445,4
PART-6-1,6569,242.9808464050293,4
PART-6-1,6570,239.75823593139648,4
PART-6-1,6571,235.8670425415039,4
PART-6-1,6572,230.94831466674805,4
PART-6-1,6573,223.29339218139648,4
PART-6-1,6574,152.84433555603027,4
PART-6-1,6575,189.56519317626953,4
PART-6-1,6576,220.44605255126953,4
PART-6-1,6577,238.2600860595703,4
PART-6-1,6578,245.0976333618164,4
PART-6-1,6579,247.349853515625,4
PART-6-1,6580,247.4278450012207,4
PART-6-1,6581,246.30592346191406,4
PART-6-1,6582,243.8761444091797,4
PART-6-1,6583,239.70323181152344,4
PART-6-1,6584,234.2305450439453,4
PART-6-1,6585,226.2472915649414,4
PART-6-1,6586,134.74052619934082,4
PART-6-1,6587,166.7178840637207,4
PART-6-1,6588,196.2415542602539,4
PART-6-1,6589,220.70644760131836,4
PART-6-1,6590,237.9684715270996,4
PART-6-1,6591,247.79651260375977,4
PART-6-1,6592,252.0725212097168,4
PART-6-1,6593,251.82053756713867,4
PART-6-1,6594,248.80012130737305,4
PART-6-1,6595,244.14349365234375,4
PART-6-1,6596,240.9539337158203,4
PART-6-1,6597,247.20676040649414,4
PART-6-1,6598,269.2656936645508,4
PART-6-1,6599,269.6265182495117,4
PART-6-1,6600,271.53277587890625,4
PART-6-1,6601,271.36095428466797,4
PART-6-1,6602,267.32872009277344,4
PART-6-1,6603,258.9350395202637,4
PART-6-1,6604,246.91681671142578,4
PART-6-1,6605,242.39791107177734,4
PART-6-1,6606,238.83732986450195,4
PART-6-1,6607,246.16873168945312,4
PART-6-1,6608,272.4275779724121,4
PART-6-1,6609,288.5696907043457,4
PART-6-1,6610,288.3244323730469,4
PART-6-1,6611,289.8161926269531,4
PART-6-1,6612,279.42796325683594,4
PART-6-1,6613,252.21905517578125,4
PART-6-1,6614,239.5905647277832,4
PART-6-1,6615,237.4488754272461,4
PART-6-1,6616,239.1840362548828,4
PART-6-1,6617,244.28278350830078,4
PART-6-1,6618,249.24082565307617,4
PART-6-1,6619,255.0853729248047,4
PART-6-1,6620,261.2063980102539,4
PART-6-1,6621,271.5209274291992,4
PART-6-1,6622,281.59515380859375,4
PART-6-1,6623,279.4919662475586,4
PART-6-1,6624,283.0497131347656,4
PART-6-1,6625,287.32264709472656,4
PART-6-1,6626,289.69483947753906,4
PART-6-1,6627,288.61224365234375,4
PART-6-1,6628,283.57896423339844,4
PART-6-1,6629,274.9929542541504,4
PART-6-1,6630,263.1029586791992,4
PART-6-1,6631,252.33258438110352,4
PART-6-1,6632,257.0981101989746,4
PART-6-1,6633,255.9026336669922,4
PART-6-1,6634,241.35368728637695,4
PART-6-1,6635,250.31795501708984,4
PART-6-1,6636,252.66352462768555,4
PART-6-1,6637,244.22821426391602,4
PART-6-1,6638,247.47550582885742,4
PART-6-1,6639,252.43822479248047,4
PART-6-1,6640,260.21467208862305,4
PART-6-1,6641,264.97388458251953,4
PART-6-1,6642,267.5647277832031,4
PART-6-1,6643,270.43406677246094,4
PART-6-1,6644,277.1754684448242,4
PART-6-1,6645,292.73573303222656,4
PART-6-1,6646,293.7701110839844,4
PART-6-1,6647,288.9961166381836,4
PART-6-1,6648,293.26768493652344,4
PART-6-1,6649,300.81785583496094,4
PART-6-1,6650,308.47534942626953,4
PART-6-1,6651,313.82373809814453,4
PART-6-1,6652,315.95865631103516,4
PART-6-1,6653,314.4098815917969,4
PART-6-1,6654,310.6959762573242,4
PART-6-1,6655,305.98690032958984,4
PART-6-1,6656,300.7827835083008,4
PART-6-1,6657,290.5722770690918,4
PART-6-1,6658,280.0240669250488,4
PART-6-1,6659,279.7213668823242,4
PART-6-1,6660,281.1459617614746,4
PART-6-1,6661,281.81213760375977,4
PART-6-1,6662,284.84608459472656,4
PART-6-1,6663,287.47176361083984,4
PART-6-1,6664,288.342529296875,4
PART-6-1,6665,287.01390075683594,4
PART-6-1,6666,285.36676025390625,4
PART-6-1,6667,286.43201446533203,4
PART-6-1,6668,295.02723693847656,4
PART-6-1,6669,316.39332580566406,4
PART-6-1,6670,305.9721374511719,4
PART-6-1,6671,298.9066848754883,4
PART-6-1,6672,302.9228210449219,4
PART-6-1,6673,312.3901062011719,4
PART-6-1,6674,323.7049102783203,4
PART-6-1,6675,333.2223434448242,4
PART-6-1,6676,337.6798553466797,4
PART-6-1,6677,338.73070526123047,4
PART-6-1,6678,338.18343353271484,4
PART-6-1,6679,337.1142349243164,4
PART-6-1,6680,333.6930847167969,4
PART-6-1,6681,329.27915954589844,4
PART-6-1,6682,326.9948196411133,4
PART-6-1,6683,324.615966796875,4
PART-6-1,6684,324.00628662109375,4
PART-6-1,6685,323.1746063232422,4
PART-6-1,6686,320.8463439941406,4
PART-6-1,6687,317.7101287841797,4
PART-6-1,6688,312.90714263916016,4
PART-6-1,6689,307.16766357421875,4
PART-6-1,6690,302.56817626953125,4
PART-6-1,6691,303.1804504394531,4
PART-6-1,6692,314.27760314941406,4
PART-6-1,6693,334.1113052368164,4
PART-6-1,6694,318.017578125,4
PART-6-1,6695,309.63392639160156,4
PART-6-1,6696,312.734375,4
PART-6-1,6697,322.6268081665039,4
PART-6-1,6698,334.9659118652344,4
PART-6-1,6699,343.05035400390625,4
PART-6-1,6700,345.0000228881836,4
PART-6-1,6701,345.00000762939453,4
PART-6-1,6702,345.0,4
PART-6-1,6703,345.0,4
PART-6-1,6704,344.99998474121094,4
PART-6-1,6705,344.99999237060547,4
PART-6-1,6706,345.00003814697266,4
PART-6-1,6707,345.0000305175781,4
PART-6-1,6708,344.0837860107422,4
PART-6-1,6709,342.7777099609375,4
PART-6-1,6710,340.9335403442383,4
PART-6-1,6711,338.1128463745117,4
PART-6-1,6712,332.8917465209961,4
PART-6-1,6713,325.1104965209961,4
PART-6-1,6714,319.3857727050781,4
PART-6-1,6715,320.53087615966797,4
PART-6-1,6716,331.5296401977539,4
PART-6-1,6717,342.2925491333008,4
PART-6-1,6718,329.53224182128906,4
PART-6-1,6719,321.3423843383789,4
PART-6-1,6720,323.09741973876953,4
PART-6-1,6721,332.0289840698242,4
PART-6-1,6722,341.4329528808594,4
PART-6-1,6723,345.0000228881836,4
PART-6-1,6724,345.00000762939453,4
PART-6-1,6725,345.00000762939453,4
PART-6-1,6726,345.0,4
PART-6-1,6727,344.99999237060547,4
PART-6-1,6728,344.99998474121094,4
PART-6-1,6729,344.99999237060547,4
PART-6-1,6730,345.0,4
PART-6-1,6731,345.0,4
PART-6-1,6732,344.99999237060547,4
PART-6-1,6733,345.0,4
PART-6-1,6734,345.00001525878906,4
PART-6-1,6735,345.00000762939453,4
PART-6-1,6736,343.19295501708984,4
PART-6-1,6737,339.15467834472656,4
PART-6-1,6738,335.609130859375,4
PART-6-1,6739,336.59063720703125,4
PART-6-1,6740,341.94322204589844,4
PART-6-1,6741,345.0,4
PART-6-1,6742,339.35716247558594,4
PART-6-1,6743,333.7205505371094,4
PART-6-1,6744,334.0611572265625,4
PART-6-1,6745,339.8826675415039,4
PART-6-1,6746,344.2352600097656,4
PART-6-1,6747,345.0000457763672,4
PART-6-1,6748,345.0,4
PART-6-1,6749,344.99999237060547,4
PART-6-1,6750,344.99999237060547,4
PART-6-1,6751,344.9999771118164,4
PART-6-1,6752,344.99998474121094,4
PART-6-1,6753,345.0,4
PART-6-1,6754,345.00000762939453,4
PART-6-1,6755,345.00000762939453,4
PART-6-1,6756,345.0,4
PART-6-1,6757,345.00000762939453,4
PART-6-1,6758,345.00001525878906,4
PART-6-1,6759,345.0000228881836,4
PART-6-1,6760,345.00001525878906,4
PART-6-1,6761,344.8628463745117,4
PART-6-1,6762,344.27674102783203,4
PART-6-1,6763,344.4138870239258,4
PART-6-1,6764,344.99999237060547,4
PART-6-1,6765,345.00000762939453,4
PART-6-1,6766,344.2770233154297,4
PART-6-1,6767,342.4969482421875,4
PART-6-1,6768,342.3279800415039,4
PART-6-1,6769,344.1080627441406,4
PART-6-1,6770,345.0000305175781,4
PART-6-1,6771,345.0000228881836,4
PART-6-1,6772,344.99998474121094,4
PART-6-1,6773,344.99998474121094,4
PART-6-1,6774,345.00000762939453,4
PART-6-1,6775,345.0,4
PART-6-1,6776,344.99999237060547,4
PART-6-1,6777,345.0,4
PART-6-1,6778,345.00001525878906,4
PART-6-1,6779,345.00001525878906,4
PART-6-1,6780,345.0,4
PART-6-1,6781,344.99999237060547,4
PART-6-1,6782,345.0,4
PART-6-1,6783,345.00001525878906,4
PART-6-1,6784,345.00000762939453,4
PART-6-1,6785,345.0,4
PART-6-1,6786,344.99999237060547,4
PART-6-1,6787,344.99999237060547,4
PART-6-1,6788,345.0,4
PART-6-1,6789,345.0,4
PART-6-1,6790,345.00000762939453,4
PART-6-1,6791,345.0,4
PART-6-1,6792,345.00000762939453,4
PART-6-1,6793,345.0,4
PART-6-1,6794,345.00000762939453,4
PART-6-1,6795,345.00003814697266,4
PART-6-1,6796,345.00001525878906,4
PART-6-1,6797,344.99999237060547,4
PART-6-1,6798,345.0,4
PART-6-1,6799,344.99999237060547,4
PART-6-1,6800,344.99999237060547,4
PART-6-1,6801,344.99999237060547,4
PART-6-1,6802,345.0,4
PART-6-1,6803,345.00000762939453,4
PART-6-1,6804,345.0,4
PART-6-1,6805,344.99998474121094,4
PART-6-1,6806,344.99999237060547,4
PART-6-1,6807,345.00000762939453,4
PART-6-1,6808,345.00000762939453,4
PART-6-1,6809,345.00000762939453,4
PART-6-1,6810,345.0,4
PART-6-1,6811,345.0,4
PART-6-1,6812,345.0,4
PART-6-1,6813,345.0,4
PART-6-1,6814,345.00000762939453,4
PART-6-1,6815,344.99999237060547,4
PART-6-1,6816,344.99999237060547,4
PART-6-1,6817,345.0,4
PART-6-1,6818,345.00000762939453,4
PART-6-1,6819,345.0000305175781,4
PART-6-1,6820,344.15435791015625,4
PART-6-1,6821,342.8701705932617,4
PART-6-1,6822,342.5589904785156,4
PART-6-1,6823,343.31939697265625,4
PART-6-1,6824,344.47625732421875,4
PART-6-1,6825,345.0,4
PART-6-1,6826,344.99999237060547,4
PART-6-1,6827,345.00001525878906,4
PART-6-1,6828,345.00000762939453,4
PART-6-1,6829,344.99999237060547,4
PART-6-1,6830,344.99998474121094,4
PART-6-1,6831,344.99999237060547,4
PART-6-1,6832,345.00001525878906,4
PART-6-1,6833,345.0000228881836,4
PART-6-1,6834,345.00000762939453,4
PART-6-1,6835,344.99999237060547,4
PART-6-1,6836,345.0,4
PART-6-1,6837,345.00001525878906,4
PART-6-1,6838,344.99999237060547,4
PART-6-1,6839,345.0,4
PART-6-1,6840,345.0,4
PART-6-1,6841,345.00000762939453,4
PART-6-1,6842,344.93872833251953,4
PART-6-1,6843,341.73336029052734,4
PART-6-1,6844,335.1679153442383,4
PART-6-1,6845,329.4775619506836,4
PART-6-1,6846,326.4577178955078,4
PART-6-1,6847,326.2286911010742,4
PART-6-1,6848,327.7648468017578,4
PART-6-1,6849,329.6363220214844,4
PART-6-1,6850,331.6060256958008,4
PART-6-1,6851,334.00879669189453,4
PART-6-1,6852,336.94679260253906,4
PART-6-1,6853,340.7239990234375,4
PART-6-1,6854,343.9267120361328,4
PART-6-1,6855,345.0,4
PART-6-1,6856,345.0,4
PART-6-1,6857,345.0,4
PART-6-1,6858,345.0,4
PART-6-1,6859,344.99999237060547,4
PART-6-1,6860,345.0,4
PART-6-1,6861,345.00001525878906,4
PART-6-1,6862,345.0,4
PART-6-1,6863,345.0,4
PART-6-1,6864,345.0,4
PART-6-1,6865,345.0,4
PART-6-1,6866,342.3173065185547,4
PART-6-1,6867,331.84166717529297,4
PART-6-1,6868,317.29022216796875,4
PART-6-1,6869,305.4149398803711,4
PART-6-1,6870,297.26515197753906,4
PART-6-1,6871,293.1626510620117,4
PART-6-1,6872,292.6040954589844,4
PART-6-1,6873,294.8627395629883,4
PART-6-1,6874,299.24251556396484,4
PART-6-1,6875,305.24937438964844,4
PART-6-1,6876,313.0266418457031,4
PART-6-1,6877,322.94029235839844,4
PART-6-1,6878,333.4335174560547,4
PART-6-1,6879,341.70777893066406,4
PART-6-1,6880,344.99998474121094,4
PART-6-1,6881,344.99998474121094,4
PART-6-1,6882,344.99999237060547,4
PART-6-1,6883,345.00000762939453,4
PART-6-1,6884,345.00001525878906,4
PART-6-1,6885,345.00001525878906,4
PART-6-1,6886,345.00001525878906,4
PART-6-1,6887,345.00000762939453,4
PART-6-1,6888,345.00000762939453,4
PART-6-1,6889,345.0,4
PART-6-1,6890,338.34398651123047,4
PART-6-1,6891,319.387451171875,4
PART-6-1,6892,297.2682342529297,4
PART-6-1,6893,279.3551330566406,4
PART-6-1,6894,265.5999450683594,4
PART-6-1,6895,256.9650993347168,4
PART-6-1,6896,253.49430465698242,4
PART-6-1,6897,254.67100143432617,4
PART-6-1,6898,259.7957572937012,4
PART-6-1,6899,268.2785835266113,4
PART-6-1,6900,279.9502143859863,4
PART-6-1,6901,294.6885757446289,4
PART-6-1,6902,312.1383972167969,4
PART-6-1,6903,330.6634979248047,4
PART-6-1,6904,342.4185028076172,4
PART-6-1,6905,345.00000762939453,4
PART-6-1,6906,345.00000762939453,4
PART-6-1,6907,345.00000762939453,4
PART-6-1,6908,345.0000228881836,4
PART-6-1,6909,345.0000305175781,4
PART-6-1,6910,345.0,4
PART-6-1,6911,345.00000762939453,4
PART-6-1,6912,345.00001525878906,4
PART-6-1,6913,345.0,4
PART-6-1,6914,340.96541595458984,4
PART-6-1,6915,323.84339141845703,4
PART-6-1,6916,296.2796173095703,4
PART-6-1,6917,267.4449348449707,4
PART-6-1,6918,240.11886596679688,4
PART-6-1,6919,221.46347427368164,4
PART-6-1,6920,213.9968605041504,4
PART-6-1,6921,213.62034606933594,4
PART-6-1,6922,219.26119995117188,4
PART-6-1,6923,230.21136474609375,4
PART-6-1,6924,245.82157516479492,4
PART-6-1,6925,265.46009063720703,4
PART-6-1,6926,288.4308090209961,4
PART-6-1,6927,313.7176742553711,4
PART-6-1,6928,335.88692474365234,4
PART-6-1,6929,345.00000762939453,4
PART-6-1,6930,345.00001525878906,4
PART-6-1,6931,345.0000228881836,4
PART-6-1,6932,345.0000305175781,4
PART-6-1,6933,345.0000228881836,4
PART-6-1,6934,344.99999237060547,4
PART-6-1,6935,345.0,4
PART-6-1,6936,345.00001525878906,4
PART-6-1,6937,345.00000762939453,4
PART-6-1,6938,345.00001525878906,4
PART-6-1,6939,339.5642547607422,4
PART-6-1,6940,318.09033203125,4
PART-6-1,6941,283.7562141418457,4
PART-6-1,6942,247.06781005859375,4
PART-6-1,6943,216.77809143066406,4
PART-6-1,6944,196.69817733764648,4
PART-6-1,6945,184.54674530029297,4
PART-6-1,6946,184.00492095947266,4
PART-6-1,6947,195.61922454833984,4
PART-6-1,6948,214.74010848999023,4
PART-6-1,6949,238.7591781616211,4
PART-6-1,6950,266.41716384887695,4
PART-6-1,6951,296.32714080810547,4
PART-6-1,6952,326.1593704223633,4
PART-6-1,6953,342.8270568847656,4
PART-6-1,6954,345.0000305175781,4
PART-6-1,6955,345.0000457763672,4
PART-6-1,6956,345.0000228881836,4
PART-6-1,6957,345.00000762939453,4
PART-6-1,6958,344.99999237060547,4
PART-6-1,6959,345.0,4
PART-6-1,6960,345.00001525878906,4
PART-6-1,6961,345.00001525878906,4
PART-6-1,6962,345.0,4
PART-6-1,6963,345.00000762939453,4
PART-6-1,6964,336.96722412109375,4
PART-6-1,6965,312.18270111083984,4
PART-6-1,6966,278.6052474975586,4
PART-6-1,6967,246.1380271911621,4
PART-6-1,6968,217.53454971313477,4
PART-6-1,6969,196.02803421020508,4
PART-6-1,6970,187.37098693847656,4
PART-6-1,6971,193.35808563232422,4
PART-6-1,6972,209.55107498168945,4
PART-6-1,6973,232.6860580444336,4
PART-6-1,6974,260.37500762939453,4
PART-6-1,6975,290.1933364868164,4
PART-6-1,6976,319.67962646484375,4
PART-6-1,6977,339.4974899291992,4
PART-6-1,6978,345.0000457763672,4
PART-6-1,6979,345.0000305175781,4
PART-6-1,6980,345.00000762939453,4
PART-6-1,6981,345.0,4
PART-6-1,6982,345.0,4
PART-6-1,6983,345.00000762939453,4
PART-6-1,6984,345.0,4
PART-6-1,6985,345.0,4
PART-6-1,6986,344.99999237060547,4
PART-6-1,6987,344.99999237060547,4
PART-6-1,6988,344.1649169921875,4
PART-6-1,6989,332.572998046875,4
PART-6-1,6990,306.89404296875,4
PART-6-1,6991,278.1128578186035,4
PART-6-1,6992,252.98544311523438,4
PART-6-1,6993,234.38344955444336,4
PART-6-1,6994,224.80475997924805,4
PART-6-1,6995,225.6407356262207,4
PART-6-1,6996,236.4737663269043,4
PART-6-1,6997,255.26103973388672,4
PART-6-1,6998,279.0639457702637,4
PART-6-1,6999,304.7310028076172,4
PART-6-1,7000,327.9856185913086,4
PART-6-1,7001,341.6704330444336,4
PART-6-1,7002,345.0000305175781,4
PART-6-1,7003,345.00001525878906,4
PART-6-1,7004,345.0000228881836,4
PART-6-1,7005,345.00001525878906,4
PART-6-1,7006,345.0,4
PART-6-1,7007,345.00000762939453,4
PART-6-1,7008,344.99999237060547,4
PART-6-1,7009,344.99999237060547,4
PART-6-1,7010,345.0,4
PART-6-1,7011,345.0,4
PART-6-1,7012,345.0,4
PART-6-1,7013,342.2491683959961,4
PART-6-1,7014,328.23121643066406,4
PART-6-1,7015,304.9661331176758,4
PART-6-1,7016,283.2277603149414,4
PART-6-1,7017,267.31257247924805,4
PART-6-1,7018,259.2834930419922,4
PART-6-1,7019,260.09507751464844,4
PART-6-1,7020,269.3353080749512,4
PART-6-1,7021,285.30650329589844,4
PART-6-1,7022,305.5104675292969,4
PART-6-1,7023,326.65574645996094,4
PART-6-1,7024,340.99695587158203,4
PART-6-1,7025,345.00000762939453,4
PART-6-1,7026,345.00001525878906,4
PART-6-1,7027,345.0000228881836,4
PART-6-1,7028,345.0000534057617,4
PART-6-1,7029,345.0000457763672,4
PART-6-1,7030,345.0,4
PART-6-1,7031,345.0,4
PART-6-1,7032,344.99999237060547,4
PART-6-1,7033,345.0,4
PART-6-1,7034,345.00000762939453,4
PART-6-1,7035,345.00000762939453,4
PART-6-1,7036,345.0,4
PART-6-1,7037,345.00001525878906,4
PART-6-1,7038,340.5259323120117,4
PART-6-1,7039,325.6155776977539,4
PART-6-1,7040,306.9553909301758,4
PART-6-1,7041,293.58750915527344,4
PART-6-1,7042,287.0211715698242,4
PART-6-1,7043,287.96305084228516,4
PART-6-1,7044,295.96385192871094,4
PART-6-1,7045,309.5408020019531,4
PART-6-1,7046,326.5392150878906,4
PART-6-1,7047,340.2986145019531,4
PART-6-1,7048,345.00000762939453,4
PART-6-1,7049,345.00000762939453,4
PART-6-1,7050,345.00001525878906,4
PART-6-1,7051,345.0000305175781,4
PART-6-1,7052,345.0000457763672,4
PART-6-1,7053,345.00003814697266,4
PART-6-1,7054,345.00001525878906,4
PART-6-1,7055,345.0,4
PART-6-1,7056,344.99999237060547,4
PART-6-1,7057,345.00000762939453,4
PART-6-1,7058,345.00000762939453,4
PART-6-1,7059,345.00000762939453,4
PART-6-1,7060,345.00001525878906,4
PART-6-1,7061,345.00001525878906,4
PART-6-1,7062,344.7659683227539,4
PART-6-1,7063,337.79776763916016,4
PART-6-1,7064,324.18927001953125,4
PART-6-1,7065,313.1363296508789,4
PART-6-1,7066,308.0049362182617,4
PART-6-1,7067,309.2625732421875,4
PART-6-1,7068,316.38123321533203,4
PART-6-1,7069,328.0382080078125,4
PART-6-1,7070,339.6392059326172,4
PART-6-1,7071,344.7457275390625,4
PART-6-1,7072,345.0,4
PART-6-1,7073,345.0,4
PART-6-1,7074,345.00000762939453,4
PART-6-1,7075,345.0000228881836,4
PART-6-1,7076,345.0000228881836,4
PART-6-1,7077,345.0000228881836,4
PART-6-1,7078,345.00003814697266,4
PART-6-1,7079,345.0,4
PART-6-1,7080,345.0,4
PART-6-1,7081,345.00000762939453,4
PART-6-1,7082,345.00001525878906,4
PART-6-1,7083,345.00001525878906,4
PART-6-1,7084,345.00001525878906,4
PART-6-1,7085,345.00001525878906,4
PART-6-1,7086,345.00000762939453,4
PART-6-1,7087,343.13787841796875,4
PART-6-1,7088,335.5660629272461,4
PART-6-1,7089,326.6678695678711,4
PART-6-1,7090,323.0111541748047,4
PART-6-1,7091,324.74205017089844,4
PART-6-1,7092,331.3014831542969,4
PART-6-1,7093,339.6344680786133,4
PART-6-1,7094,344.3035659790039,4
PART-6-1,7095,345.0,4
PART-6-1,7096,345.0,4
PART-6-1,7097,345.0,4
PART-6-1,7098,345.0,4
PART-6-1,7099,345.00001525878906,4
PART-6-1,7100,345.00003814697266,4
PART-6-1,7101,345.00003814697266,4
PART-6-1,7102,345.0000534057617,4
PART-6-1,7103,345.00001525878906,4
PART-6-1,7104,345.0,4
PART-6-1,7105,345.00000762939453,4
PART-6-1,7106,345.0000228881836,4
PART-6-1,7107,345.0000228881836,4
PART-6-1,7108,345.00001525878906,4
PART-6-1,7109,345.00001525878906,4
PART-6-1,7110,345.00001525878906,4
PART-6-1,7111,344.99073028564453,4
PART-6-1,7112,341.4176025390625,4
PART-6-1,7113,335.57189178466797,4
PART-6-1,7114,333.3496627807617,4
PART-6-1,7115,335.6534729003906,4
PART-6-1,7116,340.62574005126953,4
PART-6-1,7117,344.17691802978516,4
PART-6-1,7118,345.0,4
PART-6-1,7119,345.0,4
PART-6-1,7120,345.0,4
PART-6-1,7121,345.0,4
PART-6-1,7122,345.00000762939453,4
PART-6-1,7123,345.00003814697266,4
PART-6-1,7124,345.0000534057617,4
PART-6-1,7125,345.00003814697266,4
PART-6-1,7126,345.0000228881836,4
PART-6-1,7127,345.00001525878906,4
PART-6-1,7128,345.00000762939453,4
PART-6-1,7129,345.00001525878906,4
PART-6-1,7130,345.0000228881836,4
PART-6-1,7131,345.0000228881836,4
PART-6-1,7132,345.0000228881836,4
PART-6-1,7133,345.0000228881836,4
PART-6-1,7134,345.00000762939453,4
PART-6-1,7135,344.99999237060547,4
PART-6-1,7136,343.97608184814453,4
PART-6-1,7137,341.49422454833984,4
PART-6-1,7138,340.6216583251953,4
PART-6-1,7139,342.46887969970703,4
PART-6-1,7140,344.36537170410156,4
PART-6-1,7141,345.00001525878906,4
PART-6-1,7142,345.0,4
PART-6-1,7143,345.0,4
PART-6-1,7144,345.00000762939453,4
PART-6-1,7145,345.00000762939453,4
PART-6-1,7146,345.0000228881836,4
PART-6-1,7147,345.0000534057617,4
PART-6-1,7148,345.0000457763672,4
PART-6-1,7149,345.0000305175781,4
PART-6-1,7150,345.00000762939453,4
PART-6-1,7151,345.00001525878906,4
PART-6-1,7152,345.00000762939453,4
PART-6-1,7153,345.00000762939453,4
PART-6-1,7154,345.0000228881836,4
PART-6-1,7155,345.0000228881836,4
PART-6-1,7156,345.0000228881836,4
PART-6-1,7157,345.0000228881836,4
PART-6-1,7158,345.0,4
PART-6-1,7159,344.99998474121094,4
PART-6-1,7160,344.99388885498047,4
PART-6-1,7161,344.4552001953125,4
PART-6-1,7162,344.35266876220703,4
PART-6-1,7163,344.89137268066406,4
PART-6-1,7164,345.00001525878906,4
PART-6-1,7165,345.00000762939453,4
PART-6-1,7166,345.00000762939453,4
PART-6-1,7167,345.0000228881836,4
PART-6-1,7168,345.00001525878906,4
PART-6-1,7169,345.0,4
PART-6-1,7170,345.0000228881836,4
PART-6-1,7171,345.0000305175781,4
PART-6-1,7172,345.00001525878906,4
PART-6-1,7173,345.0000305175781,4
PART-6-1,7174,345.0000228881836,4
PART-6-1,7175,345.0000228881836,4
PART-6-1,7176,345.0,4
PART-6-1,7177,345.00000762939453,4
PART-6-1,7178,345.0000305175781,4
PART-6-1,7179,345.00003814697266,4
PART-6-1,7180,345.00003814697266,4
PART-6-1,7181,345.0000228881836,4
PART-6-1,7182,345.00000762939453,4
PART-6-1,7183,344.99999237060547,4
PART-6-1,7184,344.99998474121094,4
PART-6-1,7185,345.0,4
PART-6-1,7186,345.0000228881836,4
PART-6-1,7187,345.0000305175781,4
PART-6-1,7188,345.00001525878906,4
PART-6-1,7189,345.0,4
PART-6-1,7190,345.0,4
PART-6-1,7191,345.00003814697266,4
PART-6-1,7192,345.00003814697266,4
PART-6-1,7193,345.00000762939453,4
PART-6-1,7194,345.0000228881836,4
PART-6-1,7195,345.0000305175781,4
PART-6-1,7196,345.0000305175781,4
PART-6-1,7197,345.00003814697266,4
PART-6-1,7198,345.00001525878906,4
PART-6-1,7199,345.00000762939453,4
PART-6-1,7200,345.00000762939453,4
PART-6-1,7201,345.0000305175781,4
PART-6-1,7202,345.0000457763672,4
PART-6-1,7203,345.0000534057617,4
PART-6-1,7204,345.0000534057617,4
PART-6-1,7205,345.00003814697266,4
PART-6-1,7206,345.0000228881836,4
PART-6-1,7207,345.00001525878906,4
PART-6-1,7208,345.00001525878906,4
PART-6-1,7209,345.00001525878906,4
PART-6-1,7210,345.0000228881836,4
PART-6-1,7211,345.0000305175781,4
PART-6-1,7212,345.00001525878906,4
PART-6-1,7213,345.00000762939453,4
PART-6-1,7214,345.0,4
PART-6-1,7215,345.0000228881836,4
PART-6-1,7216,345.00003814697266,4
PART-6-1,7217,345.00001525878906,4
PART-6-1,7218,345.00001525878906,4
PART-6-1,7219,345.0000228881836,4
PART-6-1,7220,345.00003814697266,4
PART-6-1,7221,345.00003814697266,4
PART-6-1,7222,345.0000228881836,4
PART-6-1,7223,345.0000534057617,4
PART-6-1,7224,345.0000534057617,4
PART-6-1,7225,345.0000457763672,4
PART-6-1,7226,345.0000457763672,4
PART-6-1,7227,345.0000305175781,4
PART-6-1,7228,345.0000305175781,4
PART-6-1,7229,345.0000228881836,4
PART-6-1,7230,345.0000305175781,4
PART-6-1,7231,345.00003814697266,4
PART-6-1,7232,345.0000305175781,4
PART-6-1,7233,345.0000305175781,4
PART-6-1,7234,345.0000305175781,4
PART-6-1,7235,345.0000305175781,4
PART-6-1,7236,345.0000228881836,4
PART-6-1,7237,345.0000228881836,4
PART-6-1,7238,345.0000228881836,4
PART-6-1,7239,345.0000228881836,4
PART-6-1,7240,345.0000228881836,4
PART-6-1,7241,345.00000762939453,4
PART-6-1,7242,345.00000762939453,4
PART-6-1,7243,345.0000228881836,4
PART-6-1,7244,345.0000305175781,4
PART-6-1,7245,345.0000305175781,4
PART-6-1,7246,345.00003814697266,4
PART-6-1,7247,345.0000534057617,4
PART-6-1,7248,345.0000457763672,4
PART-6-1,7249,345.00003814697266,4
PART-6-1,7250,345.00001525878906,4
PART-6-1,7251,344.99999237060547,4
PART-6-1,7252,345.0,4
PART-6-1,7253,345.0,4
PART-6-1,7254,345.0000228881836,4
PART-6-1,7255,345.00003814697266,4
PART-6-1,7256,345.00003814697266,4
PART-6-1,7257,345.0000305175781,4
PART-6-1,7258,345.0000228881836,4
PART-6-1,7259,345.0000305175781,4
PART-6-1,7260,345.0000305175781,4
PART-6-1,7261,345.00003814697266,4
PART-6-1,7262,345.00003814697266,4
PART-6-1,7263,345.0000305175781,4
PART-6-1,7264,345.0000305175781,4
PART-6-1,7265,345.0000228881836,4
PART-6-1,7266,345.00001525878906,4
PART-6-1,7267,345.0000305175781,4
PART-6-1,7268,345.00003814697266,4
PART-6-1,7269,345.0000228881836,4
PART-6-1,7270,345.00001525878906,4
PART-6-1,7271,345.0,4
PART-6-1,7272,345.00000762939453,4
PART-6-1,7273,345.00003814697266,4
PART-6-1,7274,345.00000762939453,4
PART-6-1,7275,344.99998474121094,4
PART-6-1,7276,345.0,4
PART-6-1,7277,345.00000762939453,4
PART-6-1,7278,345.00000762939453,4
PART-6-1,7279,345.00000762939453,4
PART-6-1,7280,345.0000305175781,4
PART-6-1,7281,345.0000305175781,4
PART-6-1,7282,345.00001525878906,4
PART-6-1,7283,345.0000228881836,4
PART-6-1,7284,345.00003814697266,4
PART-6-1,7285,345.0000534057617,4
PART-6-1,7286,345.0000305175781,4
PART-6-1,7287,345.0000228881836,4
PART-6-1,7288,345.0000457763672,4
PART-6-1,7289,345.0000305175781,4
PART-6-1,7290,345.00001525878906,4
PART-6-1,7291,345.0000228881836,4
PART-6-1,7292,345.0000228881836,4
PART-6-1,7293,345.00001525878906,4
PART-6-1,7294,240.74807357788086,4
PART-6-1,7295,238.30971908569336,4
PART-6-1,7296,237.67496871948242,4
PART-6-1,7297,239.18431091308594,4
PART-6-1,7298,242.08704376220703,4
PART-6-1,7299,247.41846084594727,4
PART-6-1,7300,255.2755584716797,4
PART-6-1,7301,270.07484436035156,4
PART-6-1,7302,292.8857879638672,4
PART-6-1,7303,324.10508728027344,4
PART-6-1,7304,325.32975006103516,4
PART-6-1,7305,233.21586990356445,4
PART-6-1,7306,235.4297637939453,4
PART-6-1,7307,238.55698013305664,4
PART-6-1,7308,241.58126068115234,4
PART-6-1,7309,245.34078979492188,4
PART-6-1,7310,249.92697525024414,4
PART-6-1,7311,256.91485595703125,4
PART-6-1,7312,266.10797119140625,4
PART-6-1,7313,280.64282989501953,4
PART-6-1,7314,289.77285385131836,4
PART-6-1,7315,252.97161102294922,4
PART-6-1,7316,229.47564315795898,4
PART-6-1,7317,233.6984634399414,4
PART-6-1,7318,238.77647399902344,4
PART-6-1,7319,243.10214233398438,4
PART-6-1,7320,246.3589630126953,4
PART-6-1,7321,249.17770385742188,4
PART-6-1,7322,251.64240646362305,4
PART-6-1,7323,253.55890655517578,4
PART-6-1,7324,250.12475967407227,4
PART-6-1,7325,226.6959991455078,4
PART-6-1,7326,179.25153350830078,4
PART-6-1,7327,232.0592918395996,4
PART-6-1,7328,234.99150466918945,4
PART-6-1,7329,241.9267120361328,4
PART-6-1,7330,246.01145935058594,4
PART-6-1,7331,247.74147415161133,4
PART-6-1,7332,247.2700080871582,4
PART-6-1,7333,244.30259323120117,4
PART-6-1,7334,236.86064529418945,4
PART-6-1,7335,218.76934432983398,4
PART-6-1,7336,186.99312210083008,4
PART-6-1,7337,148.26556777954102,4
PART-6-1,7338,249.49445343017578,4
PART-6-1,7339,245.48406982421875,4
PART-6-1,7340,248.47259902954102,4
PART-6-1,7341,251.15163803100586,4
PART-6-1,7342,251.72795867919922,4
PART-6-1,7343,248.29449081420898,4
PART-6-1,7344,239.2221908569336,4
PART-6-1,7345,222.4081802368164,4
PART-6-1,7346,197.64497756958008,4
PART-6-1,7347,167.18241119384766,4
PART-6-1,7348,133.4818000793457,4
PART-6-1,7349,345.00000762939453,4
PART-6-1,7350,334.62562561035156,4
PART-6-1,7351,306.36190032958984,4
PART-6-1,7352,279.65708923339844,4
PART-6-1,7353,265.3822135925293,4
PART-6-1,7354,256.7420234680176,4
PART-6-1,7355,251.1782684326172,4
PART-6-1,7356,247.26966094970703,4
PART-6-1,7357,245.1774444580078,4
PART-6-1,7358,246.54333114624023,4
PART-6-1,7359,253.32508850097656,4
PART-6-1,7360,345.0000228881836,4
PART-6-1,7361,337.4005355834961,4
PART-6-1,7362,308.70235443115234,4
PART-6-1,7363,277.7685852050781,4
PART-6-1,7364,261.66476821899414,4
PART-6-1,7365,252.34899520874023,4
PART-6-1,7366,252.136962890625,4
PART-6-1,7367,256.2519340515137,4
PART-6-1,7368,261.8429412841797,4
PART-6-1,7369,269.2126655578613,4
PART-6-1,7370,274.1900177001953,4
PART-6-1,7371,274.8520736694336,4
PART-6-1,7372,326.63592529296875,4
PART-6-1,7373,334.8661346435547,4
PART-6-1,7374,311.47276306152344,4
PART-6-1,7375,286.9040298461914,4
PART-6-1,7376,271.13899993896484,4
PART-6-1,7377,262.4202346801758,4
PART-6-1,7378,255.80016326904297,4
PART-6-1,7379,250.80226135253906,4
PART-6-1,7380,246.1109619140625,4
PART-6-1,7381,242.35831832885742,4
PART-6-1,7382,240.12941360473633,4
PART-6-1,7383,254.23509216308594,4
PART-6-1,7384,297.04916763305664,4
PART-6-1,7385,292.40047454833984,4
PART-6-1,7386,277.7337341308594,4
PART-6-1,7387,268.17493438720703,4
PART-6-1,7388,260.77874755859375,4
PART-6-1,7389,255.63685607910156,4
PART-6-1,7390,250.81712341308594,4
PART-6-1,7391,245.43087768554688,4
PART-6-1,7392,238.86827087402344,4
PART-6-1,7393,232.88589477539062,4
PART-6-1,7394,178.57240676879883,4
PART-6-1,7395,228.83197402954102,4
PART-6-1,7396,254.69140625,4
PART-6-1,7397,259.03946685791016,4
PART-6-1,7398,256.9809226989746,4
PART-6-1,7399,254.09941864013672,4
PART-6-1,7400,250.8549346923828,4
PART-6-1,7401,247.42937469482422,4
PART-6-1,7402,243.04375839233398,4
PART-6-1,7403,236.52432250976562,4
PART-6-1,7404,227.93994140625,4
PART-6-1,7405,146.8414192199707,4
PART-6-1,7406,185.8620376586914,4
PART-6-1,7407,218.13782119750977,4
PART-6-1,7408,236.3915252685547,4
PART-6-1,7409,243.20907592773438,4
PART-6-1,7410,245.02691650390625,4
PART-6-1,7411,244.12440490722656,4
PART-6-1,7412,241.22067260742188,4
PART-6-1,7413,236.97060012817383,4
PART-6-1,7414,232.44515991210938,4
PART-6-1,7415,226.74788665771484,4
PART-6-1,7416,131.73733139038086,4
PART-6-1,7417,164.19423294067383,4
PART-6-1,7418,193.44831085205078,4
PART-6-1,7419,216.94468307495117,4
PART-6-1,7420,232.07916641235352,4
PART-6-1,7421,238.81938552856445,4
PART-6-1,7422,239.18389129638672,4
PART-6-1,7423,234.68825149536133,4
PART-6-1,7424,227.00965881347656,4
PART-6-1,7425,218.92602920532227,4
PART-6-1,7426,218.559326171875,4
PART-6-1,7427,275.7943344116211,4
PART-6-1,7428,258.57457733154297,4
PART-6-1,7429,250.48620223999023,4
PART-6-1,7430,246.7274627685547,4
PART-6-1,7431,245.28374862670898,4
PART-6-1,7432,246.16814041137695,4
PART-6-1,7433,250.54220962524414,4
PART-6-1,7434,258.8948287963867,4
PART-6-1,7435,276.9295349121094,4
PART-6-1,7436,305.43446350097656,4
PART-6-1,7437,304.6139717102051,4
PART-6-1,7438,288.64671325683594,4
PART-6-1,7439,298.26860427856445,4
PART-6-1,7440,292.74917221069336,4
PART-6-1,7441,263.42824935913086,4
PART-6-1,7442,252.1180305480957,4
PART-6-1,7443,252.8067398071289,4
PART-6-1,7444,255.4326515197754,4
PART-6-1,7445,264.94714736938477,4
PART-6-1,7446,274.6442756652832,4
PART-6-1,7447,281.9987258911133,4
PART-6-1,7448,285.447509765625,4
PART-6-1,7449,286.83165740966797,4
PART-6-1,7450,287.48999786376953,4
PART-6-1,7451,303.39835357666016,4
PART-6-1,7452,279.3919448852539,4
PART-6-1,7453,266.50281143188477,4
PART-6-1,7454,259.828369140625,4
PART-6-1,7455,255.28068923950195,4
PART-6-1,7456,253.21629333496094,4
PART-6-1,7457,250.37506866455078,4
PART-6-1,7458,250.51863479614258,4
PART-6-1,7459,251.06592559814453,4
PART-6-1,7460,260.6874580383301,4
PART-6-1,7461,252.94116592407227,4
PART-6-1,7462,234.25746154785156,4
PART-6-1,7463,253.22536849975586,4
PART-6-1,7464,260.44841384887695,4
PART-6-1,7465,255.0478401184082,4
PART-6-1,7466,264.28992080688477,4
PART-6-1,7467,274.9108772277832,4
PART-6-1,7468,286.48246002197266,4
PART-6-1,7469,294.6182098388672,4
PART-6-1,7470,298.8970947265625,4
PART-6-1,7471,299.7735366821289,4
PART-6-1,7472,298.1899108886719,4
PART-6-1,7473,296.57177734375,4
PART-6-1,7474,298.06107330322266,4
PART-6-1,7475,326.5554885864258,4
PART-6-1,7476,301.8690948486328,4
PART-6-1,7477,286.36248779296875,4
PART-6-1,7478,280.9261169433594,4
PART-6-1,7479,279.9646530151367,4
PART-6-1,7480,279.84493255615234,4
PART-6-1,7481,278.0269012451172,4
PART-6-1,7482,274.5805320739746,4
PART-6-1,7483,270.6718292236328,4
PART-6-1,7484,268.9644660949707,4
PART-6-1,7485,266.2057647705078,4
PART-6-1,7486,266.1418914794922,4
PART-6-1,7487,278.59742736816406,4
PART-6-1,7488,291.71900939941406,4
PART-6-1,7489,300.08768463134766,4
PART-6-1,7490,308.06664276123047,4
PART-6-1,7491,314.9478302001953,4
PART-6-1,7492,319.7721862792969,4
PART-6-1,7493,321.0094528198242,4
PART-6-1,7494,318.8304748535156,4
PART-6-1,7495,313.8763656616211,4
PART-6-1,7496,308.0480270385742,4
PART-6-1,7497,304.2702178955078,4
PART-6-1,7498,307.13904571533203,4
PART-6-1,7499,340.12108612060547,4
PART-6-1,7500,323.3821258544922,4
PART-6-1,7501,306.5074691772461,4
PART-6-1,7502,301.1387176513672,4
PART-6-1,7503,302.7813415527344,4
PART-6-1,7504,306.72218322753906,4
PART-6-1,7505,310.2363815307617,4
PART-6-1,7506,312.15736389160156,4
PART-6-1,7507,313.2071990966797,4
PART-6-1,7508,312.79551696777344,4
PART-6-1,7509,313.13917541503906,4
PART-6-1,7510,317.7058868408203,4
PART-6-1,7511,322.9825668334961,4
PART-6-1,7512,329.4068374633789,4
PART-6-1,7513,334.38282775878906,4
PART-6-1,7514,337.0529022216797,4
PART-6-1,7515,339.19759368896484,4
PART-6-1,7516,339.7595901489258,4
PART-6-1,7517,339.01243591308594,4
PART-6-1,7518,333.96602630615234,4
PART-6-1,7519,324.94847869873047,4
PART-6-1,7520,315.9772033691406,4
PART-6-1,7521,310.95706939697266,4
PART-6-1,7522,315.13002014160156,4
PART-6-1,7523,345.0,4
PART-6-1,7524,338.75138092041016,4
PART-6-1,7525,326.55138397216797,4
PART-6-1,7526,320.67053985595703,4
PART-6-1,7527,323.48043060302734,4
PART-6-1,7528,330.05995178222656,4
PART-6-1,7529,334.94351959228516,4
PART-6-1,7530,337.1397705078125,4
PART-6-1,7531,338.2998809814453,4
PART-6-1,7532,339.0813446044922,4
PART-6-1,7533,340.2606201171875,4
PART-6-1,7534,342.1747512817383,4
PART-6-1,7535,344.3418960571289,4
PART-6-1,7536,344.99999237060547,4
PART-6-1,7537,345.00000762939453,4
PART-6-1,7538,344.99999237060547,4
PART-6-1,7539,344.99998474121094,4
PART-6-1,7540,344.99999237060547,4
PART-6-1,7541,345.0,4
PART-6-1,7542,342.53304290771484,4
PART-6-1,7543,333.76598358154297,4
PART-6-1,7544,323.08617401123047,4
PART-6-1,7545,317.64073181152344,4
PART-6-1,7546,322.63350677490234,4
PART-6-1,7547,345.00000762939453,4
PART-6-1,7548,344.4559020996094,4
PART-6-1,7549,340.7349624633789,4
PART-6-1,7550,337.62445068359375,4
PART-6-1,7551,339.19068908691406,4
PART-6-1,7552,342.8275833129883,4
PART-6-1,7553,344.9822769165039,4
PART-6-1,7554,345.0,4
PART-6-1,7555,345.0,4
PART-6-1,7556,345.0,4
PART-6-1,7557,345.00001525878906,4
PART-6-1,7558,345.0,4
PART-6-1,7559,344.99999237060547,4
PART-6-1,7560,345.00000762939453,4
PART-6-1,7561,345.0000228881836,4
PART-6-1,7562,345.00001525878906,4
PART-6-1,7563,345.0,4
PART-6-1,7564,344.99999237060547,4
PART-6-1,7565,345.0,4
PART-6-1,7566,344.8750457763672,4
PART-6-1,7567,339.6811828613281,4
PART-6-1,7568,330.2769088745117,4
PART-6-1,7569,325.05757904052734,4
PART-6-1,7570,329.86253356933594,4
PART-6-1,7571,345.00001525878906,4
PART-6-1,7572,345.00000762939453,4
PART-6-1,7573,345.00000762939453,4
PART-6-1,7574,345.00000762939453,4
PART-6-1,7575,345.0,4
PART-6-1,7576,345.0,4
PART-6-1,7577,345.0,4
PART-6-1,7578,344.99999237060547,4
PART-6-1,7579,345.00000762939453,4
PART-6-1,7580,345.0000228881836,4
PART-6-1,7581,345.0000228881836,4
PART-6-1,7582,345.00000762939453,4
PART-6-1,7583,344.99999237060547,4
PART-6-1,7584,345.0,4
PART-6-1,7585,345.00001525878906,4
PART-6-1,7586,345.00001525878906,4
PART-6-1,7587,345.00000762939453,4
PART-6-1,7588,344.99998474121094,4
PART-6-1,7589,345.0,4
PART-6-1,7590,345.00001525878906,4
PART-6-1,7591,343.31729888916016,4
PART-6-1,7592,337.8313217163086,4
PART-6-1,7593,333.4881286621094,4
PART-6-1,7594,337.02831268310547,4
PART-6-1,7595,345.00000762939453,4
PART-6-1,7596,345.0,4
PART-6-1,7597,345.00001525878906,4
PART-6-1,7598,345.0,4
PART-6-1,7599,344.99998474121094,4
PART-6-1,7600,345.0,4
PART-6-1,7601,345.00000762939453,4
PART-6-1,7602,344.99999237060547,4
PART-6-1,7603,345.0,4
PART-6-1,7604,345.00001525878906,4
PART-6-1,7605,345.00001525878906,4
PART-6-1,7606,345.00000762939453,4
PART-6-1,7607,344.99999237060547,4
PART-6-1,7608,344.99999237060547,4
PART-6-1,7609,345.0,4
PART-6-1,7610,344.99999237060547,4
PART-6-1,7611,344.99999237060547,4
PART-6-1,7612,344.99999237060547,4
PART-6-1,7613,344.99999237060547,4
PART-6-1,7614,345.0000228881836,4
PART-6-1,7615,345.00001525878906,4
PART-6-1,7616,343.3285675048828,4
PART-6-1,7617,341.4854049682617,4
PART-6-1,7618,342.8021926879883,4
PART-6-1,7619,345.00001525878906,4
PART-6-1,7620,345.00000762939453,4
PART-6-1,7621,345.00001525878906,4
PART-6-1,7622,344.99999237060547,4
PART-6-1,7623,344.9999771118164,4
PART-6-1,7624,345.0,4
PART-6-1,7625,345.0,4
PART-6-1,7626,344.99998474121094,4
PART-6-1,7627,345.0,4
PART-6-1,7628,345.00000762939453,4
PART-6-1,7629,345.0,4
PART-6-1,7630,345.00000762939453,4
PART-6-1,7631,345.00000762939453,4
PART-6-1,7632,345.0,4
PART-6-1,7633,345.0,4
PART-6-1,7634,344.99999237060547,4
PART-6-1,7635,344.99999237060547,4
PART-6-1,7636,345.0,4
PART-6-1,7637,344.99999237060547,4
PART-6-1,7638,345.00001525878906,4
PART-6-1,7639,345.0000228881836,4
PART-6-1,7640,345.00000762939453,4
PART-6-1,7641,345.0,4
PART-6-1,7642,345.0,4
PART-6-1,7643,345.0000228881836,4
PART-6-1,7644,345.00000762939453,4
PART-6-1,7645,345.0,4
PART-6-1,7646,344.99999237060547,4
PART-6-1,7647,344.99999237060547,4
PART-6-1,7648,345.00000762939453,4
PART-6-1,7649,345.0,4
PART-6-1,7650,344.99998474121094,4
PART-6-1,7651,345.00000762939453,4
PART-6-1,7652,345.0000228881836,4
PART-6-1,7653,345.00000762939453,4
PART-6-1,7654,345.00000762939453,4
PART-6-1,7655,345.00000762939453,4
PART-6-1,7656,344.99999237060547,4
PART-6-1,7657,344.99998474121094,4
PART-6-1,7658,345.0,4
PART-6-1,7659,345.00000762939453,4
PART-6-1,7660,345.0,4
PART-6-1,7661,345.00000762939453,4
PART-6-1,7662,345.0,4
PART-6-1,7663,344.99999237060547,4
PART-6-1,7664,345.00000762939453,4
PART-6-1,7665,345.0,4
PART-6-1,7666,345.0,4
PART-6-1,7667,345.0000228881836,4
PART-6-1,7668,345.00000762939453,4
PART-6-1,7669,345.00000762939453,4
PART-6-1,7670,345.0,4
PART-6-1,7671,345.0,4
PART-6-1,7672,345.00000762939453,4
PART-6-1,7673,345.0,4
PART-6-1,7674,344.99999237060547,4
PART-6-1,7675,345.0,4
PART-6-1,7676,345.00001525878906,4
PART-6-1,7677,345.00000762939453,4
PART-6-1,7678,345.0,4
PART-6-1,7679,344.2523727416992,4
PART-6-1,7680,342.5221939086914,4
PART-6-1,7681,341.1010437011719,4
PART-6-1,7682,340.8314208984375,4
PART-6-1,7683,341.8882293701172,4
PART-6-1,7684,343.8880386352539,4
PART-6-1,7685,345.0000228881836,4
PART-6-1,7686,345.0,4
PART-6-1,7687,344.9999771118164,4
PART-6-1,7688,344.99999237060547,4
PART-6-1,7689,345.0,4
PART-6-1,7690,345.0,4
PART-6-1,7691,345.0000305175781,4
PART-6-1,7692,345.0000228881836,4
PART-6-1,7693,345.00001525878906,4
PART-6-1,7694,344.99999237060547,4
PART-6-1,7695,344.99998474121094,4
PART-6-1,7696,345.0,4
PART-6-1,7697,345.0,4
PART-6-1,7698,345.00001525878906,4
PART-6-1,7699,342.8893508911133,4
PART-6-1,7700,338.3288803100586,4
PART-6-1,7701,333.92150115966797,4
PART-6-1,7702,330.366455078125,4
PART-6-1,7703,326.69356536865234,4
PART-6-1,7704,322.96949768066406,4
PART-6-1,7705,321.07887268066406,4
PART-6-1,7706,322.2055130004883,4
PART-6-1,7707,326.676025390625,4
PART-6-1,7708,333.8538055419922,4
PART-6-1,7709,341.4096374511719,4
PART-6-1,7710,344.9447784423828,4
PART-6-1,7711,344.99999237060547,4
PART-6-1,7712,345.00000762939453,4
PART-6-1,7713,345.00001525878906,4
PART-6-1,7714,344.9742202758789,4
PART-6-1,7715,345.0000305175781,4
PART-6-1,7716,345.0000305175781,4
PART-6-1,7717,345.00001525878906,4
PART-6-1,7718,344.99999237060547,4
PART-6-1,7719,344.99999237060547,4
PART-6-1,7720,345.0,4
PART-6-1,7721,344.2028579711914,4
PART-6-1,7722,338.6633834838867,4
PART-6-1,7723,327.7339782714844,4
PART-6-1,7724,315.53684997558594,4
PART-6-1,7725,304.7803421020508,4
PART-6-1,7726,296.28797149658203,4
PART-6-1,7727,289.87108612060547,4
PART-6-1,7728,286.2847366333008,4
PART-6-1,7729,286.5963592529297,4
PART-6-1,7730,291.4167175292969,4
PART-6-1,7731,300.8391647338867,4
PART-6-1,7732,314.13500213623047,4
PART-6-1,7733,329.9870071411133,4
PART-6-1,7734,341.6861343383789,4
PART-6-1,7735,345.00000762939453,4
PART-6-1,7736,345.00001525878906,4
PART-6-1,7737,345.00001525878906,4
PART-6-1,7738,344.97422790527344,4
PART-6-1,7739,345.0000305175781,4
PART-6-1,7740,345.0000305175781,4
PART-6-1,7741,345.00001525878906,4
PART-6-1,7742,345.0,4
PART-6-1,7743,345.0,4
PART-6-1,7744,345.00001525878906,4
PART-6-1,7745,338.0330810546875,4
PART-6-1,7746,320.1774673461914,4
PART-6-1,7747,299.67696380615234,4
PART-6-1,7748,281.8797798156738,4
PART-6-1,7749,267.1669921875,4
PART-6-1,7750,255.8938446044922,4
PART-6-1,7751,248.51059341430664,4
PART-6-1,7752,245.91143417358398,4
PART-6-1,7753,249.0124626159668,4
PART-6-1,7754,258.1604804992676,4
PART-6-1,7755,272.9203987121582,4
PART-6-1,7756,293.998046875,4
PART-6-1,7757,320.22298431396484,4
PART-6-1,7758,339.5224075317383,4
PART-6-1,7759,345.00000762939453,4
PART-6-1,7760,345.00000762939453,4
PART-6-1,7761,345.0,4
PART-6-1,7762,345.00001525878906,4
PART-6-1,7763,345.0000305175781,4
PART-6-1,7764,345.0000305175781,4
PART-6-1,7765,345.0000305175781,4
PART-6-1,7766,345.00001525878906,4
PART-6-1,7767,345.0,4
PART-6-1,7768,341.38362884521484,4
PART-6-1,7769,323.76461029052734,4
PART-6-1,7770,296.0798645019531,4
PART-6-1,7771,270.08792877197266,4
PART-6-1,7772,247.32880020141602,4
PART-6-1,7773,228.5971221923828,4
PART-6-1,7774,214.6879997253418,4
PART-6-1,7775,206.62162017822266,4
PART-6-1,7776,205.4653091430664,4
PART-6-1,7777,215.30899810791016,4
PART-6-1,7778,237.1289176940918,4
PART-6-1,7779,265.1472358703613,4
PART-6-1,7780,296.98279571533203,4
PART-6-1,7781,327.3108596801758,4
PART-6-1,7782,342.7810592651367,4
PART-6-1,7783,345.0,4
PART-6-1,7784,345.0,4
PART-6-1,7785,345.0,4
PART-6-1,7786,345.00000762939453,4
PART-6-1,7787,345.0000228881836,4
PART-6-1,7788,345.0000228881836,4
PART-6-1,7789,345.0000305175781,4
PART-6-1,7790,345.0000228881836,4
PART-6-1,7791,344.99999237060547,4
PART-6-1,7792,334.144287109375,4
PART-6-1,7793,306.71195220947266,4
PART-6-1,7794,274.06689834594727,4
PART-6-1,7795,243.41601181030273,4
PART-6-1,7796,216.2958221435547,4
PART-6-1,7797,194.01327514648438,4
PART-6-1,7798,181.57857131958008,4
PART-6-1,7799,182.1794662475586,4
PART-6-1,7800,193.25641250610352,4
PART-6-1,7801,215.73941040039062,4
PART-6-1,7802,248.95096588134766,4
PART-6-1,7803,286.07511138916016,4
PART-6-1,7804,320.5075225830078,4
PART-6-1,7805,340.665283203125,4
PART-6-1,7806,345.0000305175781,4
PART-6-1,7807,345.00001525878906,4
PART-6-1,7808,345.00000762939453,4
PART-6-1,7809,345.0,4
PART-6-1,7810,345.00000762939453,4
PART-6-1,7811,345.0000228881836,4
PART-6-1,7812,345.0000228881836,4
PART-6-1,7813,345.0000228881836,4
PART-6-1,7814,345.0000228881836,4
PART-6-1,7815,344.8680953979492,4
PART-6-1,7816,330.7979507446289,4
PART-6-1,7817,300.74231719970703,4
PART-6-1,7818,268.6673164367676,4
PART-6-1,7819,238.4949493408203,4
PART-6-1,7820,212.9581413269043,4
PART-6-1,7821,194.4921646118164,4
PART-6-1,7822,188.70545196533203,4
PART-6-1,7823,198.28676223754883,4
PART-6-1,7824,219.19976806640625,4
PART-6-1,7825,247.37017440795898,4
PART-6-1,7826,279.6941604614258,4
PART-6-1,7827,313.5946350097656,4
PART-6-1,7828,337.8263168334961,4
PART-6-1,7829,345.00003814697266,4
PART-6-1,7830,345.00003814697266,4
PART-6-1,7831,345.00001525878906,4
PART-6-1,7832,345.0,4
PART-6-1,7833,345.00000762939453,4
PART-6-1,7834,345.0000228881836,4
PART-6-1,7835,345.0000457763672,4
PART-6-1,7836,345.00003814697266,4
PART-6-1,7837,345.00003814697266,4
PART-6-1,7838,345.0000228881836,4
PART-6-1,7839,344.86810302734375,4
PART-6-1,7840,336.72534942626953,4
PART-6-1,7841,315.0170364379883,4
PART-6-1,7842,287.6186065673828,4
PART-6-1,7843,261.94709396362305,4
PART-6-1,7844,241.44781494140625,4
PART-6-1,7845,229.26032257080078,4
PART-6-1,7846,227.42778778076172,4
PART-6-1,7847,236.2272834777832,4
PART-6-1,7848,254.15702056884766,4
PART-6-1,7849,278.7520217895508,4
PART-6-1,7850,307.2855987548828,4
PART-6-1,7851,333.0630874633789,4
PART-6-1,7852,344.4727783203125,4
PART-6-1,7853,345.0000228881836,4
PART-6-1,7854,345.0000228881836,4
PART-6-1,7855,345.0,4
PART-6-1,7856,344.9999771118164,4
PART-6-1,7857,345.00000762939453,4
PART-6-1,7858,345.0000305175781,4
PART-6-1,7859,345.0000305175781,4
PART-6-1,7860,345.0000305175781,4
PART-6-1,7861,345.00003814697266,4
PART-6-1,7862,345.00001525878906,4
PART-6-1,7863,345.0,4
PART-6-1,7864,343.68807220458984,4
PART-6-1,7865,333.83838653564453,4
PART-6-1,7866,313.6944580078125,4
PART-6-1,7867,291.8353958129883,4
PART-6-1,7868,274.2751350402832,4
PART-6-1,7869,263.72957611083984,4
PART-6-1,7870,261.89613342285156,4
PART-6-1,7871,269.07433700561523,4
PART-6-1,7872,284.2162094116211,4
PART-6-1,7873,305.30892181396484,4
PART-6-1,7874,328.281982421875,4
PART-6-1,7875,342.26537322998047,4
PART-6-1,7876,345.00001525878906,4
PART-6-1,7877,345.0000228881836,4
PART-6-1,7878,345.00001525878906,4
PART-6-1,7879,345.0,4
PART-6-1,7880,344.9999771118164,4
PART-6-1,7881,344.99999237060547,4
PART-6-1,7882,345.0000228881836,4
PART-6-1,7883,345.00001525878906,4
PART-6-1,7884,345.0000228881836,4
PART-6-1,7885,345.0000457763672,4
PART-6-1,7886,345.0000305175781,4
PART-6-1,7887,344.99999237060547,4
PART-6-1,7888,344.99999237060547,4
PART-6-1,7889,342.7861022949219,4
PART-6-1,7890,332.69246673583984,4
PART-6-1,7891,316.1408157348633,4
PART-6-1,7892,301.1507568359375,4
PART-6-1,7893,291.9198226928711,4
PART-6-1,7894,289.9445571899414,4
PART-6-1,7895,295.5702438354492,4
PART-6-1,7896,308.04195404052734,4
PART-6-1,7897,325.89344024658203,4
PART-6-1,7898,340.4806823730469,4
PART-6-1,7899,345.0,4
PART-6-1,7900,345.0000228881836,4
PART-6-1,7901,345.0000305175781,4
PART-6-1,7902,345.00001525878906,4
PART-6-1,7903,344.99999237060547,4
PART-6-1,7904,345.0,4
PART-6-1,7905,345.0,4
PART-6-1,7906,345.0,4
PART-6-1,7907,345.0000305175781,4
PART-6-1,7908,345.00003814697266,4
PART-6-1,7909,345.0000686645508,4
PART-6-1,7910,345.0000534057617,4
PART-6-1,7911,345.0,4
PART-6-1,7912,344.99998474121094,4
PART-6-1,7913,344.99998474121094,4
PART-6-1,7914,342.45043182373047,4
PART-6-1,7915,333.64778900146484,4
PART-6-1,7916,321.92169189453125,4
PART-6-1,7917,313.70338439941406,4
PART-6-1,7918,311.42435455322266,4
PART-6-1,7919,315.54325103759766,4
PART-6-1,7920,325.53931427001953,4
PART-6-1,7921,338.17142486572266,4
PART-6-1,7922,344.7300491333008,4
PART-6-1,7923,345.00000762939453,4
PART-6-1,7924,345.00001525878906,4
PART-6-1,7925,345.00001525878906,4
PART-6-1,7926,345.00000762939453,4
PART-6-1,7927,344.99999237060547,4
PART-6-1,7928,345.00000762939453,4
PART-6-1,7929,345.0,4
PART-6-1,7930,344.9999771118164,4
PART-6-1,7931,345.0000305175781,4
PART-6-1,7932,345.0000305175781,4
PART-6-1,7933,345.00006103515625,4
PART-6-1,7934,345.00003814697266,4
PART-6-1,7935,345.00000762939453,4
PART-6-1,7936,344.99999237060547,4
PART-6-1,7937,344.9999694824219,4
PART-6-1,7938,344.99998474121094,4
PART-6-1,7939,342.72979736328125,4
PART-6-1,7940,336.47625732421875,4
PART-6-1,7941,329.84620666503906,4
PART-6-1,7942,327.17691802978516,4
PART-6-1,7943,329.78638458251953,4
PART-6-1,7944,337.08995056152344,4
PART-6-1,7945,343.38074493408203,4
PART-6-1,7946,345.0000228881836,4
PART-6-1,7947,345.0000305175781,4
PART-6-1,7948,345.0000228881836,4
PART-6-1,7949,345.00000762939453,4
PART-6-1,7950,345.0,4
PART-6-1,7951,345.0,4
PART-6-1,7952,345.0,4
PART-6-1,7953,345.0,4
PART-6-1,7954,344.99999237060547,4
PART-6-1,7955,345.0000305175781,4
PART-6-1,7956,345.00001525878906,4
PART-6-1,7957,345.0000534057617,4
PART-6-1,7958,345.00003814697266,4
PART-6-1,7959,345.00000762939453,4
PART-6-1,7960,344.99999237060547,4
PART-6-1,7961,344.9999771118164,4
PART-6-1,7962,344.99998474121094,4
PART-6-1,7963,345.0,4
PART-6-1,7964,343.55870056152344,4
PART-6-1,7965,340.58155822753906,4
PART-6-1,7966,338.4720458984375,4
PART-6-1,7967,339.6496047973633,4
PART-6-1,7968,343.20043182373047,4
PART-6-1,7969,345.00001525878906,4
PART-6-1,7970,345.0000228881836,4
PART-6-1,7971,345.0000228881836,4
PART-6-1,7972,345.0000228881836,4
PART-6-1,7973,345.0000228881836,4
PART-6-1,7974,345.00001525878906,4
PART-6-1,7975,345.00001525878906,4
PART-6-1,7976,345.0,4
PART-6-1,7977,345.0,4
PART-6-1,7978,345.00000762939453,4
PART-6-1,7979,345.0000457763672,4
PART-6-1,7980,345.00001525878906,4
PART-6-1,7981,345.00003814697266,4
PART-6-1,7982,345.00003814697266,4
PART-6-1,7983,345.00001525878906,4
PART-6-1,7984,345.00000762939453,4
PART-6-1,7985,344.99999237060547,4
PART-6-1,7986,344.99998474121094,4
PART-6-1,7987,344.99999237060547,4
PART-6-1,7988,345.0,4
PART-6-1,7989,344.75601959228516,4
PART-6-1,7990,344.08582305908203,4
PART-6-1,7991,344.33150482177734,4
PART-6-1,7992,345.001708984375,4
PART-6-1,7993,345.00000762939453,4
PART-6-1,7994,345.00001525878906,4
PART-6-1,7995,345.00000762939453,4
PART-6-1,7996,345.00000762939453,4
PART-6-1,7997,345.0000305175781,4
PART-6-1,7998,345.0000305175781,4
PART-6-1,7999,345.0000228881836,4
PART-6-1,8000,344.99999237060547,4
PART-6-1,8001,345.0,4
PART-6-1,8002,345.0000228881836,4
PART-6-1,8003,345.0000457763672,4
PART-6-1,8004,345.0000228881836,4
PART-6-1,8005,345.0000228881836,4
PART-6-1,8006,345.00001525878906,4
PART-6-1,8007,345.00001525878906,4
PART-6-1,8008,345.0000228881836,4
PART-6-1,8009,345.0,4
PART-6-1,8010,345.0,4
PART-6-1,8011,345.00000762939453,4
PART-6-1,8012,345.00000762939453,4
PART-6-1,8013,345.00000762939453,4
PART-6-1,8014,345.00000762939453,4
PART-6-1,8015,345.0,4
PART-6-1,8016,345.00000762939453,4
PART-6-1,8017,345.00001525878906,4
PART-6-1,8018,345.00000762939453,4
PART-6-1,8019,345.00000762939453,4
PART-6-1,8020,345.00000762939453,4
PART-6-1,8021,345.0000228881836,4
PART-6-1,8022,345.00001525878906,4
PART-6-1,8023,345.00000762939453,4
PART-6-1,8024,345.00000762939453,4
PART-6-1,8025,345.0000228881836,4
PART-6-1,8026,345.00003814697266,4
PART-6-1,8027,345.0000228881836,4
PART-6-1,8028,345.00001525878906,4
PART-6-1,8029,345.00003814697266,4
PART-6-1,8030,345.00003814697266,4
PART-6-1,8031,345.0000228881836,4
PART-6-1,8032,345.0000228881836,4
PART-6-1,8033,345.00000762939453,4
PART-6-1,8034,345.00000762939453,4
PART-6-1,8035,345.00001525878906,4
PART-6-1,8036,345.00001525878906,4
PART-6-1,8037,345.00001525878906,4
PART-6-1,8038,345.00001525878906,4
PART-6-1,8039,345.0,4
PART-6-1,8040,345.0,4
PART-6-1,8041,345.00000762939453,4
PART-6-1,8042,345.00000762939453,4
PART-6-1,8043,345.0000228881836,4
PART-6-1,8044,345.0000228881836,4
PART-6-1,8045,345.00000762939453,4
PART-6-1,8046,344.99999237060547,4
PART-6-1,8047,344.99999237060547,4
PART-6-1,8048,345.00001525878906,4
PART-6-1,8049,345.0000305175781,4
PART-6-1,8050,345.0000228881836,4
PART-6-1,8051,345.00000762939453,4
PART-6-1,8052,345.00001525878906,4
PART-6-1,8053,345.00003814697266,4
PART-6-1,8054,345.0000457763672,4
PART-6-1,8055,345.0000305175781,4
PART-6-1,8056,345.0000305175781,4
PART-6-1,8057,345.0000228881836,4
PART-6-1,8058,345.00001525878906,4
PART-6-1,8059,345.00001525878906,4
PART-6-1,8060,345.00001525878906,4
PART-6-1,8061,345.00001525878906,4
PART-6-1,8062,345.0000228881836,4
PART-6-1,8063,345.00001525878906,4
PART-6-1,8064,345.00000762939453,4
PART-6-1,8065,345.00001525878906,4
PART-6-1,8066,345.0000228881836,4
PART-6-1,8067,345.00003814697266,4
PART-6-1,8068,345.00003814697266,4
PART-6-1,8069,345.00001525878906,4
PART-6-1,8070,345.0,4
PART-6-1,8071,344.99999237060547,4
PART-6-1,8072,345.0,4
PART-6-1,8073,345.0000228881836,4
PART-6-1,8074,345.00001525878906,4
PART-6-1,8075,345.0000534057617,4
PART-6-1,8076,345.00006103515625,4
PART-6-1,8077,345.0000305175781,4
PART-6-1,8078,345.0000228881836,4
PART-6-1,8079,345.0000228881836,4
PART-6-1,8080,345.0000228881836,4
PART-6-1,8081,345.0000305175781,4
PART-6-1,8082,345.0000305175781,4
PART-6-1,8083,345.00003814697266,4
PART-6-1,8084,345.00003814697266,4
PART-6-1,8085,345.0000305175781,4
PART-6-1,8086,345.0000305175781,4
PART-6-1,8087,345.00001525878906,4
PART-6-1,8088,345.00001525878906,4
PART-6-1,8089,345.00003814697266,4
PART-6-1,8090,345.0000457763672,4
PART-6-1,8091,345.0000457763672,4
PART-6-1,8092,345.00003814697266,4
PART-6-1,8093,345.00003814697266,4
PART-6-1,8094,345.0000305175781,4
PART-6-1,8095,345.00001525878906,4
PART-6-1,8096,345.00000762939453,4
PART-6-1,8097,345.00001525878906,4
PART-6-1,8098,345.0000228881836,4
PART-6-1,8099,345.00008392333984,4
PART-6-1,8100,345.00006103515625,4
PART-6-1,8101,345.00001525878906,4
PART-6-1,8102,345.00001525878906,4
PART-6-1,8103,345.0000228881836,4
PART-6-1,8104,345.0000228881836,4
PART-6-1,8105,345.00003814697266,4
PART-6-1,8106,345.0000534057617,4
PART-6-1,8107,345.00006103515625,4
PART-6-1,8108,345.0000534057617,4
PART-6-1,8109,345.0000457763672,4
PART-6-1,8110,345.0000457763672,4
PART-6-1,8111,345.00003814697266,4
PART-6-1,8112,345.0000305175781,4
PART-6-1,8113,345.0000305175781,4
PART-6-1,8114,345.0000228881836,4
PART-6-1,8115,345.00001525878906,4
PART-6-1,8116,345.00000762939453,4
PART-6-1,8117,345.0000228881836,4
PART-6-1,8118,345.00003814697266,4
PART-6-1,8119,345.0000228881836,4
PART-6-1,8120,345.00000762939453,4
PART-6-1,8121,345.00000762939453,4
PART-6-1,8122,345.00001525878906,4
PART-6-1,8123,345.0000457763672,4
PART-6-1,8124,345.0000228881836,4
PART-6-1,8125,345.0,4
PART-6-1,8126,345.00001525878906,4
PART-6-1,8127,345.0000305175781,4
PART-6-1,8128,345.0000228881836,4
PART-6-1,8129,345.0000228881836,4
PART-6-1,8130,345.00003814697266,4
PART-6-1,8131,345.00003814697266,4
PART-6-1,8132,345.0000457763672,4
PART-6-1,8133,345.00006103515625,4
PART-6-1,8134,345.00006103515625,4
PART-6-1,8135,345.0000457763672,4
PART-6-1,8136,345.00001525878906,4
PART-6-1,8137,345.0,4
PART-6-1,8138,344.99998474121094,4
PART-6-1,8139,344.99998474121094,4
PART-6-1,8140,344.99999237060547,4
PART-6-1,8141,345.0,4
PART-6-1,8142,345.0000228881836,4
PART-6-1,8143,345.0000228881836,4
PART-6-1,8144,345.00000762939453,4
PART-6-1,8145,345.00000762939453,4
PART-6-1,8146,345.00000762939453,4
PART-6-1,8147,260.3220977783203,4
PART-6-1,8148,259.5717086791992,4
PART-6-1,8149,256.2142791748047,4
PART-6-1,8150,254.9812774658203,4
PART-6-1,8151,256.16129302978516,4
PART-6-1,8152,259.6902732849121,4
PART-6-1,8153,266.00762939453125,4
PART-6-1,8154,276.14710235595703,4
PART-6-1,8155,295.5359344482422,4
PART-6-1,8156,324.89051055908203,4
PART-6-1,8157,342.7876281738281,4
PART-6-1,8158,333.17557525634766,4
PART-6-1,8159,246.6988983154297,4
PART-6-1,8160,252.02037811279297,4
PART-6-1,8161,257.4788627624512,4
PART-6-1,8162,262.1610641479492,4
PART-6-1,8163,263.63816833496094,4
PART-6-1,8164,266.0250778198242,4
PART-6-1,8165,270.57006072998047,4
PART-6-1,8166,279.46446228027344,4
PART-6-1,8167,292.4012451171875,4
PART-6-1,8168,311.4225769042969,4
PART-6-1,8169,313.0509796142578,4
PART-6-1,8170,271.72022247314453,4
PART-6-1,8171,241.70625686645508,4
PART-6-1,8172,258.1840362548828,4
PART-6-1,8173,265.6286849975586,4
PART-6-1,8174,265.87732696533203,4
PART-6-1,8175,265.45281982421875,4
PART-6-1,8176,265.9233932495117,4
PART-6-1,8177,268.26551818847656,4
PART-6-1,8178,271.8332748413086,4
PART-6-1,8179,275.6061019897461,4
PART-6-1,8180,273.2659721374512,4
PART-6-1,8181,247.80540466308594,4
PART-6-1,8182,196.98529815673828,4
PART-6-1,8183,252.41510009765625,4
PART-6-1,8184,264.57459259033203,4
PART-6-1,8185,263.6164245605469,4
PART-6-1,8186,263.29039764404297,4
PART-6-1,8187,263.46448516845703,4
PART-6-1,8188,263.51180267333984,4
PART-6-1,8189,262.7985153198242,4
PART-6-1,8190,260.04602432250977,4
PART-6-1,8191,252.33829879760742,4
PART-6-1,8192,232.60063934326172,4
PART-6-1,8193,198.7342643737793,4
PART-6-1,8194,158.76180839538574,4
PART-6-1,8195,253.70212173461914,4
PART-6-1,8196,246.09097290039062,4
PART-6-1,8197,250.28804779052734,4
PART-6-1,8198,258.04840087890625,4
PART-6-1,8199,263.4073791503906,4
PART-6-1,8200,265.07032775878906,4
PART-6-1,8201,261.1696548461914,4
PART-6-1,8202,250.78958129882812,4
PART-6-1,8203,232.05976486206055,4
PART-6-1,8204,205.41719818115234,4
PART-6-1,8205,173.30327987670898,4
PART-6-1,8206,138.81531524658203,4
PART-6-1,8207,344.4532241821289,4
PART-6-1,8208,345.0,4
PART-6-1,8209,345.0000228881836,4
PART-6-1,8210,345.00001525878906,4
PART-6-1,8211,345.00000762939453,4
PART-6-1,8212,345.00001525878906,4
PART-6-1,8213,345.0000305175781,4
PART-6-1,8214,345.0000305175781,4
PART-6-1,8215,345.00001525878906,4
PART-6-1,8216,345.0000228881836,4
PART-6-1,8217,345.00003814697266,4
PART-6-1,8218,345.0000534057617,4
PART-6-1,8219,330.52613830566406,4
PART-6-1,8220,342.19678497314453,4
PART-6-1,8221,345.0,4
PART-6-1,8222,345.00000762939453,4
PART-6-1,8223,345.00001525878906,4
PART-6-1,8224,345.0000228881836,4
PART-6-1,8225,345.0000228881836,4
PART-6-1,8226,345.0,4
PART-6-1,8227,345.0,4
PART-6-1,8228,345.0000305175781,4
PART-6-1,8229,345.00003814697266,4
PART-6-1,8230,345.0000457763672,4
PART-6-1,8231,300.8286590576172,4
PART-6-1,8232,326.0575942993164,4
PART-6-1,8233,339.63050079345703,4
PART-6-1,8234,344.7506866455078,4
PART-6-1,8235,345.0,4
PART-6-1,8236,345.00001525878906,4
PART-6-1,8237,345.0000228881836,4
PART-6-1,8238,345.0,4
PART-6-1,8239,345.0,4
PART-6-1,8240,345.0000305175781,4
PART-6-1,8241,345.00003814697266,4
PART-6-1,8242,345.0000305175781,4
PART-6-1,8243,272.30292892456055,4
PART-6-1,8244,299.79210662841797,4
PART-6-1,8245,321.6031799316406,4
PART-6-1,8246,335.38175201416016,4
PART-6-1,8247,342.19055938720703,4
PART-6-1,8248,345.0,4
PART-6-1,8249,345.00001525878906,4
PART-6-1,8250,345.00001525878906,4
PART-6-1,8251,345.00001525878906,4
PART-6-1,8252,345.0000228881836,4
PART-6-1,8253,345.0000305175781,4
PART-6-1,8254,345.0000305175781,4
PART-6-1,8255,258.5139694213867,4
PART-6-1,8256,281.9166793823242,4
PART-6-1,8257,301.0390396118164,4
PART-6-1,8258,316.9389419555664,4
PART-6-1,8259,330.7236785888672,4
PART-6-1,8260,339.7858581542969,4
PART-6-1,8261,343.822021484375,4
PART-6-1,8262,345.00001525878906,4
PART-6-1,8263,345.00001525878906,4
PART-6-1,8264,345.00001525878906,4
PART-6-1,8265,345.0,4
PART-6-1,8266,345.0,4
PART-6-1,8267,259.56061935424805,4
PART-6-1,8268,279.00950622558594,4
PART-6-1,8269,295.4298629760742,4
PART-6-1,8270,309.6801452636719,4
PART-6-1,8271,322.73181915283203,4
PART-6-1,8272,334.1696243286133,4
PART-6-1,8273,342.23067474365234,4
PART-6-1,8274,345.00000762939453,4
PART-6-1,8275,345.0000228881836,4
PART-6-1,8276,345.0000305175781,4
PART-6-1,8277,345.0,4
PART-6-1,8278,345.0,4
PART-6-1,8279,263.0908203125,4
PART-6-1,8280,281.85437774658203,4
PART-6-1,8281,298.27564239501953,4
PART-6-1,8282,312.2368621826172,4
PART-6-1,8283,323.95642852783203,4
PART-6-1,8284,334.06078338623047,4
PART-6-1,8285,341.88826751708984,4
PART-6-1,8286,345.00000762939453,4
PART-6-1,8287,345.0000228881836,4
PART-6-1,8288,345.0000228881836,4
PART-6-1,8289,345.0000228881836,4
PART-6-1,8290,345.0000305175781,4
PART-6-1,8291,264.2448081970215,4
PART-6-1,8292,282.2170715332031,4
PART-6-1,8293,298.09222412109375,4
PART-6-1,8294,311.69173431396484,4
PART-6-1,8295,323.1200485229492,4
PART-6-1,8296,332.6184539794922,4
PART-6-1,8297,340.13553619384766,4
PART-6-1,8298,344.1635437011719,4
PART-6-1,8299,345.00001525878906,4
PART-6-1,8300,345.00000762939453,4
PART-6-1,8301,345.0000305175781,4
PART-6-1,8302,345.0000457763672,4
PART-6-1,8303,263.8533630371094,4
PART-6-1,8304,280.60584259033203,4
PART-6-1,8305,295.5755615234375,4
PART-6-1,8306,308.40254974365234,4
PART-6-1,8307,319.0006790161133,4
PART-6-1,8308,327.54847717285156,4
PART-6-1,8309,334.32627868652344,4
PART-6-1,8310,339.1645278930664,4
PART-6-1,8311,342.0752258300781,4
PART-6-1,8312,344.07181549072266,4
PART-6-1,8313,345.0000228881836,4
PART-6-1,8314,345.0000305175781,4
PART-6-1,8315,262.052001953125,4
PART-6-1,8316,277.5000915527344,4
PART-6-1,8317,291.2677459716797,4
PART-6-1,8318,303.0025405883789,4
PART-6-1,8319,312.5201873779297,4
PART-6-1,8320,319.8322982788086,4
PART-6-1,8321,325.2223358154297,4
PART-6-1,8322,329.17772674560547,4
PART-6-1,8323,332.65201568603516,4
PART-6-1,8324,336.6001663208008,4
PART-6-1,8325,341.09971618652344,4
PART-6-1,8326,344.2147521972656,4
PART-6-1,8327,259.0926322937012,4
PART-6-1,8328,273.0935363769531,4
PART-6-1,8329,285.5576934814453,4
PART-6-1,8330,296.044677734375,4
PART-6-1,8331,304.3119583129883,4
PART-6-1,8332,310.3364944458008,4
PART-6-1,8333,314.3238067626953,4
PART-6-1,8334,316.8763427734375,4
PART-6-1,8335,320.49317932128906,4
PART-6-1,8336,326.3109436035156,4
PART-6-1,8337,333.56797790527344,4
PART-6-1,8338,340.3918685913086,4
PART-6-1,8339,254.99291610717773,4
PART-6-1,8340,267.57928466796875,4
PART-6-1,8341,278.68980407714844,4
PART-6-1,8342,287.90052795410156,4
PART-6-1,8343,294.9223937988281,4
PART-6-1,8344,299.6771926879883,4
PART-6-1,8345,302.39139556884766,4
PART-6-1,8346,305.4213409423828,4
PART-6-1,8347,311.99837493896484,4
PART-6-1,8348,320.9805221557617,4
PART-6-1,8349,330.25682830810547,4
PART-6-1,8350,339.0862274169922,4
PART-6-1,8351,249.7998046875,4
PART-6-1,8352,261.0095863342285,4
PART-6-1,8353,270.8427429199219,4
PART-6-1,8354,278.84204864501953,4
PART-6-1,8355,284.7109603881836,4
PART-6-1,8356,288.3596649169922,4
PART-6-1,8357,291.43444061279297,4
PART-6-1,8358,297.6703186035156,4
PART-6-1,8359,307.51834869384766,4
PART-6-1,8360,318.85719299316406,4
PART-6-1,8361,332.1381378173828,4
PART-6-1,8362,342.24867248535156,4
PART-6-1,8363,243.45635223388672,4
PART-6-1,8364,253.43118286132812,4
PART-6-1,8365,262.1043891906738,4
PART-6-1,8366,269.04920196533203,4
PART-6-1,8367,273.95825958251953,4
PART-6-1,8368,278.30948638916016,4
PART-6-1,8369,284.6258544921875,4
PART-6-1,8370,293.81744384765625,4
PART-6-1,8371,305.2612533569336,4
PART-6-1,8372,318.93394470214844,4
PART-6-1,8373,335.0768356323242,4
PART-6-1,8374,344.3395767211914,4
PART-6-1,8375,237.92415237426758,4
PART-6-1,8376,246.587646484375,4
PART-6-1,8377,254.52156829833984,4
PART-6-1,8378,261.4912414550781,4
PART-6-1,8379,267.4474411010742,4
PART-6-1,8380,274.05938720703125,4
PART-6-1,8381,282.59141540527344,4
PART-6-1,8382,292.70386505126953,4
PART-6-1,8383,305.11830139160156,4
PART-6-1,8384,321.2227096557617,4
PART-6-1,8385,337.6966094970703,4
PART-6-1,8386,345.00001525878906,4
PART-6-1,8387,239.25059127807617,4
PART-6-1,8388,246.84140014648438,4
PART-6-1,8389,254.1303939819336,4
PART-6-1,8390,261.1498489379883,4
PART-6-1,8391,268.0893020629883,4
PART-6-1,8392,275.34515380859375,4
PART-6-1,8393,283.5645446777344,4
PART-6-1,8394,293.70716094970703,4
PART-6-1,8395,307.09925842285156,4
PART-6-1,8396,325.48180389404297,4
PART-6-1,8397,340.58362579345703,4
PART-6-1,8398,345.0,4
PART-6-1,8399,246.21510696411133,4
PART-6-1,8400,253.25616836547852,4
PART-6-1,8401,259.873348236084,4
PART-6-1,8402,266.1222610473633,4
PART-6-1,8403,272.26253509521484,4
PART-6-1,8404,278.80702209472656,4
PART-6-1,8405,286.59033203125,4
PART-6-1,8406,296.80162811279297,4
PART-6-1,8407,311.0684585571289,4
PART-6-1,8408,330.8401870727539,4
PART-6-1,8409,343.61427307128906,4
PART-6-1,8410,345.0,4
PART-6-1,8411,253.2958106994629,4
PART-6-1,8412,260.1680145263672,4
PART-6-1,8413,266.49158477783203,4
PART-6-1,8414,272.33033752441406,4
PART-6-1,8415,277.98316192626953,4
PART-6-1,8416,284.0517349243164,4
PART-6-1,8417,291.5203628540039,4
PART-6-1,8418,301.76055908203125,4
PART-6-1,8419,316.6670455932617,4
PART-6-1,8420,335.28516387939453,4
PART-6-1,8421,345.00000762939453,4
PART-6-1,8422,345.00001525878906,4
PART-6-1,8423,260.0376319885254,4
PART-6-1,8424,267.15982818603516,4
PART-6-1,8425,273.6061096191406,4
PART-6-1,8426,279.4169158935547,4
PART-6-1,8427,284.90740966796875,4
PART-6-1,8428,290.72298431396484,4
PART-6-1,8429,297.9440155029297,4
PART-6-1,8430,308.09339141845703,4
PART-6-1,8431,323.2286834716797,4
PART-6-1,8432,338.66980743408203,4
PART-6-1,8433,345.0,4
PART-6-1,8434,345.00000762939453,4
PART-6-1,8435,265.81756591796875,4
PART-6-1,8436,273.63108825683594,4
PART-6-1,8437,280.6256637573242,4
PART-6-1,8438,286.80419158935547,4
PART-6-1,8439,292.43934631347656,4
PART-6-1,8440,298.20206451416016,4
PART-6-1,8441,305.19603729248047,4
PART-6-1,8442,315.0639877319336,4
PART-6-1,8443,329.90784454345703,4
PART-6-1,8444,341.92872619628906,4
PART-6-1,8445,344.99999237060547,4
PART-6-1,8446,345.00000762939453,4
PART-6-1,8447,269.8855438232422,4
PART-6-1,8448,278.83960723876953,4
PART-6-1,8449,286.82352447509766,4
PART-6-1,8450,293.73213958740234,4
PART-6-1,8451,299.8051300048828,4
PART-6-1,8452,305.6659698486328,4
PART-6-1,8453,312.42047119140625,4
PART-6-1,8454,321.7789764404297,4
PART-6-1,8455,335.423583984375,4
PART-6-1,8456,344.2377243041992,4
PART-6-1,8457,345.00000762939453,4
PART-6-1,8458,345.00000762939453,4
PART-6-1,8459,271.46228790283203,4
PART-6-1,8460,282.0250701904297,4
PART-6-1,8461,291.3878402709961,4
PART-6-1,8462,299.38909912109375,4
PART-6-1,8463,306.1264877319336,4
PART-6-1,8464,312.1960983276367,4
PART-6-1,8465,318.6598205566406,4
PART-6-1,8466,327.25357818603516,4
PART-6-1,8467,338.68074798583984,4
PART-6-1,8468,345.0000305175781,4
PART-6-1,8469,345.0,4
PART-6-1,8470,345.00000762939453,4
PART-6-1,8471,269.8462371826172,4
PART-6-1,8472,282.4338836669922,4
PART-6-1,8473,293.6084289550781,4
PART-6-1,8474,302.9517364501953,4
PART-6-1,8475,310.5375518798828,4
PART-6-1,8476,316.86754608154297,4
PART-6-1,8477,322.9530334472656,4
PART-6-1,8478,330.5312728881836,4
PART-6-1,8479,339.9787139892578,4
PART-6-1,8480,344.99999237060547,4
PART-6-1,8481,345.0,4
PART-6-1,8482,345.00000762939453,4
PART-6-1,8483,264.44233322143555,4
PART-6-1,8484,279.6005859375,4
PART-6-1,8485,292.8271713256836,4
PART-6-1,8486,303.7329330444336,4
PART-6-1,8487,312.23802947998047,4
PART-6-1,8488,318.78746795654297,4
PART-6-1,8489,324.42529296875,4
PART-6-1,8490,330.7729721069336,4
PART-6-1,8491,339.22747802734375,4
PART-6-1,8492,344.5281295776367,4
PART-6-1,8493,345.00000762939453,4
PART-6-1,8494,345.0,4
PART-6-1,8495,255.13627243041992,4
PART-6-1,8496,273.10379791259766,4
PART-6-1,8497,288.71764373779297,4
PART-6-1,8498,301.21253967285156,4
PART-6-1,8499,310.4716796875,4
PART-6-1,8500,317.1614456176758,4
PART-6-1,8501,322.23016357421875,4
PART-6-1,8502,327.33068084716797,4
PART-6-1,8503,334.4298095703125,4
PART-6-1,8504,341.8754348754883,4
PART-6-1,8505,345.0,4
PART-6-1,8506,345.0,4
PART-6-1,8507,241.7357521057129,4
PART-6-1,8508,263.2912292480469,4
PART-6-1,8509,281.2630081176758,4
PART-6-1,8510,294.90380859375,4
PART-6-1,8511,304.69510650634766,4
PART-6-1,8512,311.1534652709961,4
PART-6-1,8513,315.6039047241211,4
PART-6-1,8514,319.5701217651367,4
PART-6-1,8515,324.8676986694336,4
PART-6-1,8516,333.11875915527344,4
PART-6-1,8517,341.59998321533203,4
PART-6-1,8518,344.99999237060547,4
PART-6-1,8519,225.91737365722656,4
PART-6-1,8520,250.8729019165039,4
PART-6-1,8521,270.3821563720703,4
PART-6-1,8522,284.88441467285156,4
PART-6-1,8523,294.1923522949219,4
PART-6-1,8524,299.9386444091797,4
PART-6-1,8525,303.72198486328125,4
PART-6-1,8526,307.06529235839844,4
PART-6-1,8527,311.1122131347656,4
PART-6-1,8528,317.71600341796875,4
PART-6-1,8529,327.91065216064453,4
PART-6-1,8530,338.3401565551758,4
PART-6-1,8531,229.44767379760742,4
PART-6-1,8532,248.92557525634766,4
PART-6-1,8533,265.7111282348633,4
PART-6-1,8534,277.72511291503906,4
PART-6-1,8535,282.9617691040039,4
PART-6-1,8536,285.66990661621094,4
PART-6-1,8537,286.7169418334961,4
PART-6-1,8538,289.5978775024414,4
PART-6-1,8539,293.5555877685547,4
PART-6-1,8540,298.77782440185547,4
PART-6-1,8541,306.13802337646484,4
PART-6-1,8542,317.63329315185547,4
PART-6-1,8543,263.9796447753906,4
PART-6-1,8544,278.8046875,4
PART-6-1,8545,291.223388671875,4
PART-6-1,8546,291.71710205078125,4
PART-6-1,8547,289.10450744628906,4
PART-6-1,8548,285.17491912841797,4
PART-6-1,8549,281.1817092895508,4
PART-6-1,8550,278.8432846069336,4
PART-6-1,8551,277.69969940185547,4
PART-6-1,8552,278.6430969238281,4
PART-6-1,8553,283.2537307739258,4
PART-6-1,8554,290.4932174682617,4
PART-6-1,8555,314.4283905029297,4
PART-6-1,8556,324.38714599609375,4
PART-6-1,8557,330.05335998535156,4
PART-6-1,8558,319.4556427001953,4
PART-6-1,8559,306.6456756591797,4
PART-6-1,8560,296.2352752685547,4
PART-6-1,8561,286.9762268066406,4
PART-6-1,8562,278.4070587158203,4
PART-6-1,8563,270.1776809692383,4
PART-6-1,8564,264.3047981262207,4
PART-6-1,8565,263.25632095336914,4
PART-6-1,8566,266.5058288574219,4
PART-6-1,8567,343.4417419433594,4
PART-6-1,8568,345.00000762939453,4
PART-6-1,8569,344.99999237060547,4
PART-6-1,8570,333.83355712890625,4
PART-6-1,8571,314.38736724853516,4
PART-6-1,8572,299.54649353027344,4
PART-6-1,8573,287.29449462890625,4
PART-6-1,8574,276.2926025390625,4
PART-6-1,8575,266.0175476074219,4
PART-6-1,8576,256.6090393066406,4
PART-6-1,8577,249.8396224975586,4
PART-6-1,8578,248.38394927978516,4
PART-6-1,8579,345.00001525878906,4
PART-6-1,8580,345.00001525878906,4
PART-6-1,8581,340.97515869140625,4
PART-6-1,8582,326.4104537963867,4
PART-6-1,8583,307.57049560546875,4
PART-6-1,8584,292.9053039550781,4
PART-6-1,8585,280.6148147583008,4
PART-6-1,8586,269.2442932128906,4
PART-6-1,8587,258.6182441711426,4
PART-6-1,8588,248.95285415649414,4
PART-6-1,8589,241.21946716308594,4
PART-6-1,8590,237.48130798339844,4
PART-6-1,8591,280.2171058654785,4
PART-6-1,8592,307.4228057861328,4
PART-6-1,8593,307.7469253540039,4
PART-6-1,8594,296.9179382324219,4
PART-6-1,8595,286.1549530029297,4
PART-6-1,8596,276.7005310058594,4
PART-6-1,8597,267.3120803833008,4
PART-6-1,8598,258.32944107055664,4
PART-6-1,8599,249.3750457763672,4
PART-6-1,8600,240.67206192016602,4
PART-6-1,8601,235.84625244140625,4
PART-6-1,8602,233.66698455810547,4
PART-6-1,8603,186.41897201538086,4
PART-6-1,8604,225.26360321044922,4
PART-6-1,8605,246.91003036499023,4
PART-6-1,8606,254.28606033325195,4
PART-6-1,8607,255.49839401245117,4
PART-6-1,8608,253.20126724243164,4
PART-6-1,8609,249.50236129760742,4
PART-6-1,8610,245.10136795043945,4
PART-6-1,8611,240.4414405822754,4
PART-6-1,8612,235.35518264770508,4
PART-6-1,8613,234.06354141235352,4
PART-6-1,8614,237.49073791503906,4
PART-6-1,8615,152.5912208557129,4
PART-6-1,8616,178.64883422851562,4
PART-6-1,8617,203.14691162109375,4
PART-6-1,8618,213.8950538635254,4
PART-6-1,8619,220.98870086669922,4
PART-6-1,8620,227.2157325744629,4
PART-6-1,8621,230.2155647277832,4
PART-6-1,8622,231.29742050170898,4
PART-6-1,8623,231.70614624023438,4
PART-6-1,8624,232.82167053222656,4
PART-6-1,8625,237.80085372924805,4
PART-6-1,8626,250.83398818969727,4
PART-6-1,8627,345.0000305175781,4
PART-6-1,8628,345.00003814697266,4
PART-6-1,8629,345.0000228881836,4
PART-6-1,8630,345.00001525878906,4
PART-6-1,8631,345.0000305175781,4
PART-6-1,8632,345.0000228881836,4
PART-6-1,8633,345.0000228881836,4
PART-6-1,8634,345.00001525878906,4
PART-6-1,8635,345.00000762939453,4
PART-6-1,8636,345.00000762939453,4
PART-6-1,8637,345.00000762939453,4
PART-6-1,8638,342.5097122192383,4
PART-6-1,8639,345.00000762939453,4
PART-6-1,8640,345.0000228881836,4
PART-6-1,8641,345.0000228881836,4
PART-6-1,8642,345.0000228881836,4
PART-6-1,8643,345.0000228881836,4
PART-6-1,8644,345.0000228881836,4
PART-6-1,8645,345.0000228881836,4
PART-6-1,8646,345.00001525878906,4
PART-6-1,8647,345.0000228881836,4
PART-6-1,8648,345.0000228881836,4
PART-6-1,8649,340.3641357421875,4
PART-6-1,8650,323.7060241699219,4
PART-6-1,8651,345.0000228881836,4
PART-6-1,8652,345.00001525878906,4
PART-6-1,8653,345.00000762939453,4
PART-6-1,8654,345.00001525878906,4
PART-6-1,8655,345.0,4
PART-6-1,8656,345.0,4
PART-6-1,8657,345.0,4
PART-6-1,8658,345.0,4
PART-6-1,8659,342.79249572753906,4
PART-6-1,8660,335.5696716308594,4
PART-6-1,8661,319.4244918823242,4
PART-6-1,8662,291.0301208496094,4
PART-6-1,8663,345.00001525878906,4
PART-6-1,8664,345.00000762939453,4
PART-6-1,8665,345.0,4
PART-6-1,8666,345.00000762939453,4
PART-6-1,8667,345.0,4
PART-6-1,8668,345.0,4
PART-6-1,8669,343.6106719970703,4
PART-6-1,8670,338.72444915771484,4
PART-6-1,8671,330.3538360595703,4
PART-6-1,8672,317.4174041748047,4
PART-6-1,8673,299.5093460083008,4
PART-6-1,8674,276.27117919921875,4
PART-6-1,8675,345.00000762939453,4
PART-6-1,8676,345.00000762939453,4
PART-6-1,8677,345.00000762939453,4
PART-6-1,8678,345.00001525878906,4
PART-6-1,8679,345.00000762939453,4
PART-6-1,8680,345.0,4
PART-6-1,8681,342.7927780151367,4
PART-6-1,8682,334.93566131591797,4
PART-6-1,8683,323.95508575439453,4
PART-6-1,8684,312.4553756713867,4
PART-6-1,8685,298.2529067993164,4
PART-6-1,8686,279.2281494140625,4
PART-6-1,8687,345.00001525878906,4
PART-6-1,8688,345.0,4
PART-6-1,8689,345.00001525878906,4
PART-6-1,8690,345.0000305175781,4
PART-6-1,8691,345.0,4
PART-6-1,8692,344.99999237060547,4
PART-6-1,8693,344.1821060180664,4
PART-6-1,8694,339.2713851928711,4
PART-6-1,8695,329.6600799560547,4
PART-6-1,8696,317.1602554321289,4
PART-6-1,8697,301.09159088134766,4
PART-6-1,8698,281.26776123046875,4
PART-6-1,8699,345.00000762939453,4
PART-6-1,8700,345.0,4
PART-6-1,8701,345.0000305175781,4
PART-6-1,8702,345.00003814697266,4
PART-6-1,8703,345.00001525878906,4
PART-6-1,8704,344.99999237060547,4
PART-6-1,8705,344.99999237060547,4
PART-6-1,8706,341.0924301147461,4
PART-6-1,8707,331.1312561035156,4
PART-6-1,8708,317.4824905395508,4
PART-6-1,8709,300.8677291870117,4
PART-6-1,8710,281.2575988769531,4
PART-6-1,8711,345.0000228881836,4
PART-6-1,8712,345.00003814697266,4
PART-6-1,8713,345.0000305175781,4
PART-6-1,8714,345.00001525878906,4
PART-6-1,8715,345.00001525878906,4
PART-6-1,8716,344.99999237060547,4
PART-6-1,8717,344.5362777709961,4
PART-6-1,8718,339.5928268432617,4
PART-6-1,8719,328.8212127685547,4
PART-6-1,8720,314.9701614379883,4
PART-6-1,8721,298.4232177734375,4
PART-6-1,8722,279.3343200683594,4
PART-6-1,8723,345.0000305175781,4
PART-6-1,8724,345.0000305175781,4
PART-6-1,8725,345.0,4
PART-6-1,8726,344.99999237060547,4
PART-6-1,8727,345.00000762939453,4
PART-6-1,8728,344.49951934814453,4
PART-6-1,8729,341.78043365478516,4
PART-6-1,8730,334.71642303466797,4
PART-6-1,8731,323.768310546875,4
PART-6-1,8732,310.2591247558594,4
PART-6-1,8733,294.29852294921875,4
PART-6-1,8734,276.1766357421875,4
PART-6-1,8735,345.00001525878906,4
PART-6-1,8736,344.4219741821289,4
PART-6-1,8737,343.09397888183594,4
PART-6-1,8738,342.0069274902344,4
PART-6-1,8739,341.1750717163086,4
PART-6-1,8740,339.2468032836914,4
PART-6-1,8741,334.58958435058594,4
PART-6-1,8742,326.88600158691406,4
PART-6-1,8743,316.65464782714844,4
PART-6-1,8744,303.94437408447266,4
PART-6-1,8745,288.9136505126953,4
PART-6-1,8746,271.9337158203125,4
PART-6-1,8747,343.89935302734375,4
PART-6-1,8748,339.26734161376953,4
PART-6-1,8749,334.1747512817383,4
PART-6-1,8750,332.07440185546875,4
PART-6-1,8751,330.7708740234375,4
PART-6-1,8752,328.4104232788086,4
PART-6-1,8753,324.09173583984375,4
PART-6-1,8754,317.3769836425781,4
PART-6-1,8755,308.1288299560547,4
PART-6-1,8756,296.41878509521484,4
PART-6-1,8757,282.5146026611328,4
PART-6-1,8758,266.8517761230469,4
PART-6-1,8759,343.4412155151367,4
PART-6-1,8760,334.9349822998047,4
PART-6-1,8761,323.77293395996094,4
PART-6-1,8762,318.6460418701172,4
PART-6-1,8763,317.3588104248047,4
PART-6-1,8764,315.8624496459961,4
PART-6-1,8765,312.5045852661133,4
PART-6-1,8766,306.79480743408203,4
PART-6-1,8767,298.5853805541992,4
PART-6-1,8768,287.9838333129883,4
PART-6-1,8769,275.30494689941406,4
PART-6-1,8770,260.9946174621582,4
PART-6-1,8771,344.54186248779297,4
PART-6-1,8772,335.69034576416016,4
PART-6-1,8773,319.8114471435547,4
PART-6-1,8774,308.08138275146484,4
PART-6-1,8775,303.7234191894531,4
PART-6-1,8776,302.8670883178711,4
PART-6-1,8777,300.33556365966797,4
PART-6-1,8778,295.5433120727539,4
PART-6-1,8779,288.3388442993164,4
PART-6-1,8780,278.84820556640625,4
PART-6-1,8781,267.3909683227539,4
PART-6-1,8782,254.4389305114746,4
PART-6-1,8783,344.9999771118164,4
PART-6-1,8784,336.83203887939453,4
PART-6-1,8785,319.68675231933594,4
PART-6-1,8786,303.31712341308594,4
PART-6-1,8787,293.15572357177734,4
PART-6-1,8788,289.8949203491211,4
PART-6-1,8789,287.94903564453125,4
PART-6-1,8790,283.9107360839844,4
PART-6-1,8791,277.6017074584961,4
PART-6-1,8792,269.13629150390625,4
PART-6-1,8793,258.8427314758301,4
PART-6-1,8794,247.16889190673828,4
PART-6-1,8795,344.9999771118164,4
PART-6-1,8796,338.52625274658203,4
PART-6-1,8797,321.55396270751953,4
PART-6-1,8798,302.94725036621094,4
PART-6-1,8799,288.7840881347656,4
PART-6-1,8800,279.79905700683594,4
PART-6-1,8801,275.62098693847656,4
PART-6-1,8802,272.0980682373047,4
PART-6-1,8803,266.5007858276367,4
PART-6-1,8804,258.92087173461914,4
PART-6-1,8805,249.65906143188477,4
PART-6-1,8806,239.15484619140625,4
PART-6-1,8807,345.0,4
PART-6-1,8808,341.0762023925781,4
PART-6-1,8809,325.26885986328125,4
PART-6-1,8810,304.56632232666016,4
PART-6-1,8811,289.07970428466797,4
PART-6-1,8812,277.07874298095703,4
PART-6-1,8813,268.97509002685547,4
PART-6-1,8814,263.1824722290039,4
PART-6-1,8815,256.69930267333984,4
PART-6-1,8816,249.31851959228516,4
PART-6-1,8817,241.08612442016602,4
PART-6-1,8818,232.15845108032227,4
PART-6-1,8819,345.00000762939453,4
PART-6-1,8820,343.78125762939453,4
PART-6-1,8821,330.0413360595703,4
PART-6-1,8822,308.0934371948242,4
PART-6-1,8823,291.8687438964844,4
PART-6-1,8824,279.9408416748047,4
PART-6-1,8825,270.6570816040039,4
PART-6-1,8826,262.81668853759766,4
PART-6-1,8827,255.5860595703125,4
PART-6-1,8828,248.4438133239746,4
PART-6-1,8829,241.11768341064453,4
PART-6-1,8830,233.53753662109375,4
PART-6-1,8831,345.0,4
PART-6-1,8832,345.0,4
PART-6-1,8833,334.0990447998047,4
PART-6-1,8834,313.2865295410156,4
PART-6-1,8835,296.5078811645508,4
PART-6-1,8836,284.68920135498047,4
PART-6-1,8837,275.9155044555664,4
PART-6-1,8838,268.7906799316406,4
PART-6-1,8839,262.30909729003906,4
PART-6-1,8840,255.8498992919922,4
PART-6-1,8841,249.08494567871094,4
PART-6-1,8842,241.92616653442383,4
PART-6-1,8843,345.00001525878906,4
PART-6-1,8844,345.00000762939453,4
PART-6-1,8845,337.3835983276367,4
PART-6-1,8846,319.6165466308594,4
PART-6-1,8847,302.6240005493164,4
PART-6-1,8848,291.0160217285156,4
PART-6-1,8849,282.68529510498047,4
PART-6-1,8850,276.0659637451172,4
PART-6-1,8851,270.03881072998047,4
PART-6-1,8852,263.91160583496094,4
PART-6-1,8853,257.33190536499023,4
PART-6-1,8854,250.21986389160156,4
PART-6-1,8855,345.0000228881836,4
PART-6-1,8856,345.00000762939453,4
PART-6-1,8857,340.68788146972656,4
PART-6-1,8858,326.33665466308594,4
PART-6-1,8859,309.6104202270508,4
PART-6-1,8860,298.38866424560547,4
PART-6-1,8861,290.47601318359375,4
PART-6-1,8862,284.1759567260742,4
PART-6-1,8863,278.30799865722656,4
PART-6-1,8864,272.15294647216797,4
PART-6-1,8865,265.3637924194336,4
PART-6-1,8866,257.8953857421875,4
PART-6-1,8867,345.00001525878906,4
PART-6-1,8868,345.0,4
PART-6-1,8869,343.60550689697266,4
PART-6-1,8870,332.62686920166016,4
PART-6-1,8871,316.68875885009766,4
PART-6-1,8872,306.07476806640625,4
PART-6-1,8873,298.5904083251953,4
PART-6-1,8874,292.4519577026367,4
PART-6-1,8875,286.4720764160156,4
PART-6-1,8876,279.9297409057617,4
PART-6-1,8877,272.5342788696289,4
PART-6-1,8878,264.29712677001953,4
PART-6-1,8879,345.00001525878906,4
PART-6-1,8880,344.99999237060547,4
PART-6-1,8881,344.9611358642578,4
PART-6-1,8882,336.8711624145508,4
PART-6-1,8883,322.97169494628906,4
PART-6-1,8884,313.21087646484375,4
PART-6-1,8885,306.1981506347656,4
PART-6-1,8886,300.10880279541016,4
PART-6-1,8887,293.76576232910156,4
PART-6-1,8888,286.5107955932617,4
PART-6-1,8889,278.1063995361328,4
PART-6-1,8890,268.68184661865234,4
PART-6-1,8891,345.00001525878906,4
PART-6-1,8892,345.0,4
PART-6-1,8893,344.99999237060547,4
PART-6-1,8894,338.8490295410156,4
PART-6-1,8895,327.5423583984375,4
PART-6-1,8896,318.90091705322266,4
PART-6-1,8897,312.43768310546875,4
PART-6-1,8898,306.31957244873047,4
PART-6-1,8899,299.42335510253906,4
PART-6-1,8900,291.1341857910156,4
PART-6-1,8901,281.364990234375,4
PART-6-1,8902,270.31880950927734,4
PART-6-1,8903,345.00001525878906,4
PART-6-1,8904,345.00000762939453,4
PART-6-1,8905,345.00000762939453,4
PART-6-1,8906,339.4251174926758,4
PART-6-1,8907,329.58443450927734,4
PART-6-1,8908,322.31199645996094,4
PART-6-1,8909,316.48846435546875,4
PART-6-1,8910,310.31170654296875,4
PART-6-1,8911,302.7097473144531,4
PART-6-1,8912,293.1723861694336,4
PART-6-1,8913,281.6400375366211,4
PART-6-1,8914,268.5785675048828,4
PART-6-1,8915,345.00001525878906,4
PART-6-1,8916,345.0,4
PART-6-1,8917,343.53450775146484,4
PART-6-1,8918,336.9158630371094,4
PART-6-1,8919,328.45137786865234,4
PART-6-1,8920,322.7062225341797,4
PART-6-1,8921,317.5796661376953,4
PART-6-1,8922,311.3909606933594,4
PART-6-1,8923,303.04383087158203,4
PART-6-1,8924,292.0612106323242,4
PART-6-1,8925,278.55198669433594,4
PART-6-1,8926,262.9509162902832,4
PART-6-1,8927,345.0000228881836,4
PART-6-1,8928,343.9511947631836,4
PART-6-1,8929,338.39691162109375,4
PART-6-1,8930,329.93013763427734,4
PART-6-1,8931,323.6309280395508,4
PART-6-1,8932,319.3606643676758,4
PART-6-1,8933,315.0280456542969,4
PART-6-1,8934,308.91129302978516,4
PART-6-1,8935,299.99151611328125,4
PART-6-1,8936,287.57520294189453,4
PART-6-1,8937,271.76087951660156,4
PART-6-1,8938,253.38307189941406,4
PART-6-1,8939,343.34256744384766,4
PART-6-1,8940,336.85643768310547,4
PART-6-1,8941,326.79547119140625,4
PART-6-1,8942,318.8687057495117,4
PART-6-1,8943,314.5774917602539,4
PART-6-1,8944,311.6317138671875,4
PART-6-1,8945,308.1045608520508,4
PART-6-1,8946,302.4292297363281,4
PART-6-1,8947,293.1701431274414,4
PART-6-1,8948,279.76158905029297,4
PART-6-1,8949,261.7193298339844,4
PART-6-1,8950,239.7682876586914,4
PART-6-1,8951,331.84339141845703,4
PART-6-1,8952,319.39209747314453,4
PART-6-1,8953,309.34932708740234,4
PART-6-1,8954,303.8433074951172,4
PART-6-1,8955,300.94835662841797,4
PART-6-1,8956,298.79229736328125,4
PART-6-1,8957,296.0969467163086,4
PART-6-1,8958,291.2891082763672,4
PART-6-1,8959,282.7364196777344,4
PART-6-1,8960,268.65499114990234,4
PART-6-1,8961,249.17341995239258,4
PART-6-1,8962,223.8918113708496,4
PART-6-1,8963,307.33338928222656,4
PART-6-1,8964,295.8419418334961,4
PART-6-1,8965,289.0296859741211,4
PART-6-1,8966,284.99755859375,4
PART-6-1,8967,283.45858001708984,4
PART-6-1,8968,282.84368896484375,4
PART-6-1,8969,282.60169219970703,4
PART-6-1,8970,280.3387222290039,4
PART-6-1,8971,275.53885650634766,4
PART-6-1,8972,263.77972412109375,4
PART-6-1,8973,246.73122787475586,4
PART-6-1,8974,226.85705184936523,4
PART-6-1,8975,278.9803771972656,4
PART-6-1,8976,272.43228912353516,4
PART-6-1,8977,270.6735305786133,4
PART-6-1,8978,272.2125244140625,4
PART-6-1,8979,275.22215270996094,4
PART-6-1,8980,279.2399673461914,4
PART-6-1,8981,283.3987274169922,4
PART-6-1,8982,287.2219543457031,4
PART-6-1,8983,289.85082244873047,4
PART-6-1,8984,289.5719223022461,4
PART-6-1,8985,276.99090576171875,4
PART-6-1,8986,261.579776763916,4
PART-6-1,8987,254.77322006225586,4
PART-6-1,8988,255.21112442016602,4
PART-6-1,8989,260.36983489990234,4
PART-6-1,8990,268.40435791015625,4
PART-6-1,8991,276.97425079345703,4
PART-6-1,8992,285.6688003540039,4
PART-6-1,8993,294.8196716308594,4
PART-6-1,8994,305.06725311279297,4
PART-6-1,8995,318.0822296142578,4
PART-6-1,8996,329.32122802734375,4
PART-6-1,8997,323.8964309692383,4
PART-6-1,8998,314.168212890625,4
PART-6-1,8999,238.7617530822754,4
PART-6-1,9000,245.11713790893555,4
PART-6-1,9001,254.20699310302734,4
PART-6-1,9002,264.5577163696289,4
PART-6-1,9003,275.3772506713867,4
PART-6-1,9004,286.5364227294922,4
PART-6-1,9005,298.67459869384766,4
PART-6-1,9006,313.296875,4
PART-6-1,9007,333.0991516113281,4
PART-6-1,9008,344.8577880859375,4
PART-6-1,9009,344.99999237060547,4
PART-6-1,9010,343.9939880371094,4
PART-6-1,9011,229.34741592407227,4
PART-6-1,9012,237.35945510864258,4
PART-6-1,9013,247.33090209960938,4
PART-6-1,9014,257.88208770751953,4
PART-6-1,9015,268.5919876098633,4
PART-6-1,9016,279.98878479003906,4
PART-6-1,9017,292.36390686035156,4
PART-6-1,9018,307.1478729248047,4
PART-6-1,9019,326.3749084472656,4
PART-6-1,9020,341.09986114501953,4
PART-6-1,9021,345.0,4
PART-6-1,9022,345.00000762939453,4
PART-6-1,9023,223.59088134765625,4
PART-6-1,9024,231.7266960144043,4
PART-6-1,9025,239.52093887329102,4
PART-6-1,9026,247.4862518310547,4
PART-6-1,9027,256.2488136291504,4
PART-6-1,9028,265.4928092956543,4
PART-6-1,9029,275.4422607421875,4
PART-6-1,9030,285.5565643310547,4
PART-6-1,9031,296.91703033447266,4
PART-6-1,9032,307.92366790771484,4
PART-6-1,9033,307.4909133911133,4
PART-6-1,9034,280.05430603027344,4
PART-6-1,9035,222.34241485595703,4
PART-6-1,9036,224.72912979125977,4
PART-6-1,9037,227.90542602539062,4
PART-6-1,9038,233.38543701171875,4
PART-6-1,9039,239.42593383789062,4
PART-6-1,9040,245.32711029052734,4
PART-6-1,9041,250.36442947387695,4
PART-6-1,9042,253.80836486816406,4
PART-6-1,9043,253.4642333984375,4
PART-6-1,9044,246.54344177246094,4
PART-6-1,9045,224.46944046020508,4
PART-6-1,9046,184.87549591064453,4
PART-6-1,9047,222.6814193725586,4
PART-6-1,9048,218.31349182128906,4
PART-6-1,9049,215.98058319091797,4
PART-6-1,9050,218.0307502746582,4
PART-6-1,9051,221.87641143798828,4
PART-6-1,9052,224.03013229370117,4
PART-6-1,9053,223.26491928100586,4
PART-6-1,9054,218.51317977905273,4
PART-6-1,9055,211.4101104736328,4
PART-6-1,9056,200.38988494873047,4
PART-6-1,9057,175.9199562072754,4
PART-6-1,9058,149.77921295166016,4
PART-6-1,9059,343.05017852783203,4
PART-6-1,9060,345.0,4
PART-6-1,9061,344.99999237060547,4
PART-6-1,9062,345.0,4
PART-6-1,9063,345.00001525878906,4
PART-6-1,9064,345.00003814697266,4
PART-6-1,9065,345.0000228881836,4
PART-6-1,9066,345.00001525878906,4
PART-6-1,9067,345.0000228881836,4
PART-6-1,9068,345.00001525878906,4
PART-6-1,9069,345.00003814697266,4
PART-6-1,9070,345.0000534057617,4
PART-6-1,9071,325.2090835571289,4
PART-6-1,9072,340.76768493652344,4
PART-6-1,9073,345.00000762939453,4
PART-6-1,9074,345.00001525878906,4
PART-6-1,9075,345.0000228881836,4
PART-6-1,9076,345.0000305175781,4
PART-6-1,9077,345.0000305175781,4
PART-6-1,9078,345.0000228881836,4
PART-6-1,9079,345.0000228881836,4
PART-6-1,9080,345.0000228881836,4
PART-6-1,9081,345.0000228881836,4
PART-6-1,9082,345.0000228881836,4
PART-6-1,9083,291.76212310791016,4
PART-6-1,9084,320.61559295654297,4
PART-6-1,9085,336.23475646972656,4
PART-6-1,9086,343.1081314086914,4
PART-6-1,9087,345.00000762939453,4
PART-6-1,9088,345.0,4
PART-6-1,9089,345.00000762939453,4
PART-6-1,9090,345.00001525878906,4
PART-6-1,9091,345.0000305175781,4
PART-6-1,9092,345.0000305175781,4
PART-6-1,9093,345.00001525878906,4
PART-6-1,9094,345.00001525878906,4
PART-6-1,9095,273.57189178466797,4
PART-6-1,9096,297.9815139770508,4
PART-6-1,9097,316.04229736328125,4
PART-6-1,9098,330.00223541259766,4
PART-6-1,9099,339.2837371826172,4
PART-6-1,9100,343.8852767944336,4
PART-6-1,9101,344.99999237060547,4
PART-6-1,9102,345.00001525878906,4
PART-6-1,9103,345.0000228881836,4
PART-6-1,9104,345.0000228881836,4
PART-6-1,9105,345.0000305175781,4
PART-6-1,9106,345.0000228881836,4
PART-6-1,9107,274.63780975341797,4
PART-6-1,9108,293.8949508666992,4
PART-6-1,9109,308.52301025390625,4
PART-6-1,9110,321.60314178466797,4
PART-6-1,9111,334.03712463378906,4
PART-6-1,9112,342.4028778076172,4
PART-6-1,9113,345.0,4
PART-6-1,9114,345.0000305175781,4
PART-6-1,9115,345.0000228881836,4
PART-6-1,9116,345.00000762939453,4
PART-6-1,9117,345.00001525878906,4
PART-6-1,9118,345.00001525878906,4
PART-6-1,9119,277.30237579345703,4
PART-6-1,9120,297.22188568115234,4
PART-6-1,9121,313.5054244995117,4
PART-6-1,9122,326.32518005371094,4
PART-6-1,9123,336.7958526611328,4
PART-6-1,9124,343.2869110107422,4
PART-6-1,9125,345.0,4
PART-6-1,9126,345.0000305175781,4
PART-6-1,9127,345.0000305175781,4
PART-6-1,9128,345.00000762939453,4
PART-6-1,9129,345.00000762939453,4
PART-6-1,9130,345.0000228881836,4
PART-6-1,9131,277.8094711303711,4
PART-6-1,9132,297.39806365966797,4
PART-6-1,9133,314.06119537353516,4
PART-6-1,9134,327.8389663696289,4
PART-6-1,9135,338.99037170410156,4
PART-6-1,9136,344.4985580444336,4
PART-6-1,9137,344.99999237060547,4
PART-6-1,9138,345.00001525878906,4
PART-6-1,9139,345.0000305175781,4
PART-6-1,9140,345.0000228881836,4
PART-6-1,9141,345.00001525878906,4
PART-6-1,9142,345.0000228881836,4
PART-6-1,9143,276.3227233886719,4
PART-6-1,9144,295.2922821044922,4
PART-6-1,9145,311.7441101074219,4
PART-6-1,9146,325.5169372558594,4
PART-6-1,9147,336.7544479370117,4
PART-6-1,9148,343.36878967285156,4
PART-6-1,9149,345.0,4
PART-6-1,9150,345.00000762939453,4
PART-6-1,9151,345.00001525878906,4
PART-6-1,9152,345.00001525878906,4
PART-6-1,9153,345.0000228881836,4
PART-6-1,9154,345.0000457763672,4
PART-6-1,9155,273.53186798095703,4
PART-6-1,9156,291.44932556152344,4
PART-6-1,9157,307.19063568115234,4
PART-6-1,9158,320.443603515625,4
PART-6-1,9159,331.1026916503906,4
PART-6-1,9160,338.7955780029297,4
PART-6-1,9161,342.8313674926758,4
PART-6-1,9162,344.4355239868164,4
PART-6-1,9163,345.0,4
PART-6-1,9164,345.0,4
PART-6-1,9165,345.00000762939453,4
PART-6-1,9166,345.00003814697266,4
PART-6-1,9167,269.5981216430664,4
PART-6-1,9168,286.2965850830078,4
PART-6-1,9169,300.99739837646484,4
PART-6-1,9170,313.32325744628906,4
PART-6-1,9171,323.0917053222656,4
PART-6-1,9172,330.2743911743164,4
PART-6-1,9173,335.0249786376953,4
PART-6-1,9174,337.73412322998047,4
PART-6-1,9175,338.8234176635742,4
PART-6-1,9176,339.61610412597656,4
PART-6-1,9177,342.1652069091797,4
PART-6-1,9178,344.5470733642578,4
PART-6-1,9179,264.7716484069824,4
PART-6-1,9180,280.0865707397461,4
PART-6-1,9181,293.5705032348633,4
PART-6-1,9182,304.7816848754883,4
PART-6-1,9183,313.45542907714844,4
PART-6-1,9184,319.52613830566406,4
PART-6-1,9185,323.14513397216797,4
PART-6-1,9186,324.83480072021484,4
PART-6-1,9187,325.59227752685547,4
PART-6-1,9188,329.6051483154297,4
PART-6-1,9189,338.70458984375,4
PART-6-1,9190,344.5470657348633,4
PART-6-1,9191,259.1252212524414,4
PART-6-1,9192,273.0294647216797,4
PART-6-1,9193,285.2114562988281,4
PART-6-1,9194,295.2263946533203,4
PART-6-1,9195,302.77284240722656,4
PART-6-1,9196,307.75267028808594,4
PART-6-1,9197,310.35467529296875,4
PART-6-1,9198,311.1199493408203,4
PART-6-1,9199,314.0709228515625,4
PART-6-1,9200,323.89662170410156,4
PART-6-1,9201,337.89469146728516,4
PART-6-1,9202,344.99999237060547,4
PART-6-1,9203,252.7406997680664,4
PART-6-1,9204,265.2361869812012,4
PART-6-1,9205,276.1343078613281,4
PART-6-1,9206,284.9716567993164,4
PART-6-1,9207,291.44702911376953,4
PART-6-1,9208,295.4701461791992,4
PART-6-1,9209,297.23218536376953,4
PART-6-1,9210,299.3274154663086,4
PART-6-1,9211,307.6513214111328,4
PART-6-1,9212,322.6566390991211,4
PART-6-1,9213,338.0358428955078,4
PART-6-1,9214,344.99999237060547,4
PART-6-1,9215,245.60744857788086,4
PART-6-1,9216,256.78040313720703,4
PART-6-1,9217,266.4649658203125,4
PART-6-1,9218,274.22679138183594,4
PART-6-1,9219,279.7742919921875,4
PART-6-1,9220,283.0374221801758,4
PART-6-1,9221,285.51499938964844,4
PART-6-1,9222,292.13360595703125,4
PART-6-1,9223,305.3386917114258,4
PART-6-1,9224,323.35569763183594,4
PART-6-1,9225,339.1884460449219,4
PART-6-1,9226,344.99999237060547,4
PART-6-1,9227,237.7006072998047,4
PART-6-1,9228,247.6649398803711,4
PART-6-1,9229,256.27732849121094,4
PART-6-1,9230,263.12429428100586,4
PART-6-1,9231,267.9509506225586,4
PART-6-1,9232,272.3206787109375,4
PART-6-1,9233,278.93831634521484,4
PART-6-1,9234,289.9680938720703,4
PART-6-1,9235,305.6667938232422,4
PART-6-1,9236,326.0817642211914,4
PART-6-1,9237,341.34669494628906,4
PART-6-1,9238,345.00000762939453,4
PART-6-1,9239,231.68185806274414,4
PART-6-1,9240,240.4402961730957,4
PART-6-1,9241,248.44431686401367,4
PART-6-1,9242,255.55014038085938,4
PART-6-1,9243,261.74718475341797,4
PART-6-1,9244,268.8959274291992,4
PART-6-1,9245,278.7302780151367,4
PART-6-1,9246,291.4093551635742,4
PART-6-1,9247,308.083984375,4
PART-6-1,9248,330.1629409790039,4
PART-6-1,9249,343.8387680053711,4
PART-6-1,9250,345.00000762939453,4
PART-6-1,9251,234.00288772583008,4
PART-6-1,9252,241.82666015625,4
PART-6-1,9253,249.39862060546875,4
PART-6-1,9254,256.7828788757324,4
PART-6-1,9255,264.26680755615234,4
PART-6-1,9256,272.42024993896484,4
PART-6-1,9257,282.18685150146484,4
PART-6-1,9258,294.9090347290039,4
PART-6-1,9259,312.44712829589844,4
PART-6-1,9260,333.848388671875,4
PART-6-1,9261,345.0,4
PART-6-1,9262,345.00001525878906,4
PART-6-1,9263,242.42337036132812,4
PART-6-1,9264,249.8708724975586,4
PART-6-1,9265,256.95134353637695,4
PART-6-1,9266,263.7480697631836,4
PART-6-1,9267,270.5951232910156,4
PART-6-1,9268,278.15525817871094,4
PART-6-1,9269,287.5183868408203,4
PART-6-1,9270,300.21273040771484,4
PART-6-1,9271,318.31585693359375,4
PART-6-1,9272,337.01110076904297,4
PART-6-1,9273,345.00001525878906,4
PART-6-1,9274,345.0000228881836,4
PART-6-1,9275,250.76079940795898,4
PART-6-1,9276,258.1955337524414,4
PART-6-1,9277,265.1508560180664,4
PART-6-1,9278,271.6997985839844,4
PART-6-1,9279,278.1909408569336,4
PART-6-1,9280,285.3459167480469,4
PART-6-1,9281,294.3274841308594,4
PART-6-1,9282,306.8260955810547,4
PART-6-1,9283,325.0025863647461,4
PART-6-1,9284,340.4022216796875,4
PART-6-1,9285,345.00001525878906,4
PART-6-1,9286,345.0000228881836,4
PART-6-1,9287,258.47578048706055,4
PART-6-1,9288,266.2807388305664,4
PART-6-1,9289,273.4820861816406,4
PART-6-1,9290,280.11608123779297,4
PART-6-1,9291,286.5146179199219,4
PART-6-1,9292,293.4032440185547,4
PART-6-1,9293,301.9824523925781,4
PART-6-1,9294,314.02172088623047,4
PART-6-1,9295,331.6376037597656,4
PART-6-1,9296,343.5516891479492,4
PART-6-1,9297,345.0,4
PART-6-1,9298,345.0000228881836,4
PART-6-1,9299,264.89949798583984,4
PART-6-1,9300,273.45621490478516,4
PART-6-1,9301,281.2667465209961,4
PART-6-1,9302,288.30382537841797,4
PART-6-1,9303,294.8286666870117,4
PART-6-1,9304,301.5473861694336,4
PART-6-1,9305,309.63856506347656,4
PART-6-1,9306,320.91881561279297,4
PART-6-1,9307,336.3157043457031,4
PART-6-1,9308,345.0,4
PART-6-1,9309,345.0,4
PART-6-1,9310,345.00001525878906,4
PART-6-1,9311,269.2777099609375,4
PART-6-1,9312,278.9720993041992,4
PART-6-1,9313,287.75072479248047,4
PART-6-1,9314,295.4636688232422,4
PART-6-1,9315,302.3047103881836,4
PART-6-1,9316,308.88604736328125,4
PART-6-1,9317,316.35411834716797,4
PART-6-1,9318,326.52760314941406,4
PART-6-1,9319,338.78661346435547,4
PART-6-1,9320,345.0,4
PART-6-1,9321,345.00000762939453,4
PART-6-1,9322,345.00000762939453,4
PART-6-1,9323,270.8821258544922,4
PART-6-1,9324,282.10767364501953,4
PART-6-1,9325,292.1669158935547,4
PART-6-1,9326,300.81993103027344,4
PART-6-1,9327,308.09510040283203,4
PART-6-1,9328,314.5345916748047,4
PART-6-1,9329,321.2140884399414,4
PART-6-1,9330,329.9012908935547,4
PART-6-1,9331,340.01038360595703,4
PART-6-1,9332,344.99999237060547,4
PART-6-1,9333,345.0,4
PART-6-1,9334,345.00000762939453,4
PART-6-1,9335,269.08162689208984,4
PART-6-1,9336,282.2063980102539,4
PART-6-1,9337,293.89854431152344,4
PART-6-1,9338,303.6430206298828,4
PART-6-1,9339,311.4276428222656,4
PART-6-1,9340,317.6787872314453,4
PART-6-1,9341,323.3932647705078,4
PART-6-1,9342,330.30670166015625,4
PART-6-1,9343,339.4146041870117,4
PART-6-1,9344,344.7528533935547,4
PART-6-1,9345,344.99999237060547,4
PART-6-1,9346,345.00001525878906,4
PART-6-1,9347,263.39333724975586,4
PART-6-1,9348,278.9085464477539,4
PART-6-1,9349,292.4018096923828,4
PART-6-1,9350,303.37445068359375,4
PART-6-1,9351,311.6205368041992,4
PART-6-1,9352,317.54290771484375,4
PART-6-1,9353,322.17716217041016,4
PART-6-1,9354,327.15494537353516,4
PART-6-1,9355,334.6759567260742,4
PART-6-1,9356,342.1707992553711,4
PART-6-1,9357,344.99999237060547,4
PART-6-1,9358,345.00000762939453,4
PART-6-1,9359,253.77231979370117,4
PART-6-1,9360,271.90738677978516,4
PART-6-1,9361,287.5041732788086,4
PART-6-1,9362,299.60455322265625,4
PART-6-1,9363,308.03343963623047,4
PART-6-1,9364,313.44087982177734,4
PART-6-1,9365,316.8433837890625,4
PART-6-1,9366,319.9340057373047,4
PART-6-1,9367,324.7669143676758,4
PART-6-1,9368,332.95753479003906,4
PART-6-1,9369,341.4942169189453,4
PART-6-1,9370,345.0,4
PART-6-1,9371,240.18071365356445,4
PART-6-1,9372,261.7521438598633,4
PART-6-1,9373,279.2939910888672,4
PART-6-1,9374,291.9700393676758,4
PART-6-1,9375,300.2238464355469,4
PART-6-1,9376,304.6346130371094,4
PART-6-1,9377,306.7200927734375,4
PART-6-1,9378,308.1536178588867,4
PART-6-1,9379,310.7443389892578,4
PART-6-1,9380,316.5795135498047,4
PART-6-1,9381,327.04654693603516,4
PART-6-1,9382,338.4752655029297,4
PART-6-1,9383,224.49621200561523,4
PART-6-1,9384,249.20995330810547,4
PART-6-1,9385,267.8567123413086,4
PART-6-1,9386,280.68190002441406,4
PART-6-1,9387,287.49312591552734,4
PART-6-1,9388,290.3372268676758,4
PART-6-1,9389,291.18189239501953,4
PART-6-1,9390,291.64810943603516,4
PART-6-1,9391,292.8381576538086,4
PART-6-1,9392,296.3335876464844,4
PART-6-1,9393,303.5206604003906,4
PART-6-1,9394,316.53820037841797,4
PART-6-1,9395,229.32372665405273,4
PART-6-1,9396,249.85478591918945,4
PART-6-1,9397,267.4072265625,4
PART-6-1,9398,278.54998779296875,4
PART-6-1,9399,281.7507629394531,4
PART-6-1,9400,282.09923553466797,4
PART-6-1,9401,280.4534149169922,4
PART-6-1,9402,278.4627456665039,4
PART-6-1,9403,276.2115478515625,4
PART-6-1,9404,275.6811218261719,4
PART-6-1,9405,278.5803756713867,4
PART-6-1,9406,286.6357650756836,4
PART-6-1,9407,266.205753326416,4
PART-6-1,9408,284.2818489074707,4
PART-6-1,9409,297.9966583251953,4
PART-6-1,9410,297.67506408691406,4
PART-6-1,9411,293.69933319091797,4
PART-6-1,9412,288.25669860839844,4
PART-6-1,9413,282.31124114990234,4
PART-6-1,9414,275.64429473876953,4
PART-6-1,9415,268.68187713623047,4
PART-6-1,9416,262.4879264831543,4
PART-6-1,9417,259.12518310546875,4
PART-6-1,9418,260.4577102661133,4
PART-6-1,9419,317.7040100097656,4
PART-6-1,9420,328.09222412109375,4
PART-6-1,9421,333.77233123779297,4
PART-6-1,9422,322.37403869628906,4
PART-6-1,9423,308.60491943359375,4
PART-6-1,9424,296.7665328979492,4
PART-6-1,9425,286.0909652709961,4
PART-6-1,9426,275.88414001464844,4
PART-6-1,9427,265.7731704711914,4
PART-6-1,9428,256.12696075439453,4
PART-6-1,9429,247.77721786499023,4
PART-6-1,9430,242.6739387512207,4
PART-6-1,9431,345.0,4
PART-6-1,9432,345.00000762939453,4
PART-6-1,9433,344.4242935180664,4
PART-6-1,9434,332.66992950439453,4
PART-6-1,9435,312.7186508178711,4
PART-6-1,9436,297.04393768310547,4
PART-6-1,9437,284.0139846801758,4
PART-6-1,9438,272.0405502319336,4
PART-6-1,9439,260.54668045043945,4
PART-6-1,9440,249.56872177124023,4
PART-6-1,9441,239.80490112304688,4
PART-6-1,9442,232.3771743774414,4
PART-6-1,9443,345.00000762939453,4
PART-6-1,9444,343.7651062011719,4
PART-6-1,9445,337.58384704589844,4
PART-6-1,9446,321.86690521240234,4
PART-6-1,9447,302.62794494628906,4
PART-6-1,9448,287.7054138183594,4
PART-6-1,9449,275.15933990478516,4
PART-6-1,9450,263.5584259033203,4
PART-6-1,9451,252.84093475341797,4
PART-6-1,9452,242.63906478881836,4
PART-6-1,9453,233.08819961547852,4
PART-6-1,9454,225.1844367980957,4
PART-6-1,9455,278.6730079650879,4
PART-6-1,9456,303.42880630493164,4
PART-6-1,9457,301.66703033447266,4
PART-6-1,9458,290.3063735961914,4
PART-6-1,9459,279.28564453125,4
PART-6-1,9460,269.4980697631836,4
PART-6-1,9461,259.74922943115234,4
PART-6-1,9462,250.6142234802246,4
PART-6-1,9463,242.03215789794922,4
PART-6-1,9464,234.6415023803711,4
PART-6-1,9465,228.04294204711914,4
PART-6-1,9466,221.0723648071289,4
PART-6-1,9467,184.03684616088867,4
PART-6-1,9468,221.20503997802734,4
PART-6-1,9469,241.6140899658203,4
PART-6-1,9470,248.16658782958984,4
PART-6-1,9471,248.49522018432617,4
PART-6-1,9472,245.15049362182617,4
PART-6-1,9473,240.23041915893555,4
PART-6-1,9474,234.40940475463867,4
PART-6-1,9475,228.4201889038086,4
PART-6-1,9476,223.01895904541016,4
PART-6-1,9477,220.4707489013672,4
PART-6-1,9478,219.6160011291504,4
PART-6-1,9479,150.78751373291016,4
PART-6-1,9480,176.01594924926758,4
PART-6-1,9481,199.39601135253906,4
PART-6-1,9482,209.3121795654297,4
PART-6-1,9483,215.40134811401367,4
PART-6-1,9484,219.9027442932129,4
PART-6-1,9485,220.4670753479004,4
PART-6-1,9486,218.1236915588379,4
PART-6-1,9487,215.22552490234375,4
PART-6-1,9488,214.0079574584961,4
PART-6-1,9489,216.06675720214844,4
PART-6-1,9490,220.98878479003906,4
PART-6-1,9491,345.0000457763672,4
PART-6-1,9492,345.0000305175781,4
PART-6-1,9493,345.00001525878906,4
PART-6-1,9494,345.00001525878906,4
PART-6-1,9495,345.00001525878906,4
PART-6-1,9496,345.00001525878906,4
PART-6-1,9497,345.00001525878906,4
PART-6-1,9498,345.00001525878906,4
PART-6-1,9499,345.00001525878906,4
PART-6-1,9500,345.00000762939453,4
PART-6-1,9501,345.00000762939453,4
PART-6-1,9502,344.24100494384766,4
PART-6-1,9503,345.0000457763672,4
PART-6-1,9504,345.00003814697266,4
PART-6-1,9505,345.0000305175781,4
PART-6-1,9506,345.0,4
PART-6-1,9507,344.99999237060547,4
PART-6-1,9508,345.00001525878906,4
PART-6-1,9509,345.0000228881836,4
PART-6-1,9510,345.0000228881836,4
PART-6-1,9511,345.0000228881836,4
PART-6-1,9512,345.0000228881836,4
PART-6-1,9513,342.0221710205078,4
PART-6-1,9514,330.0424575805664,4
PART-6-1,9515,345.0000457763672,4
PART-6-1,9516,345.0000457763672,4
PART-6-1,9517,345.0000305175781,4
PART-6-1,9518,345.0,4
PART-6-1,9519,344.99999237060547,4
PART-6-1,9520,345.0,4
PART-6-1,9521,345.0,4
PART-6-1,9522,345.00001525878906,4
PART-6-1,9523,344.40760040283203,4
PART-6-1,9524,339.0103073120117,4
PART-6-1,9525,325.40611267089844,4
PART-6-1,9526,300.1595230102539,4
PART-6-1,9527,345.00006103515625,4
PART-6-1,9528,345.00003814697266,4
PART-6-1,9529,345.0000228881836,4
PART-6-1,9530,345.00001525878906,4
PART-6-1,9531,345.00000762939453,4
PART-6-1,9532,345.00000762939453,4
PART-6-1,9533,344.7202682495117,4
PART-6-1,9534,341.47396087646484,4
PART-6-1,9535,334.1934127807617,4
PART-6-1,9536,320.2547302246094,4
PART-6-1,9537,298.71632385253906,4
PART-6-1,9538,271.4317741394043,4
PART-6-1,9539,345.00003814697266,4
PART-6-1,9540,345.0000228881836,4
PART-6-1,9541,345.0000228881836,4
PART-6-1,9542,345.0000228881836,4
PART-6-1,9543,345.00001525878906,4
PART-6-1,9544,343.25667572021484,4
PART-6-1,9545,338.42350006103516,4
PART-6-1,9546,329.5923385620117,4
PART-6-1,9547,317.0981979370117,4
PART-6-1,9548,302.22733306884766,4
PART-6-1,9549,283.41153717041016,4
PART-6-1,9550,260.2775192260742,4
PART-6-1,9551,345.00001525878906,4
PART-6-1,9552,345.0000457763672,4
PART-6-1,9553,345.00003814697266,4
PART-6-1,9554,345.00001525878906,4
PART-6-1,9555,345.00000762939453,4
PART-6-1,9556,342.3355026245117,4
PART-6-1,9557,334.4867248535156,4
PART-6-1,9558,323.82928466796875,4
PART-6-1,9559,312.32674407958984,4
PART-6-1,9560,299.1234664916992,4
PART-6-1,9561,283.01123046875,4
PART-6-1,9562,263.8095054626465,4
PART-6-1,9563,345.00001525878906,4
PART-6-1,9564,345.0000534057617,4
PART-6-1,9565,345.0000228881836,4
PART-6-1,9566,344.99999237060547,4
PART-6-1,9567,345.0,4
PART-6-1,9568,343.22362518310547,4
PART-6-1,9569,336.8194808959961,4
PART-6-1,9570,326.91368865966797,4
PART-6-1,9571,315.4212646484375,4
PART-6-1,9572,301.6915969848633,4
PART-6-1,9573,285.4888229370117,4
PART-6-1,9574,266.8898468017578,4
PART-6-1,9575,345.0000305175781,4
PART-6-1,9576,345.00003814697266,4
PART-6-1,9577,345.00000762939453,4
PART-6-1,9578,345.0,4
PART-6-1,9579,344.7892532348633,4
PART-6-1,9580,342.07322692871094,4
PART-6-1,9581,335.3021240234375,4
PART-6-1,9582,325.9398727416992,4
PART-6-1,9583,314.6711120605469,4
PART-6-1,9584,301.2335968017578,4
PART-6-1,9585,285.49800872802734,4
PART-6-1,9586,267.62481689453125,4
PART-6-1,9587,345.0000305175781,4
PART-6-1,9588,345.0000305175781,4
PART-6-1,9589,344.7051315307617,4
PART-6-1,9590,343.3607711791992,4
PART-6-1,9591,341.0762176513672,4
PART-6-1,9592,336.8683776855469,4
PART-6-1,9593,330.1525192260742,4
PART-6-1,9594,321.6841278076172,4
PART-6-1,9595,311.18131256103516,4
PART-6-1,9596,298.45228576660156,4
PART-6-1,9597,283.56182861328125,4
PART-6-1,9598,266.85626220703125,4
PART-6-1,9599,344.68385314941406,4
PART-6-1,9600,342.1355438232422,4
PART-6-1,9601,338.4052047729492,4
PART-6-1,9602,335.1537399291992,4
PART-6-1,9603,331.7034606933594,4
PART-6-1,9604,327.74039459228516,4
PART-6-1,9605,322.35406494140625,4
PART-6-1,9606,315.07569122314453,4
PART-6-1,9607,305.5992889404297,4
PART-6-1,9608,293.90333557128906,4
PART-6-1,9609,280.16371154785156,4
PART-6-1,9610,264.71546173095703,4
PART-6-1,9611,340.110107421875,4
PART-6-1,9612,333.19593811035156,4
PART-6-1,9613,326.20699310302734,4
PART-6-1,9614,321.69740295410156,4
PART-6-1,9615,319.2868194580078,4
PART-6-1,9616,316.7677764892578,4
PART-6-1,9617,312.7788848876953,4
PART-6-1,9618,306.74698638916016,4
PART-6-1,9619,298.4749984741211,4
PART-6-1,9620,287.9794464111328,4
PART-6-1,9621,275.4971160888672,4
PART-6-1,9622,261.459529876709,4
PART-6-1,9623,337.6160202026367,4
PART-6-1,9624,327.4774398803711,4
PART-6-1,9625,318.4725646972656,4
PART-6-1,9626,310.9202575683594,4
PART-6-1,9627,306.6690216064453,4
PART-6-1,9628,304.7202453613281,4
PART-6-1,9629,302.0166702270508,4
PART-6-1,9630,297.2374801635742,4
PART-6-1,9631,290.17665100097656,4
PART-6-1,9632,280.9200439453125,4
PART-6-1,9633,269.7559051513672,4
PART-6-1,9634,257.1010932922363,4
PART-6-1,9635,340.82933044433594,4
PART-6-1,9636,329.4313278198242,4
PART-6-1,9637,316.4553680419922,4
PART-6-1,9638,305.4784698486328,4
PART-6-1,9639,296.95872497558594,4
PART-6-1,9640,292.75439453125,4
PART-6-1,9641,290.5701446533203,4
PART-6-1,9642,286.8964538574219,4
PART-6-1,9643,280.97088623046875,4
PART-6-1,9644,272.89967346191406,4
PART-6-1,9645,262.98651123046875,4
PART-6-1,9646,251.68600845336914,4
PART-6-1,9647,343.63956451416016,4
PART-6-1,9648,333.1193084716797,4
PART-6-1,9649,316.6615219116211,4
PART-6-1,9650,303.4342346191406,4
PART-6-1,9651,292.3832702636719,4
PART-6-1,9652,284.3430404663086,4
PART-6-1,9653,279.6812438964844,4
PART-6-1,9654,276.00128173828125,4
PART-6-1,9655,271.03089904785156,4
PART-6-1,9656,264.0004768371582,4
PART-6-1,9657,255.23104095458984,4
PART-6-1,9658,245.1506118774414,4
PART-6-1,9659,344.99999237060547,4
PART-6-1,9660,336.4983139038086,4
PART-6-1,9661,319.11891174316406,4
PART-6-1,9662,303.5478744506836,4
PART-6-1,9663,291.5768737792969,4
PART-6-1,9664,281.82933044433594,4
PART-6-1,9665,274.2130355834961,4
PART-6-1,9666,268.3902587890625,4
PART-6-1,9667,262.47924423217773,4
PART-6-1,9668,255.51631546020508,4
PART-6-1,9669,247.56483459472656,4
PART-6-1,9670,238.86489486694336,4
PART-6-1,9671,344.99999237060547,4
PART-6-1,9672,339.4880828857422,4
PART-6-1,9673,323.6111831665039,4
PART-6-1,9674,305.8167724609375,4
PART-6-1,9675,292.91737365722656,4
PART-6-1,9676,283.1684265136719,4
PART-6-1,9677,275.2424087524414,4
PART-6-1,9678,268.1960678100586,4
PART-6-1,9679,261.39794540405273,4
PART-6-1,9680,254.46873474121094,4
PART-6-1,9681,247.22922134399414,4
PART-6-1,9682,239.65836334228516,4
PART-6-1,9683,344.99999237060547,4
PART-6-1,9684,343.0947799682617,4
PART-6-1,9685,329.6822052001953,4
PART-6-1,9686,310.09556579589844,4
PART-6-1,9687,296.36883544921875,4
PART-6-1,9688,286.57291412353516,4
PART-6-1,9689,279.0901794433594,4
PART-6-1,9690,272.74464416503906,4
PART-6-1,9691,266.72537994384766,4
PART-6-1,9692,260.53736877441406,4
PART-6-1,9693,253.93520736694336,4
PART-6-1,9694,246.87717056274414,4
PART-6-1,9695,345.00001525878906,4
PART-6-1,9696,345.00000762939453,4
PART-6-1,9697,334.80755615234375,4
PART-6-1,9698,316.0290756225586,4
PART-6-1,9699,301.6929702758789,4
PART-6-1,9700,291.88497161865234,4
PART-6-1,9701,284.71253204345703,4
PART-6-1,9702,278.8271713256836,4
PART-6-1,9703,273.26871490478516,4
PART-6-1,9704,267.4581756591797,4
PART-6-1,9705,261.1131134033203,4
PART-6-1,9706,254.1866683959961,4
PART-6-1,9707,345.00001525878906,4
PART-6-1,9708,345.0,4
PART-6-1,9709,338.3739318847656,4
PART-6-1,9710,322.95128631591797,4
PART-6-1,9711,308.39522552490234,4
PART-6-1,9712,298.68196868896484,4
PART-6-1,9713,291.7403564453125,4
PART-6-1,9714,286.08301544189453,4
PART-6-1,9715,280.6537322998047,4
PART-6-1,9716,274.8349075317383,4
PART-6-1,9717,268.3294219970703,4
PART-6-1,9718,261.1165885925293,4
PART-6-1,9719,345.0,4
PART-6-1,9720,344.99999237060547,4
PART-6-1,9721,341.8091735839844,4
PART-6-1,9722,329.99939727783203,4
PART-6-1,9723,315.7403335571289,4
PART-6-1,9724,306.2884826660156,4
PART-6-1,9725,299.5445022583008,4
PART-6-1,9726,293.90135955810547,4
PART-6-1,9727,288.28775787353516,4
PART-6-1,9728,282.06056213378906,4
PART-6-1,9729,274.9687042236328,4
PART-6-1,9730,267.0298080444336,4
PART-6-1,9731,345.00000762939453,4
PART-6-1,9732,345.0,4
PART-6-1,9733,344.22467041015625,4
PART-6-1,9734,335.8138656616211,4
PART-6-1,9735,322.82727813720703,4
PART-6-1,9736,313.8444137573242,4
PART-6-1,9737,307.28883361816406,4
PART-6-1,9738,301.49786376953125,4
PART-6-1,9739,295.39734649658203,4
PART-6-1,9740,288.39598083496094,4
PART-6-1,9741,280.2759094238281,4
PART-6-1,9742,271.16432189941406,4
PART-6-1,9743,345.00001525878906,4
PART-6-1,9744,345.0,4
PART-6-1,9745,345.0,4
PART-6-1,9746,339.28296661376953,4
PART-6-1,9747,328.66349029541016,4
PART-6-1,9748,320.3781433105469,4
PART-6-1,9749,314.0470886230469,4
PART-6-1,9750,307.983642578125,4
PART-6-1,9751,301.1624221801758,4
PART-6-1,9752,293.0190124511719,4
PART-6-1,9753,283.48116302490234,4
PART-6-1,9754,272.73096466064453,4
PART-6-1,9755,345.00000762939453,4
PART-6-1,9756,345.0,4
PART-6-1,9757,345.0,4
PART-6-1,9758,340.7606964111328,4
PART-6-1,9759,332.2681121826172,4
PART-6-1,9760,324.9198989868164,4
PART-6-1,9761,318.88538360595703,4
PART-6-1,9762,312.48828125,4
PART-6-1,9763,304.7529525756836,4
PART-6-1,9764,295.2140808105469,4
PART-6-1,9765,283.8236618041992,4
PART-6-1,9766,271.02156829833984,4
PART-6-1,9767,345.0,4
PART-6-1,9768,345.0,4
PART-6-1,9769,344.9172668457031,4
PART-6-1,9770,340.5641098022461,4
PART-6-1,9771,332.7951431274414,4
PART-6-1,9772,326.5875244140625,4
PART-6-1,9773,320.90966033935547,4
PART-6-1,9774,314.20953369140625,4
PART-6-1,9775,305.4814453125,4
PART-6-1,9776,294.32059478759766,4
PART-6-1,9777,280.8370666503906,4
PART-6-1,9778,265.4372444152832,4
PART-6-1,9779,345.0,4
PART-6-1,9780,345.0,4
PART-6-1,9781,342.77225494384766,4
PART-6-1,9782,336.42696380615234,4
PART-6-1,9783,329.59986877441406,4
PART-6-1,9784,324.5317077636719,4
PART-6-1,9785,319.32788848876953,4
PART-6-1,9786,312.3935775756836,4
PART-6-1,9787,302.8327178955078,4
PART-6-1,9788,290.01800537109375,4
PART-6-1,9789,274.10118865966797,4
PART-6-1,9790,255.86918258666992,4
PART-6-1,9791,345.0,4
PART-6-1,9792,342.07715606689453,4
PART-6-1,9793,334.68174743652344,4
PART-6-1,9794,327.1830139160156,4
PART-6-1,9795,322.0321578979492,4
PART-6-1,9796,317.9895553588867,4
PART-6-1,9797,313.3023681640625,4
PART-6-1,9798,306.5069274902344,4
PART-6-1,9799,296.3299102783203,4
PART-6-1,9800,282.30309295654297,4
PART-6-1,9801,263.98269271850586,4
PART-6-1,9802,242.12833404541016,4
PART-6-1,9803,339.27528381347656,4
PART-6-1,9804,329.4351043701172,4
PART-6-1,9805,319.95767974853516,4
PART-6-1,9806,313.6275177001953,4
PART-6-1,9807,309.61620330810547,4
PART-6-1,9808,306.1053237915039,4
PART-6-1,9809,302.00257873535156,4
PART-6-1,9810,295.8303756713867,4
PART-6-1,9811,286.0632095336914,4
PART-6-1,9812,271.1123466491699,4
PART-6-1,9813,251.2107162475586,4
PART-6-1,9814,225.93902206420898,4
PART-6-1,9815,319.8242874145508,4
PART-6-1,9816,308.4346923828125,4
PART-6-1,9817,301.11183166503906,4
PART-6-1,9818,295.97450256347656,4
PART-6-1,9819,292.0262908935547,4
PART-6-1,9820,288.5641860961914,4
PART-6-1,9821,286.84220123291016,4
PART-6-1,9822,283.7947082519531,4
PART-6-1,9823,278.1916809082031,4
PART-6-1,9824,265.7710380554199,4
PART-6-1,9825,248.62591934204102,4
PART-6-1,9826,228.93003463745117,4
PART-6-1,9827,293.32264709472656,4
PART-6-1,9828,285.9169921875,4
PART-6-1,9829,280.7308807373047,4
PART-6-1,9830,279.4591751098633,4
PART-6-1,9831,280.64605712890625,4
PART-6-1,9832,282.4933090209961,4
PART-6-1,9833,285.91522216796875,4
PART-6-1,9834,289.6473846435547,4
PART-6-1,9835,292.0386276245117,4
PART-6-1,9836,291.2553482055664,4
PART-6-1,9837,278.4236755371094,4
PART-6-1,9838,263.3857650756836,4
PART-6-1,9839,269.74585723876953,4
PART-6-1,9840,265.99757385253906,4
PART-6-1,9841,266.2143096923828,4
PART-6-1,9842,271.73809814453125,4
PART-6-1,9843,280.0060501098633,4
PART-6-1,9844,288.5345764160156,4
PART-6-1,9845,297.66688537597656,4
PART-6-1,9846,307.9961471557617,4
PART-6-1,9847,320.2792053222656,4
PART-6-1,9848,330.3081512451172,4
PART-6-1,9849,324.3803024291992,4
PART-6-1,9850,314.48694610595703,4
PART-6-1,9851,251.59003067016602,4
PART-6-1,9852,252.5543212890625,4
PART-6-1,9853,258.8912010192871,4
PART-6-1,9854,268.2161331176758,4
PART-6-1,9855,278.4671936035156,4
PART-6-1,9856,289.49957275390625,4
PART-6-1,9857,301.7448272705078,4
PART-6-1,9858,316.6476287841797,4
PART-6-1,9859,335.0049514770508,4
PART-6-1,9860,345.0000305175781,4
PART-6-1,9861,345.0000228881836,4
PART-6-1,9862,343.65589904785156,4
PART-6-1,9863,240.64041137695312,4
PART-6-1,9864,244.25692749023438,4
PART-6-1,9865,251.8560905456543,4
PART-6-1,9866,261.4163284301758,4
PART-6-1,9867,272.00806427001953,4
PART-6-1,9868,283.42018127441406,4
PART-6-1,9869,295.8656921386719,4
PART-6-1,9870,310.8341064453125,4
PART-6-1,9871,329.20238494873047,4
PART-6-1,9872,342.03639221191406,4
PART-6-1,9873,345.0,4
PART-6-1,9874,345.00000762939453,4
PART-6-1,9875,236.57971572875977,4
PART-6-1,9876,238.99214935302734,4
PART-6-1,9877,244.08168029785156,4
PART-6-1,9878,252.70095825195312,4
PART-6-1,9879,261.61080169677734,4
PART-6-1,9880,270.5834503173828,4
PART-6-1,9881,280.1445846557617,4
PART-6-1,9882,289.9146499633789,4
PART-6-1,9883,300.9618377685547,4
PART-6-1,9884,310.65254974365234,4
PART-6-1,9885,308.87937927246094,4
PART-6-1,9886,281.24110412597656,4
PART-6-1,9887,239.86515426635742,4
PART-6-1,9888,236.98995208740234,4
PART-6-1,9889,239.2215118408203,4
PART-6-1,9890,244.2339096069336,4
PART-6-1,9891,248.8029899597168,4
PART-6-1,9892,253.1512680053711,4
PART-6-1,9893,256.8472900390625,4
PART-6-1,9894,259.1470031738281,4
PART-6-1,9895,257.89849853515625,4
PART-6-1,9896,250.1479377746582,4
PART-6-1,9897,227.3439598083496,4
PART-6-1,9898,187.50638580322266,4
PART-6-1,9899,254.0631217956543,4
PART-6-1,9900,241.35970306396484,4
PART-6-1,9901,237.07729721069336,4
PART-6-1,9902,235.94715881347656,4
PART-6-1,9903,235.4331512451172,4
PART-6-1,9904,234.1443634033203,4
PART-6-1,9905,230.8554573059082,4
PART-6-1,9906,224.30154418945312,4
PART-6-1,9907,216.07192993164062,4
PART-6-1,9908,204.3337860107422,4
PART-6-1,9909,179.2606544494629,4
PART-6-1,9910,152.77344512939453,4
PART-6-1,9911,345.00001525878906,4
PART-6-1,9912,345.00000762939453,4
PART-6-1,9913,345.00000762939453,4
PART-6-1,9914,345.00000762939453,4
PART-6-1,9915,345.00000762939453,4
PART-6-1,9916,345.00000762939453,4
PART-6-1,9917,345.00000762939453,4
PART-6-1,9918,345.0000228881836,4
PART-6-1,9919,345.00003814697266,4
PART-6-1,9920,345.0000305175781,4
PART-6-1,9921,345.0000305175781,4
PART-6-1,9922,345.0000305175781,4
PART-6-1,9923,345.00000762939453,4
PART-6-1,9924,345.00001525878906,4
PART-6-1,9925,345.00001525878906,4
PART-6-1,9926,345.0000228881836,4
PART-6-1,9927,345.00001525878906,4
PART-6-1,9928,345.00000762939453,4
PART-6-1,9929,345.00000762939453,4
PART-6-1,9930,345.0000228881836,4
PART-6-1,9931,345.00003814697266,4
PART-6-1,9932,345.0000305175781,4
PART-6-1,9933,345.0000305175781,4
PART-6-1,9934,345.0000305175781,4
PART-6-1,9935,344.99999237060547,4
PART-6-1,9936,345.00000762939453,4
PART-6-1,9937,345.00000762939453,4
PART-6-1,9938,345.00000762939453,4
PART-6-1,9939,345.00000762939453,4
PART-6-1,9940,345.00000762939453,4
PART-6-1,9941,345.00001525878906,4
PART-6-1,9942,345.0000305175781,4
PART-6-1,9943,345.00003814697266,4
PART-6-1,9944,345.00003814697266,4
PART-6-1,9945,345.00003814697266,4
PART-6-1,9946,345.0000305175781,4
PART-6-1,9947,340.8972396850586,4
PART-6-1,9948,345.0000228881836,4
PART-6-1,9949,345.00001525878906,4
PART-6-1,9950,345.0,4
PART-6-1,9951,345.00001525878906,4
PART-6-1,9952,345.00001525878906,4
PART-6-1,9953,345.00001525878906,4
PART-6-1,9954,345.0000228881836,4
PART-6-1,9955,345.0000305175781,4
PART-6-1,9956,345.00003814697266,4
PART-6-1,9957,345.00003814697266,4
PART-6-1,9958,345.0000305175781,4
PART-6-1,9959,320.96419525146484,4
PART-6-1,9960,335.6281280517578,4
PART-6-1,9961,341.2727737426758,4
PART-6-1,9962,345.00000762939453,4
PART-6-1,9963,345.00000762939453,4
PART-6-1,9964,345.00000762939453,4
PART-6-1,9965,345.00001525878906,4
PART-6-1,9966,345.0000228881836,4
PART-6-1,9967,345.0000305175781,4
PART-6-1,9968,345.0000305175781,4
PART-6-1,9969,345.0000228881836,4
PART-6-1,9970,345.0000228881836,4
PART-6-1,9971,289.9044494628906,4
PART-6-1,9972,314.0224304199219,4
PART-6-1,9973,326.55306243896484,4
PART-6-1,9974,340.95118713378906,4
PART-6-1,9975,344.99999237060547,4
PART-6-1,9976,345.0,4
PART-6-1,9977,345.0000228881836,4
PART-6-1,9978,345.0000228881836,4
PART-6-1,9979,345.00001525878906,4
PART-6-1,9980,345.00001525878906,4
PART-6-1,9981,345.00000762939453,4
PART-6-1,9982,345.00001525878906,4
PART-6-1,9983,264.01958084106445,4
PART-6-1,9984,292.9805221557617,4
PART-6-1,9985,307.7115783691406,4
PART-6-1,9986,329.99474334716797,4
PART-6-1,9987,342.1044464111328,4
PART-6-1,9988,345.00000762939453,4
PART-6-1,9989,345.00001525878906,4
PART-6-1,9990,345.00000762939453,4
PART-6-1,9991,345.0,4
PART-6-1,9992,345.0,4
PART-6-1,9993,345.0,4
PART-6-1,9994,345.00001525878906,4
PART-6-1,9995,258.56444931030273,4
PART-6-1,9996,289.7344741821289,4
PART-6-1,9997,305.41287994384766,4
PART-6-1,9998,328.76441955566406,4
PART-6-1,9999,341.5257110595703,4
PART-6-1,10000,345.00000762939453,4
PART-6-1,10001,345.00000762939453,4
PART-6-1,10002,345.00000762939453,4
PART-6-1,10003,345.00001525878906,4
PART-6-1,10004,345.00001525878906,4
PART-6-1,10005,345.00000762939453,4
PART-6-1,10006,345.00001525878906,4
PART-6-1,10007,275.6003875732422,4
PART-6-1,10008,305.5545120239258,4
PART-6-1,10009,320.84639739990234,4
PART-6-1,10010,338.5495834350586,4
PART-6-1,10011,344.4212875366211,4
PART-6-1,10012,345.0,4
PART-6-1,10013,345.00000762939453,4
PART-6-1,10014,345.00000762939453,4
PART-6-1,10015,345.00001525878906,4
PART-6-1,10016,345.0000228881836,4
PART-6-1,10017,345.00001525878906,4
PART-6-1,10018,345.0000305175781,4
PART-6-1,10019,304.19571685791016,4
PART-6-1,10020,330.2151107788086,4
PART-6-1,10021,337.6736526489258,4
PART-6-1,10022,343.8287124633789,4
PART-6-1,10023,345.0000228881836,4
PART-6-1,10024,345.00000762939453,4
PART-6-1,10025,345.00000762939453,4
PART-6-1,10026,345.00000762939453,4
PART-6-1,10027,345.00001525878906,4
PART-6-1,10028,345.0000228881836,4
PART-6-1,10029,345.0000228881836,4
PART-6-1,10030,345.0000457763672,4
PART-6-1,10031,332.9776840209961,4
PART-6-1,10032,344.8088607788086,4
PART-6-1,10033,344.8088607788086,4
PART-6-1,10034,344.99999237060547,4
PART-6-1,10035,345.0,4
PART-6-1,10036,345.00000762939453,4
PART-6-1,10037,345.00000762939453,4
PART-6-1,10038,345.0000228881836,4
PART-6-1,10039,345.0000305175781,4
PART-6-1,10040,345.0000305175781,4
PART-6-1,10041,345.0000305175781,4
PART-6-1,10042,345.0000457763672,4
PART-6-1,10043,344.9999771118164,4
PART-6-1,10044,344.99999237060547,4
PART-6-1,10045,345.00001525878906,4
PART-6-1,10046,345.00000762939453,4
PART-6-1,10047,345.00000762939453,4
PART-6-1,10048,345.0000228881836,4
PART-6-1,10049,345.0000305175781,4
PART-6-1,10050,345.00003814697266,4
PART-6-1,10051,345.0000457763672,4
PART-6-1,10052,345.00003814697266,4
PART-6-1,10053,345.0000305175781,4
PART-6-1,10054,345.00003814697266,4
PART-6-1,10055,345.0,4
PART-6-1,10056,345.00001525878906,4
PART-6-1,10057,345.0000228881836,4
PART-6-1,10058,345.0,4
PART-6-1,10059,344.99999237060547,4
PART-6-1,10060,345.0000228881836,4
PART-6-1,10061,345.0000305175781,4
PART-6-1,10062,345.00003814697266,4
PART-6-1,10063,345.0000534057617,4
PART-6-1,10064,345.00003814697266,4
PART-6-1,10065,345.0000305175781,4
PART-6-1,10066,345.0000305175781,4
PART-6-1,10067,345.00001525878906,4
PART-6-1,10068,345.00001525878906,4
PART-6-1,10069,345.00000762939453,4
PART-6-1,10070,345.0,4
PART-6-1,10071,344.99999237060547,4
PART-6-1,10072,345.0,4
PART-6-1,10073,345.00000762939453,4
PART-6-1,10074,345.0000228881836,4
PART-6-1,10075,345.0000305175781,4
PART-6-1,10076,345.0000228881836,4
PART-6-1,10077,345.0000305175781,4
PART-6-1,10078,345.0000305175781,4
PART-6-1,10079,258.08362579345703,4
PART-6-1,10080,225.6497459411621,4
PART-6-1,10081,207.49402236938477,4
PART-6-1,10082,214.53386306762695,4
PART-6-1,10083,223.2140235900879,4
PART-6-1,10084,228.1562728881836,4
PART-6-1,10085,231.1536979675293,4
PART-6-1,10086,232.47541427612305,4
PART-6-1,10087,232.69046783447266,4
PART-6-1,10088,231.93108749389648,4
PART-6-1,10089,230.34932708740234,4
PART-6-1,10090,227.93474197387695,4
PART-6-1,10091,224.67816925048828,4
PART-6-1,10092,220.49343490600586,4
PART-6-1,10093,215.29301071166992,4
PART-6-1,10094,212.81908798217773,4
PART-6-1,10095,217.79337310791016,4
PART-6-1,10096,226.67147064208984,4
PART-6-1,10097,234.78076553344727,4
PART-6-1,10098,241.54613494873047,4
PART-6-1,10099,246.2813835144043,4
PART-6-1,10100,248.20672607421875,4
PART-6-1,10101,246.58607864379883,4
PART-6-1,10102,240.672607421875,4
PART-6-1,10103,229.98420333862305,4
PART-6-1,10104,213.94622421264648,4
PART-6-1,10105,192.6340789794922,4
PART-6-1,10106,178.75480270385742,4
PART-6-1,10107,199.80807876586914,4
PART-6-1,10108,249.3593406677246,4
PART-6-1,10109,308.39540100097656,4
PART-6-1,10110,342.99364471435547,4
PART-6-1,10111,344.99999237060547,4
PART-6-1,10112,277.51638412475586,4
PART-6-1,10113,169.86157417297363,4
PART-6-1,10114,124.99015235900879,4
PART-6-1,10115,196.78607177734375,4
PART-6-1,10116,174.52403259277344,4
PART-6-1,10117,173.81042098999023,4
PART-6-1,10118,185.95461654663086,4
PART-6-1,10119,195.32822799682617,4
PART-6-1,10120,201.97082138061523,4
PART-6-1,10121,206.5046615600586,4
PART-6-1,10122,209.59220123291016,4
PART-6-1,10123,211.53955459594727,4
PART-6-1,10124,212.58704376220703,4
PART-6-1,10125,212.76488494873047,4
PART-6-1,10126,212.0835075378418,4
PART-6-1,10127,210.4592170715332,4
PART-6-1,10128,207.8094711303711,4
PART-6-1,10129,204.00955963134766,4
PART-6-1,10130,203.50369262695312,4
PART-6-1,10131,209.88994979858398,4
PART-6-1,10132,218.88485717773438,4
PART-6-1,10133,226.81133270263672,4
PART-6-1,10134,233.08765411376953,4
PART-6-1,10135,237.01116561889648,4
PART-6-1,10136,237.8240852355957,4
PART-6-1,10137,234.7551155090332,4
PART-6-1,10138,227.12014389038086,4
PART-6-1,10139,214.32454681396484,4
PART-6-1,10140,195.87351989746094,4
PART-6-1,10141,171.6450538635254,4
PART-6-1,10142,166.25725936889648,4
PART-6-1,10143,197.4479217529297,4
PART-6-1,10144,250.64728164672852,4
PART-6-1,10145,312.17415618896484,4
PART-6-1,10146,344.2695770263672,4
PART-6-1,10147,344.6305465698242,4
PART-6-1,10148,307.9068069458008,4
PART-6-1,10149,225.25704193115234,4
PART-6-1,10150,161.75192260742188,4
PART-6-1,10151,187.43080139160156,4
PART-6-1,10152,157.4556655883789,4
PART-6-1,10153,153.51466751098633,4
PART-6-1,10154,162.07835006713867,4
PART-6-1,10155,170.50875854492188,4
PART-6-1,10156,177.72373580932617,4
PART-6-1,10157,183.44569778442383,4
PART-6-1,10158,188.00879287719727,4
PART-6-1,10159,191.63381958007812,4
PART-6-1,10160,194.3993034362793,4
PART-6-1,10161,196.31470489501953,4
PART-6-1,10162,197.29627990722656,4
PART-6-1,10163,197.25463485717773,4
PART-6-1,10164,196.06122589111328,4
PART-6-1,10165,193.59908294677734,4
PART-6-1,10166,194.92741012573242,4
PART-6-1,10167,202.6224708557129,4
PART-6-1,10168,211.68371963500977,4
PART-6-1,10169,219.42566299438477,4
PART-6-1,10170,225.2565574645996,4
PART-6-1,10171,228.48250579833984,4
PART-6-1,10172,228.35470581054688,4
PART-6-1,10173,224.13727188110352,4
PART-6-1,10174,215.1961898803711,4
PART-6-1,10175,200.98082733154297,4
PART-6-1,10176,181.26708221435547,4
PART-6-1,10177,156.06890487670898,4
PART-6-1,10178,157.74578857421875,4
PART-6-1,10179,196.92345428466797,4
PART-6-1,10180,250.08453750610352,4
PART-6-1,10181,304.52100372314453,4
PART-6-1,10182,333.0283432006836,4
PART-6-1,10183,335.6398696899414,4
PART-6-1,10184,308.86511993408203,4
PART-6-1,10185,252.08950805664062,4
PART-6-1,10186,196.48047637939453,4
PART-6-1,10187,185.07789611816406,4
PART-6-1,10188,157.61712265014648,4
PART-6-1,10189,145.1145248413086,4
PART-6-1,10190,145.50507354736328,4
PART-6-1,10191,151.1395721435547,4
PART-6-1,10192,157.34520721435547,4
PART-6-1,10193,163.47507095336914,4
PART-6-1,10194,169.04814910888672,4
PART-6-1,10195,174.05556869506836,4
PART-6-1,10196,178.36155700683594,4
PART-6-1,10197,181.83837127685547,4
PART-6-1,10198,184.3430519104004,4
PART-6-1,10199,185.72164154052734,4
PART-6-1,10200,185.84152221679688,4
PART-6-1,10201,184.56846618652344,4
PART-6-1,10202,187.5104866027832,4
PART-6-1,10203,196.30999374389648,4
PART-6-1,10204,205.4086570739746,4
PART-6-1,10205,212.98348236083984,4
PART-6-1,10206,218.44297790527344,4
PART-6-1,10207,221.10611724853516,4
PART-6-1,10208,220.24954986572266,4
PART-6-1,10209,215.20479583740234,4
PART-6-1,10210,205.40089797973633,4
PART-6-1,10211,190.5407600402832,4
PART-6-1,10212,170.56241989135742,4
PART-6-1,10213,147.8603515625,4
PART-6-1,10214,154.86326217651367,4
PART-6-1,10215,195.45196914672852,4
PART-6-1,10216,239.7798194885254,4
PART-6-1,10217,281.26102447509766,4
PART-6-1,10218,309.6865768432617,4
PART-6-1,10219,316.1090774536133,4
PART-6-1,10220,298.3026428222656,4
PART-6-1,10221,263.3509864807129,4
PART-6-1,10222,222.99484252929688,4
PART-6-1,10223,181.9769515991211,4
PART-6-1,10224,157.22532653808594,4
PART-6-1,10225,142.0733757019043,4
PART-6-1,10226,136.58832168579102,4
PART-6-1,10227,137.71975326538086,4
PART-6-1,10228,142.1372299194336,4
PART-6-1,10229,147.74800872802734,4
PART-6-1,10230,153.84619140625,4
PART-6-1,10231,159.8349723815918,4
PART-6-1,10232,165.37229919433594,4
PART-6-1,10233,170.14257431030273,4
PART-6-1,10234,173.90376663208008,4
PART-6-1,10235,176.46168899536133,4
PART-6-1,10236,177.65447235107422,4
PART-6-1,10237,177.35525131225586,4
PART-6-1,10238,181.57642364501953,4
PART-6-1,10239,191.25114059448242,4
PART-6-1,10240,200.3697738647461,4
PART-6-1,10241,207.81007385253906,4
PART-6-1,10242,212.98582077026367,4
PART-6-1,10243,215.22957611083984,4
PART-6-1,10244,213.86320877075195,4
PART-6-1,10245,208.2678108215332,4
PART-6-1,10246,198.0322036743164,4
PART-6-1,10247,183.02148818969727,4
PART-6-1,10248,163.67330169677734,4
PART-6-1,10249,144.9727554321289,4
PART-6-1,10250,154.27831649780273,4
PART-6-1,10251,191.18789291381836,4
PART-6-1,10252,229.98210906982422,4
PART-6-1,10253,264.4117546081543,4
PART-6-1,10254,288.8994827270508,4
PART-6-1,10255,297.75067138671875,4
PART-6-1,10256,289.33106994628906,4
PART-6-1,10257,268.1208305358887,4
PART-6-1,10258,241.86076736450195,4
PART-6-1,10259,179.27552032470703,4
PART-6-1,10260,156.77701950073242,4
PART-6-1,10261,140.67401123046875,4
PART-6-1,10262,132.1976547241211,4
PART-6-1,10263,130.03349494934082,4
PART-6-1,10264,132.2574863433838,4
PART-6-1,10265,137.1181983947754,4
PART-6-1,10266,143.26246643066406,4
PART-6-1,10267,149.86001586914062,4
PART-6-1,10268,156.23217391967773,4
PART-6-1,10269,161.91742324829102,4
PART-6-1,10270,166.57784271240234,4
PART-6-1,10271,169.97153091430664,4
PART-6-1,10272,171.92683792114258,4
PART-6-1,10273,172.3122787475586,4
PART-6-1,10274,177.4306983947754,4
PART-6-1,10275,187.7036018371582,4
PART-6-1,10276,196.83200073242188,4
PART-6-1,10277,204.17861938476562,4
PART-6-1,10278,209.16119003295898,4
PART-6-1,10279,211.1326026916504,4
PART-6-1,10280,209.4401512145996,4
PART-6-1,10281,203.54253005981445,4
PART-6-1,10282,193.1183853149414,4
PART-6-1,10283,178.26644134521484,4
PART-6-1,10284,159.77001571655273,4
PART-6-1,10285,143.0970687866211,4
PART-6-1,10286,152.96768951416016,4
PART-6-1,10287,187.56092071533203,4
PART-6-1,10288,222.68302536010742,4
PART-6-1,10289,253.94758987426758,4
PART-6-1,10290,276.44911193847656,4
PART-6-1,10291,286.6501007080078,4
PART-6-1,10292,283.48804473876953,4
PART-6-1,10293,269.77227783203125,4
PART-6-1,10294,254.14679718017578,4
PART-6-1,10295,177.83989715576172,4
PART-6-1,10296,156.48265075683594,4
PART-6-1,10297,140.2703742980957,4
PART-6-1,10298,130.49260139465332,4
PART-6-1,10299,126.72046852111816,4
PART-6-1,10300,127.68857192993164,4
PART-6-1,10301,131.88610458374023,4
PART-6-1,10302,137.96342849731445,4
PART-6-1,10303,144.79582595825195,4
PART-6-1,10304,151.57352828979492,4
PART-6-1,10305,157.71556854248047,4
PART-6-1,10306,162.82960891723633,4
PART-6-1,10307,166.64837265014648,4
PART-6-1,10308,168.98871231079102,4
PART-6-1,10309,169.83129119873047,4
PART-6-1,10310,175.40198135375977,4
PART-6-1,10311,185.8713264465332,4
PART-6-1,10312,195.00343704223633,4
PART-6-1,10313,202.29983520507812,4
PART-6-1,10314,207.18318557739258,4
PART-6-1,10315,209.01412200927734,4
PART-6-1,10316,207.1648292541504,4
PART-6-1,10317,201.12374114990234,4
PART-6-1,10318,190.64778518676758,4
PART-6-1,10319,175.94923782348633,4
PART-6-1,10320,158.00706100463867,4
PART-6-1,10321,142.2812156677246,4
PART-6-1,10322,152.12242889404297,4
PART-6-1,10323,185.39093780517578,4
PART-6-1,10324,219.0903434753418,4
PART-6-1,10325,248.79837799072266,4
PART-6-1,10326,270.68502044677734,4
PART-6-1,10327,281.5346374511719,4
PART-6-1,10328,280.2887954711914,4
PART-6-1,10329,270.3580627441406,4
PART-6-1,10330,260.2006416320801,4
PART-6-1,10331,178.0218963623047,4
PART-6-1,10332,156.71326065063477,4
PART-6-1,10333,140.58705520629883,4
PART-6-1,10334,130.8776912689209,4
PART-6-1,10335,127.13592529296875,4
PART-6-1,10336,128.08625602722168,4
PART-6-1,10337,132.23934173583984,4
PART-6-1,10338,138.25820922851562,4
PART-6-1,10339,145.03303146362305,4
PART-6-1,10340,151.7597427368164,4
PART-6-1,10341,157.85855865478516,4
PART-6-1,10342,162.93746185302734,4
PART-6-1,10343,166.72756958007812,4
PART-6-1,10344,169.04480743408203,4
PART-6-1,10345,169.86835098266602,4
PART-6-1,10346,175.41841888427734,4
PART-6-1,10347,185.87660598754883,4
PART-6-1,10348,195.00835037231445,4
PART-6-1,10349,202.30051040649414,4
PART-6-1,10350,207.17596054077148,4
PART-6-1,10351,208.99538803100586,4
PART-6-1,10352,207.1314582824707,4
PART-6-1,10353,201.07294845581055,4
PART-6-1,10354,190.57730865478516,4
PART-6-1,10355,175.85872268676758,4
PART-6-1,10356,157.89580535888672,4
PART-6-1,10357,142.1830596923828,4
PART-6-1,10358,152.07001876831055,4
PART-6-1,10359,185.36790084838867,4
PART-6-1,10360,219.09975814819336,4
PART-6-1,10361,248.83815002441406,4
PART-6-1,10362,270.74327850341797,4
PART-6-1,10363,281.615234375,4
PART-6-1,10364,280.36676025390625,4
PART-6-1,10365,270.4085235595703,4
PART-6-1,10366,260.189453125,4
PART-6-1,10367,179.82564544677734,4
PART-6-1,10368,157.49609375,4
PART-6-1,10369,141.65802001953125,4
PART-6-1,10370,133.38272857666016,4
PART-6-1,10371,131.27748107910156,4
PART-6-1,10372,133.4394302368164,4
PART-6-1,10373,138.1538429260254,4
PART-6-1,10374,144.12612915039062,4
PART-6-1,10375,150.55653762817383,4
PART-6-1,10376,156.78036880493164,4
PART-6-1,10377,162.34102249145508,4
PART-6-1,10378,166.8986930847168,4
PART-6-1,10379,170.20896911621094,4
PART-6-1,10380,172.09622192382812,4
PART-6-1,10381,172.4257049560547,4
PART-6-1,10382,177.48107147216797,4
PART-6-1,10383,187.7185401916504,4
PART-6-1,10384,196.8458137512207,4
PART-6-1,10385,204.1800079345703,4
PART-6-1,10386,209.13915634155273,4
PART-6-1,10387,211.0768280029297,4
PART-6-1,10388,209.34091567993164,4
PART-6-1,10389,203.3916778564453,4
PART-6-1,10390,192.90959548950195,4
PART-6-1,10391,177.99569702148438,4
PART-6-1,10392,159.43959426879883,4
PART-6-1,10393,142.81497192382812,4
PART-6-1,10394,152.80665969848633,4
PART-6-1,10395,187.5009765625,4
PART-6-1,10396,222.71287536621094,4
PART-6-1,10397,254.06068801879883,4
PART-6-1,10398,276.6388854980469,4
PART-6-1,10399,286.8754653930664,4
PART-6-1,10400,283.7231750488281,4
PART-6-1,10401,269.93546295166016,4
PART-6-1,10402,254.11632919311523,4
PART-6-1,10403,182.94608306884766,4
PART-6-1,10404,158.5157470703125,4
PART-6-1,10405,143.8368148803711,4
PART-6-1,10406,138.6331443786621,4
PART-6-1,10407,139.79984664916992,4
PART-6-1,10408,144.0535125732422,4
PART-6-1,10409,149.4035301208496,4
PART-6-1,10410,155.2242774963379,4
PART-6-1,10411,160.94911575317383,4
PART-6-1,10412,166.25609588623047,4
PART-6-1,10413,170.83106994628906,4
PART-6-1,10414,174.43101119995117,4
PART-6-1,10415,176.85653686523438,4
PART-6-1,10416,177.94079971313477,4
PART-6-1,10417,177.5515594482422,4
PART-6-1,10418,181.66291427612305,4
PART-6-1,10419,191.27262115478516,4
PART-6-1,10420,200.38951110839844,4
PART-6-1,10421,207.80988693237305,4
PART-6-1,10422,212.94814682006836,4
PART-6-1,10423,215.13757705688477,4
PART-6-1,10424,213.70141983032227,4
PART-6-1,10425,208.022216796875,4
PART-6-1,10426,197.69223403930664,4
PART-6-1,10427,182.57987594604492,4
PART-6-1,10428,163.1273307800293,4
PART-6-1,10429,144.50003814697266,4
PART-6-1,10430,154.0175437927246,4
PART-6-1,10431,191.08779525756836,4
PART-6-1,10432,230.04050064086914,4
PART-6-1,10433,264.60480880737305,4
PART-6-1,10434,289.21363067626953,4
PART-6-1,10435,298.15572357177734,4
PART-6-1,10436,289.7058334350586,4
PART-6-1,10437,268.4049072265625,4
PART-6-1,10438,241.86451721191406,4
PART-6-1,10439,186.55303192138672,4
PART-6-1,10440,159.65667724609375,4
PART-6-1,10441,147.83297729492188,4
PART-6-1,10442,148.51425552368164,4
PART-6-1,10443,154.01984024047852,4
PART-6-1,10444,159.90942764282227,4
PART-6-1,10445,165.66473770141602,4
PART-6-1,10446,170.86467742919922,4
PART-6-1,10447,175.53349685668945,4
PART-6-1,10448,179.5439910888672,4
PART-6-1,10449,182.77096939086914,4
PART-6-1,10450,185.06732559204102,4
PART-6-1,10451,186.27377319335938,4
PART-6-1,10452,186.251220703125,4
PART-6-1,10453,184.85931777954102,4
PART-6-1,10454,187.6365852355957,4
PART-6-1,10455,196.33058166503906,4
PART-6-1,10456,205.42728805541992,4
PART-6-1,10457,212.97628021240234,4
PART-6-1,10458,218.38694763183594,4
PART-6-1,10459,220.97918701171875,4
PART-6-1,10460,220.03107833862305,4
PART-6-1,10461,214.87651824951172,4
PART-6-1,10462,204.94660186767578,4
PART-6-1,10463,189.9502944946289,4
PART-6-1,10464,169.82836532592773,4
PART-6-1,10465,147.21419525146484,4
PART-6-1,10466,154.46424102783203,4
PART-6-1,10467,195.28129196166992,4
PART-6-1,10468,239.84934997558594,4
PART-6-1,10469,281.53246307373047,4
PART-6-1,10470,310.12039947509766,4
PART-6-1,10471,316.72632598876953,4
PART-6-1,10472,299.019775390625,4
PART-6-1,10473,263.91041564941406,4
PART-6-1,10474,223.06166458129883,4
PART-6-1,10475,189.59845733642578,4
PART-6-1,10476,160.56589126586914,4
PART-6-1,10477,157.50360488891602,4
PART-6-1,10478,166.05240631103516,4
PART-6-1,10479,174.0818214416504,4
PART-6-1,10480,180.82923889160156,4
PART-6-1,10481,186.06573104858398,4
PART-6-1,10482,190.18683242797852,4
PART-6-1,10483,193.41713333129883,4
PART-6-1,10484,195.84281539916992,4
PART-6-1,10485,197.4698371887207,4
PART-6-1,10486,198.2099151611328,4
PART-6-1,10487,197.96731185913086,4
PART-6-1,10488,196.60671997070312,4
PART-6-1,10489,194.00432586669922,4
PART-6-1,10490,195.09618759155273,4
PART-6-1,10491,202.6254539489746,4
PART-6-1,10492,211.6852912902832,4
PART-6-1,10493,219.3983268737793,4
PART-6-1,10494,225.17385864257812,4
PART-6-1,10495,228.31981658935547,4
PART-6-1,10496,228.08856964111328,4
PART-6-1,10497,223.74685287475586,4
PART-6-1,10498,214.66318893432617,4
PART-6-1,10499,200.28918838500977,4
PART-6-1,10500,180.41012573242188,4
PART-6-1,10501,155.1741180419922,4
PART-6-1,10502,157.06398391723633,4
PART-6-1,10503,196.4990577697754,4
PART-6-1,10504,250.0252456665039,4
PART-6-1,10505,304.84751892089844,4
PART-6-1,10506,333.37218475341797,4
PART-6-1,10507,336.3017044067383,4
PART-6-1,10508,310.07627868652344,4
PART-6-1,10509,252.96509170532227,4
PART-6-1,10510,196.52936172485352,4
PART-6-1,10511,197.49684524536133,4
PART-6-1,10512,176.73358917236328,4
PART-6-1,10513,179.1127471923828,4
PART-6-1,10514,190.7128791809082,4
PART-6-1,10515,199.45069885253906,4
PART-6-1,10516,205.4813003540039,4
PART-6-1,10517,209.4590072631836,4
PART-6-1,10518,212.05714416503906,4
PART-6-1,10519,213.57777786254883,4
PART-6-1,10520,214.26023483276367,4
PART-6-1,10521,214.12816619873047,4
PART-6-1,10522,213.1869239807129,4
PART-6-1,10523,211.34562301635742,4
PART-6-1,10524,208.51507949829102,4
PART-6-1,10525,204.56377410888672,4
PART-6-1,10526,203.72088623046875,4
PART-6-1,10527,209.8464584350586,4
PART-6-1,10528,218.84094619750977,4
PART-6-1,10529,226.7383270263672,4
PART-6-1,10530,232.959716796875,4
PART-6-1,10531,236.80420303344727,4
PART-6-1,10532,237.51744842529297,4
PART-6-1,10533,234.32825469970703,4
PART-6-1,10534,226.55706787109375,4
PART-6-1,10535,213.60880661010742,4
PART-6-1,10536,194.9914436340332,4
PART-6-1,10537,170.5953826904297,4
PART-6-1,10538,165.28335189819336,4
PART-6-1,10539,196.62824249267578,4
PART-6-1,10540,250.04787826538086,4
PART-6-1,10541,312.0799255371094,4
PART-6-1,10542,344.36222076416016,4
PART-6-1,10543,344.93541717529297,4
PART-6-1,10544,308.8231506347656,4
PART-6-1,10545,226.0041389465332,4
PART-6-1,10546,161.7160415649414,4
PART-6-1,10547,255.5622901916504,4
PART-6-1,10548,224.35019302368164,4
PART-6-1,10549,211.29078674316406,4
PART-6-1,10550,219.83433151245117,4
PART-6-1,10551,227.68864059448242,4
PART-6-1,10552,231.94430923461914,4
PART-6-1,10553,234.35231399536133,4
PART-6-1,10554,235.1654930114746,4
PART-6-1,10555,234.94617080688477,4
PART-6-1,10556,233.81524276733398,4
PART-6-1,10557,231.92033004760742,4
PART-6-1,10558,229.2423973083496,4
PART-6-1,10559,225.76665115356445,4
PART-6-1,10560,221.3998146057129,4
PART-6-1,10561,216.04782104492188,4
PART-6-1,10562,213.09710311889648,4
PART-6-1,10563,217.67016220092773,4
PART-6-1,10564,226.54685974121094,4
PART-6-1,10565,234.62818908691406,4
PART-6-1,10566,241.34326934814453,4
PART-6-1,10567,246.01087188720703,4
PART-6-1,10568,247.85321044921875,4
PART-6-1,10569,246.13811492919922,4
PART-6-1,10570,240.11577987670898,4
PART-6-1,10571,229.30926895141602,4
PART-6-1,10572,213.1333885192871,4
PART-6-1,10573,191.66896438598633,4
PART-6-1,10574,177.55154418945312,4
PART-6-1,10575,198.45849227905273,4
PART-6-1,10576,247.92365264892578,4
PART-6-1,10577,307.51295471191406,4
PART-6-1,10578,342.8818130493164,4
PART-6-1,10579,345.0,4
PART-6-1,10580,277.75294494628906,4
PART-6-1,10581,170.04473686218262,4
PART-6-1,10582,124.75900077819824,4
PART-6-1,10583,266.81535720825195,4
PART-6-1,10584,188.1456527709961,4
PART-6-1,10585,169.96244430541992,4
PART-6-1,10586,172.8577117919922,4
PART-6-1,10587,173.24811172485352,4
PART-6-1,10588,172.58626174926758,4
PART-6-1,10589,172.0165138244629,4
PART-6-1,10590,171.9656219482422,4
PART-6-1,10591,172.4357566833496,4
PART-6-1,10592,172.9759521484375,4
PART-6-1,10593,172.42494201660156,4
PART-6-1,10594,169.3055763244629,4
PART-6-1,10595,187.89256286621094,4
PART-6-1,10596,267.24538803100586,4
PART-6-1,10597,244.0418930053711,4
PART-6-1,10598,180.23450469970703,4
PART-6-1,10599,145.18610382080078,4
PART-6-1,10600,145.540771484375,4
PART-6-1,10601,148.4049530029297,4
PART-6-1,10602,149.88063049316406,4
PART-6-1,10603,150.3492202758789,4
PART-6-1,10604,150.23272323608398,4
PART-6-1,10605,149.5118637084961,4
PART-6-1,10606,147.69769287109375,4
PART-6-1,10607,144.3333511352539,4
PART-6-1,10608,144.33006286621094,4
PART-6-1,10609,180.46752166748047,4
PART-6-1,10610,244.71803283691406,4
PART-6-1,10611,212.65558624267578,4
PART-6-1,10612,170.56016159057617,4
PART-6-1,10613,144.34814834594727,4
PART-6-1,10614,135.1829833984375,4
PART-6-1,10615,134.77059173583984,4
PART-6-1,10616,135.01589584350586,4
PART-6-1,10617,135.15068435668945,4
PART-6-1,10618,134.89780044555664,4
PART-6-1,10619,134.21016311645508,4
PART-6-1,10620,133.27578735351562,4
PART-6-1,10621,132.76006317138672,4
PART-6-1,10622,141.76779556274414,4
PART-6-1,10623,169.8050422668457,4
PART-6-1,10624,213.23806762695312,4
PART-6-1,10625,207.10812377929688,4
PART-6-1,10626,175.17891693115234,4
PART-6-1,10627,152.2636375427246,4
PART-6-1,10628,138.64540100097656,4
PART-6-1,10629,131.88385391235352,4
PART-6-1,10630,128.77828216552734,4
PART-6-1,10631,127.38055038452148,4
PART-6-1,10632,126.99795913696289,4
PART-6-1,10633,127.5890064239502,4
PART-6-1,10634,129.79136848449707,4
PART-6-1,10635,135.48043823242188,4
PART-6-1,10636,148.0105972290039,4
PART-6-1,10637,171.62363052368164,4
PART-6-1,10638,204.806640625,4
PART-6-1,10639,210.44268035888672,4
PART-6-1,10640,185.39989852905273,4
PART-6-1,10641,163.53411483764648,4
PART-6-1,10642,146.89516830444336,4
PART-6-1,10643,135.5167694091797,4
PART-6-1,10644,128.97738456726074,4
PART-6-1,10645,125.84845161437988,4
PART-6-1,10646,125.37960052490234,4
PART-6-1,10647,127.56667137145996,4
PART-6-1,10648,133.1333827972412,4
PART-6-1,10649,143.5762939453125,4
PART-6-1,10650,159.43207550048828,4
PART-6-1,10651,180.72935104370117,4
PART-6-1,10652,205.5048065185547,4
PART-6-1,10653,218.24292373657227,4
PART-6-1,10654,194.6040496826172,4
PART-6-1,10655,173.08676147460938,4
PART-6-1,10656,155.21092224121094,4
PART-6-1,10657,141.99717330932617,4
PART-6-1,10658,133.2994441986084,4
PART-6-1,10659,128.90777397155762,4
PART-6-1,10660,128.42076873779297,4
PART-6-1,10661,131.84627532958984,4
PART-6-1,10662,139.6390037536621,4
PART-6-1,10663,152.06636810302734,4
PART-6-1,10664,169.31769561767578,4
PART-6-1,10665,190.4291000366211,4
PART-6-1,10666,213.86664199829102,4
PART-6-1,10667,223.71658325195312,4
PART-6-1,10668,201.42450332641602,4
PART-6-1,10669,180.82737350463867,4
PART-6-1,10670,163.20207595825195,4
PART-6-1,10671,149.37042617797852,4
PART-6-1,10672,139.92295837402344,4
PART-6-1,10673,134.92914962768555,4
PART-6-1,10674,134.46600341796875,4
PART-6-1,10675,138.56742477416992,4
PART-6-1,10676,147.2093963623047,4
PART-6-1,10677,160.36731338500977,4
PART-6-1,10678,177.48934173583984,4
PART-6-1,10679,197.7482032775879,4
PART-6-1,10680,219.86642837524414,4
PART-6-1,10681,227.23424911499023,4
PART-6-1,10682,206.53949737548828,4
PART-6-1,10683,187.2479133605957,4
PART-6-1,10684,170.44056701660156,4
PART-6-1,10685,157.02973556518555,4
PART-6-1,10686,147.59015274047852,4
PART-6-1,10687,142.5703582763672,4
PART-6-1,10688,142.16153717041016,4
PART-6-1,10689,146.39386367797852,4
PART-6-1,10690,155.13286590576172,4
PART-6-1,10691,167.9706687927246,4
PART-6-1,10692,184.3423843383789,4
PART-6-1,10693,203.34090042114258,4
PART-6-1,10694,223.87193298339844,4
PART-6-1,10695,229.42431259155273,4
PART-6-1,10696,210.34471130371094,4
PART-6-1,10697,192.5544776916504,4
PART-6-1,10698,176.9725570678711,4
PART-6-1,10699,164.39836502075195,4
PART-6-1,10700,155.50241470336914,4
PART-6-1,10701,150.73628616333008,4
PART-6-1,10702,150.3872833251953,4
PART-6-1,10703,154.48226928710938,4
PART-6-1,10704,162.78137969970703,4
PART-6-1,10705,174.86069869995117,4
PART-6-1,10706,190.06430435180664,4
PART-6-1,10707,207.58731079101562,4
PART-6-1,10708,226.5023651123047,4
PART-6-1,10709,230.41013717651367,4
PART-6-1,10710,213.02570724487305,4
PART-6-1,10711,196.81132888793945,4
PART-6-1,10712,182.60105514526367,4
PART-6-1,10713,171.12117385864258,4
PART-6-1,10714,162.9684066772461,4
PART-6-1,10715,158.6116485595703,4
PART-6-1,10716,158.3203353881836,4
PART-6-1,10717,162.11558532714844,4
PART-6-1,10718,169.76326751708984,4
PART-6-1,10719,180.81959915161133,4
PART-6-1,10720,194.69483184814453,4
PART-6-1,10721,210.66268157958984,4
PART-6-1,10722,227.88229370117188,4
PART-6-1,10723,230.3063621520996,4
PART-6-1,10724,214.5737075805664,4
PART-6-1,10725,199.95188903808594,4
PART-6-1,10726,187.14947128295898,4
PART-6-1,10727,176.8155975341797,4
PART-6-1,10728,169.4863166809082,4
PART-6-1,10729,165.57509231567383,4
PART-6-1,10730,165.33456420898438,4
PART-6-1,10731,168.77956771850586,4
PART-6-1,10732,175.6854019165039,4
PART-6-1,10733,185.65537643432617,4
PART-6-1,10734,198.16194534301758,4
PART-6-1,10735,212.55508422851562,4
PART-6-1,10736,228.12124252319336,4
PART-6-1,10737,229.04480743408203,4
PART-6-1,10738,214.93003845214844,4
PART-6-1,10739,201.8285675048828,4
PART-6-1,10740,190.39416122436523,4
PART-6-1,10741,181.1792755126953,4
PART-6-1,10742,174.65442657470703,4
PART-6-1,10743,171.1815071105957,4
PART-6-1,10744,170.9830207824707,4
PART-6-1,10745,174.07027053833008,4
PART-6-1,10746,180.23945999145508,4
PART-6-1,10747,189.14273834228516,4
PART-6-1,10748,200.3148651123047,4
PART-6-1,10749,213.20425033569336,4
PART-6-1,10750,227.15412521362305,4
PART-6-1,10751,226.56546783447266,4
PART-6-1,10752,213.95203399658203,4
PART-6-1,10753,202.28895568847656,4
PART-6-1,10754,192.12590408325195,4
PART-6-1,10755,183.9587287902832,4
PART-6-1,10756,178.1827049255371,4
PART-6-1,10757,175.11532592773438,4
PART-6-1,10758,174.95109939575195,4
PART-6-1,10759,177.69745254516602,4
PART-6-1,10760,183.17430114746094,4
PART-6-1,10761,191.07313919067383,4
PART-6-1,10762,201.00363540649414,4
PART-6-1,10763,212.4708137512207,4
PART-6-1,10764,224.92217636108398,4
PART-6-1,10765,222.73237228393555,4
PART-6-1,10766,211.5164031982422,4
PART-6-1,10767,201.1604881286621,4
PART-6-1,10768,192.1699676513672,4
PART-6-1,10769,184.95426177978516,4
PART-6-1,10770,179.86163330078125,4
PART-6-1,10771,177.15989303588867,4
PART-6-1,10772,177.02239227294922,4
PART-6-1,10773,179.45483779907227,4
PART-6-1,10774,184.2931900024414,4
PART-6-1,10775,191.27670288085938,4
PART-6-1,10776,200.0602912902832,4
PART-6-1,10777,210.23575592041016,4
PART-6-1,10778,221.29546737670898,4
PART-6-1,10779,220.0538101196289,4
PART-6-1,10780,210.71501922607422,4
PART-6-1,10781,202.1105728149414,4
PART-6-1,10782,194.61714553833008,4
PART-6-1,10783,188.60174560546875,4
PART-6-1,10784,184.35227584838867,4
PART-6-1,10785,182.1142463684082,4
PART-6-1,10786,182.03388595581055,4
PART-6-1,10787,184.11452865600586,4
PART-6-1,10788,188.21705627441406,4
PART-6-1,10789,194.0997543334961,4
PART-6-1,10790,201.47644805908203,4
PART-6-1,10791,209.97981643676758,4
PART-6-1,10792,219.23364639282227,4
PART-6-1,10793,223.68331909179688,4
PART-6-1,10794,215.75566864013672,4
PART-6-1,10795,208.40521240234375,4
PART-6-1,10796,201.97145080566406,4
PART-6-1,10797,196.77598571777344,4
PART-6-1,10798,193.1022720336914,4
PART-6-1,10799,191.17620086669922,4
PART-6-1,10800,191.1349983215332,4
PART-6-1,10801,192.9811553955078,4
PART-6-1,10802,196.5819091796875,4
PART-6-1,10803,201.71424865722656,4
PART-6-1,10804,208.09425354003906,4
PART-6-1,10805,215.39881134033203,4
PART-6-1,10806,223.2918815612793,4
PART-6-1,10807,231.58745956420898,4
PART-6-1,10808,223.87406158447266,4
PART-6-1,10809,216.67950820922852,4
PART-6-1,10810,210.3594207763672,4
PART-6-1,10811,205.24556732177734,4
PART-6-1,10812,201.6225471496582,4
PART-6-1,10813,199.71699142456055,4
PART-6-1,10814,199.66461944580078,4
PART-6-1,10815,201.46732711791992,4
PART-6-1,10816,204.99293899536133,4
PART-6-1,10817,210.01694107055664,4
PART-6-1,10818,216.25410079956055,4
PART-6-1,10819,223.37094116210938,4
PART-6-1,10820,231.01519775390625,4
PART-6-1,10821,238.87165069580078,4
PART-6-1,10822,231.06450653076172,4
PART-6-1,10823,223.76470565795898,4
PART-6-1,10824,217.3476448059082,4
PART-6-1,10825,212.1550521850586,4
PART-6-1,10826,208.47798919677734,4
PART-6-1,10827,206.54056930541992,4
PART-6-1,10828,206.47919464111328,4
PART-6-1,10829,208.29510498046875,4
PART-6-1,10830,211.85424041748047,4
PART-6-1,10831,216.93385696411133,4
PART-6-1,10832,223.24210739135742,4
PART-6-1,10833,230.43548583984375,4
PART-6-1,10834,238.1416358947754,4
PART-6-1,10835,244.9988250732422,4
PART-6-1,10836,236.7728271484375,4
PART-6-1,10837,229.09303665161133,4
PART-6-1,10838,222.36240005493164,4
PART-6-1,10839,216.9352912902832,4
PART-6-1,10840,213.10052490234375,4
PART-6-1,10841,211.08438110351562,4
PART-6-1,10842,211.01723861694336,4
PART-6-1,10843,212.89956665039062,4
PART-6-1,10844,216.60179138183594,4
PART-6-1,10845,221.89820861816406,4
PART-6-1,10846,228.49916458129883,4
PART-6-1,10847,236.04880905151367,4
PART-6-1,10848,244.1464080810547,4
PART-6-1,10849,249.2943878173828,4
PART-6-1,10850,240.3016700744629,4
PART-6-1,10851,231.9696502685547,4
PART-6-1,10852,224.7196807861328,4
PART-6-1,10853,218.91039657592773,4
PART-6-1,10854,214.8342514038086,4
PART-6-1,10855,212.6984405517578,4
PART-6-1,10856,212.62982177734375,4
PART-6-1,10857,214.62777709960938,4
PART-6-1,10858,218.56462860107422,4
PART-6-1,10859,224.2325439453125,4
PART-6-1,10860,231.33870315551758,4
PART-6-1,10861,239.52340698242188,4
PART-6-1,10862,248.36639785766602,4
PART-6-1,10863,250.95524978637695,4
PART-6-1,10864,240.86917877197266,4
PART-6-1,10865,231.6187515258789,4
PART-6-1,10866,223.6630630493164,4
PART-6-1,10867,217.36787033081055,4
PART-6-1,10868,212.98695373535156,4
PART-6-1,10869,210.71495819091797,4
PART-6-1,10870,210.6500015258789,4
PART-6-1,10871,212.79033279418945,4
PART-6-1,10872,217.0345687866211,4
PART-6-1,10873,223.18651580810547,4
PART-6-1,10874,230.99226760864258,4
PART-6-1,10875,240.08634567260742,4
PART-6-1,10876,250.00881576538086,4
PART-6-1,10877,249.19775390625,4
PART-6-1,10878,237.6526870727539,4
PART-6-1,10879,227.25119400024414,4
PART-6-1,10880,218.46995544433594,4
PART-6-1,10881,211.6262969970703,4
PART-6-1,10882,206.9518814086914,4
PART-6-1,10883,204.55354690551758,4
PART-6-1,10884,204.49826049804688,4
PART-6-1,10885,206.78276443481445,4
PART-6-1,10886,211.33424377441406,4
PART-6-1,10887,218.04256439208984,4
PART-6-1,10888,226.67736434936523,4
PART-6-1,10889,236.92238998413086,4
PART-6-1,10890,248.29837799072266,4
PART-6-1,10891,243.2007713317871,4
PART-6-1,10892,229.90544891357422,4
PART-6-1,10893,218.17167282104492,4
PART-6-1,10894,208.49781799316406,4
PART-6-1,10895,201.19875717163086,4
PART-6-1,10896,196.32398223876953,4
PART-6-1,10897,193.8825340270996,4
PART-6-1,10898,193.84355926513672,4
PART-6-1,10899,196.20183944702148,4
PART-6-1,10900,200.97954177856445,4
PART-6-1,10901,208.1627311706543,4
PART-6-1,10902,217.70348739624023,4
PART-6-1,10903,229.29119491577148,4
PART-6-1,10904,242.42084884643555,4
PART-6-1,10905,232.43029403686523,4
PART-6-1,10906,216.98375701904297,4
PART-6-1,10907,203.77375411987305,4
PART-6-1,10908,193.3931427001953,4
PART-6-1,10909,185.87993240356445,4
PART-6-1,10910,181.11934661865234,4
PART-6-1,10911,178.82868576049805,4
PART-6-1,10912,178.81241989135742,4
PART-6-1,10913,181.064453125,4
PART-6-1,10914,185.7669219970703,4
PART-6-1,10915,193.1958122253418,4
PART-6-1,10916,203.46899795532227,4
PART-6-1,10917,216.55266952514648,4
PART-6-1,10918,231.8463478088379,4
PART-6-1,10919,216.26880264282227,4
PART-6-1,10920,198.36423110961914,4
PART-6-1,10921,183.81824493408203,4
PART-6-1,10922,173.05516052246094,4
PART-6-1,10923,166.04971313476562,4
PART-6-1,10924,162.06198501586914,4
PART-6-1,10925,160.30215454101562,4
PART-6-1,10926,160.3149299621582,4
PART-6-1,10927,162.09180450439453,4
PART-6-1,10928,166.07530975341797,4
PART-6-1,10929,173.04240036010742,4
PART-6-1,10930,183.73540878295898,4
PART-6-1,10931,198.1879653930664,4
PART-6-1,10932,215.95845794677734,4
PART-6-1,10933,194.76762771606445,4
PART-6-1,10934,173.94830322265625,4
PART-6-1,10935,158.6065673828125,4
PART-6-1,10936,150.5970687866211,4
PART-6-1,10937,147.81377029418945,4
PART-6-1,10938,146.09436798095703,4
PART-6-1,10939,145.39404296875,4
PART-6-1,10940,145.39746475219727,4
PART-6-1,10941,146.11735153198242,4
PART-6-1,10942,147.86778259277344,4
PART-6-1,10943,150.72841262817383,4
PART-6-1,10944,158.79370498657227,4
PART-6-1,10945,174.09500885009766,4
PART-6-1,10946,194.80736541748047,4
PART-6-1,10947,180.5931167602539,4
PART-6-1,10948,168.4909553527832,4
PART-6-1,10949,160.44144821166992,4
PART-6-1,10950,158.12071228027344,4
PART-6-1,10951,158.12884902954102,4
PART-6-1,10952,157.28875350952148,4
PART-6-1,10953,156.7076416015625,4
PART-6-1,10954,156.67356872558594,4
PART-6-1,10955,157.2037239074707,4
PART-6-1,10956,158.0457534790039,4
PART-6-1,10957,158.14108657836914,4
PART-6-1,10958,160.6479034423828,4
PART-6-1,10959,168.86725616455078,4
PART-6-1,10960,181.13125610351562,4
PART-6-1,10961,201.3100128173828,4
PART-6-1,10962,199.55183792114258,4
PART-6-1,10963,199.67529678344727,4
PART-6-1,10964,199.15718841552734,4
PART-6-1,10965,195.7159538269043,4
PART-6-1,10966,192.61722946166992,4
PART-6-1,10967,190.68207550048828,4
PART-6-1,10968,190.61629486083984,4
PART-6-1,10969,192.42730712890625,4
PART-6-1,10970,195.43695068359375,4
PART-6-1,10971,198.8570442199707,4
PART-6-1,10972,199.48768615722656,4
PART-6-1,10973,199.66814422607422,4
PART-6-1,10974,201.87540435791016,4
PART-6-1,10975,250.05012893676758,4
PART-6-1,10976,252.2609977722168,4
PART-6-1,10977,253.22986602783203,4
PART-6-1,10978,244.3114013671875,4
PART-6-1,10979,235.3733253479004,4
PART-6-1,10980,228.54784393310547,4
PART-6-1,10981,225.11788177490234,4
PART-6-1,10982,225.0212059020996,4
PART-6-1,10983,228.26002883911133,4
PART-6-1,10984,234.8960189819336,4
PART-6-1,10985,243.66747283935547,4
PART-6-1,10986,252.46831130981445,4
PART-6-1,10987,251.65262985229492,4
PART-6-1,10988,249.94411087036133,4
PART-6-1,10989,307.6408004760742,4
PART-6-1,10990,313.5416717529297,4
PART-6-1,10991,308.33924865722656,4
PART-6-1,10992,286.60828399658203,4
PART-6-1,10993,270.450984954834,4
PART-6-1,10994,260.3022003173828,4
PART-6-1,10995,255.23918914794922,4
PART-6-1,10996,255.1233901977539,4
PART-6-1,10997,259.9437599182129,4
PART-6-1,10998,269.8197250366211,4
PART-6-1,10999,285.65299224853516,4
PART-6-1,11000,307.2395935058594,4
PART-6-1,11001,312.79357147216797,4
PART-6-1,11002,307.1839599609375,4
PART-6-1,11003,342.2253646850586,4
PART-6-1,11004,345.00001525878906,4
PART-6-1,11005,336.59742736816406,4
PART-6-1,11006,315.5209655761719,4
PART-6-1,11007,295.0492935180664,4
PART-6-1,11008,282.7958679199219,4
PART-6-1,11009,277.02787017822266,4
PART-6-1,11010,276.9085235595703,4
PART-6-1,11011,282.42132568359375,4
PART-6-1,11012,294.3699264526367,4
PART-6-1,11013,314.4277038574219,4
PART-6-1,11014,335.69029235839844,4
PART-6-1,11015,344.761962890625,4
PART-6-1,11016,342.01851654052734,4
PART-6-1,11017,344.99999237060547,4
PART-6-1,11018,344.99999237060547,4
PART-6-1,11019,338.7481994628906,4
PART-6-1,11020,321.6172790527344,4
PART-6-1,11021,303.36885833740234,4
PART-6-1,11022,292.35931396484375,4
PART-6-1,11023,287.2162780761719,4
PART-6-1,11024,287.1132278442383,4
PART-6-1,11025,292.0370864868164,4
PART-6-1,11026,302.79569244384766,4
PART-6-1,11027,320.71106719970703,4
PART-6-1,11028,338.1959686279297,4
PART-6-1,11029,344.99998474121094,4
PART-6-1,11030,344.99999237060547,4
PART-6-1,11031,278.21943283081055,4
PART-6-1,11032,309.36995697021484,4
PART-6-1,11033,311.9627990722656,4
PART-6-1,11034,302.51353454589844,4
PART-6-1,11035,293.6812057495117,4
PART-6-1,11036,287.9000930786133,4
PART-6-1,11037,284.67977142333984,4
PART-6-1,11038,284.61109161376953,4
PART-6-1,11039,287.6941146850586,4
PART-6-1,11040,293.34263610839844,4
PART-6-1,11041,302.0441360473633,4
PART-6-1,11042,311.5452117919922,4
PART-6-1,11043,309.0876770019531,4
PART-6-1,11044,278.0568504333496,4
PART-6-1,11045,171.30405616760254,4
PART-6-1,11046,226.9334716796875,4
PART-6-1,11047,254.19562911987305,4
PART-6-1,11048,265.7200927734375,4
PART-6-1,11049,270.60107803344727,4
PART-6-1,11050,272.2865753173828,4
PART-6-1,11051,272.8419647216797,4
PART-6-1,11052,272.8194580078125,4
PART-6-1,11053,272.228271484375,4
PART-6-1,11054,270.54562759399414,4
PART-6-1,11055,265.6959571838379,4
PART-6-1,11056,254.12258911132812,4
PART-6-1,11057,226.80913162231445,4
PART-6-1,11058,171.20007705688477,4
PART-6-1,11059,126.32045364379883,4
PART-6-1,11060,162.6767349243164,4
PART-6-1,11061,197.08456420898438,4
PART-6-1,11062,223.3831329345703,4
PART-6-1,11063,242.0737648010254,4
PART-6-1,11064,254.24156188964844,4
PART-6-1,11065,260.2534294128418,4
PART-6-1,11066,260.2764015197754,4
PART-6-1,11067,254.32301712036133,4
PART-6-1,11068,242.24922561645508,4
PART-6-1,11069,223.67822265625,4
PART-6-1,11070,197.46360397338867,4
PART-6-1,11071,163.01710891723633,4
PART-6-1,11072,126.44182586669922,4
PART-6-1,11073,245.73041152954102,4
PART-6-1,11074,236.5045928955078,4
PART-6-1,11075,238.82128524780273,4
PART-6-1,11076,246.39419555664062,4
PART-6-1,11077,254.5490837097168,4
PART-6-1,11078,264.11051177978516,4
PART-6-1,11079,274.6155319213867,4
PART-6-1,11080,291.5785217285156,4
PART-6-1,11081,315.3596954345703,4
PART-6-1,11082,243.5343360900879,4
PART-6-1,11083,252.15380477905273,4
PART-6-1,11084,249.57428741455078,4
PART-6-1,11085,251.0160789489746,4
PART-6-1,11086,255.92087936401367,4
PART-6-1,11087,263.28780364990234,4
PART-6-1,11088,273.285888671875,4
PART-6-1,11089,288.44500732421875,4
PART-6-1,11090,296.1339111328125,4
PART-6-1,11091,234.52395248413086,4
PART-6-1,11092,249.4986228942871,4
PART-6-1,11093,253.75343704223633,4
PART-6-1,11094,253.87160873413086,4
PART-6-1,11095,256.9161911010742,4
PART-6-1,11096,263.32452392578125,4
PART-6-1,11097,272.66822052001953,4
PART-6-1,11098,279.99877166748047,4
PART-6-1,11099,280.1559066772461,4
PART-6-1,11100,234.08784866333008,4
PART-6-1,11101,244.13717651367188,4
PART-6-1,11102,251.38619995117188,4
PART-6-1,11103,257.566593170166,4
PART-6-1,11104,264.0121841430664,4
PART-6-1,11105,272.57520294189453,4
PART-6-1,11106,280.6007766723633,4
PART-6-1,11107,285.8863983154297,4
PART-6-1,11108,287.6186294555664,4
PART-6-1,11109,237.35779571533203,4
PART-6-1,11110,244.38723754882812,4
PART-6-1,11111,254.36205291748047,4
PART-6-1,11112,266.48437118530273,4
PART-6-1,11113,277.8703308105469,4
PART-6-1,11114,287.7622833251953,4
PART-6-1,11115,296.03426361083984,4
PART-6-1,11116,302.39685821533203,4
PART-6-1,11117,306.2645492553711,4
PART-6-1,11118,242.1541976928711,4
PART-6-1,11119,248.9385757446289,4
PART-6-1,11120,263.27549743652344,4
PART-6-1,11121,277.55519104003906,4
PART-6-1,11122,290.19044494628906,4
PART-6-1,11123,301.1507873535156,4
PART-6-1,11124,310.40138244628906,4
PART-6-1,11125,318.1310272216797,4
PART-6-1,11126,324.4439392089844,4
PART-6-1,11127,249.02821731567383,4
PART-6-1,11128,255.7205352783203,4
PART-6-1,11129,272.35511016845703,4
PART-6-1,11130,287.63140869140625,4
PART-6-1,11131,301.3055114746094,4
PART-6-1,11132,313.31024169921875,4
PART-6-1,11133,323.66651153564453,4
PART-6-1,11134,332.99388885498047,4
PART-6-1,11135,339.0843276977539,4
PART-6-1,11136,257.67129135131836,4
PART-6-1,11137,264.100830078125,4
PART-6-1,11138,281.3731155395508,4
PART-6-1,11139,297.17395782470703,4
PART-6-1,11140,311.56390380859375,4
PART-6-1,11141,324.44403076171875,4
PART-6-1,11142,335.3644561767578,4
PART-6-1,11143,342.53456115722656,4
PART-6-1,11144,344.9481201171875,4
PART-6-1,11145,267.10521697998047,4
PART-6-1,11146,273.0371551513672,4
PART-6-1,11147,290.23828125,4
PART-6-1,11148,306.24481201171875,4
PART-6-1,11149,320.95848083496094,4
PART-6-1,11150,334.2764358520508,4
PART-6-1,11151,342.8024673461914,4
PART-6-1,11152,345.0000228881836,4
PART-6-1,11153,344.99998474121094,4
PART-6-1,11154,276.9559860229492,4
PART-6-1,11155,282.1294174194336,4
PART-6-1,11156,298.75267791748047,4
PART-6-1,11157,314.5803909301758,4
PART-6-1,11158,329.3324661254883,4
PART-6-1,11159,340.7002258300781,4
PART-6-1,11160,345.0000534057617,4
PART-6-1,11161,345.0000457763672,4
PART-6-1,11162,344.99999237060547,4
PART-6-1,11163,286.97867584228516,4
PART-6-1,11164,291.07176971435547,4
PART-6-1,11165,306.619384765625,4
PART-6-1,11166,321.91307830810547,4
PART-6-1,11167,335.95945739746094,4
PART-6-1,11168,343.8346405029297,4
PART-6-1,11169,345.00006103515625,4
PART-6-1,11170,345.0000457763672,4
PART-6-1,11171,345.0,4
PART-6-1,11172,296.7875061035156,4
PART-6-1,11173,299.6019287109375,4
PART-6-1,11174,313.5569763183594,4
PART-6-1,11175,327.9468765258789,4
PART-6-1,11176,339.8984680175781,4
PART-6-1,11177,345.00001525878906,4
PART-6-1,11178,345.00003814697266,4
PART-6-1,11179,345.0000228881836,4
PART-6-1,11180,344.99999237060547,4
PART-6-1,11181,306.1692657470703,4
PART-6-1,11182,307.53858947753906,4
PART-6-1,11183,319.3352584838867,4
PART-6-1,11184,332.40199279785156,4
PART-6-1,11185,341.7580337524414,4
PART-6-1,11186,345.00003814697266,4
PART-6-1,11187,345.00003814697266,4
PART-6-1,11188,345.0,4
PART-6-1,11189,344.99999237060547,4
PART-6-1,11190,315.8892593383789,4
PART-6-1,11191,315.69032287597656,4
PART-6-1,11192,323.83605194091797,4
PART-6-1,11193,335.0471496582031,4
PART-6-1,11194,342.57181549072266,4
PART-6-1,11195,345.0000305175781,4
PART-6-1,11196,345.0000305175781,4
PART-6-1,11197,345.0,4
PART-6-1,11198,345.0,4
PART-6-1,11199,326.0329360961914,4
PART-6-1,11200,324.24694061279297,4
PART-6-1,11201,327.0770492553711,4
PART-6-1,11202,335.89517974853516,4
PART-6-1,11203,342.31890869140625,4
PART-6-1,11204,345.0,4
PART-6-1,11205,345.0,4
PART-6-1,11206,345.0,4
PART-6-1,11207,345.0,4
PART-6-1,11208,335.3084030151367,4
PART-6-1,11209,332.09354400634766,4
PART-6-1,11210,329.15855407714844,4
PART-6-1,11211,335.14422607421875,4
PART-6-1,11212,339.8504409790039,4
PART-6-1,11213,343.59696197509766,4
PART-6-1,11214,344.9086685180664,4
PART-6-1,11215,345.00000762939453,4
PART-6-1,11216,344.99999237060547,4
PART-6-1,11217,340.70826721191406,4
PART-6-1,11218,337.1571273803711,4
PART-6-1,11219,330.9847183227539,4
PART-6-1,11220,333.03143310546875,4
PART-6-1,11221,334.8369903564453,4
PART-6-1,11222,338.00032806396484,4
PART-6-1,11223,340.04467010498047,4
PART-6-1,11224,342.5964660644531,4
PART-6-1,11225,342.4137420654297,4
PART-6-1,11226,342.4533996582031,4
PART-6-1,11227,341.1279754638672,4
PART-6-1,11228,335.82471466064453,4
PART-6-1,11229,331.4876251220703,4
PART-6-1,11230,328.40042877197266,4
PART-6-1,11231,328.8907470703125,4
PART-6-1,11232,328.99859619140625,4
PART-6-1,11233,333.4195251464844,4
PART-6-1,11234,331.7393493652344,4
PART-6-1,11235,343.52296447753906,4
PART-6-1,11236,344.33885192871094,4
PART-6-1,11237,342.29803466796875,4
PART-6-1,11238,335.86991119384766,4
PART-6-1,11239,327.72728729248047,4
PART-6-1,11240,321.98255157470703,4
PART-6-1,11241,316.5986633300781,4
PART-6-1,11242,318.6556167602539,4
PART-6-1,11243,314.21309661865234,4
PART-6-1,11244,344.3737030029297,4
PART-6-1,11245,345.00001525878906,4
PART-6-1,11246,345.0000305175781,4
PART-6-1,11247,342.71124267578125,4
PART-6-1,11248,335.61730194091797,4
PART-6-1,11249,325.7455368041992,4
PART-6-1,11250,314.7388687133789,4
PART-6-1,11251,310.71238708496094,4
PART-6-1,11252,297.8925094604492,4
PART-6-1,11253,344.8903274536133,4
PART-6-1,11254,345.00001525878906,4
PART-6-1,11255,345.0000228881836,4
PART-6-1,11256,345.0000228881836,4
PART-6-1,11257,342.83526611328125,4
PART-6-1,11258,336.26346588134766,4
PART-6-1,11259,324.4331970214844,4
PART-6-1,11260,316.46634674072266,4
PART-6-1,11261,296.9579544067383,4
PART-6-1,11262,345.0000228881836,4
PART-6-1,11263,345.00001525878906,4
PART-6-1,11264,345.0000228881836,4
PART-6-1,11265,345.00000762939453,4
PART-6-1,11266,345.0,4
PART-6-1,11267,343.01309967041016,4
PART-6-1,11268,334.27974700927734,4
PART-6-1,11269,327.0835723876953,4
PART-6-1,11270,308.4305648803711,4
PART-6-1,11271,345.0000457763672,4
PART-6-1,11272,345.0000228881836,4
PART-6-1,11273,345.0000228881836,4
PART-6-1,11274,345.00000762939453,4
PART-6-1,11275,344.99999237060547,4
PART-6-1,11276,344.99999237060547,4
PART-6-1,11277,340.7733612060547,4
PART-6-1,11278,336.08253479003906,4
PART-6-1,11279,318.6826629638672,4
PART-6-1,11280,345.0000534057617,4
PART-6-1,11281,345.0000228881836,4
PART-6-1,11282,345.00001525878906,4
PART-6-1,11283,345.00000762939453,4
PART-6-1,11284,345.0,4
PART-6-1,11285,344.9999771118164,4
PART-6-1,11286,343.9240188598633,4
PART-6-1,11287,342.58548736572266,4
PART-6-1,11288,327.1374740600586,4
PART-6-1,11289,345.0000305175781,4
PART-6-1,11290,345.0,4
PART-6-1,11291,345.0,4
PART-6-1,11292,345.0,4
PART-6-1,11293,345.0,4
PART-6-1,11294,344.9999771118164,4
PART-6-1,11295,344.99999237060547,4
PART-6-1,11296,345.0,4
PART-6-1,11297,332.9567565917969,4
PART-6-1,11298,345.00001525878906,4
PART-6-1,11299,344.99998474121094,4
PART-6-1,11300,344.99999237060547,4
PART-6-1,11301,345.0,4
PART-6-1,11302,344.99999237060547,4
PART-6-1,11303,344.99998474121094,4
PART-6-1,11304,344.99999237060547,4
PART-6-1,11305,344.99999237060547,4
PART-6-1,11306,336.84095764160156,4
PART-6-1,11307,345.00001525878906,4
PART-6-1,11308,344.99999237060547,4
PART-6-1,11309,345.0,4
PART-6-1,11310,345.00000762939453,4
PART-6-1,11311,345.0,4
PART-6-1,11312,345.0000228881836,4
PART-6-1,11313,345.0000534057617,4
PART-6-1,11314,345.0000534057617,4
PART-6-1,11315,340.1084442138672,4
PART-6-1,11316,345.00000762939453,4
PART-6-1,11317,345.0,4
PART-6-1,11318,345.0,4
PART-6-1,11319,345.00000762939453,4
PART-6-1,11320,345.0000305175781,4
PART-6-1,11321,345.0000457763672,4
PART-6-1,11322,345.0000534057617,4
PART-6-1,11323,345.0000686645508,4
PART-6-1,11324,341.6122055053711,4
PART-6-1,11325,345.00001525878906,4
PART-6-1,11326,345.00001525878906,4
PART-6-1,11327,345.00001525878906,4
PART-6-1,11328,345.00001525878906,4
PART-6-1,11329,345.00001525878906,4
PART-6-1,11330,345.0000228881836,4
PART-6-1,11331,345.0000228881836,4
PART-6-1,11332,345.0000228881836,4
PART-6-1,11333,341.61358642578125,4
PART-6-1,11334,345.0000228881836,4
PART-6-1,11335,345.00001525878906,4
PART-6-1,11336,345.00000762939453,4
PART-6-1,11337,345.00000762939453,4
PART-6-1,11338,344.99999237060547,4
PART-6-1,11339,345.00000762939453,4
PART-6-1,11340,345.00001525878906,4
PART-6-1,11341,345.0,4
PART-6-1,11342,341.8063659667969,4
PART-6-1,11343,345.0000228881836,4
PART-6-1,11344,345.00000762939453,4
PART-6-1,11345,344.99999237060547,4
PART-6-1,11346,344.99999237060547,4
PART-6-1,11347,344.99998474121094,4
PART-6-1,11348,344.99998474121094,4
PART-6-1,11349,345.0,4
PART-6-1,11350,345.00000762939453,4
PART-6-1,11351,342.6358871459961,4
PART-6-1,11352,345.0000305175781,4
PART-6-1,11353,345.0000228881836,4
PART-6-1,11354,345.00000762939453,4
PART-6-1,11355,345.0,4
PART-6-1,11356,345.0,4
PART-6-1,11357,344.99999237060547,4
PART-6-1,11358,345.00001525878906,4
PART-6-1,11359,345.00001525878906,4
PART-6-1,11360,344.1227035522461,4
PART-6-1,11361,345.0000305175781,4
PART-6-1,11362,345.0000228881836,4
PART-6-1,11363,345.0,4
PART-6-1,11364,345.0,4
PART-6-1,11365,345.00001525878906,4
PART-6-1,11366,345.0,4
PART-6-1,11367,345.00000762939453,4
PART-6-1,11368,345.00000762939453,4
PART-6-1,11369,345.0,4
PART-6-1,11370,345.0000305175781,4
PART-6-1,11371,345.00000762939453,4
PART-6-1,11372,344.99998474121094,4
PART-6-1,11373,344.99999237060547,4
PART-6-1,11374,345.00000762939453,4
PART-6-1,11375,345.0,4
PART-6-1,11376,344.99998474121094,4
PART-6-1,11377,345.00000762939453,4
PART-6-1,11378,345.0000228881836,4
PART-6-1,11379,345.0000228881836,4
PART-6-1,11380,345.00000762939453,4
PART-6-1,11381,344.99999237060547,4
PART-6-1,11382,345.0,4
PART-6-1,11383,345.00000762939453,4
PART-6-1,11384,345.00000762939453,4
PART-6-1,11385,344.99998474121094,4
PART-6-1,11386,345.0,4
PART-6-1,11387,345.00001525878906,4
PART-6-1,11388,345.00001525878906,4
PART-6-1,11389,345.00001525878906,4
PART-6-1,11390,345.00000762939453,4
PART-6-1,11391,345.0,4
PART-6-1,11392,345.0,4
PART-6-1,11393,344.99999237060547,4
PART-6-1,11394,344.99999237060547,4
PART-6-1,11395,345.0,4
PART-6-1,11396,344.99999237060547,4
PART-6-1,11397,345.00000762939453,4
PART-6-1,11398,345.00001525878906,4
PART-6-1,11399,345.00001525878906,4
PART-6-1,11400,345.0,4
PART-6-1,11401,345.00000762939453,4
PART-6-1,11402,344.99999237060547,4
PART-6-1,11403,345.00000762939453,4
PART-6-1,11404,345.0000228881836,4
PART-6-1,11405,345.0,4
PART-6-1,11406,345.0,4
PART-6-1,11407,345.00000762939453,4
PART-6-1,11408,345.0,4
PART-6-1,11409,344.99999237060547,4
PART-6-1,11410,345.00000762939453,4
PART-6-1,11411,345.0,4
PART-6-1,11412,345.00000762939453,4
PART-6-1,11413,345.00001525878906,4
PART-6-1,11414,345.00000762939453,4
PART-6-1,11415,345.00000762939453,4
PART-6-1,11416,345.00000762939453,4
PART-6-1,11417,345.0,4
PART-6-1,11418,345.0,4
PART-6-1,11419,344.99999237060547,4
PART-6-1,11420,344.99999237060547,4
PART-6-1,11421,344.99999237060547,4
PART-6-1,11422,344.99999237060547,4
PART-6-1,11423,345.00000762939453,4
PART-6-1,11424,345.0000305175781,4
PART-6-1,11425,345.0000228881836,4
PART-6-1,11426,345.00000762939453,4
PART-6-1,11427,345.00000762939453,4
PART-6-1,11428,345.0,4
PART-6-1,11429,345.00000762939453,4
PART-6-1,11430,345.0,4
PART-6-1,11431,345.0,4
PART-6-1,11432,345.0000305175781,4
PART-6-1,11433,345.00006103515625,4
PART-6-1,11434,345.0000534057617,4
PART-6-1,11435,345.0000228881836,4
PART-6-1,11436,345.00001525878906,4
PART-6-1,11437,345.0000228881836,4
PART-6-1,11438,345.0000228881836,4
PART-6-1,11439,345.00000762939453,4
PART-6-1,11440,345.00000762939453,4
PART-6-1,11441,345.00001525878906,4
PART-6-1,11442,345.0000534057617,4
PART-6-1,11443,345.00006103515625,4
PART-6-1,11444,345.0000686645508,4
PART-6-1,11445,345.00006103515625,4
PART-6-1,11446,345.0000457763672,4
PART-6-1,11447,345.0000228881836,4
PART-6-1,11448,345.00001525878906,4
PART-6-1,11449,345.0000228881836,4
PART-6-1,11450,345.00000762939453,4
PART-6-1,11451,345.00001525878906,4
PART-6-1,11452,345.0000228881836,4
PART-6-1,11453,345.0000457763672,4
PART-6-1,11454,345.0000534057617,4
PART-6-1,11455,345.0000457763672,4
PART-6-1,11456,345.0000228881836,4
PART-6-1,11457,345.0000228881836,4
PART-6-1,11458,345.00003814697266,4
PART-6-1,11459,345.0000228881836,4
PART-6-1,11460,345.0,4
PART-6-1,11461,345.0,4
PART-6-1,11462,345.00000762939453,4
PART-6-1,11463,345.0000228881836,4
PART-6-1,11464,345.0000228881836,4
PART-6-1,11465,345.00000762939453,4
PART-6-1,11466,345.0000305175781,4
PART-6-1,11467,345.00003814697266,4
PART-6-1,11468,345.00001525878906,4
PART-6-1,11469,345.00001525878906,4
PART-6-1,11470,345.0,4
PART-6-1,11471,345.00000762939453,4
PART-6-1,11472,345.0000228881836,4
PART-6-1,11473,345.00001525878906,4
PART-6-1,11474,345.0,4
PART-6-1,11475,345.0000457763672,4
PART-6-1,11476,345.0000457763672,4
PART-6-1,11477,345.00001525878906,4
PART-6-1,11478,345.0000305175781,4
PART-6-1,11479,345.0,4
PART-6-1,11480,345.00000762939453,4
PART-6-1,11481,345.0000228881836,4
PART-6-1,11482,345.00001525878906,4
PART-6-1,11483,345.0,4
PART-6-1,11484,345.00003814697266,4
PART-6-1,11485,345.00003814697266,4
PART-6-1,11486,345.0000228881836,4
PART-6-1,11487,345.0000228881836,4
PART-6-1,11488,345.00000762939453,4
PART-6-1,11489,345.0000305175781,4
PART-6-1,11490,345.00003814697266,4
PART-6-1,11491,345.0000228881836,4
PART-6-1,11492,345.00001525878906,4
PART-6-1,11493,345.00003814697266,4
PART-6-1,11494,345.0000305175781,4
PART-6-1,11495,345.0000305175781,4
PART-6-1,11496,345.00001525878906,4
PART-6-1,11497,345.0000228881836,4
PART-6-1,11498,345.0000305175781,4
PART-6-1,11499,345.0000305175781,4
PART-6-1,11500,345.0000228881836,4
PART-6-1,11501,345.0000305175781,4
PART-6-1,11502,345.0000457763672,4
PART-6-1,11503,345.0000457763672,4
PART-6-1,11504,345.00003814697266,4
PART-6-1,11505,345.00001525878906,4
PART-6-1,11506,345.0000457763672,4
PART-6-1,11507,345.0000534057617,4
PART-6-1,11508,345.00003814697266,4
PART-6-1,11509,345.0000228881836,4
PART-6-1,11510,345.0000305175781,4
PART-6-1,11511,345.0000305175781,4
PART-6-1,11512,345.00003814697266,4
PART-6-1,11513,345.0000305175781,4
PART-6-1,11514,345.0000228881836,4
PART-6-1,11515,345.0000457763672,4
PART-6-1,11516,345.0000534057617,4
PART-6-1,11517,345.0000305175781,4
PART-6-1,11518,345.00001525878906,4
PART-6-1,11519,345.00001525878906,4
PART-6-1,11520,345.00000762939453,4
PART-6-1,11521,345.00000762939453,4
PART-6-1,11522,345.00001525878906,4
PART-6-1,11523,345.0000305175781,4
PART-6-1,11524,345.0000305175781,4
PART-6-1,11525,345.00001525878906,4
PART-6-1,11526,345.00000762939453,4
PART-6-1,11527,345.00001525878906,4
PART-6-1,11528,345.00000762939453,4
PART-6-1,11529,345.0,4
PART-6-1,11530,344.99999237060547,4
PART-6-1,11531,345.00000762939453,4
PART-6-1,11532,345.00001525878906,4
PART-6-1,11533,345.00000762939453,4
PART-6-1,11534,345.00000762939453,4
PART-6-1,11535,345.00001525878906,4
PART-6-1,11536,345.0000305175781,4
PART-6-1,11537,345.0000228881836,4
PART-6-1,11538,345.00000762939453,4
PART-6-1,11539,344.99999237060547,4
PART-6-1,11540,345.00000762939453,4
PART-6-1,11541,344.99998474121094,4
PART-6-1,11542,344.99999237060547,4
PART-6-1,11543,345.00000762939453,4
PART-6-1,11544,345.0,4
PART-6-1,11545,345.00000762939453,4
PART-6-1,11546,345.0000228881836,4
PART-6-1,11547,345.00001525878906,4
PART-6-1,11548,345.0,4
PART-6-1,11549,345.00000762939453,4
PART-6-1,11550,344.99998474121094,4
PART-6-1,11551,345.0,4
PART-6-1,11552,345.00000762939453,4
PART-6-1,11553,344.99999237060547,4
PART-6-1,11554,344.99998474121094,4
PART-6-1,11555,345.00000762939453,4
PART-6-1,11556,345.00001525878906,4
PART-6-1,11557,345.0,4
PART-6-1,11558,345.00000762939453,4
PART-6-1,11559,345.00000762939453,4
PART-6-1,11560,345.0,4
PART-6-1,11561,345.0,4
PART-6-1,11562,345.0,4
PART-6-1,11563,344.99999237060547,4
PART-6-1,11564,345.00000762939453,4
PART-6-1,11565,345.00000762939453,4
PART-6-1,11566,344.99999237060547,4
PART-6-1,11567,345.00001525878906,4
PART-6-1,11568,345.00000762939453,4
PART-6-1,11569,345.0,4
PART-6-1,11570,344.99999237060547,4
PART-6-1,11571,345.0,4
PART-6-1,11572,345.00000762939453,4
PART-6-1,11573,345.00000762939453,4
PART-6-1,11574,345.00000762939453,4
PART-6-1,11575,345.00000762939453,4
PART-6-1,11576,345.0000228881836,4
PART-6-1,11577,345.00000762939453,4
PART-6-1,11578,345.00000762939453,4
PART-6-1,11579,344.99999237060547,4
PART-6-1,11580,345.0,4
PART-6-1,11581,345.00000762939453,4
PART-6-1,11582,345.0,4
PART-6-1,11583,345.0,4
PART-6-1,11584,345.00000762939453,4
PART-6-1,11585,345.00001525878906,4
PART-6-1,11586,345.00000762939453,4
PART-6-1,11587,345.0,4
PART-6-1,11588,344.99998474121094,4
PART-6-1,11589,345.0,4
PART-6-1,11590,345.0,4
PART-6-1,11591,344.99999237060547,4
PART-6-1,11592,345.0,4
PART-6-1,11593,344.99999237060547,4
PART-6-1,11594,344.99998474121094,4
PART-6-1,11595,345.00000762939453,4
PART-6-1,11596,345.00001525878906,4
PART-6-1,11597,345.0,4
PART-6-1,11598,344.99999237060547,4
PART-6-1,11599,344.99999237060547,4
PART-6-1,11600,345.00001525878906,4
PART-6-1,11601,345.0000228881836,4
PART-6-1,11602,344.99998474121094,4
PART-6-1,11603,344.9999694824219,4
PART-6-1,11604,345.00000762939453,4
PART-6-1,11605,345.0000228881836,4
PART-6-1,11606,345.00001525878906,4
PART-6-1,11607,345.0,4
PART-6-1,11608,345.0,4
PART-6-1,11609,345.0000228881836,4
PART-6-1,11610,345.0000228881836,4
PART-6-1,11611,345.0,4
PART-6-1,11612,344.99998474121094,4
PART-6-1,11613,345.00000762939453,4
PART-6-1,11614,345.00000762939453,4
PART-6-1,11615,345.00000762939453,4
PART-6-1,11616,345.0,4
PART-6-1,11617,345.0,4
PART-6-1,11618,345.0,4
PART-6-1,11619,345.0,4
PART-6-1,11620,345.0,4
PART-6-1,11621,345.0,4
PART-6-1,11622,345.00003814697266,4
PART-6-1,11623,345.00001525878906,4
PART-6-1,11624,345.00001525878906,4
PART-6-1,11625,345.00000762939453,4
PART-6-1,11626,345.00000762939453,4
PART-6-1,11627,345.0,4
PART-6-1,11628,344.99998474121094,4
PART-6-1,11629,344.99998474121094,4
PART-6-1,11630,344.5762710571289,4
PART-6-1,11631,345.0000457763672,4
PART-6-1,11632,345.00001525878906,4
PART-6-1,11633,345.00000762939453,4
PART-6-1,11634,345.0000228881836,4
PART-6-1,11635,345.0000305175781,4
PART-6-1,11636,345.0,4
PART-6-1,11637,344.99998474121094,4
PART-6-1,11638,345.00000762939453,4
PART-6-1,11639,343.0561218261719,4
PART-6-1,11640,345.0000305175781,4
PART-6-1,11641,345.00001525878906,4
PART-6-1,11642,345.0,4
PART-6-1,11643,345.00000762939453,4
PART-6-1,11644,345.00000762939453,4
PART-6-1,11645,344.99999237060547,4
PART-6-1,11646,343.90836334228516,4
PART-6-1,11647,343.9083786010742,4
PART-6-1,11648,336.340087890625,4
PART-6-1,11649,345.0000228881836,4
PART-6-1,11650,345.00001525878906,4
PART-6-1,11651,345.0,4
PART-6-1,11652,345.00001525878906,4
PART-6-1,11653,344.2415466308594,4
PART-6-1,11654,341.7104797363281,4
PART-6-1,11655,336.13685607910156,4
PART-6-1,11656,335.6623992919922,4
PART-6-1,11657,323.38182067871094,4
PART-6-1,11658,345.00001525878906,4
PART-6-1,11659,345.00001525878906,4
PART-6-1,11660,345.0,4
PART-6-1,11661,345.00001525878906,4
PART-6-1,11662,344.24156188964844,4
PART-6-1,11663,341.71048736572266,4
PART-6-1,11664,336.21331787109375,4
PART-6-1,11665,335.7388687133789,4
PART-6-1,11666,324.51527404785156,4
PART-6-1,11667,345.00001525878906,4
PART-6-1,11668,345.0,4
PART-6-1,11669,344.99999237060547,4
PART-6-1,11670,345.0,4
PART-6-1,11671,345.00001525878906,4
PART-6-1,11672,345.00000762939453,4
PART-6-1,11673,343.98482513427734,4
PART-6-1,11674,343.9848327636719,4
PART-6-1,11675,338.14916229248047,4
PART-6-1,11676,345.0,4
PART-6-1,11677,344.99998474121094,4
PART-6-1,11678,345.0,4
PART-6-1,11679,345.00000762939453,4
PART-6-1,11680,345.00000762939453,4
PART-6-1,11681,345.00000762939453,4
PART-6-1,11682,344.99999237060547,4
PART-6-1,11683,344.99999237060547,4
PART-6-1,11684,344.1554718017578,4
PART-6-1,11685,345.0,4
PART-6-1,11686,345.00000762939453,4
PART-6-1,11687,345.0000228881836,4
PART-6-1,11688,345.00001525878906,4
PART-6-1,11689,345.0,4
PART-6-1,11690,345.00000762939453,4
PART-6-1,11691,345.00000762939453,4
PART-6-1,11692,345.0,4
PART-6-1,11693,345.0,4
PART-6-1,11694,343.6138229370117,4
PART-6-1,11695,345.00001525878906,4
PART-6-1,11696,345.00001525878906,4
PART-6-1,11697,345.00001525878906,4
PART-6-1,11698,345.0,4
PART-6-1,11699,345.0,4
PART-6-1,11700,345.00000762939453,4
PART-6-1,11701,345.0,4
PART-6-1,11702,344.99999237060547,4
PART-6-1,11703,339.2819290161133,4
PART-6-1,11704,345.00001525878906,4
PART-6-1,11705,345.00001525878906,4
PART-6-1,11706,345.0000228881836,4
PART-6-1,11707,344.99999237060547,4
PART-6-1,11708,344.99998474121094,4
PART-6-1,11709,344.99999237060547,4
PART-6-1,11710,345.0,4
PART-6-1,11711,345.0,4
PART-6-1,11712,333.02054595947266,4
PART-6-1,11713,344.53515625,4
PART-6-1,11714,345.0000228881836,4
PART-6-1,11715,345.0000305175781,4
PART-6-1,11716,345.0,4
PART-6-1,11717,345.00001525878906,4
PART-6-1,11718,345.00000762939453,4
PART-6-1,11719,344.99999237060547,4
PART-6-1,11720,345.0,4
PART-6-1,11721,323.86939239501953,4
PART-6-1,11722,338.2631301879883,4
PART-6-1,11723,342.6121292114258,4
PART-6-1,11724,345.00003814697266,4
PART-6-1,11725,345.0000457763672,4
PART-6-1,11726,345.0000457763672,4
PART-6-1,11727,345.0000228881836,4
PART-6-1,11728,344.99999237060547,4
PART-6-1,11729,344.99999237060547,4
PART-6-1,11730,313.4140853881836,4
PART-6-1,11731,326.34967041015625,4
PART-6-1,11732,335.82350158691406,4
PART-6-1,11733,343.216796875,4
PART-6-1,11734,345.0000534057617,4
PART-6-1,11735,345.00003814697266,4
PART-6-1,11736,345.0000228881836,4
PART-6-1,11737,345.00000762939453,4
PART-6-1,11738,345.0,4
PART-6-1,11739,304.3886260986328,4
PART-6-1,11740,314.44031524658203,4
PART-6-1,11741,326.3439712524414,4
PART-6-1,11742,337.89994049072266,4
PART-6-1,11743,343.9408950805664,4
PART-6-1,11744,345.00003814697266,4
PART-6-1,11745,345.0000305175781,4
PART-6-1,11746,345.0000228881836,4
PART-6-1,11747,345.0,4
PART-6-1,11748,295.8302536010742,4
PART-6-1,11749,303.2947082519531,4
PART-6-1,11750,316.37479400634766,4
PART-6-1,11751,329.6090545654297,4
PART-6-1,11752,340.25399017333984,4
PART-6-1,11753,344.7042922973633,4
PART-6-1,11754,345.00001525878906,4
PART-6-1,11755,345.00001525878906,4
PART-6-1,11756,345.0,4
PART-6-1,11757,287.82740783691406,4
PART-6-1,11758,293.2479705810547,4
PART-6-1,11759,306.90794372558594,4
PART-6-1,11760,320.2044677734375,4
PART-6-1,11761,332.8561553955078,4
PART-6-1,11762,341.9761047363281,4
PART-6-1,11763,345.00000762939453,4
PART-6-1,11764,345.0000305175781,4
PART-6-1,11765,345.0000228881836,4
PART-6-1,11766,280.52740478515625,4
PART-6-1,11767,284.4773254394531,4
PART-6-1,11768,298.1391296386719,4
PART-6-1,11769,311.0722427368164,4
PART-6-1,11770,323.2367630004883,4
PART-6-1,11771,334.25565338134766,4
PART-6-1,11772,341.66197204589844,4
PART-6-1,11773,344.4035873413086,4
PART-6-1,11774,345.0000534057617,4
PART-6-1,11775,273.8936767578125,4
PART-6-1,11776,276.98924255371094,4
PART-6-1,11777,290.1181335449219,4
PART-6-1,11778,302.3116683959961,4
PART-6-1,11779,313.46630859375,4
PART-6-1,11780,323.3451461791992,4
PART-6-1,11781,331.8749008178711,4
PART-6-1,11782,338.0748825073242,4
PART-6-1,11783,341.65357971191406,4
PART-6-1,11784,267.7063980102539,4
PART-6-1,11785,270.6349639892578,4
PART-6-1,11786,282.73572540283203,4
PART-6-1,11787,293.80809783935547,4
PART-6-1,11788,303.5594940185547,4
PART-6-1,11789,311.71336364746094,4
PART-6-1,11790,318.42969512939453,4
PART-6-1,11791,324.1822967529297,4
PART-6-1,11792,329.1380844116211,4
PART-6-1,11793,261.6786880493164,4
PART-6-1,11794,265.0081024169922,4
PART-6-1,11795,275.7334518432617,4
PART-6-1,11796,285.30750274658203,4
PART-6-1,11797,293.15767669677734,4
PART-6-1,11798,299.30489349365234,4
PART-6-1,11799,303.6867141723633,4
PART-6-1,11800,307.03466033935547,4
PART-6-1,11801,309.5172424316406,4
PART-6-1,11802,255.5969696044922,4
PART-6-1,11803,259.7536087036133,4
PART-6-1,11804,268.65489196777344,4
PART-6-1,11805,276.2172088623047,4
PART-6-1,11806,281.79412841796875,4
PART-6-1,11807,285.53955841064453,4
PART-6-1,11808,287.50586700439453,4
PART-6-1,11809,288.08502197265625,4
PART-6-1,11810,287.43944549560547,4
PART-6-1,11811,249.8445816040039,4
PART-6-1,11812,254.74524688720703,4
PART-6-1,11813,260.6929740905762,4
PART-6-1,11814,265.64815521240234,4
PART-6-1,11815,268.4271469116211,4
PART-6-1,11816,269.6317367553711,4
PART-6-1,11817,269.40834045410156,4
PART-6-1,11818,267.6141586303711,4
PART-6-1,11819,263.4977340698242,4
PART-6-1,11820,245.23608016967773,4
PART-6-1,11821,252.39341354370117,4
PART-6-1,11822,256.51976013183594,4
PART-6-1,11823,259.57889556884766,4
PART-6-1,11824,261.09595489501953,4
PART-6-1,11825,263.13072204589844,4
PART-6-1,11826,264.43651580810547,4
PART-6-1,11827,263.96045684814453,4
PART-6-1,11828,260.5660095214844,4
PART-6-1,11829,241.58551406860352,4
PART-6-1,11830,253.70960235595703,4
PART-6-1,11831,258.88857650756836,4
PART-6-1,11832,262.19679260253906,4
PART-6-1,11833,266.1891860961914,4
PART-6-1,11834,270.7966842651367,4
PART-6-1,11835,277.40235900878906,4
PART-6-1,11836,283.1064910888672,4
PART-6-1,11837,282.7533493041992,4
PART-6-1,11838,244.21211624145508,4
PART-6-1,11839,257.0264472961426,4
PART-6-1,11840,262.4677429199219,4
PART-6-1,11841,268.2727584838867,4
PART-6-1,11842,274.5503158569336,4
PART-6-1,11843,281.6741180419922,4
PART-6-1,11844,290.57940673828125,4
PART-6-1,11845,304.6059875488281,4
PART-6-1,11846,312.8309783935547,4
PART-6-1,11847,263.3453559875488,4
PART-6-1,11848,262.00931549072266,4
PART-6-1,11849,266.3987731933594,4
PART-6-1,11850,273.4400863647461,4
PART-6-1,11851,280.9749526977539,4
PART-6-1,11852,290.21068572998047,4
PART-6-1,11853,300.60741424560547,4
PART-6-1,11854,317.25071716308594,4
PART-6-1,11855,332.80171966552734,4
PART-6-1,11856,239.74051666259766,4
PART-6-1,11857,233.8024139404297,4
PART-6-1,11858,232.71736907958984,4
PART-6-1,11859,235.1008071899414,4
PART-6-1,11860,238.6113395690918,4
PART-6-1,11861,243.8011360168457,4
PART-6-1,11862,249.99487686157227,4
PART-6-1,11863,261.1273422241211,4
PART-6-1,11864,280.01629638671875,4
PART-6-1,11865,243.1058349609375,4
PART-6-1,11866,244.73107147216797,4
PART-6-1,11867,242.06692504882812,4
PART-6-1,11868,241.66022491455078,4
PART-6-1,11869,242.8917121887207,4
PART-6-1,11870,245.6262435913086,4
PART-6-1,11871,249.9233856201172,4
PART-6-1,11872,258.18762969970703,4
PART-6-1,11873,259.9527130126953,4
PART-6-1,11874,241.22591018676758,4
PART-6-1,11875,246.896240234375,4
PART-6-1,11876,248.20731735229492,4
PART-6-1,11877,248.3047218322754,4
PART-6-1,11878,249.40988159179688,4
PART-6-1,11879,251.10485076904297,4
PART-6-1,11880,253.96434783935547,4
PART-6-1,11881,254.9282112121582,4
PART-6-1,11882,249.2132682800293,4
PART-6-1,11883,243.57082748413086,4
PART-6-1,11884,250.7024803161621,4
PART-6-1,11885,256.01300048828125,4
PART-6-1,11886,259.6576118469238,4
PART-6-1,11887,262.556209564209,4
PART-6-1,11888,265.4263725280762,4
PART-6-1,11889,267.0003967285156,4
PART-6-1,11890,265.9685974121094,4
PART-6-1,11891,261.6406364440918,4
PART-6-1,11892,249.06116104125977,4
PART-6-1,11893,257.9558753967285,4
PART-6-1,11894,265.8876037597656,4
PART-6-1,11895,272.35404205322266,4
PART-6-1,11896,277.6377868652344,4
PART-6-1,11897,281.6373291015625,4
PART-6-1,11898,284.18983459472656,4
PART-6-1,11899,285.0685043334961,4
PART-6-1,11900,283.84523010253906,4
PART-6-1,11901,255.08787536621094,4
PART-6-1,11902,265.188720703125,4
PART-6-1,11903,274.7978515625,4
PART-6-1,11904,283.21785736083984,4
PART-6-1,11905,290.33030700683594,4
PART-6-1,11906,296.0498580932617,4
PART-6-1,11907,300.3560791015625,4
PART-6-1,11908,303.3973922729492,4
PART-6-1,11909,305.6039123535156,4
PART-6-1,11910,261.703800201416,4
PART-6-1,11911,272.6263961791992,4
PART-6-1,11912,283.40682220458984,4
PART-6-1,11913,293.1951141357422,4
PART-6-1,11914,301.8573684692383,4
PART-6-1,11915,309.29248046875,4
PART-6-1,11916,315.4791259765625,4
PART-6-1,11917,320.9219970703125,4
PART-6-1,11918,325.41033935546875,4
PART-6-1,11919,268.9636535644531,4
PART-6-1,11920,280.5247497558594,4
PART-6-1,11921,292.0242919921875,4
PART-6-1,11922,302.7880096435547,4
PART-6-1,11923,312.68827056884766,4
PART-6-1,11924,321.62259674072266,4
PART-6-1,11925,329.6450500488281,4
PART-6-1,11926,334.99498748779297,4
PART-6-1,11927,337.3128433227539,4
PART-6-1,11928,277.06285095214844,4
PART-6-1,11929,288.91087341308594,4
PART-6-1,11930,300.7216567993164,4
PART-6-1,11931,312.1262969970703,4
PART-6-1,11932,322.9067077636719,4
PART-6-1,11933,333.06129455566406,4
PART-6-1,11934,340.28094482421875,4
PART-6-1,11935,342.28707122802734,4
PART-6-1,11936,341.41312408447266,4
PART-6-1,11937,285.68896484375,4
PART-6-1,11938,297.5159225463867,4
PART-6-1,11939,309.36602783203125,4
PART-6-1,11940,321.08499908447266,4
PART-6-1,11941,332.4120635986328,4
PART-6-1,11942,341.13660430908203,4
PART-6-1,11943,344.57755279541016,4
PART-6-1,11944,344.48463439941406,4
PART-6-1,11945,343.88482666015625,4
PART-6-1,11946,294.30028533935547,4
PART-6-1,11947,306.0457000732422,4
PART-6-1,11948,317.7014846801758,4
PART-6-1,11949,329.44812774658203,4
PART-6-1,11950,339.52974700927734,4
PART-6-1,11951,344.3915710449219,4
PART-6-1,11952,345.0000305175781,4
PART-6-1,11953,345.0000228881836,4
PART-6-1,11954,345.00003814697266,4
PART-6-1,11955,302.7110595703125,4
PART-6-1,11956,314.3415298461914,4
PART-6-1,11957,325.4098663330078,4
PART-6-1,11958,336.6185302734375,4
PART-6-1,11959,343.56266021728516,4
PART-6-1,11960,345.00003814697266,4
PART-6-1,11961,345.00006103515625,4
PART-6-1,11962,345.00006103515625,4
PART-6-1,11963,345.0000457763672,4
PART-6-1,11964,310.7851867675781,4
PART-6-1,11965,322.00421142578125,4
PART-6-1,11966,332.15950775146484,4
PART-6-1,11967,341.26915740966797,4
PART-6-1,11968,345.0000305175781,4
PART-6-1,11969,345.00000762939453,4
PART-6-1,11970,345.00003814697266,4
PART-6-1,11971,345.00003814697266,4
PART-6-1,11972,345.00000762939453,4
PART-6-1,11973,318.01244354248047,4
PART-6-1,11974,328.4894027709961,4
PART-6-1,11975,337.53914642333984,4
PART-6-1,11976,343.7539520263672,4
PART-6-1,11977,345.0000305175781,4
PART-6-1,11978,345.00000762939453,4
PART-6-1,11979,345.00000762939453,4
PART-6-1,11980,345.00000762939453,4
PART-6-1,11981,345.00000762939453,4
PART-6-1,11982,323.90518951416016,4
PART-6-1,11983,333.52637481689453,4
PART-6-1,11984,340.8125534057617,4
PART-6-1,11985,344.8826446533203,4
PART-6-1,11986,344.99998474121094,4
PART-6-1,11987,345.0,4
PART-6-1,11988,345.00000762939453,4
PART-6-1,11989,345.00000762939453,4
PART-6-1,11990,345.00000762939453,4
PART-6-1,11991,328.2750015258789,4
PART-6-1,11992,337.09046173095703,4
PART-6-1,11993,342.2591857910156,4
PART-6-1,11994,345.00001525878906,4
PART-6-1,11995,344.99998474121094,4
PART-6-1,11996,344.99999237060547,4
PART-6-1,11997,345.0,4
PART-6-1,11998,345.0,4
PART-6-1,11999,345.0,4
PART-6-1,12000,331.15575408935547,4
PART-6-1,12001,339.1373519897461,4
PART-6-1,12002,342.7790985107422,4
PART-6-1,12003,345.00001525878906,4
PART-6-1,12004,345.0,4
PART-6-1,12005,345.0,4
PART-6-1,12006,345.0,4
PART-6-1,12007,345.00000762939453,4
PART-6-1,12008,345.0,4
PART-6-1,12009,335.8001174926758,4
PART-6-1,12010,341.3668212890625,4
PART-6-1,12011,342.31502532958984,4
PART-6-1,12012,343.9438018798828,4
PART-6-1,12013,344.0965270996094,4
PART-6-1,12014,344.5692672729492,4
PART-6-1,12015,344.7854461669922,4
PART-6-1,12016,344.7854537963867,4
PART-6-1,12017,344.2658004760742,4
PART-6-1,12018,341.2490463256836,4
PART-6-1,12019,343.97948455810547,4
PART-6-1,12020,343.3960266113281,4
PART-6-1,12021,343.9438018798828,4
PART-6-1,12022,342.3240280151367,4
PART-6-1,12023,340.1757049560547,4
PART-6-1,12024,338.5194778442383,4
PART-6-1,12025,340.1256866455078,4
PART-6-1,12026,337.7369689941406,4
PART-6-1,12027,344.0710678100586,4
PART-6-1,12028,344.99999237060547,4
PART-6-1,12029,344.99999237060547,4
PART-6-1,12030,345.00000762939453,4
PART-6-1,12031,343.2274932861328,4
PART-6-1,12032,340.37821197509766,4
PART-6-1,12033,335.15096282958984,4
PART-6-1,12034,334.21741485595703,4
PART-6-1,12035,325.0311050415039,4
PART-6-1,12036,345.0000534057617,4
PART-6-1,12037,345.0,4
PART-6-1,12038,344.99999237060547,4
PART-6-1,12039,345.00000762939453,4
PART-6-1,12040,344.99999237060547,4
PART-6-1,12041,344.7717742919922,4
PART-6-1,12042,341.2853775024414,4
PART-6-1,12043,338.4386215209961,4
PART-6-1,12044,324.0149841308594,4
PART-6-1,12045,345.00000762939453,4
PART-6-1,12046,344.99999237060547,4
PART-6-1,12047,344.9999771118164,4
PART-6-1,12048,344.99998474121094,4
PART-6-1,12049,344.99999237060547,4
PART-6-1,12050,344.99999237060547,4
PART-6-1,12051,344.8684310913086,4
PART-6-1,12052,344.5487365722656,4
PART-6-1,12053,333.4198760986328,4
PART-6-1,12054,345.0,4
PART-6-1,12055,345.0,4
PART-6-1,12056,344.99999237060547,4
PART-6-1,12057,344.99999237060547,4
PART-6-1,12058,345.0,4
PART-6-1,12059,345.00000762939453,4
PART-6-1,12060,344.99998474121094,4
PART-6-1,12061,344.98728942871094,4
PART-6-1,12062,337.1828842163086,4
PART-6-1,12063,345.0000228881836,4
PART-6-1,12064,345.00001525878906,4
PART-6-1,12065,345.00001525878906,4
PART-6-1,12066,345.00001525878906,4
PART-6-1,12067,345.00000762939453,4
PART-6-1,12068,345.0000228881836,4
PART-6-1,12069,345.00000762939453,4
PART-6-1,12070,345.00000762939453,4
PART-6-1,12071,337.72164154052734,4
PART-6-1,12072,345.00001525878906,4
PART-6-1,12073,345.0,4
PART-6-1,12074,345.0,4
PART-6-1,12075,345.00000762939453,4
PART-6-1,12076,345.00001525878906,4
PART-6-1,12077,345.00001525878906,4
PART-6-1,12078,345.0,4
PART-6-1,12079,345.00001525878906,4
PART-6-1,12080,338.37679290771484,4
PART-6-1,12081,344.99998474121094,4
PART-6-1,12082,344.99998474121094,4
PART-6-1,12083,345.0,4
PART-6-1,12084,345.00000762939453,4
PART-6-1,12085,345.00001525878906,4
PART-6-1,12086,345.00000762939453,4
PART-6-1,12087,345.00000762939453,4
PART-6-1,12088,345.0000305175781,4
PART-6-1,12089,339.2181625366211,4
PART-6-1,12090,344.99999237060547,4
PART-6-1,12091,345.0,4
PART-6-1,12092,345.00001525878906,4
PART-6-1,12093,345.00000762939453,4
PART-6-1,12094,345.00000762939453,4
PART-6-1,12095,345.00000762939453,4
PART-6-1,12096,345.0000305175781,4
PART-6-1,12097,345.0000457763672,4
PART-6-1,12098,340.3287658691406,4
PART-6-1,12099,345.00000762939453,4
PART-6-1,12100,345.00001525878906,4
PART-6-1,12101,345.00000762939453,4
PART-6-1,12102,345.0,4
PART-6-1,12103,345.0000228881836,4
PART-6-1,12104,345.0000228881836,4
PART-6-1,12105,345.0000305175781,4
PART-6-1,12106,345.00003814697266,4
PART-6-1,12107,341.8426284790039,4
PART-6-1,12108,345.0,4
PART-6-1,12109,345.0,4
PART-6-1,12110,345.00000762939453,4
PART-6-1,12111,345.00001525878906,4
PART-6-1,12112,345.00001525878906,4
PART-6-1,12113,345.0,4
PART-6-1,12114,345.00001525878906,4
PART-6-1,12115,345.0000305175781,4
PART-6-1,12116,343.85882568359375,4
PART-6-1,12117,344.99999237060547,4
PART-6-1,12118,344.99998474121094,4
PART-6-1,12119,345.00001525878906,4
PART-6-1,12120,345.0000457763672,4
PART-6-1,12121,345.0000305175781,4
PART-6-1,12122,345.0,4
PART-6-1,12123,345.00001525878906,4
PART-6-1,12124,345.0000228881836,4
PART-6-1,12125,345.00003814697266,4
PART-6-1,12126,344.99999237060547,4
PART-6-1,12127,344.99999237060547,4
PART-6-1,12128,345.00000762939453,4
PART-6-1,12129,345.00003814697266,4
PART-6-1,12130,345.0000534057617,4
PART-6-1,12131,345.0000305175781,4
PART-6-1,12132,345.00000762939453,4
PART-6-1,12133,345.0,4
PART-6-1,12134,345.0000305175781,4
PART-6-1,12135,345.0,4
PART-6-1,12136,345.0,4
PART-6-1,12137,345.0,4
PART-6-1,12138,345.00001525878906,4
PART-6-1,12139,345.00003814697266,4
PART-6-1,12140,345.0000228881836,4
PART-6-1,12141,345.0,4
PART-6-1,12142,345.00000762939453,4
PART-6-1,12143,345.00000762939453,4
PART-6-1,12144,345.00001525878906,4
PART-6-1,12145,345.00000762939453,4
PART-6-1,12146,345.00000762939453,4
PART-6-1,12147,345.00001525878906,4
PART-6-1,12148,345.00001525878906,4
PART-6-1,12149,344.99999237060547,4
PART-6-1,12150,345.0,4
PART-6-1,12151,345.0000228881836,4
PART-6-1,12152,345.00000762939453,4
PART-6-1,12153,345.00003814697266,4
PART-6-1,12154,345.0000228881836,4
PART-6-1,12155,345.00001525878906,4
PART-6-1,12156,345.00000762939453,4
PART-6-1,12157,345.00000762939453,4
PART-6-1,12158,344.99998474121094,4
PART-6-1,12159,344.99998474121094,4
PART-6-1,12160,345.00000762939453,4
PART-6-1,12161,344.99999237060547,4
PART-6-1,12162,345.00003814697266,4
PART-6-1,12163,345.00000762939453,4
PART-6-1,12164,345.00000762939453,4
PART-6-1,12165,345.00000762939453,4
PART-6-1,12166,345.00000762939453,4
PART-6-1,12167,345.0,4
PART-6-1,12168,344.99999237060547,4
PART-6-1,12169,345.00000762939453,4
PART-6-1,12170,345.0,4
PART-6-1,12171,345.0000228881836,4
PART-6-1,12172,344.99999237060547,4
PART-6-1,12173,345.00000762939453,4
PART-6-1,12174,345.0000228881836,4
PART-6-1,12175,345.00001525878906,4
PART-6-1,12176,345.00000762939453,4
PART-6-1,12177,345.00000762939453,4
PART-6-1,12178,345.0000228881836,4
PART-6-1,12179,345.0000228881836,4
PART-6-1,12180,345.0000228881836,4
PART-6-1,12181,345.00000762939453,4
PART-6-1,12182,345.00001525878906,4
PART-6-1,12183,345.0000228881836,4
PART-6-1,12184,345.00000762939453,4
PART-6-1,12185,345.0,4
PART-6-1,12186,345.00000762939453,4
PART-6-1,12187,345.00001525878906,4
PART-6-1,12188,345.0000228881836,4
PART-6-1,12189,345.0000457763672,4
PART-6-1,12190,345.0000305175781,4
PART-6-1,12191,345.0000228881836,4
PART-6-1,12192,345.0000228881836,4
PART-6-1,12193,345.0,4
PART-6-1,12194,345.00003814697266,4
PART-6-1,12195,345.0000457763672,4
PART-6-1,12196,345.0,4
PART-6-1,12197,345.0000228881836,4
PART-6-1,12198,345.00003814697266,4
PART-6-1,12199,345.00003814697266,4
PART-6-1,12200,345.00003814697266,4
PART-6-1,12201,345.0000457763672,4
PART-6-1,12202,345.00003814697266,4
PART-6-1,12203,345.0000686645508,4
PART-6-1,12204,345.0000534057617,4
PART-6-1,12205,345.00000762939453,4
PART-6-1,12206,345.00001525878906,4
PART-6-1,12207,345.0000228881836,4
PART-6-1,12208,345.0000305175781,4
PART-6-1,12209,345.00003814697266,4
PART-6-1,12210,345.00003814697266,4
PART-6-1,12211,345.0000305175781,4
PART-6-1,12212,345.0000305175781,4
PART-6-1,12213,345.0000228881836,4
PART-6-1,12214,345.0000457763672,4
PART-6-1,12215,345.0000305175781,4
PART-6-1,12216,345.0000228881836,4
PART-6-1,12217,345.00001525878906,4
PART-6-1,12218,345.0000228881836,4
PART-6-1,12219,345.0000228881836,4
PART-6-1,12220,345.00001525878906,4
PART-6-1,12221,345.0000305175781,4
PART-6-1,12222,345.0000534057617,4
PART-6-1,12223,345.0000686645508,4
PART-6-1,12224,345.0000457763672,4
PART-6-1,12225,345.0,4
PART-6-1,12226,344.99999237060547,4
PART-6-1,12227,345.00001525878906,4
PART-6-1,12228,345.0000228881836,4
PART-6-1,12229,345.0000228881836,4
PART-6-1,12230,345.0000305175781,4
PART-6-1,12231,345.00003814697266,4
PART-6-1,12232,345.0000305175781,4
PART-6-1,12233,345.00003814697266,4
PART-6-1,12234,344.99999237060547,4
PART-6-1,12235,344.99999237060547,4
PART-6-1,12236,345.00000762939453,4
PART-6-1,12237,345.00000762939453,4
PART-6-1,12238,345.00000762939453,4
PART-6-1,12239,345.00000762939453,4
PART-6-1,12240,345.0,4
PART-6-1,12241,345.0,4
PART-6-1,12242,345.0000305175781,4
PART-6-1,12243,345.00001525878906,4
PART-6-1,12244,345.00000762939453,4
PART-6-1,12245,345.0,4
PART-6-1,12246,345.00000762939453,4
PART-6-1,12247,345.00000762939453,4
PART-6-1,12248,345.0,4
PART-6-1,12249,345.0000228881836,4
PART-6-1,12250,345.0000228881836,4
PART-6-1,12251,345.0000305175781,4
PART-6-1,12252,345.00001525878906,4
PART-6-1,12253,345.0,4
PART-6-1,12254,344.99999237060547,4
PART-6-1,12255,345.00001525878906,4
PART-6-1,12256,345.0000228881836,4
PART-6-1,12257,345.00001525878906,4
PART-6-1,12258,345.0000457763672,4
PART-6-1,12259,345.00003814697266,4
PART-6-1,12260,345.0000228881836,4
PART-6-1,12261,345.00000762939453,4
PART-6-1,12262,345.00001525878906,4
PART-6-1,12263,345.0000228881836,4
PART-6-1,12264,345.0000228881836,4
PART-6-1,12265,345.00003814697266,4
PART-6-1,12266,345.0000534057617,4
PART-6-1,12267,345.0000457763672,4
PART-6-1,12268,345.00003814697266,4
PART-6-1,12269,345.00001525878906,4
PART-6-1,12270,345.00000762939453,4
PART-6-1,12271,345.00003814697266,4
PART-6-1,12272,345.0000534057617,4
PART-6-1,12273,345.0000305175781,4
PART-6-1,12274,345.0000305175781,4
PART-6-1,12275,345.00003814697266,4
PART-6-1,12276,345.0000228881836,4
PART-6-1,12277,345.0000305175781,4
PART-6-1,12278,345.0000305175781,4
PART-6-1,12279,345.0000228881836,4
PART-6-1,12280,345.00003814697266,4
PART-6-1,12281,345.00003814697266,4
PART-6-1,12282,345.0000228881836,4
PART-6-1,12283,345.00000762939453,4
PART-6-1,12284,344.99999237060547,4
PART-6-1,12285,344.99998474121094,4
PART-6-1,12286,345.00000762939453,4
PART-6-1,12287,345.0000305175781,4
PART-6-1,12288,345.0000457763672,4
PART-6-1,12289,345.00003814697266,4
PART-6-1,12290,345.0000228881836,4
PART-6-1,12291,345.0,4
PART-6-1,12292,344.99999237060547,4
PART-6-1,12293,344.99999237060547,4
PART-6-1,12294,344.99999237060547,4
PART-6-1,12295,345.00000762939453,4
PART-6-1,12296,345.0000228881836,4
PART-6-1,12297,345.0000534057617,4
PART-6-1,12298,345.0000228881836,4
PART-6-1,12299,345.0,4
PART-6-1,12300,344.9999771118164,4
PART-6-1,12301,344.99998474121094,4
PART-6-1,12302,344.99999237060547,4
PART-6-1,12303,345.0,4
PART-6-1,12304,345.00001525878906,4
PART-6-1,12305,345.00001525878906,4
PART-6-1,12306,345.00003814697266,4
PART-6-1,12307,345.00000762939453,4
PART-6-1,12308,344.99999237060547,4
PART-6-1,12309,345.0,4
PART-6-1,12310,345.0,4
PART-6-1,12311,344.99999237060547,4
PART-6-1,12312,345.0,4
PART-6-1,12313,345.00001525878906,4
PART-6-1,12314,345.00000762939453,4
PART-6-1,12315,345.0000228881836,4
PART-6-1,12316,345.0,4
PART-6-1,12317,345.0,4
PART-6-1,12318,345.0000228881836,4
PART-6-1,12319,345.00001525878906,4
PART-6-1,12320,345.0,4
PART-6-1,12321,345.00000762939453,4
PART-6-1,12322,345.00001525878906,4
PART-6-1,12323,345.00000762939453,4
PART-6-1,12324,345.0000305175781,4
PART-6-1,12325,345.0,4
PART-6-1,12326,345.00000762939453,4
PART-6-1,12327,345.00003814697266,4
PART-6-1,12328,345.0000228881836,4
PART-6-1,12329,344.99999237060547,4
PART-6-1,12330,345.0,4
PART-6-1,12331,345.00001525878906,4
PART-6-1,12332,345.0000228881836,4
PART-6-1,12333,345.00003814697266,4
PART-6-1,12334,345.00001525878906,4
PART-6-1,12335,345.0000228881836,4
PART-6-1,12336,345.0000534057617,4
PART-6-1,12337,345.0000534057617,4
PART-6-1,12338,345.0000228881836,4
PART-6-1,12339,345.0,4
PART-6-1,12340,344.99999237060547,4
PART-6-1,12341,345.00000762939453,4
PART-6-1,12342,345.0000457763672,4
PART-6-1,12343,345.0000305175781,4
PART-6-1,12344,345.0000228881836,4
PART-6-1,12345,345.00001525878906,4
PART-6-1,12346,345.00003814697266,4
PART-6-1,12347,345.00006103515625,4
PART-6-1,12348,345.00003814697266,4
PART-6-1,12349,345.00000762939453,4
PART-6-1,12350,345.00000762939453,4
PART-6-1,12351,345.0000457763672,4
PART-6-1,12352,345.0000228881836,4
PART-6-1,12353,345.00000762939453,4
PART-6-1,12354,344.99998474121094,4
PART-6-1,12355,344.99999237060547,4
PART-6-1,12356,345.0000305175781,4
PART-6-1,12357,345.0000457763672,4
PART-6-1,12358,345.00003814697266,4
PART-6-1,12359,345.00001525878906,4
PART-6-1,12360,345.00003814697266,4
PART-6-1,12361,345.00000762939453,4
PART-6-1,12362,345.00001525878906,4
PART-6-1,12363,344.99999237060547,4
PART-6-1,12364,345.00001525878906,4
PART-6-1,12365,345.00003814697266,4
PART-6-1,12366,345.00001525878906,4
PART-6-1,12367,345.0000228881836,4
PART-6-1,12368,343.3592987060547,4
PART-6-1,12369,345.0000228881836,4
PART-6-1,12370,345.00000762939453,4
PART-6-1,12371,345.00001525878906,4
PART-6-1,12372,345.0,4
PART-6-1,12373,345.0000305175781,4
PART-6-1,12374,345.00006103515625,4
PART-6-1,12375,345.00003814697266,4
PART-6-1,12376,344.6664505004883,4
PART-6-1,12377,340.0220642089844,4
PART-6-1,12378,345.0000228881836,4
PART-6-1,12379,345.00001525878906,4
PART-6-1,12380,345.0,4
PART-6-1,12381,344.99999237060547,4
PART-6-1,12382,344.99999237060547,4
PART-6-1,12383,345.0000305175781,4
PART-6-1,12384,344.55230712890625,4
PART-6-1,12385,343.4289779663086,4
PART-6-1,12386,336.90518951416016,4
PART-6-1,12387,345.0054397583008,4
PART-6-1,12388,345.00001525878906,4
PART-6-1,12389,345.00001525878906,4
PART-6-1,12390,344.99999237060547,4
PART-6-1,12391,344.9999771118164,4
PART-6-1,12392,343.9304962158203,4
PART-6-1,12393,340.4141387939453,4
PART-6-1,12394,337.5177764892578,4
PART-6-1,12395,329.69590759277344,4
PART-6-1,12396,345.00543212890625,4
PART-6-1,12397,345.00000762939453,4
PART-6-1,12398,345.0000228881836,4
PART-6-1,12399,345.00003814697266,4
PART-6-1,12400,343.81029510498047,4
PART-6-1,12401,339.81209564208984,4
PART-6-1,12402,332.3356704711914,4
PART-6-1,12403,327.2445755004883,4
PART-6-1,12404,317.2521743774414,4
PART-6-1,12405,345.00000762939453,4
PART-6-1,12406,344.99999237060547,4
PART-6-1,12407,345.0,4
PART-6-1,12408,344.46778106689453,4
PART-6-1,12409,340.52039337158203,4
PART-6-1,12410,333.2647933959961,4
PART-6-1,12411,323.56690216064453,4
PART-6-1,12412,316.85498046875,4
PART-6-1,12413,304.1103210449219,4
PART-6-1,12414,344.67423248291016,4
PART-6-1,12415,345.0,4
PART-6-1,12416,345.0,4
PART-6-1,12417,342.5232925415039,4
PART-6-1,12418,335.32271575927734,4
PART-6-1,12419,326.0811462402344,4
PART-6-1,12420,314.7314453125,4
PART-6-1,12421,306.62975311279297,4
PART-6-1,12422,291.2923889160156,4
PART-6-1,12423,344.0616912841797,4
PART-6-1,12424,344.9035415649414,4
PART-6-1,12425,343.6925277709961,4
PART-6-1,12426,338.31327056884766,4
PART-6-1,12427,328.8037338256836,4
PART-6-1,12428,318.49427032470703,4
PART-6-1,12429,305.74595642089844,4
PART-6-1,12430,296.4249038696289,4
PART-6-1,12431,278.777156829834,4
PART-6-1,12432,343.8268051147461,4
PART-6-1,12433,343.48690032958984,4
PART-6-1,12434,339.54378509521484,4
PART-6-1,12435,332.2323760986328,4
PART-6-1,12436,321.6918182373047,4
PART-6-1,12437,310.5146484375,4
PART-6-1,12438,296.61690521240234,4
PART-6-1,12439,286.23206329345703,4
PART-6-1,12440,266.56005096435547,4
PART-6-1,12441,343.7012710571289,4
PART-6-1,12442,342.3094940185547,4
PART-6-1,12443,336.9934616088867,4
PART-6-1,12444,329.3217544555664,4
PART-6-1,12445,318.73067474365234,4
PART-6-1,12446,307.8128356933594,4
PART-6-1,12447,294.2245330810547,4
PART-6-1,12448,284.16357421875,4
PART-6-1,12449,264.5198097229004,4
PART-6-1,12450,343.06615447998047,4
PART-6-1,12451,342.39007568359375,4
PART-6-1,12452,337.4580383300781,4
PART-6-1,12453,330.55322265625,4
PART-6-1,12454,321.1272735595703,4
PART-6-1,12455,311.7150115966797,4
PART-6-1,12456,299.88158416748047,4
PART-6-1,12457,291.4047164916992,4
PART-6-1,12458,273.7474670410156,4
PART-6-1,12459,341.8506317138672,4
PART-6-1,12460,341.8295211791992,4
PART-6-1,12461,336.93221282958984,4
PART-6-1,12462,331.38082122802734,4
PART-6-1,12463,323.5746536254883,4
PART-6-1,12464,315.87438201904297,4
PART-6-1,12465,305.91307830810547,4
PART-6-1,12466,298.9890899658203,4
PART-6-1,12467,283.45970916748047,4
PART-6-1,12468,339.49305725097656,4
PART-6-1,12469,339.9339065551758,4
PART-6-1,12470,334.74609375,4
PART-6-1,12471,330.5414505004883,4
PART-6-1,12472,324.36553955078125,4
PART-6-1,12473,318.3817138671875,4
PART-6-1,12474,310.33573150634766,4
PART-6-1,12475,304.9972839355469,4
PART-6-1,12476,291.78338623046875,4
PART-6-1,12477,335.0251007080078,4
PART-6-1,12478,335.8439254760742,4
PART-6-1,12479,331.1237487792969,4
PART-6-1,12480,328.277099609375,4
PART-6-1,12481,323.76622772216797,4
PART-6-1,12482,319.51233673095703,4
PART-6-1,12483,313.4236526489258,4
PART-6-1,12484,309.70569610595703,4
PART-6-1,12485,298.94332122802734,4
PART-6-1,12486,328.6127700805664,4
PART-6-1,12487,329.8182678222656,4
PART-6-1,12488,326.3235855102539,4
PART-6-1,12489,324.8696594238281,4
PART-6-1,12490,322.0768814086914,4
PART-6-1,12491,319.56893157958984,4
PART-6-1,12492,315.4500503540039,4
PART-6-1,12493,313.3734817504883,4
PART-6-1,12494,305.16624450683594,4
PART-6-1,12495,320.9480514526367,4
PART-6-1,12496,322.6453628540039,4
PART-6-1,12497,320.6067657470703,4
PART-6-1,12498,320.6374282836914,4
PART-6-1,12499,319.6180648803711,4
PART-6-1,12500,318.8498764038086,4
PART-6-1,12501,316.6856460571289,4
PART-6-1,12502,316.23876953125,4
PART-6-1,12503,310.6399612426758,4
PART-6-1,12504,312.26084899902344,4
PART-6-1,12505,314.60545349121094,4
PART-6-1,12506,314.30064392089844,4
PART-6-1,12507,315.9311981201172,4
PART-6-1,12508,316.6949996948242,4
PART-6-1,12509,317.63246154785156,4
PART-6-1,12510,317.3660888671875,4
PART-6-1,12511,318.4996337890625,4
PART-6-1,12512,315.4502868652344,4
PART-6-1,12513,303.1495819091797,4
PART-6-1,12514,306.08314514160156,4
PART-6-1,12515,307.82118225097656,4
PART-6-1,12516,311.0696334838867,4
PART-6-1,12517,313.5858688354492,4
PART-6-1,12518,316.1393737792969,4
PART-6-1,12519,317.66036224365234,4
PART-6-1,12520,320.2753448486328,4
PART-6-1,12521,319.61646270751953,4
PART-6-1,12522,293.90748596191406,4
PART-6-1,12523,297.65296936035156,4
PART-6-1,12524,301.49698638916016,4
PART-6-1,12525,306.3286666870117,4
PART-6-1,12526,310.49681854248047,4
PART-6-1,12527,314.53578186035156,4
PART-6-1,12528,317.65911865234375,4
PART-6-1,12529,321.6180725097656,4
PART-6-1,12530,323.12061309814453,4
PART-6-1,12531,284.92857360839844,4
PART-6-1,12532,289.7345657348633,4
PART-6-1,12533,295.5496292114258,4
PART-6-1,12534,301.9038772583008,4
PART-6-1,12535,307.56585693359375,4
PART-6-1,12536,312.9014434814453,4
PART-6-1,12537,317.4065628051758,4
PART-6-1,12538,322.5040817260742,4
PART-6-1,12539,325.8954544067383,4
PART-6-1,12540,276.67889404296875,4
PART-6-1,12541,282.43385314941406,4
PART-6-1,12542,290.1814727783203,4
PART-6-1,12543,297.89588165283203,4
PART-6-1,12544,304.84449768066406,4
PART-6-1,12545,311.2704391479492,4
PART-6-1,12546,316.8681869506836,4
PART-6-1,12547,322.86682891845703,4
PART-6-1,12548,327.7690734863281,4
PART-6-1,12549,269.20218658447266,4
PART-6-1,12550,276.0105972290039,4
PART-6-1,12551,285.45947265625,4
PART-6-1,12552,294.33280181884766,4
PART-6-1,12553,302.3445281982422,4
PART-6-1,12554,309.58032989501953,4
PART-6-1,12555,315.9968566894531,4
PART-6-1,12556,322.5673141479492,4
PART-6-1,12557,328.54161071777344,4
PART-6-1,12558,262.51568603515625,4
PART-6-1,12559,270.62229919433594,4
PART-6-1,12560,281.34857177734375,4
PART-6-1,12561,291.18235778808594,4
PART-6-1,12562,299.9659194946289,4
PART-6-1,12563,307.7877655029297,4
PART-6-1,12564,314.64501190185547,4
PART-6-1,12565,321.4990005493164,4
PART-6-1,12566,328.02135467529297,4
PART-6-1,12567,256.4219779968262,4
PART-6-1,12568,266.0521545410156,4
PART-6-1,12569,277.7489242553711,4
PART-6-1,12570,288.2776641845703,4
PART-6-1,12571,297.5981674194336,4
PART-6-1,12572,305.6873779296875,4
PART-6-1,12573,312.7624816894531,4
PART-6-1,12574,319.4811553955078,4
PART-6-1,12575,326.0556411743164,4
PART-6-1,12576,250.85979461669922,4
PART-6-1,12577,261.9698791503906,4
PART-6-1,12578,274.4025650024414,4
PART-6-1,12579,285.3321075439453,4
PART-6-1,12580,294.9287414550781,4
PART-6-1,12581,303.15116119384766,4
PART-6-1,12582,310.09117889404297,4
PART-6-1,12583,316.51763916015625,4
PART-6-1,12584,322.54430389404297,4
PART-6-1,12585,245.49296188354492,4
PART-6-1,12586,258.0664596557617,4
PART-6-1,12587,270.7441635131836,4
PART-6-1,12588,281.86083221435547,4
PART-6-1,12589,291.4828643798828,4
PART-6-1,12590,299.73329162597656,4
PART-6-1,12591,306.6644287109375,4
PART-6-1,12592,312.43875885009766,4
PART-6-1,12593,317.614013671875,4
PART-6-1,12594,240.02219009399414,4
PART-6-1,12595,253.54224014282227,4
PART-6-1,12596,266.0322265625,4
PART-6-1,12597,276.82080841064453,4
PART-6-1,12598,286.4950714111328,4
PART-6-1,12599,294.864990234375,4
PART-6-1,12600,302.0483932495117,4
PART-6-1,12601,307.8265075683594,4
PART-6-1,12602,311.4850769042969,4
PART-6-1,12603,234.06878280639648,4
PART-6-1,12604,247.60987854003906,4
PART-6-1,12605,259.0802803039551,4
PART-6-1,12606,268.7259521484375,4
PART-6-1,12607,277.9435043334961,4
PART-6-1,12608,287.8127670288086,4
PART-6-1,12609,296.3670120239258,4
PART-6-1,12610,302.4167938232422,4
PART-6-1,12611,305.43821716308594,4
PART-6-1,12612,227.5646743774414,4
PART-6-1,12613,239.40940856933594,4
PART-6-1,12614,247.87694931030273,4
PART-6-1,12615,255.49113845825195,4
PART-6-1,12616,264.44626235961914,4
PART-6-1,12617,275.4721984863281,4
PART-6-1,12618,289.03133392333984,4
PART-6-1,12619,298.6944808959961,4
PART-6-1,12620,299.80491638183594,4
PART-6-1,12621,221.56502532958984,4
PART-6-1,12622,230.79118728637695,4
PART-6-1,12623,237.00232696533203,4
PART-6-1,12624,244.31908798217773,4
PART-6-1,12625,253.54682540893555,4
PART-6-1,12626,265.2378349304199,4
PART-6-1,12627,281.4497833251953,4
PART-6-1,12628,301.78985595703125,4
PART-6-1,12629,308.1785202026367,4
PART-6-1,12630,216.53770446777344,4
PART-6-1,12631,221.51300048828125,4
PART-6-1,12632,228.64524459838867,4
PART-6-1,12633,237.54274368286133,4
PART-6-1,12634,247.5846824645996,4
PART-6-1,12635,260.12791442871094,4
PART-6-1,12636,276.08386993408203,4
PART-6-1,12637,302.81842041015625,4
PART-6-1,12638,325.19921112060547,4
PART-6-1,12639,345.0000228881836,4
PART-6-1,12640,345.00001525878906,4
PART-6-1,12641,345.00001525878906,4
PART-6-1,12642,345.00003814697266,4
PART-6-1,12643,345.0000228881836,4
PART-6-1,12644,345.00000762939453,4
PART-6-1,12645,345.00000762939453,4
PART-6-1,12646,344.99999237060547,4
PART-6-1,12647,345.0000228881836,4
PART-6-1,12648,345.0000305175781,4
PART-6-1,12649,345.00001525878906,4
PART-6-1,12650,345.0000228881836,4
PART-6-1,12651,345.00003814697266,4
PART-6-1,12652,345.0000305175781,4
PART-6-1,12653,345.00001525878906,4
PART-6-1,12654,345.00000762939453,4
PART-6-1,12655,344.99999237060547,4
PART-6-1,12656,344.9999771118164,4
PART-6-1,12657,344.99998474121094,4
PART-6-1,12658,344.99999237060547,4
PART-6-1,12659,345.00000762939453,4
PART-6-1,12660,345.00001525878906,4
PART-6-1,12661,344.99999237060547,4
PART-6-1,12662,345.0,4
PART-6-1,12663,345.0000228881836,4
PART-6-1,12664,345.0000228881836,4
PART-6-1,12665,345.0000228881836,4
PART-6-1,12666,345.0000305175781,4
PART-6-1,12667,345.00001525878906,4
PART-6-1,12668,345.00000762939453,4
PART-6-1,12669,345.0,4
PART-6-1,12670,345.0,4
PART-6-1,12671,345.00001525878906,4
PART-6-1,12672,342.80127716064453,4
PART-6-1,12673,338.8842239379883,4
PART-6-1,12674,336.99466705322266,4
PART-6-1,12675,338.2654800415039,4
PART-6-1,12676,342.35377502441406,4
PART-6-1,12677,345.0000228881836,4
PART-6-1,12678,345.00001525878906,4
PART-6-1,12679,344.99999237060547,4
PART-6-1,12680,344.99998474121094,4
PART-6-1,12681,344.99999237060547,4
PART-6-1,12682,345.00000762939453,4
PART-6-1,12683,345.0000228881836,4
PART-6-1,12684,345.00001525878906,4
PART-6-1,12685,345.00000762939453,4
PART-6-1,12686,345.00001525878906,4
PART-6-1,12687,345.0000228881836,4
PART-6-1,12688,345.0000305175781,4
PART-6-1,12689,345.0000228881836,4
PART-6-1,12690,345.00000762939453,4
PART-6-1,12691,345.00000762939453,4
PART-6-1,12692,345.00000762939453,4
PART-6-1,12693,345.0,4
PART-6-1,12694,344.84117126464844,4
PART-6-1,12695,339.5253143310547,4
PART-6-1,12696,328.5012893676758,4
PART-6-1,12697,318.6671600341797,4
PART-6-1,12698,314.1153564453125,4
PART-6-1,12699,316.5110092163086,4
PART-6-1,12700,325.44002532958984,4
PART-6-1,12701,336.52625274658203,4
PART-6-1,12702,343.33190155029297,4
PART-6-1,12703,345.00001525878906,4
PART-6-1,12704,345.00001525878906,4
PART-6-1,12705,345.00001525878906,4
PART-6-1,12706,345.00001525878906,4
PART-6-1,12707,345.0000228881836,4
PART-6-1,12708,345.0000228881836,4
PART-6-1,12709,345.0000305175781,4
PART-6-1,12710,345.00001525878906,4
PART-6-1,12711,345.0000228881836,4
PART-6-1,12712,345.0000228881836,4
PART-6-1,12713,345.0000305175781,4
PART-6-1,12714,345.00003814697266,4
PART-6-1,12715,345.0000305175781,4
PART-6-1,12716,345.00000762939453,4
PART-6-1,12717,344.9030303955078,4
PART-6-1,12718,337.55826568603516,4
PART-6-1,12719,319.28594970703125,4
PART-6-1,12720,299.97571563720703,4
PART-6-1,12721,286.68145751953125,4
PART-6-1,12722,280.47706604003906,4
PART-6-1,12723,282.2202911376953,4
PART-6-1,12724,292.06016540527344,4
PART-6-1,12725,309.62894439697266,4
PART-6-1,12726,329.0553894042969,4
PART-6-1,12727,341.4069366455078,4
PART-6-1,12728,345.00001525878906,4
PART-6-1,12729,345.00001525878906,4
PART-6-1,12730,345.00000762939453,4
PART-6-1,12731,345.00000762939453,4
PART-6-1,12732,345.00001525878906,4
PART-6-1,12733,345.0000305175781,4
PART-6-1,12734,345.00001525878906,4
PART-6-1,12735,345.0000228881836,4
PART-6-1,12736,345.0000228881836,4
PART-6-1,12737,345.00003814697266,4
PART-6-1,12738,345.0000457763672,4
PART-6-1,12739,345.0000305175781,4
PART-6-1,12740,345.00001525878906,4
PART-6-1,12741,337.5446548461914,4
PART-6-1,12742,315.0007095336914,4
PART-6-1,12743,287.025203704834,4
PART-6-1,12744,264.1100158691406,4
PART-6-1,12745,247.7324447631836,4
PART-6-1,12746,239.33278274536133,4
PART-6-1,12747,239.91844177246094,4
PART-6-1,12748,249.93421936035156,4
PART-6-1,12749,268.9343032836914,4
PART-6-1,12750,295.691162109375,4
PART-6-1,12751,323.62196350097656,4
PART-6-1,12752,340.70811462402344,4
PART-6-1,12753,345.0,4
PART-6-1,12754,344.99999237060547,4
PART-6-1,12755,344.99999237060547,4
PART-6-1,12756,345.00000762939453,4
PART-6-1,12757,345.0000228881836,4
PART-6-1,12758,345.0000228881836,4
PART-6-1,12759,345.0000228881836,4
PART-6-1,12760,345.0000228881836,4
PART-6-1,12761,345.0000228881836,4
PART-6-1,12762,345.0000228881836,4
PART-6-1,12763,345.0000228881836,4
PART-6-1,12764,339.2389221191406,4
PART-6-1,12765,316.4638214111328,4
PART-6-1,12766,282.3433036804199,4
PART-6-1,12767,250.26835250854492,4
PART-6-1,12768,223.32485961914062,4
PART-6-1,12769,203.23157501220703,4
PART-6-1,12770,191.80419158935547,4
PART-6-1,12771,190.70245361328125,4
PART-6-1,12772,200.7478790283203,4
PART-6-1,12773,221.5235481262207,4
PART-6-1,12774,251.50082778930664,4
PART-6-1,12775,288.42982482910156,4
PART-6-1,12776,323.8788070678711,4
PART-6-1,12777,342.2192077636719,4
PART-6-1,12778,344.99999237060547,4
PART-6-1,12779,345.0,4
PART-6-1,12780,345.0000305175781,4
PART-6-1,12781,345.00003814697266,4
PART-6-1,12782,345.0000305175781,4
PART-6-1,12783,345.00001525878906,4
PART-6-1,12784,345.00000762939453,4
PART-6-1,12785,345.00000762939453,4
PART-6-1,12786,345.00000762939453,4
PART-6-1,12787,342.5665817260742,4
PART-6-1,12788,323.81263732910156,4
PART-6-1,12789,287.3794288635254,4
PART-6-1,12790,248.40750885009766,4
PART-6-1,12791,212.57983016967773,4
PART-6-1,12792,181.32554244995117,4
PART-6-1,12793,156.46126174926758,4
PART-6-1,12794,140.43355751037598,4
PART-6-1,12795,136.4036865234375,4
PART-6-1,12796,146.49366760253906,4
PART-6-1,12797,169.94243049621582,4
PART-6-1,12798,203.95005798339844,4
PART-6-1,12799,245.7892723083496,4
PART-6-1,12800,292.1797904968262,4
PART-6-1,12801,330.4802780151367,4
PART-6-1,12802,345.00000762939453,4
PART-6-1,12803,345.0000228881836,4
PART-6-1,12804,345.0000534057617,4
PART-6-1,12805,345.00006103515625,4
PART-6-1,12806,345.00003814697266,4
PART-6-1,12807,345.0,4
PART-6-1,12808,344.99999237060547,4
PART-6-1,12809,345.00000762939453,4
PART-6-1,12810,345.0000305175781,4
PART-6-1,12811,342.5666198730469,4
PART-6-1,12812,322.7397232055664,4
PART-6-1,12813,285.4127311706543,4
PART-6-1,12814,246.76141357421875,4
PART-6-1,12815,211.2255096435547,4
PART-6-1,12816,180.26789474487305,4
PART-6-1,12817,155.64960479736328,4
PART-6-1,12818,139.8339900970459,4
PART-6-1,12819,135.9905014038086,4
PART-6-1,12820,146.22159576416016,4
PART-6-1,12821,169.75896644592285,4
PART-6-1,12822,203.77750396728516,4
PART-6-1,12823,245.5509490966797,4
PART-6-1,12824,291.72673416137695,4
PART-6-1,12825,330.17398834228516,4
PART-6-1,12826,345.00000762939453,4
PART-6-1,12827,345.0000305175781,4
PART-6-1,12828,345.00006103515625,4
PART-6-1,12829,345.0000686645508,4
PART-6-1,12830,345.0000305175781,4
PART-6-1,12831,345.00000762939453,4
PART-6-1,12832,345.0,4
PART-6-1,12833,345.0,4
PART-6-1,12834,345.0000305175781,4
PART-6-1,12835,345.00006103515625,4
PART-6-1,12836,337.48218536376953,4
PART-6-1,12837,311.9470443725586,4
PART-6-1,12838,277.23708724975586,4
PART-6-1,12839,246.03532028198242,4
PART-6-1,12840,219.9289894104004,4
PART-6-1,12841,200.6058235168457,4
PART-6-1,12842,189.9273223876953,4
PART-6-1,12843,189.5233039855957,4
PART-6-1,12844,200.1920051574707,4
PART-6-1,12845,221.47115325927734,4
PART-6-1,12846,251.7823829650879,4
PART-6-1,12847,288.8111228942871,4
PART-6-1,12848,323.75675201416016,4
PART-6-1,12849,341.9129180908203,4
PART-6-1,12850,345.0,4
PART-6-1,12851,345.0000305175781,4
PART-6-1,12852,345.00006103515625,4
PART-6-1,12853,345.0000457763672,4
PART-6-1,12854,345.00001525878906,4
PART-6-1,12855,345.00001525878906,4
PART-6-1,12856,345.00000762939453,4
PART-6-1,12857,344.99999237060547,4
PART-6-1,12858,345.00000762939453,4
PART-6-1,12859,345.00001525878906,4
PART-6-1,12860,344.3161849975586,4
PART-6-1,12861,332.4663619995117,4
PART-6-1,12862,306.8994598388672,4
PART-6-1,12863,280.19861602783203,4
PART-6-1,12864,258.5179862976074,4
PART-6-1,12865,243.39214324951172,4
PART-6-1,12866,236.22051239013672,4
PART-6-1,12867,238.0242805480957,4
PART-6-1,12868,249.1848030090332,4
PART-6-1,12869,269.19286727905273,4
PART-6-1,12870,296.7635498046875,4
PART-6-1,12871,324.66734313964844,4
PART-6-1,12872,341.0391159057617,4
PART-6-1,12873,345.0,4
PART-6-1,12874,345.0,4
PART-6-1,12875,345.0000228881836,4
PART-6-1,12876,345.0000534057617,4
PART-6-1,12877,345.0000457763672,4
PART-6-1,12878,345.0000305175781,4
PART-6-1,12879,345.00001525878906,4
PART-6-1,12880,345.00000762939453,4
PART-6-1,12881,345.0,4
PART-6-1,12882,345.00001525878906,4
PART-6-1,12883,345.0000228881836,4
PART-6-1,12884,345.00000762939453,4
PART-6-1,12885,342.3748016357422,4
PART-6-1,12886,330.34378814697266,4
PART-6-1,12887,310.7131042480469,4
PART-6-1,12888,292.90394592285156,4
PART-6-1,12889,281.0632095336914,4
PART-6-1,12890,276.35860443115234,4
PART-6-1,12891,279.5845642089844,4
PART-6-1,12892,290.84776306152344,4
PART-6-1,12893,309.70568084716797,4
PART-6-1,12894,329.81993103027344,4
PART-6-1,12895,341.8326873779297,4
PART-6-1,12896,345.0000228881836,4
PART-6-1,12897,345.00001525878906,4
PART-6-1,12898,345.00001525878906,4
PART-6-1,12899,345.00001525878906,4
PART-6-1,12900,345.0000228881836,4
PART-6-1,12901,345.00003814697266,4
PART-6-1,12902,345.0000305175781,4
PART-6-1,12903,345.0000305175781,4
PART-6-1,12904,345.0000228881836,4
PART-6-1,12905,345.00001525878906,4
PART-6-1,12906,345.0000228881836,4
PART-6-1,12907,345.0000305175781,4
PART-6-1,12908,345.0000305175781,4
PART-6-1,12909,345.00001525878906,4
PART-6-1,12910,342.267822265625,4
PART-6-1,12911,333.51637268066406,4
PART-6-1,12912,321.37137603759766,4
PART-6-1,12913,312.12960052490234,4
PART-6-1,12914,309.2095413208008,4
PART-6-1,12915,313.12479400634766,4
PART-6-1,12916,323.9193572998047,4
PART-6-1,12917,336.47550201416016,4
PART-6-1,12918,343.47816467285156,4
PART-6-1,12919,345.00000762939453,4
PART-6-1,12920,345.0000228881836,4
PART-6-1,12921,345.00001525878906,4
PART-6-1,12922,345.00001525878906,4
PART-6-1,12923,345.00001525878906,4
PART-6-1,12924,345.00000762939453,4
PART-6-1,12925,345.00001525878906,4
PART-6-1,12926,345.0000228881836,4
PART-6-1,12927,345.0000305175781,4
PART-6-1,12928,345.0000305175781,4
PART-6-1,12929,345.0000228881836,4
PART-6-1,12930,345.0000305175781,4
PART-6-1,12931,345.00003814697266,4
PART-6-1,12932,345.00003814697266,4
PART-6-1,12933,345.00003814697266,4
PART-6-1,12934,345.0000228881836,4
PART-6-1,12935,343.6160430908203,4
PART-6-1,12936,339.4893112182617,4
PART-6-1,12937,335.2251892089844,4
PART-6-1,12938,334.15885162353516,4
PART-6-1,12939,336.3868103027344,4
PART-6-1,12940,341.57989501953125,4
PART-6-1,12941,345.0000228881836,4
PART-6-1,12942,345.0,4
PART-6-1,12943,344.99999237060547,4
PART-6-1,12944,345.0,4
PART-6-1,12945,345.00000762939453,4
PART-6-1,12946,345.00001525878906,4
PART-6-1,12947,345.0000228881836,4
PART-6-1,12948,345.00001525878906,4
PART-6-1,12949,345.00001525878906,4
PART-6-1,12950,345.0000228881836,4
PART-6-1,12951,345.00001525878906,4
PART-6-1,12952,345.00001525878906,4
PART-6-1,12953,345.00001525878906,4
PART-6-1,12954,345.0000305175781,4
PART-6-1,12955,345.0000457763672,4
PART-6-1,12956,345.0000305175781,4
PART-6-1,12957,345.0000228881836,4
PART-6-1,12958,345.0000457763672,4
PART-6-1,12959,345.0000305175781,4
PART-6-1,12960,345.0,4
PART-6-1,12961,344.78649139404297,4
PART-6-1,12962,344.7865295410156,4
PART-6-1,12963,345.0000457763672,4
PART-6-1,12964,345.0000228881836,4
PART-6-1,12965,345.00001525878906,4
PART-6-1,12966,345.0,4
PART-6-1,12967,344.99998474121094,4
PART-6-1,12968,344.99999237060547,4
PART-6-1,12969,345.00000762939453,4
PART-6-1,12970,345.00001525878906,4
PART-6-1,12971,345.0000228881836,4
PART-6-1,12972,345.00001525878906,4
PART-6-1,12973,345.00000762939453,4
PART-6-1,12974,345.00001525878906,4
PART-6-1,12975,240.90699005126953,4
PART-6-1,12976,231.9797248840332,4
PART-6-1,12977,227.80021286010742,4
PART-6-1,12978,226.81532287597656,4
PART-6-1,12979,226.64827346801758,4
PART-6-1,12980,227.77615356445312,4
PART-6-1,12981,229.59514617919922,4
PART-6-1,12982,235.74760818481445,4
PART-6-1,12983,248.49339294433594,4
PART-6-1,12984,243.66807174682617,4
PART-6-1,12985,242.29979705810547,4
PART-6-1,12986,236.27994918823242,4
PART-6-1,12987,232.6498146057129,4
PART-6-1,12988,230.89067459106445,4
PART-6-1,12989,230.5546646118164,4
PART-6-1,12990,231.52777099609375,4
PART-6-1,12991,235.33159637451172,4
PART-6-1,12992,232.26445770263672,4
PART-6-1,12993,242.48600006103516,4
PART-6-1,12994,246.13256072998047,4
PART-6-1,12995,245.38239288330078,4
PART-6-1,12996,243.54669189453125,4
PART-6-1,12997,242.93092727661133,4
PART-6-1,12998,242.81367874145508,4
PART-6-1,12999,243.64028549194336,4
PART-6-1,13000,241.9501838684082,4
PART-6-1,13001,233.6697540283203,4
PART-6-1,13002,245.52172470092773,4
PART-6-1,13003,251.5454864501953,4
PART-6-1,13004,256.0376319885254,4
PART-6-1,13005,258.80195236206055,4
PART-6-1,13006,260.643367767334,4
PART-6-1,13007,262.23473739624023,4
PART-6-1,13008,262.4830551147461,4
PART-6-1,13009,260.22473907470703,4
PART-6-1,13010,254.91057205200195,4
PART-6-1,13011,250.77544021606445,4
PART-6-1,13012,258.5938262939453,4
PART-6-1,13013,265.6231155395508,4
PART-6-1,13014,271.13655853271484,4
PART-6-1,13015,275.3142395019531,4
PART-6-1,13016,278.0489730834961,4
PART-6-1,13017,279.2062759399414,4
PART-6-1,13018,278.68687438964844,4
PART-6-1,13019,276.1592788696289,4
PART-6-1,13020,256.7290725708008,4
PART-6-1,13021,265.8869934082031,4
PART-6-1,13022,274.52799224853516,4
PART-6-1,13023,281.85559844970703,4
PART-6-1,13024,287.7119674682617,4
PART-6-1,13025,291.9977340698242,4
PART-6-1,13026,294.7245559692383,4
PART-6-1,13027,296.15650177001953,4
PART-6-1,13028,296.7320022583008,4
PART-6-1,13029,263.35369873046875,4
PART-6-1,13030,273.54917907714844,4
PART-6-1,13031,283.3195495605469,4
PART-6-1,13032,291.84717559814453,4
PART-6-1,13033,299.00294494628906,4
PART-6-1,13034,304.7289123535156,4
PART-6-1,13035,308.99400329589844,4
PART-6-1,13036,312.5864944458008,4
PART-6-1,13037,315.7198486328125,4
PART-6-1,13038,270.7277297973633,4
PART-6-1,13039,281.7750930786133,4
PART-6-1,13040,292.20240783691406,4
PART-6-1,13041,301.5212936401367,4
PART-6-1,13042,309.6206512451172,4
PART-6-1,13043,316.48336029052734,4
PART-6-1,13044,322.19134521484375,4
PART-6-1,13045,327.5553283691406,4
PART-6-1,13046,331.21604919433594,4
PART-6-1,13047,278.8643493652344,4
PART-6-1,13048,290.4276809692383,4
PART-6-1,13049,301.1543426513672,4
PART-6-1,13050,310.9336700439453,4
PART-6-1,13051,319.59861755371094,4
PART-6-1,13052,327.3365478515625,4
PART-6-1,13053,334.05420684814453,4
PART-6-1,13054,338.3642044067383,4
PART-6-1,13055,339.16551971435547,4
PART-6-1,13056,287.39195251464844,4
PART-6-1,13057,299.21009826660156,4
PART-6-1,13058,309.98472595214844,4
PART-6-1,13059,319.913818359375,4
PART-6-1,13060,328.8469009399414,4
PART-6-1,13061,336.8586730957031,4
PART-6-1,13062,342.3137969970703,4
PART-6-1,13063,343.23268127441406,4
PART-6-1,13064,341.91417694091797,4
PART-6-1,13065,295.85860443115234,4
PART-6-1,13066,307.88519287109375,4
PART-6-1,13067,318.42259979248047,4
PART-6-1,13068,328.21878814697266,4
PART-6-1,13069,337.0502471923828,4
PART-6-1,13070,343.112060546875,4
PART-6-1,13071,345.0000228881836,4
PART-6-1,13072,344.69471740722656,4
PART-6-1,13073,344.12007904052734,4
PART-6-1,13074,304.0950469970703,4
PART-6-1,13075,316.14447021484375,4
PART-6-1,13076,326.1165771484375,4
PART-6-1,13077,335.51074981689453,4
PART-6-1,13078,342.47547912597656,4
PART-6-1,13079,344.9989471435547,4
PART-6-1,13080,345.0000534057617,4
PART-6-1,13081,345.0000534057617,4
PART-6-1,13082,345.00006103515625,4
PART-6-1,13083,311.91722869873047,4
PART-6-1,13084,323.5361633300781,4
PART-6-1,13085,332.7234191894531,4
PART-6-1,13086,340.7447280883789,4
PART-6-1,13087,344.54663848876953,4
PART-6-1,13088,345.00003814697266,4
PART-6-1,13089,345.00003814697266,4
PART-6-1,13090,345.00003814697266,4
PART-6-1,13091,345.00006103515625,4
PART-6-1,13092,318.7736053466797,4
PART-6-1,13093,329.6743850708008,4
PART-6-1,13094,337.94044494628906,4
PART-6-1,13095,343.6384506225586,4
PART-6-1,13096,345.00001525878906,4
PART-6-1,13097,345.0,4
PART-6-1,13098,345.0,4
PART-6-1,13099,345.0,4
PART-6-1,13100,345.0,4
PART-6-1,13101,324.2194061279297,4
PART-6-1,13102,334.4596939086914,4
PART-6-1,13103,341.16381072998047,4
PART-6-1,13104,344.8285140991211,4
PART-6-1,13105,345.0,4
PART-6-1,13106,345.0,4
PART-6-1,13107,345.0,4
PART-6-1,13108,345.0,4
PART-6-1,13109,344.99999237060547,4
PART-6-1,13110,328.1827850341797,4
PART-6-1,13111,337.8252716064453,4
PART-6-1,13112,342.6230163574219,4
PART-6-1,13113,345.0,4
PART-6-1,13114,344.99998474121094,4
PART-6-1,13115,345.00000762939453,4
PART-6-1,13116,345.0,4
PART-6-1,13117,344.99999237060547,4
PART-6-1,13118,345.00000762939453,4
PART-6-1,13119,332.00943756103516,4
PART-6-1,13120,339.7252960205078,4
PART-6-1,13121,343.13087463378906,4
PART-6-1,13122,345.00001525878906,4
PART-6-1,13123,345.0000228881836,4
PART-6-1,13124,345.0000228881836,4
PART-6-1,13125,345.00000762939453,4
PART-6-1,13126,344.99999237060547,4
PART-6-1,13127,343.78785705566406,4
PART-6-1,13128,337.9213180541992,4
PART-6-1,13129,342.50878143310547,4
PART-6-1,13130,343.47607421875,4
PART-6-1,13131,343.9153137207031,4
PART-6-1,13132,343.3742370605469,4
PART-6-1,13133,342.94396209716797,4
PART-6-1,13134,341.67015838623047,4
PART-6-1,13135,342.48492431640625,4
PART-6-1,13136,338.3992385864258,4
PART-6-1,13137,343.31227111816406,4
PART-6-1,13138,344.8518524169922,4
PART-6-1,13139,344.3811340332031,4
PART-6-1,13140,343.9153060913086,4
PART-6-1,13141,341.42283630371094,4
PART-6-1,13142,337.4607620239258,4
PART-6-1,13143,332.7784729003906,4
PART-6-1,13144,333.6715850830078,4
PART-6-1,13145,326.6754608154297,4
PART-6-1,13146,345.0,4
PART-6-1,13147,344.99999237060547,4
PART-6-1,13148,345.00000762939453,4
PART-6-1,13149,345.00001525878906,4
PART-6-1,13150,343.0486373901367,4
PART-6-1,13151,338.4530258178711,4
PART-6-1,13152,330.2806930541992,4
PART-6-1,13153,326.64701080322266,4
PART-6-1,13154,313.11570739746094,4
PART-6-1,13155,344.99999237060547,4
PART-6-1,13156,344.99998474121094,4
PART-6-1,13157,345.00000762939453,4
PART-6-1,13158,345.0000228881836,4
PART-6-1,13159,345.00001525878906,4
PART-6-1,13160,343.93621826171875,4
PART-6-1,13161,337.4173126220703,4
PART-6-1,13162,332.0176239013672,4
PART-6-1,13163,313.9154357910156,4
PART-6-1,13164,345.00000762939453,4
PART-6-1,13165,344.99999237060547,4
PART-6-1,13166,345.0,4
PART-6-1,13167,345.0000228881836,4
PART-6-1,13168,345.00001525878906,4
PART-6-1,13169,345.00000762939453,4
PART-6-1,13170,343.24493408203125,4
PART-6-1,13171,340.7160186767578,4
PART-6-1,13172,325.18611907958984,4
PART-6-1,13173,345.00001525878906,4
PART-6-1,13174,345.0,4
PART-6-1,13175,344.99998474121094,4
PART-6-1,13176,345.00000762939453,4
PART-6-1,13177,345.00000762939453,4
PART-6-1,13178,344.99998474121094,4
PART-6-1,13179,344.99998474121094,4
PART-6-1,13180,343.4808349609375,4
PART-6-1,13181,331.7936096191406,4
PART-6-1,13182,345.0,4
PART-6-1,13183,344.99999237060547,4
PART-6-1,13184,344.9999771118164,4
PART-6-1,13185,344.99998474121094,4
PART-6-1,13186,345.0,4
PART-6-1,13187,344.99998474121094,4
PART-6-1,13188,344.99999237060547,4
PART-6-1,13189,343.7520751953125,4
PART-6-1,13190,334.19666290283203,4
PART-6-1,13191,344.99999237060547,4
PART-6-1,13192,344.99999237060547,4
PART-6-1,13193,344.99998474121094,4
PART-6-1,13194,344.9999771118164,4
PART-6-1,13195,344.99999237060547,4
PART-6-1,13196,345.00000762939453,4
PART-6-1,13197,345.00001525878906,4
PART-6-1,13198,343.9379119873047,4
PART-6-1,13199,334.7543182373047,4
PART-6-1,13200,344.99998474121094,4
PART-6-1,13201,344.99998474121094,4
PART-6-1,13202,344.99999237060547,4
PART-6-1,13203,344.99998474121094,4
PART-6-1,13204,344.9999771118164,4
PART-6-1,13205,344.99999237060547,4
PART-6-1,13206,345.00001525878906,4
PART-6-1,13207,344.0941848754883,4
PART-6-1,13208,335.51258850097656,4
PART-6-1,13209,345.0,4
PART-6-1,13210,344.99999237060547,4
PART-6-1,13211,345.0,4
PART-6-1,13212,344.99999237060547,4
PART-6-1,13213,344.99998474121094,4
PART-6-1,13214,344.99998474121094,4
PART-6-1,13215,345.00000762939453,4
PART-6-1,13216,344.3039245605469,4
PART-6-1,13217,336.6417541503906,4
PART-6-1,13218,345.0,4
PART-6-1,13219,344.99998474121094,4
PART-6-1,13220,344.99999237060547,4
PART-6-1,13221,345.0,4
PART-6-1,13222,345.0,4
PART-6-1,13223,345.0000228881836,4
PART-6-1,13224,345.00003814697266,4
PART-6-1,13225,344.6610336303711,4
PART-6-1,13226,338.3595886230469,4
PART-6-1,13227,345.0,4
PART-6-1,13228,344.9999694824219,4
PART-6-1,13229,344.99998474121094,4
PART-6-1,13230,345.00000762939453,4
PART-6-1,13231,345.0000228881836,4
PART-6-1,13232,345.00003814697266,4
PART-6-1,13233,345.0000305175781,4
PART-6-1,13234,344.94336700439453,4
PART-6-1,13235,340.62157440185547,4
PART-6-1,13236,345.00001525878906,4
PART-6-1,13237,344.9999771118164,4
PART-6-1,13238,344.99999237060547,4
PART-6-1,13239,345.0000228881836,4
PART-6-1,13240,345.00003814697266,4
PART-6-1,13241,345.0000305175781,4
PART-6-1,13242,345.00000762939453,4
PART-6-1,13243,345.0,4
PART-6-1,13244,343.3985137939453,4
PART-6-1,13245,345.00000762939453,4
PART-6-1,13246,344.9999771118164,4
PART-6-1,13247,344.99998474121094,4
PART-6-1,13248,345.0,4
PART-6-1,13249,345.0,4
PART-6-1,13250,345.0000228881836,4
PART-6-1,13251,345.0000305175781,4
PART-6-1,13252,345.00000762939453,4
PART-6-1,13253,344.9784240722656,4
PART-6-1,13254,345.00000762939453,4
PART-6-1,13255,344.9999771118164,4
PART-6-1,13256,344.9999771118164,4
PART-6-1,13257,344.99998474121094,4
PART-6-1,13258,344.99998474121094,4
PART-6-1,13259,345.00000762939453,4
PART-6-1,13260,345.0000228881836,4
PART-6-1,13261,345.00000762939453,4
PART-6-1,13262,345.00000762939453,4
PART-6-1,13263,345.0000305175781,4
PART-6-1,13264,344.99999237060547,4
PART-6-1,13265,344.99999237060547,4
PART-6-1,13266,345.00000762939453,4
PART-6-1,13267,345.00000762939453,4
PART-6-1,13268,345.0,4
PART-6-1,13269,344.99999237060547,4
PART-6-1,13270,345.00000762939453,4
PART-6-1,13271,345.0,4
PART-6-1,13272,345.0000305175781,4
PART-6-1,13273,344.99999237060547,4
PART-6-1,13274,345.0,4
PART-6-1,13275,345.00001525878906,4
PART-6-1,13276,345.0000305175781,4
PART-6-1,13277,345.00001525878906,4
PART-6-1,13278,344.99998474121094,4
PART-6-1,13279,345.0,4
PART-6-1,13280,344.99999237060547,4
PART-6-1,13281,345.00000762939453,4
PART-6-1,13282,344.99999237060547,4
PART-6-1,13283,345.0,4
PART-6-1,13284,345.00000762939453,4
PART-6-1,13285,345.0000305175781,4
PART-6-1,13286,345.00001525878906,4
PART-6-1,13287,344.99998474121094,4
PART-6-1,13288,344.9999771118164,4
PART-6-1,13289,344.99998474121094,4
PART-6-1,13290,345.00001525878906,4
PART-6-1,13291,345.00001525878906,4
PART-6-1,13292,345.00001525878906,4
PART-6-1,13293,345.00001525878906,4
PART-6-1,13294,345.0000228881836,4
PART-6-1,13295,345.00001525878906,4
PART-6-1,13296,345.0,4
PART-6-1,13297,344.9999771118164,4
PART-6-1,13298,344.99998474121094,4
PART-6-1,13299,345.00003814697266,4
PART-6-1,13300,345.0000305175781,4
PART-6-1,13301,345.0000228881836,4
PART-6-1,13302,345.00000762939453,4
PART-6-1,13303,345.00001525878906,4
PART-6-1,13304,345.0000228881836,4
PART-6-1,13305,345.00000762939453,4
PART-6-1,13306,344.99999237060547,4
PART-6-1,13307,345.0,4
PART-6-1,13308,345.0000457763672,4
PART-6-1,13309,345.0000457763672,4
PART-6-1,13310,345.0000228881836,4
PART-6-1,13311,345.00000762939453,4
PART-6-1,13312,345.00000762939453,4
PART-6-1,13313,345.00000762939453,4
PART-6-1,13314,345.00000762939453,4
PART-6-1,13315,345.00000762939453,4
PART-6-1,13316,345.0000228881836,4
PART-6-1,13317,345.00001525878906,4
PART-6-1,13318,345.0000457763672,4
PART-6-1,13319,345.00003814697266,4
PART-6-1,13320,345.0000305175781,4
PART-6-1,13321,345.0000228881836,4
PART-6-1,13322,345.00000762939453,4
PART-6-1,13323,345.00001525878906,4
PART-6-1,13324,345.0000228881836,4
PART-6-1,13325,345.00001525878906,4
PART-6-1,13326,345.00000762939453,4
PART-6-1,13327,345.0000534057617,4
PART-6-1,13328,345.0000686645508,4
PART-6-1,13329,345.0000686645508,4
PART-6-1,13330,345.0000457763672,4
PART-6-1,13331,345.0000305175781,4
PART-6-1,13332,345.00003814697266,4
PART-6-1,13333,345.0000457763672,4
PART-6-1,13334,345.0000305175781,4
PART-6-1,13335,345.0000228881836,4
PART-6-1,13336,345.0000457763672,4
PART-6-1,13337,345.0000534057617,4
PART-6-1,13338,345.0000686645508,4
PART-6-1,13339,345.0000534057617,4
PART-6-1,13340,345.00003814697266,4
PART-6-1,13341,345.00006103515625,4
PART-6-1,13342,345.0000534057617,4
PART-6-1,13343,345.00003814697266,4
PART-6-1,13344,345.00001525878906,4
PART-6-1,13345,345.00000762939453,4
PART-6-1,13346,345.00000762939453,4
PART-6-1,13347,345.00001525878906,4
PART-6-1,13348,345.0000305175781,4
PART-6-1,13349,345.0000228881836,4
PART-6-1,13350,345.0000305175781,4
PART-6-1,13351,345.0000228881836,4
PART-6-1,13352,345.00001525878906,4
PART-6-1,13353,345.00000762939453,4
PART-6-1,13354,345.0,4
PART-6-1,13355,345.0,4
PART-6-1,13356,345.00000762939453,4
PART-6-1,13357,345.00001525878906,4
PART-6-1,13358,345.00000762939453,4
PART-6-1,13359,345.0,4
PART-6-1,13360,345.0,4
PART-6-1,13361,345.0000228881836,4
PART-6-1,13362,345.00000762939453,4
PART-6-1,13363,345.0,4
PART-6-1,13364,345.00000762939453,4
PART-6-1,13365,345.0000228881836,4
PART-6-1,13366,345.0000228881836,4
PART-6-1,13367,345.00000762939453,4
PART-6-1,13368,345.00000762939453,4
PART-6-1,13369,345.00000762939453,4
PART-6-1,13370,345.00003814697266,4
PART-6-1,13371,345.0000305175781,4
PART-6-1,13372,345.00000762939453,4
PART-6-1,13373,345.00001525878906,4
PART-6-1,13374,345.0000305175781,4
PART-6-1,13375,345.0000305175781,4
PART-6-1,13376,345.0000228881836,4
PART-6-1,13377,345.00003814697266,4
PART-6-1,13378,345.00003814697266,4
PART-6-1,13379,345.0000305175781,4
PART-6-1,13380,345.0000534057617,4
PART-6-1,13381,345.0000305175781,4
PART-6-1,13382,345.00000762939453,4
PART-6-1,13383,345.00001525878906,4
PART-6-1,13384,345.0000228881836,4
PART-6-1,13385,345.0000305175781,4
PART-6-1,13386,345.0000457763672,4
PART-6-1,13387,345.00003814697266,4
PART-6-1,13388,345.00000762939453,4
PART-6-1,13389,345.0000457763672,4
PART-6-1,13390,345.00003814697266,4
PART-6-1,13391,345.00001525878906,4
PART-6-1,13392,345.0000228881836,4
PART-6-1,13393,345.0000305175781,4
PART-6-1,13394,345.0000228881836,4
PART-6-1,13395,345.00001525878906,4
PART-6-1,13396,345.00001525878906,4
PART-6-1,13397,345.00000762939453,4
PART-6-1,13398,345.0000534057617,4
PART-6-1,13399,345.00003814697266,4
PART-6-1,13400,345.0000228881836,4
PART-6-1,13401,345.0000305175781,4
PART-6-1,13402,345.0000305175781,4
PART-6-1,13403,345.00001525878906,4
PART-6-1,13404,345.0,4
PART-6-1,13405,345.00000762939453,4
PART-6-1,13406,345.00001525878906,4
PART-6-1,13407,345.0000534057617,4
PART-6-1,13408,345.0000228881836,4
PART-6-1,13409,345.00000762939453,4
PART-6-1,13410,345.00000762939453,4
PART-6-1,13411,345.00001525878906,4
PART-6-1,13412,345.00001525878906,4
PART-6-1,13413,345.00000762939453,4
PART-6-1,13414,345.00000762939453,4
PART-6-1,13415,345.00001525878906,4
PART-6-1,13416,345.0000228881836,4
PART-6-1,13417,345.0,4
PART-6-1,13418,345.00000762939453,4
PART-6-1,13419,345.00000762939453,4
PART-6-1,13420,345.00001525878906,4
PART-6-1,13421,345.00001525878906,4
PART-6-1,13422,345.00001525878906,4
PART-6-1,13423,345.00000762939453,4
PART-6-1,13424,345.00000762939453,4
PART-6-1,13425,345.00000762939453,4
PART-6-1,13426,345.00000762939453,4
PART-6-1,13427,345.00000762939453,4
PART-6-1,13428,345.00001525878906,4
PART-6-1,13429,345.00001525878906,4
PART-6-1,13430,345.00001525878906,4
PART-6-1,13431,345.00001525878906,4
PART-6-1,13432,345.0,4
PART-6-1,13433,345.00000762939453,4
PART-6-1,13434,345.00000762939453,4
PART-6-1,13435,345.00000762939453,4
PART-6-1,13436,345.00000762939453,4
PART-6-1,13437,345.00001525878906,4
PART-6-1,13438,345.00000762939453,4
PART-6-1,13439,345.0,4
PART-6-1,13440,345.0,4
PART-6-1,13441,344.99999237060547,4
PART-6-1,13442,344.99999237060547,4
PART-6-1,13443,345.0000305175781,4
PART-6-1,13444,345.00001525878906,4
PART-6-1,13445,345.00001525878906,4
PART-6-1,13446,345.00001525878906,4
PART-6-1,13447,345.00000762939453,4
PART-6-1,13448,344.99998474121094,4
PART-6-1,13449,344.99998474121094,4
PART-6-1,13450,345.0,4
PART-6-1,13451,344.99999237060547,4
PART-6-1,13452,345.0000305175781,4
PART-6-1,13453,345.0000228881836,4
PART-6-1,13454,345.00001525878906,4
PART-6-1,13455,345.00000762939453,4
PART-6-1,13456,345.00000762939453,4
PART-6-1,13457,344.99999237060547,4
PART-6-1,13458,344.99999237060547,4
PART-6-1,13459,345.00000762939453,4
PART-6-1,13460,345.00000762939453,4
PART-6-1,13461,345.0000228881836,4
PART-6-1,13462,345.00001525878906,4
PART-6-1,13463,345.00000762939453,4
PART-6-1,13464,345.0,4
PART-6-1,13465,345.0000228881836,4
PART-6-1,13466,345.0000305175781,4
PART-6-1,13467,345.0000305175781,4
PART-6-1,13468,345.00001525878906,4
PART-6-1,13469,344.99999237060547,4
PART-6-1,13470,345.0000228881836,4
PART-6-1,13471,345.0,4
PART-6-1,13472,344.99999237060547,4
PART-6-1,13473,345.0000228881836,4
PART-6-1,13474,345.0000457763672,4
PART-6-1,13475,345.00003814697266,4
PART-6-1,13476,345.0000457763672,4
PART-6-1,13477,345.0000305175781,4
PART-6-1,13478,345.00000762939453,4
PART-6-1,13479,345.00000762939453,4
PART-6-1,13480,344.99999237060547,4
PART-6-1,13481,345.0,4
PART-6-1,13482,345.00001525878906,4
PART-6-1,13483,345.0000228881836,4
PART-6-1,13484,345.00001525878906,4
PART-6-1,13485,345.00001525878906,4
PART-6-1,13486,345.00001525878906,4
PART-6-1,13487,343.62010192871094,4
PART-6-1,13488,345.00000762939453,4
PART-6-1,13489,345.0,4
PART-6-1,13490,345.00000762939453,4
PART-6-1,13491,344.99998474121094,4
PART-6-1,13492,344.99999237060547,4
PART-6-1,13493,345.00001525878906,4
PART-6-1,13494,345.00000762939453,4
PART-6-1,13495,344.7708740234375,4
PART-6-1,13496,340.5791931152344,4
PART-6-1,13497,345.00000762939453,4
PART-6-1,13498,344.99999237060547,4
PART-6-1,13499,344.99999237060547,4
PART-6-1,13500,344.99999237060547,4
PART-6-1,13501,344.99999237060547,4
PART-6-1,13502,345.0,4
PART-6-1,13503,345.00000762939453,4
PART-6-1,13504,344.0945053100586,4
PART-6-1,13505,337.4780044555664,4
PART-6-1,13506,345.0,4
PART-6-1,13507,344.99999237060547,4
PART-6-1,13508,344.99999237060547,4
PART-6-1,13509,345.0,4
PART-6-1,13510,345.00001525878906,4
PART-6-1,13511,344.82845306396484,4
PART-6-1,13512,343.1635971069336,4
PART-6-1,13513,341.4925231933594,4
PART-6-1,13514,334.4911117553711,4
PART-6-1,13515,344.99853515625,4
PART-6-1,13516,344.99999237060547,4
PART-6-1,13517,345.0,4
PART-6-1,13518,345.0000228881836,4
PART-6-1,13519,344.16056060791016,4
PART-6-1,13520,341.93255615234375,4
PART-6-1,13521,336.89793395996094,4
PART-6-1,13522,334.083984375,4
PART-6-1,13523,326.38084411621094,4
PART-6-1,13524,344.59129333496094,4
PART-6-1,13525,344.99999237060547,4
PART-6-1,13526,345.0,4
PART-6-1,13527,344.3190231323242,4
PART-6-1,13528,341.03479766845703,4
PART-6-1,13529,335.61038970947266,4
PART-6-1,13530,327.98522186279297,4
PART-6-1,13531,323.6528549194336,4
PART-6-1,13532,313.3466339111328,4
PART-6-1,13533,344.59276580810547,4
PART-6-1,13534,345.00000762939453,4
PART-6-1,13535,344.51952362060547,4
PART-6-1,13536,341.6582946777344,4
PART-6-1,13537,335.45729064941406,4
PART-6-1,13538,328.1471710205078,4
PART-6-1,13539,318.8999481201172,4
PART-6-1,13540,313.2523651123047,4
PART-6-1,13541,300.43975830078125,4
PART-6-1,13542,345.0000228881836,4
PART-6-1,13543,343.84645080566406,4
PART-6-1,13544,341.42635345458984,4
PART-6-1,13545,336.4904479980469,4
PART-6-1,13546,328.48033905029297,4
PART-6-1,13547,320.1249237060547,4
PART-6-1,13548,309.52147674560547,4
PART-6-1,13549,302.68922424316406,4
PART-6-1,13550,287.5875701904297,4
PART-6-1,13551,345.0000228881836,4
PART-6-1,13552,342.7590026855469,4
PART-6-1,13553,338.05345916748047,4
PART-6-1,13554,330.79627227783203,4
PART-6-1,13555,321.01361083984375,4
PART-6-1,13556,311.557373046875,4
PART-6-1,13557,299.8108901977539,4
PART-6-1,13558,291.91407012939453,4
PART-6-1,13559,274.783016204834,4
PART-6-1,13560,344.95789337158203,4
PART-6-1,13561,343.01461029052734,4
PART-6-1,13562,338.06842041015625,4
PART-6-1,13563,329.9039001464844,4
PART-6-1,13564,319.59159088134766,4
PART-6-1,13565,309.9845657348633,4
PART-6-1,13566,298.2818832397461,4
PART-6-1,13567,290.57652282714844,4
PART-6-1,13568,273.68078231811523,4
PART-6-1,13569,344.2640686035156,4
PART-6-1,13570,342.95111083984375,4
PART-6-1,13571,338.672119140625,4
PART-6-1,13572,332.1445541381836,4
PART-6-1,13573,323.53472900390625,4
PART-6-1,13574,315.4160385131836,4
PART-6-1,13575,305.37158203125,4
PART-6-1,13576,299.2806854248047,4
PART-6-1,13577,284.7764434814453,4
PART-6-1,13578,342.5661163330078,4
PART-6-1,13579,341.97959899902344,4
PART-6-1,13580,337.42811584472656,4
PART-6-1,13581,332.50640869140625,4
PART-6-1,13582,325.8211135864258,4
PART-6-1,13583,319.72637939453125,4
PART-6-1,13584,311.88626861572266,4
PART-6-1,13585,307.6507568359375,4
PART-6-1,13586,295.64611053466797,4
PART-6-1,13587,339.33411407470703,4
PART-6-1,13588,339.3412322998047,4
PART-6-1,13589,334.4929733276367,4
PART-6-1,13590,331.21129608154297,4
PART-6-1,13591,326.4845504760742,4
PART-6-1,13592,322.4243850708008,4
PART-6-1,13593,316.8309783935547,4
PART-6-1,13594,314.46715545654297,4
PART-6-1,13595,305.12774658203125,4
PART-6-1,13596,333.66615295410156,4
PART-6-1,13597,334.2006301879883,4
PART-6-1,13598,330.15225982666016,4
PART-6-1,13599,328.5451889038086,4
PART-6-1,13600,325.8251495361328,4
PART-6-1,13601,323.8104705810547,4
PART-6-1,13602,320.48416900634766,4
PART-6-1,13603,319.9973449707031,4
PART-6-1,13604,313.42735290527344,4
PART-6-1,13605,325.9782257080078,4
PART-6-1,13606,327.15623474121094,4
PART-6-1,13607,324.7345657348633,4
PART-6-1,13608,324.8453826904297,4
PART-6-1,13609,324.1795349121094,4
PART-6-1,13610,324.197998046875,4
PART-6-1,13611,323.1235580444336,4
PART-6-1,13612,324.48934173583984,4
PART-6-1,13613,320.71998596191406,4
PART-6-1,13614,317.02088165283203,4
PART-6-1,13615,319.07788848876953,4
PART-6-1,13616,318.56861114501953,4
PART-6-1,13617,320.4905776977539,4
PART-6-1,13618,321.8892135620117,4
PART-6-1,13619,323.8890609741211,4
PART-6-1,13620,324.99983978271484,4
PART-6-1,13621,328.15354919433594,4
PART-6-1,13622,327.12879180908203,4
PART-6-1,13623,307.1055450439453,4
PART-6-1,13624,310.3650436401367,4
PART-6-1,13625,312.07474517822266,4
PART-6-1,13626,315.85425567626953,4
PART-6-1,13627,319.2641067504883,4
PART-6-1,13628,323.1544647216797,4
PART-6-1,13629,326.31087493896484,4
PART-6-1,13630,331.136474609375,4
PART-6-1,13631,332.71033477783203,4
PART-6-1,13632,296.5792465209961,4
PART-6-1,13633,301.61534881591797,4
PART-6-1,13634,305.6800079345703,4
PART-6-1,13635,311.2490921020508,4
PART-6-1,13636,316.57755279541016,4
PART-6-1,13637,322.18697357177734,4
PART-6-1,13638,327.19956970214844,4
PART-6-1,13639,333.5133361816406,4
PART-6-1,13640,337.43297576904297,4
PART-6-1,13641,286.1543273925781,4
PART-6-1,13642,293.3938751220703,4
PART-6-1,13643,299.6589813232422,4
PART-6-1,13644,306.9564514160156,4
PART-6-1,13645,313.99440002441406,4
PART-6-1,13646,321.116943359375,4
PART-6-1,13647,327.7175064086914,4
PART-6-1,13648,335.31522369384766,4
PART-6-1,13649,341.2073745727539,4
PART-6-1,13650,276.7774124145508,4
PART-6-1,13651,285.889892578125,4
PART-6-1,13652,294.2818298339844,4
PART-6-1,13653,303.11632537841797,4
PART-6-1,13654,311.61522674560547,4
PART-6-1,13655,319.96168518066406,4
PART-6-1,13656,327.8398742675781,4
PART-6-1,13657,336.4728469848633,4
PART-6-1,13658,343.13639068603516,4
PART-6-1,13659,268.8990783691406,4
PART-6-1,13660,279.3917465209961,4
PART-6-1,13661,289.6819076538086,4
PART-6-1,13662,299.7885971069336,4
PART-6-1,13663,309.4234848022461,4
PART-6-1,13664,318.67803955078125,4
PART-6-1,13665,327.4337463378906,4
PART-6-1,13666,336.7864990234375,4
PART-6-1,13667,343.4778366088867,4
PART-6-1,13668,262.47845458984375,4
PART-6-1,13669,274.18875885009766,4
PART-6-1,13670,285.8343734741211,4
PART-6-1,13671,296.92604064941406,4
PART-6-1,13672,307.3479690551758,4
PART-6-1,13673,317.1095962524414,4
PART-6-1,13674,326.3450927734375,4
PART-6-1,13675,335.95813751220703,4
PART-6-1,13676,342.8350296020508,4
PART-6-1,13677,257.20946502685547,4
PART-6-1,13678,270.00514221191406,4
PART-6-1,13679,282.64063262939453,4
PART-6-1,13680,294.3683547973633,4
PART-6-1,13681,305.18138122558594,4
PART-6-1,13682,315.12538146972656,4
PART-6-1,13683,324.3397521972656,4
PART-6-1,13684,333.76282501220703,4
PART-6-1,13685,341.0935516357422,4
PART-6-1,13686,252.69846725463867,4
PART-6-1,13687,266.43514251708984,4
PART-6-1,13688,279.7585144042969,4
PART-6-1,13689,291.7974319458008,4
PART-6-1,13690,302.6990661621094,4
PART-6-1,13691,312.4315872192383,4
PART-6-1,13692,321.3360290527344,4
PART-6-1,13693,330.03717041015625,4
PART-6-1,13694,338.1211166381836,4
PART-6-1,13695,248.60454559326172,4
PART-6-1,13696,262.9952278137207,4
PART-6-1,13697,276.67091369628906,4
PART-6-1,13698,288.72059631347656,4
PART-6-1,13699,299.4520034790039,4
PART-6-1,13700,308.86609649658203,4
PART-6-1,13701,317.0802307128906,4
PART-6-1,13702,324.89422607421875,4
PART-6-1,13703,332.5878143310547,4
PART-6-1,13704,244.21643447875977,4
PART-6-1,13705,259.05878829956055,4
PART-6-1,13706,272.5636444091797,4
PART-6-1,13707,284.44419860839844,4
PART-6-1,13708,294.84483337402344,4
PART-6-1,13709,303.93634033203125,4
PART-6-1,13710,311.7119598388672,4
PART-6-1,13711,318.2763137817383,4
PART-6-1,13712,324.4408416748047,4
PART-6-1,13713,238.99078369140625,4
PART-6-1,13714,253.68812561035156,4
PART-6-1,13715,266.52561950683594,4
PART-6-1,13716,277.6758117675781,4
PART-6-1,13717,288.0181884765625,4
PART-6-1,13718,297.1548614501953,4
PART-6-1,13719,304.8521423339844,4
PART-6-1,13720,310.8701629638672,4
PART-6-1,13721,314.6394577026367,4
PART-6-1,13722,232.3676986694336,4
PART-6-1,13723,246.13907623291016,4
PART-6-1,13724,257.22665786743164,4
PART-6-1,13725,266.9120559692383,4
PART-6-1,13726,276.86820220947266,4
PART-6-1,13727,287.8306198120117,4
PART-6-1,13728,296.8787612915039,4
PART-6-1,13729,302.5118179321289,4
PART-6-1,13730,304.6238708496094,4
PART-6-1,13731,225.47104263305664,4
PART-6-1,13732,238.51533889770508,4
PART-6-1,13733,248.11672973632812,4
PART-6-1,13734,257.31875228881836,4
PART-6-1,13735,267.87840270996094,4
PART-6-1,13736,280.2511520385742,4
PART-6-1,13737,294.45821380615234,4
PART-6-1,13738,303.7643508911133,4
PART-6-1,13739,303.55953216552734,4
PART-6-1,13740,220.5210838317871,4
PART-6-1,13741,232.46060943603516,4
PART-6-1,13742,242.06565856933594,4
PART-6-1,13743,252.91551208496094,4
PART-6-1,13744,265.3868408203125,4
PART-6-1,13745,279.77213287353516,4
PART-6-1,13746,298.4761047363281,4
PART-6-1,13747,318.8680191040039,4
PART-6-1,13748,324.6516799926758,4
PART-6-1,13749,217.02869033813477,4
PART-6-1,13750,224.84730911254883,4
PART-6-1,13751,235.81231307983398,4
PART-6-1,13752,248.91532135009766,4
PART-6-1,13753,263.5264205932617,4
PART-6-1,13754,280.9735870361328,4
PART-6-1,13755,302.48400115966797,4
PART-6-1,13756,329.6173629760742,4
PART-6-1,13757,343.52764892578125,4
PART-6-1,13758,345.00000762939453,4
PART-6-1,13759,345.00000762939453,4
PART-6-1,13760,345.0,4
PART-6-1,13761,345.0,4
PART-6-1,13762,345.0,4
PART-6-1,13763,345.0,4
PART-6-1,13764,345.00000762939453,4
PART-6-1,13765,345.0000228881836,4
PART-6-1,13766,345.00003814697266,4
PART-6-1,13767,345.0000305175781,4
PART-6-1,13768,345.0000305175781,4
PART-6-1,13769,345.0000305175781,4
PART-6-1,13770,345.00000762939453,4
PART-6-1,13771,345.00000762939453,4
PART-6-1,13772,345.00000762939453,4
PART-6-1,13773,345.00001525878906,4
PART-6-1,13774,345.00001525878906,4
PART-6-1,13775,345.0,4
PART-6-1,13776,345.0,4
PART-6-1,13777,345.00001525878906,4
PART-6-1,13778,345.0000305175781,4
PART-6-1,13779,345.0000305175781,4
PART-6-1,13780,345.0000305175781,4
PART-6-1,13781,345.0000305175781,4
PART-6-1,13782,344.99998474121094,4
PART-6-1,13783,345.0,4
PART-6-1,13784,345.00001525878906,4
PART-6-1,13785,345.00001525878906,4
PART-6-1,13786,345.00001525878906,4
PART-6-1,13787,345.00001525878906,4
PART-6-1,13788,345.0000228881836,4
PART-6-1,13789,345.00003814697266,4
PART-6-1,13790,345.00003814697266,4
PART-6-1,13791,345.00003814697266,4
PART-6-1,13792,345.0000457763672,4
PART-6-1,13793,345.00003814697266,4
PART-6-1,13794,333.2222671508789,4
PART-6-1,13795,344.86619567871094,4
PART-6-1,13796,344.86621856689453,4
PART-6-1,13797,345.00001525878906,4
PART-6-1,13798,345.0,4
PART-6-1,13799,345.00001525878906,4
PART-6-1,13800,345.0000305175781,4
PART-6-1,13801,345.00003814697266,4
PART-6-1,13802,345.00003814697266,4
PART-6-1,13803,345.00003814697266,4
PART-6-1,13804,345.0000534057617,4
PART-6-1,13805,345.0000534057617,4
PART-6-1,13806,304.5744094848633,4
PART-6-1,13807,330.1689910888672,4
PART-6-1,13808,337.58019256591797,4
PART-6-1,13809,343.7259750366211,4
PART-6-1,13810,345.00001525878906,4
PART-6-1,13811,345.00001525878906,4
PART-6-1,13812,345.00001525878906,4
PART-6-1,13813,345.0000228881836,4
PART-6-1,13814,345.0000228881836,4
PART-6-1,13815,345.0000228881836,4
PART-6-1,13816,345.00003814697266,4
PART-6-1,13817,345.0000534057617,4
PART-6-1,13818,275.6795196533203,4
PART-6-1,13819,305.2631530761719,4
PART-6-1,13820,320.4491729736328,4
PART-6-1,13821,338.1393127441406,4
PART-6-1,13822,344.2684326171875,4
PART-6-1,13823,345.00001525878906,4
PART-6-1,13824,345.00000762939453,4
PART-6-1,13825,345.00001525878906,4
PART-6-1,13826,345.00000762939453,4
PART-6-1,13827,345.00000762939453,4
PART-6-1,13828,345.0000228881836,4
PART-6-1,13829,345.00003814697266,4
PART-6-1,13830,257.59544372558594,4
PART-6-1,13831,288.8762512207031,4
PART-6-1,13832,304.6868209838867,4
PART-6-1,13833,328.14198303222656,4
PART-6-1,13834,341.2467956542969,4
PART-6-1,13835,345.00001525878906,4
PART-6-1,13836,345.00000762939453,4
PART-6-1,13837,345.00000762939453,4
PART-6-1,13838,345.0,4
PART-6-1,13839,345.00000762939453,4
PART-6-1,13840,345.0000228881836,4
PART-6-1,13841,345.0000228881836,4
PART-6-1,13842,261.7454376220703,4
PART-6-1,13843,291.2668685913086,4
PART-6-1,13844,306.41261291503906,4
PART-6-1,13845,329.0637969970703,4
PART-6-1,13846,341.69181060791016,4
PART-6-1,13847,345.0000305175781,4
PART-6-1,13848,345.0,4
PART-6-1,13849,345.0,4
PART-6-1,13850,345.00000762939453,4
PART-6-1,13851,345.0000228881836,4
PART-6-1,13852,345.0000228881836,4
PART-6-1,13853,345.00000762939453,4
PART-6-1,13854,286.70963287353516,4
PART-6-1,13855,311.58641815185547,4
PART-6-1,13856,325.054443359375,4
PART-6-1,13857,340.30445861816406,4
PART-6-1,13858,344.7134323120117,4
PART-6-1,13859,345.0000228881836,4
PART-6-1,13860,345.00000762939453,4
PART-6-1,13861,345.00000762939453,4
PART-6-1,13862,345.00000762939453,4
PART-6-1,13863,345.0000228881836,4
PART-6-1,13864,345.0000228881836,4
PART-6-1,13865,345.00000762939453,4
PART-6-1,13866,317.7800064086914,4
PART-6-1,13867,334.2354507446289,4
PART-6-1,13868,340.5934829711914,4
PART-6-1,13869,344.9693069458008,4
PART-6-1,13870,345.0,4
PART-6-1,13871,345.0,4
PART-6-1,13872,345.00001525878906,4
PART-6-1,13873,345.0000228881836,4
PART-6-1,13874,345.00001525878906,4
PART-6-1,13875,345.0000228881836,4
PART-6-1,13876,345.0000305175781,4
PART-6-1,13877,345.0000228881836,4
PART-6-1,13878,339.54776763916016,4
PART-6-1,13879,345.00001525878906,4
PART-6-1,13880,345.0000228881836,4
PART-6-1,13881,345.00001525878906,4
PART-6-1,13882,344.99999237060547,4
PART-6-1,13883,345.0,4
PART-6-1,13884,345.00001525878906,4
PART-6-1,13885,345.0000228881836,4
PART-6-1,13886,345.00003814697266,4
PART-6-1,13887,345.0000457763672,4
PART-6-1,13888,345.00003814697266,4
PART-6-1,13889,345.0000305175781,4
PART-6-1,13890,345.00001525878906,4
PART-6-1,13891,345.00000762939453,4
PART-6-1,13892,345.00001525878906,4
PART-6-1,13893,345.00001525878906,4
PART-6-1,13894,345.00000762939453,4
PART-6-1,13895,345.00001525878906,4
PART-6-1,13896,345.00003814697266,4
PART-6-1,13897,345.0000457763672,4
PART-6-1,13898,345.00003814697266,4
PART-6-1,13899,345.0000457763672,4
PART-6-1,13900,345.00003814697266,4
PART-6-1,13901,345.0000305175781,4
PART-6-1,13902,345.00000762939453,4
PART-6-1,13903,345.0,4
PART-6-1,13904,345.00000762939453,4
PART-6-1,13905,344.99999237060547,4
PART-6-1,13906,345.00000762939453,4
PART-6-1,13907,345.00000762939453,4
PART-6-1,13908,345.0000228881836,4
PART-6-1,13909,345.0000534057617,4
PART-6-1,13910,345.00003814697266,4
PART-6-1,13911,345.0000305175781,4
PART-6-1,13912,345.0000305175781,4
PART-6-1,13913,345.0000305175781,4
PART-6-1,13914,345.00000762939453,4
PART-6-1,13915,345.00000762939453,4
PART-6-1,13916,345.0,4
PART-6-1,13917,344.99998474121094,4
PART-6-1,13918,344.99999237060547,4
PART-6-1,13919,344.99999237060547,4
PART-6-1,13920,344.99999237060547,4
PART-6-1,13921,345.0000305175781,4
PART-6-1,13922,345.00003814697266,4
PART-6-1,13923,345.00001525878906,4
PART-6-1,13924,345.0000228881836,4
PART-6-1,13925,345.0000305175781,4
PART-6-1,13926,242.7287826538086,4
PART-6-1,13927,239.5137939453125,4
PART-6-1,13928,246.8315658569336,4
PART-6-1,13929,259.4233055114746,4
PART-6-1,13930,272.84510803222656,4
PART-6-1,13931,287.9727249145508,4
PART-6-1,13932,304.5542907714844,4
PART-6-1,13933,328.3019332885742,4
PART-6-1,13934,343.8120422363281,4
PART-6-1,13935,241.97246170043945,4
PART-6-1,13936,255.39502334594727,4
PART-6-1,13937,257.6101379394531,4
PART-6-1,13938,263.6156463623047,4
PART-6-1,13939,272.9899673461914,4
PART-6-1,13940,284.6898193359375,4
PART-6-1,13941,299.1730041503906,4
PART-6-1,13942,318.31214904785156,4
PART-6-1,13943,328.13915252685547,4
PART-6-1,13944,233.38095092773438,4
PART-6-1,13945,252.3135108947754,4
PART-6-1,13946,260.653865814209,4
PART-6-1,13947,264.90213775634766,4
PART-6-1,13948,270.9981384277344,4
PART-6-1,13949,279.2282943725586,4
PART-6-1,13950,290.2841033935547,4
PART-6-1,13951,299.7998962402344,4
PART-6-1,13952,302.44419860839844,4
PART-6-1,13953,232.9525909423828,4
PART-6-1,13954,246.1941909790039,4
PART-6-1,13955,255.13708114624023,4
PART-6-1,13956,262.03198623657227,4
PART-6-1,13957,269.10472869873047,4
PART-6-1,13958,277.5261001586914,4
PART-6-1,13959,285.2133102416992,4
PART-6-1,13960,290.6791458129883,4
PART-6-1,13961,293.1742401123047,4
PART-6-1,13962,235.72624588012695,4
PART-6-1,13963,244.7423973083496,4
PART-6-1,13964,254.47346115112305,4
PART-6-1,13965,265.38107681274414,4
PART-6-1,13966,276.3994369506836,4
PART-6-1,13967,286.3605651855469,4
PART-6-1,13968,294.63590240478516,4
PART-6-1,13969,300.87294006347656,4
PART-6-1,13970,304.52488708496094,4
PART-6-1,13971,239.6428985595703,4
PART-6-1,13972,247.72607040405273,4
PART-6-1,13973,262.1438407897949,4
PART-6-1,13974,276.5711212158203,4
PART-6-1,13975,289.39170837402344,4
PART-6-1,13976,300.62999725341797,4
PART-6-1,13977,310.1903076171875,4
PART-6-1,13978,318.14029693603516,4
PART-6-1,13979,324.7024459838867,4
PART-6-1,13980,245.58815383911133,4
PART-6-1,13981,253.98800659179688,4
PART-6-1,13982,271.04010009765625,4
PART-6-1,13983,286.75658416748047,4
PART-6-1,13984,300.96730041503906,4
PART-6-1,13985,313.6083679199219,4
PART-6-1,13986,324.6317901611328,4
PART-6-1,13987,333.9448928833008,4
PART-6-1,13988,339.7579040527344,4
PART-6-1,13989,253.07994842529297,4
PART-6-1,13990,261.63232421875,4
PART-6-1,13991,279.54522705078125,4
PART-6-1,13992,296.1648178100586,4
PART-6-1,13993,311.52733612060547,4
PART-6-1,13994,325.4775695800781,4
PART-6-1,13995,336.6548614501953,4
PART-6-1,13996,343.07984924316406,4
PART-6-1,13997,345.00000762939453,4
PART-6-1,13998,260.9927215576172,4
PART-6-1,13999,269.4330368041992,4
PART-6-1,14000,287.7194519042969,4
PART-6-1,14001,304.92726135253906,4
PART-6-1,14002,321.1135559082031,4
PART-6-1,14003,335.2611846923828,4
PART-6-1,14004,343.31298065185547,4
PART-6-1,14005,345.0000457763672,4
PART-6-1,14006,345.00000762939453,4
PART-6-1,14007,269.2632827758789,4
PART-6-1,14008,277.3044662475586,4
PART-6-1,14009,295.4635467529297,4
PART-6-1,14010,312.8390808105469,4
PART-6-1,14011,329.52115631103516,4
PART-6-1,14012,341.3161163330078,4
PART-6-1,14013,345.0000686645508,4
PART-6-1,14014,345.0000534057617,4
PART-6-1,14015,345.0,4
PART-6-1,14016,277.86000061035156,4
PART-6-1,14017,285.07861328125,4
PART-6-1,14018,302.5537567138672,4
PART-6-1,14019,319.69286346435547,4
PART-6-1,14020,335.7143020629883,4
PART-6-1,14021,344.15777587890625,4
PART-6-1,14022,345.00006103515625,4
PART-6-1,14023,345.00003814697266,4
PART-6-1,14024,344.99998474121094,4
PART-6-1,14025,286.60608673095703,4
PART-6-1,14026,292.60443115234375,4
PART-6-1,14027,308.7642822265625,4
PART-6-1,14028,325.2046890258789,4
PART-6-1,14029,339.14585876464844,4
PART-6-1,14030,345.00001525878906,4
PART-6-1,14031,345.00006103515625,4
PART-6-1,14032,345.0000457763672,4
PART-6-1,14033,344.99999237060547,4
PART-6-1,14034,295.34656524658203,4
PART-6-1,14035,299.74852752685547,4
PART-6-1,14036,313.9147644042969,4
PART-6-1,14037,329.1116027832031,4
PART-6-1,14038,340.75730895996094,4
PART-6-1,14039,345.0000305175781,4
PART-6-1,14040,345.0000457763672,4
PART-6-1,14041,345.0000228881836,4
PART-6-1,14042,344.99999237060547,4
PART-6-1,14043,303.87255859375,4
PART-6-1,14044,306.45117950439453,4
PART-6-1,14045,317.9124526977539,4
PART-6-1,14046,331.22876739501953,4
PART-6-1,14047,341.3115005493164,4
PART-6-1,14048,345.00001525878906,4
PART-6-1,14049,345.0000228881836,4
PART-6-1,14050,345.00001525878906,4
PART-6-1,14051,345.0,4
PART-6-1,14052,312.9769973754883,4
PART-6-1,14053,313.64749908447266,4
PART-6-1,14054,320.77064514160156,4
PART-6-1,14055,331.5956039428711,4
PART-6-1,14056,340.7972412109375,4
PART-6-1,14057,344.99998474121094,4
PART-6-1,14058,345.00000762939453,4
PART-6-1,14059,345.0000228881836,4
PART-6-1,14060,345.0000228881836,4
PART-6-1,14061,322.6000747680664,4
PART-6-1,14062,321.4522476196289,4
PART-6-1,14063,322.59349822998047,4
PART-6-1,14064,330.4646301269531,4
PART-6-1,14065,337.8453826904297,4
PART-6-1,14066,343.4222717285156,4
PART-6-1,14067,345.00000762939453,4
PART-6-1,14068,345.00000762939453,4
PART-6-1,14069,345.00001525878906,4
PART-6-1,14070,331.2967529296875,4
PART-6-1,14071,328.5859375,4
PART-6-1,14072,323.5100860595703,4
PART-6-1,14073,328.0932083129883,4
PART-6-1,14074,332.24098205566406,4
PART-6-1,14075,337.62796783447266,4
PART-6-1,14076,341.4844207763672,4
PART-6-1,14077,343.72452545166016,4
PART-6-1,14078,345.00000762939453,4
PART-6-1,14079,336.96343994140625,4
PART-6-1,14080,334.75633239746094,4
PART-6-1,14081,325.5349655151367,4
PART-6-1,14082,324.7646026611328,4
PART-6-1,14083,325.3414535522461,4
PART-6-1,14084,328.16402435302734,4
PART-6-1,14085,331.3017578125,4
PART-6-1,14086,336.7931900024414,4
PART-6-1,14087,338.89615631103516,4
PART-6-1,14088,339.3430938720703,4
PART-6-1,14089,340.06148529052734,4
PART-6-1,14090,332.58101654052734,4
PART-6-1,14091,326.5318145751953,4
PART-6-1,14092,320.54625701904297,4
PART-6-1,14093,317.82081604003906,4
PART-6-1,14094,317.31227111816406,4
PART-6-1,14095,322.7154998779297,4
PART-6-1,14096,322.97166442871094,4
PART-6-1,14097,340.6318054199219,4
PART-6-1,14098,343.74011993408203,4
PART-6-1,14099,341.4273223876953,4
PART-6-1,14100,335.18973541259766,4
PART-6-1,14101,325.2112503051758,4
PART-6-1,14102,317.3420639038086,4
PART-6-1,14103,310.38513946533203,4
PART-6-1,14104,309.0575180053711,4
PART-6-1,14105,303.19283294677734,4
PART-6-1,14106,343.1043472290039,4
PART-6-1,14107,345.00000762939453,4
PART-6-1,14108,345.00001525878906,4
PART-6-1,14109,342.54640197753906,4
PART-6-1,14110,335.84346771240234,4
PART-6-1,14111,327.39579010009766,4
PART-6-1,14112,316.6804962158203,4
PART-6-1,14113,310.0559539794922,4
PART-6-1,14114,296.7171401977539,4
PART-6-1,14115,345.00003814697266,4
PART-6-1,14116,345.00001525878906,4
PART-6-1,14117,345.00000762939453,4
PART-6-1,14118,344.9308090209961,4
PART-6-1,14119,342.8729553222656,4
PART-6-1,14120,337.29357147216797,4
PART-6-1,14121,327.6734161376953,4
PART-6-1,14122,321.7291717529297,4
PART-6-1,14123,306.2528076171875,4
PART-6-1,14124,345.00001525878906,4
PART-6-1,14125,345.0000228881836,4
PART-6-1,14126,345.00001525878906,4
PART-6-1,14127,345.00000762939453,4
PART-6-1,14128,345.0,4
PART-6-1,14129,343.3773651123047,4
PART-6-1,14130,336.67342376708984,4
PART-6-1,14131,331.77066802978516,4
PART-6-1,14132,317.57042694091797,4
PART-6-1,14133,345.0,4
PART-6-1,14134,345.00001525878906,4
PART-6-1,14135,345.00001525878906,4
PART-6-1,14136,345.0,4
PART-6-1,14137,344.99998474121094,4
PART-6-1,14138,345.00000762939453,4
PART-6-1,14139,342.47833251953125,4
PART-6-1,14140,340.08362579345703,4
PART-6-1,14141,327.26466369628906,4
PART-6-1,14142,345.0,4
PART-6-1,14143,345.00000762939453,4
PART-6-1,14144,345.0,4
PART-6-1,14145,344.9999771118164,4
PART-6-1,14146,344.99998474121094,4
PART-6-1,14147,345.00001525878906,4
PART-6-1,14148,344.6880416870117,4
PART-6-1,14149,344.3968505859375,4
PART-6-1,14150,334.3234100341797,4
PART-6-1,14151,345.0000457763672,4
PART-6-1,14152,345.0000228881836,4
PART-6-1,14153,345.00000762939453,4
PART-6-1,14154,345.0,4
PART-6-1,14155,345.0,4
PART-6-1,14156,345.00000762939453,4
PART-6-1,14157,344.99999237060547,4
PART-6-1,14158,344.99999237060547,4
PART-6-1,14159,339.0116195678711,4
PART-6-1,14160,345.00003814697266,4
PART-6-1,14161,345.00001525878906,4
PART-6-1,14162,345.00000762939453,4
PART-6-1,14163,345.00001525878906,4
PART-6-1,14164,345.00001525878906,4
PART-6-1,14165,345.00001525878906,4
PART-6-1,14166,345.0000305175781,4
PART-6-1,14167,345.00003814697266,4
PART-6-1,14168,342.5546188354492,4
PART-6-1,14169,345.00001525878906,4
PART-6-1,14170,345.0,4
PART-6-1,14171,344.99999237060547,4
PART-6-1,14172,345.0,4
PART-6-1,14173,345.00000762939453,4
PART-6-1,14174,345.0000228881836,4
PART-6-1,14175,345.0000457763672,4
PART-6-1,14176,345.00006103515625,4
PART-6-1,14177,344.0175323486328,4
PART-6-1,14178,345.0000305175781,4
PART-6-1,14179,345.00001525878906,4
PART-6-1,14180,345.00000762939453,4
PART-6-1,14181,345.00000762939453,4
PART-6-1,14182,345.0,4
PART-6-1,14183,345.00000762939453,4
PART-6-1,14184,345.00000762939453,4
PART-6-1,14185,345.0000305175781,4
PART-6-1,14186,344.06067657470703,4
PART-6-1,14187,345.0000228881836,4
PART-6-1,14188,345.0,4
PART-6-1,14189,345.00000762939453,4
PART-6-1,14190,345.00001525878906,4
PART-6-1,14191,345.0,4
PART-6-1,14192,345.0,4
PART-6-1,14193,345.00000762939453,4
PART-6-1,14194,345.00001525878906,4
PART-6-1,14195,344.41783905029297,4
PART-6-1,14196,345.0000228881836,4
PART-6-1,14197,345.0,4
PART-6-1,14198,345.00000762939453,4
PART-6-1,14199,345.00001525878906,4
PART-6-1,14200,345.0,4
PART-6-1,14201,345.00000762939453,4
PART-6-1,14202,345.0000305175781,4
PART-6-1,14203,345.0000228881836,4
PART-6-1,14204,344.85550689697266,4
PART-6-1,14205,345.0000305175781,4
PART-6-1,14206,345.00001525878906,4
PART-6-1,14207,345.00000762939453,4
PART-6-1,14208,345.00000762939453,4
PART-6-1,14209,344.99999237060547,4
PART-6-1,14210,345.00000762939453,4
PART-6-1,14211,345.00003814697266,4
PART-6-1,14212,345.0000228881836,4
PART-6-1,14213,344.99999237060547,4
PART-6-1,14214,345.0000305175781,4
PART-6-1,14215,345.00001525878906,4
PART-6-1,14216,345.0,4
PART-6-1,14217,345.0,4
PART-6-1,14218,345.0,4
PART-6-1,14219,345.00001525878906,4
PART-6-1,14220,345.00001525878906,4
PART-6-1,14221,345.00000762939453,4
PART-6-1,14222,345.0,4
PART-6-1,14223,345.0000305175781,4
PART-6-1,14224,345.00001525878906,4
PART-6-1,14225,345.0,4
PART-6-1,14226,344.99999237060547,4
PART-6-1,14227,344.99999237060547,4
PART-6-1,14228,345.00000762939453,4
PART-6-1,14229,345.0,4
PART-6-1,14230,345.00001525878906,4
PART-6-1,14231,345.0000305175781,4
PART-6-1,14232,345.0000305175781,4
PART-6-1,14233,345.00000762939453,4
PART-6-1,14234,344.99999237060547,4
PART-6-1,14235,344.99999237060547,4
PART-6-1,14236,344.99998474121094,4
PART-6-1,14237,344.99999237060547,4
PART-6-1,14238,345.00000762939453,4
PART-6-1,14239,345.00001525878906,4
PART-6-1,14240,345.00001525878906,4
PART-6-1,14241,345.0000228881836,4
PART-6-1,14242,344.99999237060547,4
PART-6-1,14243,344.99999237060547,4
PART-6-1,14244,345.00000762939453,4
PART-6-1,14245,345.0,4
PART-6-1,14246,345.0,4
PART-6-1,14247,345.00000762939453,4
PART-6-1,14248,344.99999237060547,4
PART-6-1,14249,344.99998474121094,4
PART-6-1,14250,345.00001525878906,4
PART-6-1,14251,344.99999237060547,4
PART-6-1,14252,345.0,4
PART-6-1,14253,345.00000762939453,4
PART-6-1,14254,345.00000762939453,4
PART-6-1,14255,345.00000762939453,4
PART-6-1,14256,345.0,4
PART-6-1,14257,344.99999237060547,4
PART-6-1,14258,344.99999237060547,4
PART-6-1,14259,345.00001525878906,4
PART-6-1,14260,345.00000762939453,4
PART-6-1,14261,345.0,4
PART-6-1,14262,344.99999237060547,4
PART-6-1,14263,345.00000762939453,4
PART-6-1,14264,345.0000228881836,4
PART-6-1,14265,345.00000762939453,4
PART-6-1,14266,345.0,4
PART-6-1,14267,345.00000762939453,4
PART-6-1,14268,345.0000228881836,4
PART-6-1,14269,345.00001525878906,4
PART-6-1,14270,345.0,4
PART-6-1,14271,344.99999237060547,4
PART-6-1,14272,344.99999237060547,4
PART-6-1,14273,345.00000762939453,4
PART-6-1,14274,345.00000762939453,4
PART-6-1,14275,345.0,4
PART-6-1,14276,345.00001525878906,4
PART-6-1,14277,345.00003814697266,4
PART-6-1,14278,345.0000305175781,4
PART-6-1,14279,345.00001525878906,4
PART-6-1,14280,345.00001525878906,4
PART-6-1,14281,345.0,4
PART-6-1,14282,344.99999237060547,4
PART-6-1,14283,345.0,4
PART-6-1,14284,345.00000762939453,4
PART-6-1,14285,345.0000228881836,4
PART-6-1,14286,345.00003814697266,4
PART-6-1,14287,345.00003814697266,4
PART-6-1,14288,345.0000457763672,4
PART-6-1,14289,345.00003814697266,4
PART-6-1,14290,345.00001525878906,4
PART-6-1,14291,345.00000762939453,4
PART-6-1,14292,345.00001525878906,4
PART-6-1,14293,345.00001525878906,4
PART-6-1,14294,345.00001525878906,4
PART-6-1,14295,345.0000228881836,4
PART-6-1,14296,345.0000228881836,4
PART-6-1,14297,345.00003814697266,4
PART-6-1,14298,345.0000305175781,4
PART-6-1,14299,345.0000305175781,4
PART-6-1,14300,345.00003814697266,4
PART-6-1,14301,345.00003814697266,4
PART-6-1,14302,345.0000228881836,4
PART-6-1,14303,345.00000762939453,4
PART-6-1,14304,345.00000762939453,4
PART-6-1,14305,345.00001525878906,4
PART-6-1,14306,345.00001525878906,4
PART-6-1,14307,345.00001525878906,4
PART-6-1,14308,345.00003814697266,4
PART-6-1,14309,345.0000457763672,4
PART-6-1,14310,345.00003814697266,4
PART-6-1,14311,345.0000305175781,4
PART-6-1,14312,345.00001525878906,4
PART-6-1,14313,345.00000762939453,4
PART-6-1,14314,345.00000762939453,4
PART-6-1,14315,345.0,4
PART-6-1,14316,345.00000762939453,4
PART-6-1,14317,345.0000228881836,4
PART-6-1,14318,345.0000228881836,4
PART-6-1,14319,345.00003814697266,4
PART-6-1,14320,345.0000457763672,4
PART-6-1,14321,345.0000305175781,4
PART-6-1,14322,345.00000762939453,4
PART-6-1,14323,345.0,4
PART-6-1,14324,344.99999237060547,4
PART-6-1,14325,345.0,4
PART-6-1,14326,345.00000762939453,4
PART-6-1,14327,345.00000762939453,4
PART-6-1,14328,345.00003814697266,4
PART-6-1,14329,345.0000457763672,4
PART-6-1,14330,345.0000305175781,4
PART-6-1,14331,345.0000228881836,4
PART-6-1,14332,345.00000762939453,4
PART-6-1,14333,345.0,4
PART-6-1,14334,345.00000762939453,4
PART-6-1,14335,345.00001525878906,4
PART-6-1,14336,345.0000228881836,4
PART-6-1,14337,345.00006103515625,4
PART-6-1,14338,345.0000457763672,4
PART-6-1,14339,345.0000228881836,4
PART-6-1,14340,345.00003814697266,4
PART-6-1,14341,345.00000762939453,4
PART-6-1,14342,345.00000762939453,4
PART-6-1,14343,345.0000228881836,4
PART-6-1,14344,345.0000305175781,4
PART-6-1,14345,345.00003814697266,4
PART-6-1,14346,345.00006103515625,4
PART-6-1,14347,345.0000457763672,4
PART-6-1,14348,345.0000305175781,4
PART-6-1,14349,345.00003814697266,4
PART-6-1,14350,345.0000228881836,4
PART-6-1,14351,345.00001525878906,4
PART-6-1,14352,345.0000457763672,4
PART-6-1,14353,345.0000534057617,4
PART-6-1,14354,345.0000228881836,4
PART-6-1,14355,345.00000762939453,4
PART-6-1,14356,345.00001525878906,4
PART-6-1,14357,345.0000305175781,4
PART-6-1,14358,345.0000534057617,4
PART-6-1,14359,345.00003814697266,4
PART-6-1,14360,345.0000228881836,4
PART-6-1,14361,345.0000457763672,4
PART-6-1,14362,345.0000457763672,4
PART-6-1,14363,345.00000762939453,4
PART-6-1,14364,344.99999237060547,4
PART-6-1,14365,345.0,4
PART-6-1,14366,345.00000762939453,4
PART-6-1,14367,345.0000457763672,4
PART-6-1,14368,345.0000305175781,4
PART-6-1,14369,345.0000228881836,4
PART-6-1,14370,345.00001525878906,4
PART-6-1,14371,345.00000762939453,4
PART-6-1,14372,344.99999237060547,4
PART-6-1,14373,344.99999237060547,4
PART-6-1,14374,344.99999237060547,4
PART-6-1,14375,344.99998474121094,4
PART-6-1,14376,345.0000305175781,4
PART-6-1,14377,345.0000228881836,4
PART-6-1,14378,345.00000762939453,4
PART-6-1,14379,345.0,4
PART-6-1,14380,345.0,4
PART-6-1,14381,344.99999237060547,4
PART-6-1,14382,345.0,4
PART-6-1,14383,344.99999237060547,4
PART-6-1,14384,344.99998474121094,4
PART-6-1,14385,345.00001525878906,4
PART-6-1,14386,345.0,4
PART-6-1,14387,344.99998474121094,4
PART-6-1,14388,345.0,4
PART-6-1,14389,345.00001525878906,4
PART-6-1,14390,345.00000762939453,4
PART-6-1,14391,345.00000762939453,4
PART-6-1,14392,345.0,4
PART-6-1,14393,344.99999237060547,4
PART-6-1,14394,345.0,4
PART-6-1,14395,345.0,4
PART-6-1,14396,344.99999237060547,4
PART-6-1,14397,345.00000762939453,4
PART-6-1,14398,345.0000228881836,4
PART-6-1,14399,345.00001525878906,4
PART-6-1,14400,345.00000762939453,4
PART-6-1,14401,344.99999237060547,4
PART-6-1,14402,344.99999237060547,4
PART-6-1,14403,345.0,4
PART-6-1,14404,345.00000762939453,4
PART-6-1,14405,345.00001525878906,4
PART-6-1,14406,345.00001525878906,4
PART-6-1,14407,345.00001525878906,4
PART-6-1,14408,345.00000762939453,4
PART-6-1,14409,345.0,4
PART-6-1,14410,344.99998474121094,4
PART-6-1,14411,344.99998474121094,4
PART-6-1,14412,345.0,4
PART-6-1,14413,345.00000762939453,4
PART-6-1,14414,345.00000762939453,4
PART-6-1,14415,344.99999237060547,4
PART-6-1,14416,345.0,4
PART-6-1,14417,345.00000762939453,4
PART-6-1,14418,345.00000762939453,4
PART-6-1,14419,345.0,4
PART-6-1,14420,344.99999237060547,4
PART-6-1,14421,345.0,4
PART-6-1,14422,344.99999237060547,4
PART-6-1,14423,344.99999237060547,4
PART-6-1,14424,344.9999771118164,4
PART-6-1,14425,344.99998474121094,4
PART-6-1,14426,345.00001525878906,4
PART-6-1,14427,345.0000228881836,4
PART-6-1,14428,345.00000762939453,4
PART-6-1,14429,345.0,4
PART-6-1,14430,345.0,4
PART-6-1,14431,344.99998474121094,4
PART-6-1,14432,344.99999237060547,4
PART-6-1,14433,344.99999237060547,4
PART-6-1,14434,344.99998474121094,4
PART-6-1,14435,345.0,4
PART-6-1,14436,345.0,4
PART-6-1,14437,345.0,4
PART-6-1,14438,345.00001525878906,4
PART-6-1,14439,345.00001525878906,4
PART-6-1,14440,345.0,4
PART-6-1,14441,345.00001525878906,4
PART-6-1,14442,345.0000228881836,4
PART-6-1,14443,344.99999237060547,4
PART-6-1,14444,344.99998474121094,4
PART-6-1,14445,344.99998474121094,4
PART-6-1,14446,345.00000762939453,4
PART-6-1,14447,345.0000228881836,4
PART-6-1,14448,345.0000228881836,4
PART-6-1,14449,345.00000762939453,4
PART-6-1,14450,345.0000228881836,4
PART-6-1,14451,345.0000305175781,4
PART-6-1,14452,345.0000228881836,4
PART-6-1,14453,345.00001525878906,4
PART-6-1,14454,344.99998474121094,4
PART-6-1,14455,345.0,4
PART-6-1,14456,345.00000762939453,4
PART-6-1,14457,345.00001525878906,4
PART-6-1,14458,345.00000762939453,4
PART-6-1,14459,345.00001525878906,4
PART-6-1,14460,345.00001525878906,4
PART-6-1,14461,345.0000305175781,4
PART-6-1,14462,345.0000228881836,4
PART-6-1,14463,344.99999237060547,4
PART-6-1,14464,345.00000762939453,4
PART-6-1,14465,345.00000762939453,4
PART-6-1,14466,345.00000762939453,4
PART-6-1,14467,345.0000305175781,4
PART-6-1,14468,345.0000305175781,4
PART-6-1,14469,345.0,4
PART-6-1,14470,345.0,4
PART-6-1,14471,344.99998474121094,4
PART-6-1,14472,344.99999237060547,4
PART-6-1,14473,345.00001525878906,4
PART-6-1,14474,345.00001525878906,4
PART-6-1,14475,345.00000762939453,4
PART-6-1,14476,345.0000457763672,4
PART-6-1,14477,345.0000305175781,4
PART-6-1,14478,344.99999237060547,4
PART-6-1,14479,344.99999237060547,4
PART-6-1,14480,344.99998474121094,4
PART-6-1,14481,344.99998474121094,4
PART-6-1,14482,344.99999237060547,4
PART-6-1,14483,344.79229736328125,4
PART-6-1,14484,345.0000228881836,4
PART-6-1,14485,345.0000305175781,4
PART-6-1,14486,345.00001525878906,4
PART-6-1,14487,345.0,4
PART-6-1,14488,345.0,4
PART-6-1,14489,344.99999237060547,4
PART-6-1,14490,344.99998474121094,4
PART-6-1,14491,344.99999237060547,4
PART-6-1,14492,342.9342041015625,4
PART-6-1,14493,345.0000305175781,4
PART-6-1,14494,345.0000305175781,4
PART-6-1,14495,345.00001525878906,4
PART-6-1,14496,345.00000762939453,4
PART-6-1,14497,345.00001525878906,4
PART-6-1,14498,345.00000762939453,4
PART-6-1,14499,345.0,4
PART-6-1,14500,345.0,4
PART-6-1,14501,335.6640167236328,4
PART-6-1,14502,345.0000228881836,4
PART-6-1,14503,345.0000305175781,4
PART-6-1,14504,345.00001525878906,4
PART-6-1,14505,345.0,4
PART-6-1,14506,345.00001525878906,4
PART-6-1,14507,344.59603118896484,4
PART-6-1,14508,340.78629302978516,4
PART-6-1,14509,339.23426818847656,4
PART-6-1,14510,323.2264099121094,4
PART-6-1,14511,345.0,4
PART-6-1,14512,345.0000228881836,4
PART-6-1,14513,345.0000228881836,4
PART-6-1,14514,345.0,4
PART-6-1,14515,345.00000762939453,4
PART-6-1,14516,344.5960159301758,4
PART-6-1,14517,340.78629302978516,4
PART-6-1,14518,339.2342834472656,4
PART-6-1,14519,323.77838134765625,4
PART-6-1,14520,345.0,4
PART-6-1,14521,345.0000228881836,4
PART-6-1,14522,345.0000228881836,4
PART-6-1,14523,345.00000762939453,4
PART-6-1,14524,345.00001525878906,4
PART-6-1,14525,345.00000762939453,4
PART-6-1,14526,345.00001525878906,4
PART-6-1,14527,345.0000228881836,4
PART-6-1,14528,336.26834869384766,4
PART-6-1,14529,345.00000762939453,4
PART-6-1,14530,345.00001525878906,4
PART-6-1,14531,345.00001525878906,4
PART-6-1,14532,345.0,4
PART-6-1,14533,345.0,4
PART-6-1,14534,345.0,4
PART-6-1,14535,345.0,4
PART-6-1,14536,345.00000762939453,4
PART-6-1,14537,343.19427490234375,4
PART-6-1,14538,345.00001525878906,4
PART-6-1,14539,344.99999237060547,4
PART-6-1,14540,345.00001525878906,4
PART-6-1,14541,345.0,4
PART-6-1,14542,344.99998474121094,4
PART-6-1,14543,345.0,4
PART-6-1,14544,345.0,4
PART-6-1,14545,345.0,4
PART-6-1,14546,345.00000762939453,4
PART-6-1,14547,343.9938201904297,4
PART-6-1,14548,344.99998474121094,4
PART-6-1,14549,345.0,4
PART-6-1,14550,345.00000762939453,4
PART-6-1,14551,345.0,4
PART-6-1,14552,345.00000762939453,4
PART-6-1,14553,345.00000762939453,4
PART-6-1,14554,345.0,4
PART-6-1,14555,345.00000762939453,4
PART-6-1,14556,339.9474639892578,4
PART-6-1,14557,345.0000228881836,4
PART-6-1,14558,345.0000228881836,4
PART-6-1,14559,345.00001525878906,4
PART-6-1,14560,345.00003814697266,4
PART-6-1,14561,345.0000305175781,4
PART-6-1,14562,345.00000762939453,4
PART-6-1,14563,345.00000762939453,4
PART-6-1,14564,345.0,4
PART-6-1,14565,333.8831253051758,4
PART-6-1,14566,344.99390411376953,4
PART-6-1,14567,345.00003814697266,4
PART-6-1,14568,345.0,4
PART-6-1,14569,345.0000305175781,4
PART-6-1,14570,345.0000534057617,4
PART-6-1,14571,345.0000305175781,4
PART-6-1,14572,345.00000762939453,4
PART-6-1,14573,345.0,4
PART-6-1,14574,325.3742904663086,4
PART-6-1,14575,339.39232635498047,4
PART-6-1,14576,343.1521759033203,4
PART-6-1,14577,345.00000762939453,4
PART-6-1,14578,344.99999237060547,4
PART-6-1,14579,345.00001525878906,4
PART-6-1,14580,345.00001525878906,4
PART-6-1,14581,344.99999237060547,4
PART-6-1,14582,344.99999237060547,4
PART-6-1,14583,314.7852249145508,4
PART-6-1,14584,327.0928039550781,4
PART-6-1,14585,336.86512756347656,4
PART-6-1,14586,343.5274429321289,4
PART-6-1,14587,345.00000762939453,4
PART-6-1,14588,344.99999237060547,4
PART-6-1,14589,345.00001525878906,4
PART-6-1,14590,345.00000762939453,4
PART-6-1,14591,344.99999237060547,4
PART-6-1,14592,304.7466125488281,4
PART-6-1,14593,314.0088348388672,4
PART-6-1,14594,326.70399475097656,4
PART-6-1,14595,338.13375091552734,4
PART-6-1,14596,343.90023040771484,4
PART-6-1,14597,345.00001525878906,4
PART-6-1,14598,345.00003814697266,4
PART-6-1,14599,345.0000228881836,4
PART-6-1,14600,345.0,4
PART-6-1,14601,295.1444625854492,4
PART-6-1,14602,301.76834869384766,4
PART-6-1,14603,315.45630645751953,4
PART-6-1,14604,328.8188247680664,4
PART-6-1,14605,339.4010009765625,4
PART-6-1,14606,344.25548553466797,4
PART-6-1,14607,345.00001525878906,4
PART-6-1,14608,345.00000762939453,4
PART-6-1,14609,345.0,4
PART-6-1,14610,286.1716766357422,4
PART-6-1,14611,290.73553466796875,4
PART-6-1,14612,304.7759094238281,4
PART-6-1,14613,318.1780014038086,4
PART-6-1,14614,330.68333435058594,4
PART-6-1,14615,340.089111328125,4
PART-6-1,14616,344.27587127685547,4
PART-6-1,14617,345.0000305175781,4
PART-6-1,14618,345.00001525878906,4
PART-6-1,14619,277.8903045654297,4
PART-6-1,14620,281.1177062988281,4
PART-6-1,14621,294.9303970336914,4
PART-6-1,14622,307.9343795776367,4
PART-6-1,14623,320.04232025146484,4
PART-6-1,14624,330.95957946777344,4
PART-6-1,14625,339.04112243652344,4
PART-6-1,14626,343.4537811279297,4
PART-6-1,14627,345.00003814697266,4
PART-6-1,14628,270.2988815307617,4
PART-6-1,14629,272.91243743896484,4
PART-6-1,14630,286.00438690185547,4
PART-6-1,14631,298.23490142822266,4
PART-6-1,14632,309.42186737060547,4
PART-6-1,14633,319.34471893310547,4
PART-6-1,14634,327.94950103759766,4
PART-6-1,14635,335.33734130859375,4
PART-6-1,14636,340.2458267211914,4
PART-6-1,14637,263.2676086425781,4
PART-6-1,14638,265.9905319213867,4
PART-6-1,14639,277.93031311035156,4
PART-6-1,14640,288.9972381591797,4
PART-6-1,14641,298.85833740234375,4
PART-6-1,14642,307.25848388671875,4
PART-6-1,14643,314.35359954833984,4
PART-6-1,14644,320.74710845947266,4
PART-6-1,14645,326.63692474365234,4
PART-6-1,14646,256.6530456542969,4
PART-6-1,14647,260.02643966674805,4
PART-6-1,14648,270.48724365234375,4
PART-6-1,14649,279.99910736083984,4
PART-6-1,14650,288.03602600097656,4
PART-6-1,14651,294.6291275024414,4
PART-6-1,14652,299.71788024902344,4
PART-6-1,14653,304.00098419189453,4
PART-6-1,14654,307.80362701416016,4
PART-6-1,14655,250.4381217956543,4
PART-6-1,14656,254.77297973632812,4
PART-6-1,14657,263.2064895629883,4
PART-6-1,14658,270.6433410644531,4
PART-6-1,14659,276.4877700805664,4
PART-6-1,14660,280.9139862060547,4
PART-6-1,14661,283.95709228515625,4
PART-6-1,14662,285.79625701904297,4
PART-6-1,14663,286.7949981689453,4
PART-6-1,14664,245.17366409301758,4
PART-6-1,14665,250.24684524536133,4
PART-6-1,14666,255.30428314208984,4
PART-6-1,14667,259.91046142578125,4
PART-6-1,14668,263.0718688964844,4
PART-6-1,14669,265.40525817871094,4
PART-6-1,14670,266.6614303588867,4
PART-6-1,14671,266.43872833251953,4
PART-6-1,14672,264.1612243652344,4
PART-6-1,14673,241.3662109375,4
PART-6-1,14674,248.59209442138672,4
PART-6-1,14675,251.58809280395508,4
PART-6-1,14676,253.7021598815918,4
PART-6-1,14677,254.85094451904297,4
PART-6-1,14678,256.8325653076172,4
PART-6-1,14679,258.1887664794922,4
PART-6-1,14680,257.5117645263672,4
PART-6-1,14681,253.84527206420898,4
PART-6-1,14682,238.70705795288086,4
PART-6-1,14683,250.1020393371582,4
PART-6-1,14684,253.69109344482422,4
PART-6-1,14685,255.50754165649414,4
PART-6-1,14686,258.06664276123047,4
PART-6-1,14687,261.02040100097656,4
PART-6-1,14688,265.95664978027344,4
PART-6-1,14689,269.73917388916016,4
PART-6-1,14690,267.24592208862305,4
PART-6-1,14691,242.79520797729492,4
PART-6-1,14692,253.36957168579102,4
PART-6-1,14693,256.4679985046387,4
PART-6-1,14694,260.3926086425781,4
PART-6-1,14695,264.68243408203125,4
PART-6-1,14696,269.8350601196289,4
PART-6-1,14697,276.72220611572266,4
PART-6-1,14698,288.8669662475586,4
PART-6-1,14699,295.40662384033203,4
PART-6-1,14700,263.63153076171875,4
PART-6-1,14701,258.61817169189453,4
PART-6-1,14702,260.46178436279297,4
PART-6-1,14703,265.1047821044922,4
PART-6-1,14704,270.1042709350586,4
PART-6-1,14705,276.70619201660156,4
PART-6-1,14706,284.3070755004883,4
PART-6-1,14707,298.0693130493164,4
PART-6-1,14708,317.7831802368164,4
PART-6-1,14709,342.9070281982422,4
PART-6-1,14710,332.19844818115234,4
PART-6-1,14711,303.6378173828125,4
PART-6-1,14712,273.7085647583008,4
PART-6-1,14713,257.7042045593262,4
PART-6-1,14714,249.67539978027344,4
PART-6-1,14715,251.72061920166016,4
PART-6-1,14716,258.3074417114258,4
PART-6-1,14717,266.0371513366699,4
PART-6-1,14718,273.88111114501953,4
PART-6-1,14719,278.36096954345703,4
PART-6-1,14720,280.01055908203125,4
PART-6-1,14721,345.00001525878906,4
PART-6-1,14722,337.5245819091797,4
PART-6-1,14723,311.7719268798828,4
PART-6-1,14724,283.2862777709961,4
PART-6-1,14725,267.42222595214844,4
PART-6-1,14726,258.13275146484375,4
PART-6-1,14727,252.18859100341797,4
PART-6-1,14728,248.2538185119629,4
PART-6-1,14729,245.74366760253906,4
PART-6-1,14730,244.84472274780273,4
PART-6-1,14731,247.40504455566406,4
PART-6-1,14732,254.60483169555664,4
PART-6-1,14733,344.08770751953125,4
PART-6-1,14734,341.2033157348633,4
PART-6-1,14735,322.7534484863281,4
PART-6-1,14736,293.4277572631836,4
PART-6-1,14737,273.1180191040039,4
PART-6-1,14738,262.65767669677734,4
PART-6-1,14739,255.83551406860352,4
PART-6-1,14740,253.10354614257812,4
PART-6-1,14741,254.25315475463867,4
PART-6-1,14742,258.75576400756836,4
PART-6-1,14743,264.46359634399414,4
PART-6-1,14744,266.41497802734375,4
PART-6-1,14745,299.51781845092773,4
PART-6-1,14746,327.48046875,4
PART-6-1,14747,318.58985137939453,4
PART-6-1,14748,294.52452087402344,4
PART-6-1,14749,279.04237365722656,4
PART-6-1,14750,268.77632904052734,4
PART-6-1,14751,263.3704376220703,4
PART-6-1,14752,260.12184143066406,4
PART-6-1,14753,257.22264099121094,4
PART-6-1,14754,253.98134231567383,4
PART-6-1,14755,253.13653945922852,4
PART-6-1,14756,252.0847396850586,4
PART-6-1,14757,225.7375030517578,4
PART-6-1,14758,275.90622329711914,4
PART-6-1,14759,290.7903747558594,4
PART-6-1,14760,283.60633087158203,4
PART-6-1,14761,275.0494689941406,4
PART-6-1,14762,268.94276428222656,4
PART-6-1,14763,265.2665786743164,4
PART-6-1,14764,263.88297271728516,4
PART-6-1,14765,263.35680389404297,4
PART-6-1,14766,260.11852264404297,4
PART-6-1,14767,251.96654891967773,4
PART-6-1,14768,241.9455108642578,4
PART-6-1,14769,178.97179794311523,4
PART-6-1,14770,222.16443634033203,4
PART-6-1,14771,252.33401107788086,4
PART-6-1,14772,264.6053009033203,4
PART-6-1,14773,265.7681655883789,4
PART-6-1,14774,264.6463928222656,4
PART-6-1,14775,263.5665283203125,4
PART-6-1,14776,263.4357147216797,4
PART-6-1,14777,264.16407012939453,4
PART-6-1,14778,265.04518127441406,4
PART-6-1,14779,259.8018913269043,4
PART-6-1,14780,242.36894989013672,4
PART-6-1,14781,152.3960304260254,4
PART-6-1,14782,190.60596466064453,4
PART-6-1,14783,223.05357360839844,4
PART-6-1,14784,244.51023864746094,4
PART-6-1,14785,255.5696258544922,4
PART-6-1,14786,260.0268325805664,4
PART-6-1,14787,261.5126190185547,4
PART-6-1,14788,261.2857360839844,4
PART-6-1,14789,260.3912658691406,4
PART-6-1,14790,260.07633209228516,4
PART-6-1,14791,262.5354690551758,4
PART-6-1,14792,253.46591567993164,4
PART-6-1,14793,136.98356437683105,4
PART-6-1,14794,170.82962799072266,4
PART-6-1,14795,202.74463272094727,4
PART-6-1,14796,229.39246368408203,4
PART-6-1,14797,248.6999740600586,4
PART-6-1,14798,259.89292907714844,4
PART-6-1,14799,263.77305603027344,4
PART-6-1,14800,261.6853332519531,4
PART-6-1,14801,255.45269775390625,4
PART-6-1,14802,246.5639419555664,4
PART-6-1,14803,241.75151443481445,4
PART-6-1,14804,253.8514404296875,4
PART-6-1,14805,292.2178955078125,4
PART-6-1,14806,290.10115814208984,4
PART-6-1,14807,288.8574981689453,4
PART-6-1,14808,286.13162994384766,4
PART-6-1,14809,279.8950958251953,4
PART-6-1,14810,269.58852767944336,4
PART-6-1,14811,258.0553207397461,4
PART-6-1,14812,254.6476707458496,4
PART-6-1,14813,250.2851676940918,4
PART-6-1,14814,257.0614547729492,4
PART-6-1,14815,285.07050704956055,4
PART-6-1,14816,294.1452407836914,4
PART-6-1,14817,286.0221366882324,4
PART-6-1,14818,298.691707611084,4
PART-6-1,14819,301.3301010131836,4
PART-6-1,14820,275.6690444946289,4
PART-6-1,14821,257.8553924560547,4
PART-6-1,14822,249.49079132080078,4
PART-6-1,14823,245.08338928222656,4
PART-6-1,14824,244.27881240844727,4
PART-6-1,14825,245.51626586914062,4
PART-6-1,14826,247.8937873840332,4
PART-6-1,14827,251.47370529174805,4
PART-6-1,14828,260.34327697753906,4
PART-6-1,14829,276.8003730773926,4
PART-6-1,14830,303.15039825439453,4
PART-6-1,14831,299.7777862548828,4
PART-6-1,14832,301.17110443115234,4
PART-6-1,14833,303.2789840698242,4
PART-6-1,14834,303.41126251220703,4
PART-6-1,14835,300.2982711791992,4
PART-6-1,14836,293.2581253051758,4
PART-6-1,14837,282.65491485595703,4
PART-6-1,14838,269.0190315246582,4
PART-6-1,14839,255.62194061279297,4
PART-6-1,14840,259.8936958312988,4
PART-6-1,14841,254.49332427978516,4
PART-6-1,14842,235.38418579101562,4
PART-6-1,14843,250.20963287353516,4
PART-6-1,14844,257.86670303344727,4
PART-6-1,14845,249.8078498840332,4
PART-6-1,14846,249.44497680664062,4
PART-6-1,14847,249.39456939697266,4
PART-6-1,14848,252.50467681884766,4
PART-6-1,14849,254.81032943725586,4
PART-6-1,14850,258.82840728759766,4
PART-6-1,14851,262.76500701904297,4
PART-6-1,14852,269.1829719543457,4
PART-6-1,14853,281.72264099121094,4
PART-6-1,14854,304.6082305908203,4
PART-6-1,14855,312.9053421020508,4
PART-6-1,14856,307.9461135864258,4
PART-6-1,14857,311.1080780029297,4
PART-6-1,14858,317.17784881591797,4
PART-6-1,14859,322.97352600097656,4
PART-6-1,14860,326.19263458251953,4
PART-6-1,14861,326.0899200439453,4
PART-6-1,14862,322.3043975830078,4
PART-6-1,14863,316.07039642333984,4
PART-6-1,14864,308.1183319091797,4
PART-6-1,14865,299.07586669921875,4
PART-6-1,14866,286.1666717529297,4
PART-6-1,14867,274.61445236206055,4
PART-6-1,14868,273.5601234436035,4
PART-6-1,14869,274.4109001159668,4
PART-6-1,14870,274.800838470459,4
PART-6-1,14871,277.6624755859375,4
PART-6-1,14872,280.7034683227539,4
PART-6-1,14873,282.7144088745117,4
PART-6-1,14874,282.8617477416992,4
PART-6-1,14875,282.46783447265625,4
PART-6-1,14876,283.48657989501953,4
PART-6-1,14877,289.4126434326172,4
PART-6-1,14878,304.77051544189453,4
PART-6-1,14879,327.9748840332031,4
PART-6-1,14880,321.8735656738281,4
PART-6-1,14881,315.4467468261719,4
PART-6-1,14882,319.4309387207031,4
PART-6-1,14883,328.26807403564453,4
PART-6-1,14884,336.83277893066406,4
PART-6-1,14885,341.4618225097656,4
PART-6-1,14886,342.7642364501953,4
PART-6-1,14887,342.7125778198242,4
PART-6-1,14888,340.85746002197266,4
PART-6-1,14889,338.3035354614258,4
PART-6-1,14890,333.2575454711914,4
PART-6-1,14891,327.9115676879883,4
PART-6-1,14892,325.25242614746094,4
PART-6-1,14893,321.56431579589844,4
PART-6-1,14894,319.94432067871094,4
PART-6-1,14895,319.3782196044922,4
PART-6-1,14896,317.79942321777344,4
PART-6-1,14897,315.8126525878906,4
PART-6-1,14898,312.64556884765625,4
PART-6-1,14899,308.56555938720703,4
PART-6-1,14900,304.6452331542969,4
PART-6-1,14901,303.86678314208984,4
PART-6-1,14902,310.13970947265625,4
PART-6-1,14903,326.1501235961914,4
PART-6-1,14904,340.8472366333008,4
PART-6-1,14905,330.3573226928711,4
PART-6-1,14906,323.20645904541016,4
PART-6-1,14907,327.1841125488281,4
PART-6-1,14908,336.55401611328125,4
PART-6-1,14909,343.5309143066406,4
PART-6-1,14910,345.0000305175781,4
PART-6-1,14911,344.99999237060547,4
PART-6-1,14912,344.99998474121094,4
PART-6-1,14913,344.99998474121094,4
PART-6-1,14914,345.00000762939453,4
PART-6-1,14915,345.00000762939453,4
PART-6-1,14916,345.00000762939453,4
PART-6-1,14917,345.0000305175781,4
PART-6-1,14918,344.5221176147461,4
PART-6-1,14919,342.9593276977539,4
PART-6-1,14920,341.75386810302734,4
PART-6-1,14921,340.4346389770508,4
PART-6-1,14922,338.32161712646484,4
PART-6-1,14923,335.85387420654297,4
PART-6-1,14924,330.97032165527344,4
PART-6-1,14925,325.34764862060547,4
PART-6-1,14926,323.8188781738281,4
PART-6-1,14927,330.1729278564453,4
PART-6-1,14928,340.3816375732422,4
PART-6-1,14929,345.00000762939453,4
PART-6-1,14930,337.7559051513672,4
PART-6-1,14931,331.8539123535156,4
PART-6-1,14932,335.1368408203125,4
PART-6-1,14933,341.8621826171875,4
PART-6-1,14934,345.00001525878906,4
PART-6-1,14935,345.0,4
PART-6-1,14936,345.0,4
PART-6-1,14937,345.0,4
PART-6-1,14938,344.9999771118164,4
PART-6-1,14939,344.99998474121094,4
PART-6-1,14940,345.0,4
PART-6-1,14941,345.00000762939453,4
PART-6-1,14942,345.00001525878906,4
PART-6-1,14943,344.99999237060547,4
PART-6-1,14944,344.99998474121094,4
PART-6-1,14945,345.0,4
PART-6-1,14946,345.0,4
PART-6-1,14947,345.00000762939453,4
PART-6-1,14948,345.00001525878906,4
PART-6-1,14949,343.14100646972656,4
PART-6-1,14950,340.13838958740234,4
PART-6-1,14951,339.35872650146484,4
PART-6-1,14952,342.361328125,4
PART-6-1,14953,345.0,4
PART-6-1,14954,345.00000762939453,4
PART-6-1,14955,342.9940185546875,4
PART-6-1,14956,340.7250289916992,4
PART-6-1,14957,342.1162796020508,4
PART-6-1,14958,344.3852844238281,4
PART-6-1,14959,345.00001525878906,4
PART-6-1,14960,345.00000762939453,4
PART-6-1,14961,345.00000762939453,4
PART-6-1,14962,345.0,4
PART-6-1,14963,344.99999237060547,4
PART-6-1,14964,344.99999237060547,4
PART-6-1,14965,345.0,4
PART-6-1,14966,345.0,4
PART-6-1,14967,345.0,4
PART-6-1,14968,344.99998474121094,4
PART-6-1,14969,344.99998474121094,4
PART-6-1,14970,345.00000762939453,4
PART-6-1,14971,345.00000762939453,4
PART-6-1,14972,345.0,4
PART-6-1,14973,345.0,4
PART-6-1,14974,344.99999237060547,4
PART-6-1,14975,345.0,4
PART-6-1,14976,344.99999237060547,4
PART-6-1,14977,344.99998474121094,4
PART-6-1,14978,345.00000762939453,4
PART-6-1,14979,345.00001525878906,4
PART-6-1,14980,344.99999237060547,4
PART-6-1,14981,344.99999237060547,4
PART-6-1,14982,345.0,4
PART-6-1,14983,345.00001525878906,4
PART-6-1,14984,345.00000762939453,4
PART-6-1,14985,345.00000762939453,4
PART-6-1,14986,345.00000762939453,4
PART-6-1,14987,345.0,4
PART-6-1,14988,345.00001525878906,4
PART-6-1,14989,345.00000762939453,4
PART-6-1,14990,345.0,4
PART-6-1,14991,345.0,4
PART-6-1,14992,344.99999237060547,4
PART-6-1,14993,344.9999771118164,4
PART-6-1,14994,344.99999237060547,4
PART-6-1,14995,345.00001525878906,4
PART-6-1,14996,345.00000762939453,4
PART-6-1,14997,345.0,4
PART-6-1,14998,345.0,4
PART-6-1,14999,345.00001525878906,4
PART-6-1,15000,345.00001525878906,4
PART-6-1,15001,345.0,4
PART-6-1,15002,345.00001525878906,4
PART-6-1,15003,345.0000305175781,4
PART-6-1,15004,345.0000305175781,4
PART-6-1,15005,345.00000762939453,4
PART-6-1,15006,345.0,4
PART-6-1,15007,345.00001525878906,4
PART-6-1,15008,345.0000228881836,4
PART-6-1,15009,345.0000228881836,4
PART-6-1,15010,345.0000228881836,4
PART-6-1,15011,345.00001525878906,4
PART-6-1,15012,345.00001525878906,4
PART-6-1,15013,345.0000228881836,4
PART-6-1,15014,345.00001525878906,4
PART-6-1,15015,344.99999237060547,4
PART-6-1,15016,344.99999237060547,4
PART-6-1,15017,344.99999237060547,4
PART-6-1,15018,344.99998474121094,4
PART-6-1,15019,344.99999237060547,4
PART-6-1,15020,345.00000762939453,4
PART-6-1,15021,345.00001525878906,4
PART-6-1,15022,345.0,4
PART-6-1,15023,344.99998474121094,4
PART-6-1,15024,345.0000228881836,4
PART-6-1,15025,345.00001525878906,4
PART-6-1,15026,345.0,4
PART-6-1,15027,345.0000305175781,4
PART-6-1,15028,345.0000305175781,4
PART-6-1,15029,345.0000305175781,4
PART-6-1,15030,345.00001525878906,4
PART-6-1,15031,345.0,4
PART-6-1,15032,345.00000762939453,4
PART-6-1,15033,345.00001525878906,4
PART-6-1,15034,345.0000305175781,4
PART-6-1,15035,345.0000305175781,4
PART-6-1,15036,345.00000762939453,4
PART-6-1,15037,345.00000762939453,4
PART-6-1,15038,345.00000762939453,4
PART-6-1,15039,345.00001525878906,4
PART-6-1,15040,345.00000762939453,4
PART-6-1,15041,344.99999237060547,4
PART-6-1,15042,345.0,4
PART-6-1,15043,345.0,4
PART-6-1,15044,344.99998474121094,4
PART-6-1,15045,345.00000762939453,4
PART-6-1,15046,345.0000228881836,4
PART-6-1,15047,345.0,4
PART-6-1,15048,344.9999771118164,4
PART-6-1,15049,344.99999237060547,4
PART-6-1,15050,345.0,4
PART-6-1,15051,345.00000762939453,4
PART-6-1,15052,345.0000305175781,4
PART-6-1,15053,345.0000305175781,4
PART-6-1,15054,345.0000305175781,4
PART-6-1,15055,345.00001525878906,4
PART-6-1,15056,345.00000762939453,4
PART-6-1,15057,345.00000762939453,4
PART-6-1,15058,345.00000762939453,4
PART-6-1,15059,345.0,4
PART-6-1,15060,344.4550247192383,4
PART-6-1,15061,341.5728759765625,4
PART-6-1,15062,337.75817108154297,4
PART-6-1,15063,335.6388244628906,4
PART-6-1,15064,335.1182174682617,4
PART-6-1,15065,335.9303207397461,4
PART-6-1,15066,337.6562271118164,4
PART-6-1,15067,339.9724884033203,4
PART-6-1,15068,342.83570098876953,4
PART-6-1,15069,344.7088317871094,4
PART-6-1,15070,345.00000762939453,4
PART-6-1,15071,345.00000762939453,4
PART-6-1,15072,345.00000762939453,4
PART-6-1,15073,345.00001525878906,4
PART-6-1,15074,345.00001525878906,4
PART-6-1,15075,345.00000762939453,4
PART-6-1,15076,345.0,4
PART-6-1,15077,345.00001525878906,4
PART-6-1,15078,345.0000305175781,4
PART-6-1,15079,345.0000305175781,4
PART-6-1,15080,345.0000305175781,4
PART-6-1,15081,345.00000762939453,4
PART-6-1,15082,345.00001525878906,4
PART-6-1,15083,345.0,4
PART-6-1,15084,344.5608139038086,4
PART-6-1,15085,339.24890899658203,4
PART-6-1,15086,328.1953582763672,4
PART-6-1,15087,317.5127716064453,4
PART-6-1,15088,310.5475616455078,4
PART-6-1,15089,307.5118179321289,4
PART-6-1,15090,307.9188461303711,4
PART-6-1,15091,310.97212982177734,4
PART-6-1,15092,315.9812240600586,4
PART-6-1,15093,322.64159393310547,4
PART-6-1,15094,329.23291015625,4
PART-6-1,15095,335.1604690551758,4
PART-6-1,15096,341.61096954345703,4
PART-6-1,15097,345.0000228881836,4
PART-6-1,15098,345.0000457763672,4
PART-6-1,15099,345.0000305175781,4
PART-6-1,15100,345.00000762939453,4
PART-6-1,15101,345.0,4
PART-6-1,15102,345.00001525878906,4
PART-6-1,15103,345.0000228881836,4
PART-6-1,15104,345.0000228881836,4
PART-6-1,15105,345.0000228881836,4
PART-6-1,15106,345.0,4
PART-6-1,15107,345.00000762939453,4
PART-6-1,15108,344.99999237060547,4
PART-6-1,15109,340.9512023925781,4
PART-6-1,15110,326.7008361816406,4
PART-6-1,15111,307.2445373535156,4
PART-6-1,15112,290.4485626220703,4
PART-6-1,15113,277.8589515686035,4
PART-6-1,15114,270.40345001220703,4
PART-6-1,15115,267.9944610595703,4
PART-6-1,15116,269.9713439941406,4
PART-6-1,15117,275.55150985717773,4
PART-6-1,15118,284.1347122192383,4
PART-6-1,15119,295.29915618896484,4
PART-6-1,15120,308.9598922729492,4
PART-6-1,15121,324.74275970458984,4
PART-6-1,15122,338.4503707885742,4
PART-6-1,15123,344.4265823364258,4
PART-6-1,15124,345.0,4
PART-6-1,15125,344.99999237060547,4
PART-6-1,15126,345.00000762939453,4
PART-6-1,15127,345.00001525878906,4
PART-6-1,15128,345.00001525878906,4
PART-6-1,15129,345.0000228881836,4
PART-6-1,15130,344.99999237060547,4
PART-6-1,15131,345.0,4
PART-6-1,15132,345.0,4
PART-6-1,15133,344.99999237060547,4
PART-6-1,15134,341.390380859375,4
PART-6-1,15135,326.64742279052734,4
PART-6-1,15136,300.59037017822266,4
PART-6-1,15137,271.09946060180664,4
PART-6-1,15138,246.57373046875,4
PART-6-1,15139,231.96283721923828,4
PART-6-1,15140,225.93890380859375,4
PART-6-1,15141,226.18844985961914,4
PART-6-1,15142,231.98909378051758,4
PART-6-1,15143,242.54107284545898,4
PART-6-1,15144,257.22311782836914,4
PART-6-1,15145,275.5138969421387,4
PART-6-1,15146,296.7784118652344,4
PART-6-1,15147,320.2167053222656,4
PART-6-1,15148,338.6858215332031,4
PART-6-1,15149,344.99998474121094,4
PART-6-1,15150,344.99999237060547,4
PART-6-1,15151,345.0,4
PART-6-1,15152,345.00000762939453,4
PART-6-1,15153,345.0000228881836,4
PART-6-1,15154,345.0000228881836,4
PART-6-1,15155,344.99999237060547,4
PART-6-1,15156,345.00000762939453,4
PART-6-1,15157,345.00000762939453,4
PART-6-1,15158,345.0,4
PART-6-1,15159,345.00001525878906,4
PART-6-1,15160,339.7405014038086,4
PART-6-1,15161,317.7938003540039,4
PART-6-1,15162,281.6849021911621,4
PART-6-1,15163,246.03274154663086,4
PART-6-1,15164,218.02263641357422,4
PART-6-1,15165,197.54987335205078,4
PART-6-1,15166,187.2143096923828,4
PART-6-1,15167,190.15474319458008,4
PART-6-1,15168,202.43645095825195,4
PART-6-1,15169,220.40845489501953,4
PART-6-1,15170,242.96315002441406,4
PART-6-1,15171,269.0696258544922,4
PART-6-1,15172,297.56751251220703,4
PART-6-1,15173,325.8621139526367,4
PART-6-1,15174,342.2418975830078,4
PART-6-1,15175,345.0,4
PART-6-1,15176,345.0000305175781,4
PART-6-1,15177,345.0000305175781,4
PART-6-1,15178,345.0000228881836,4
PART-6-1,15179,345.0000228881836,4
PART-6-1,15180,345.00000762939453,4
PART-6-1,15181,345.00001525878906,4
PART-6-1,15182,345.00000762939453,4
PART-6-1,15183,345.0,4
PART-6-1,15184,345.00001525878906,4
PART-6-1,15185,345.0000228881836,4
PART-6-1,15186,337.50828552246094,4
PART-6-1,15187,312.0442352294922,4
PART-6-1,15188,276.0820999145508,4
PART-6-1,15189,241.21128463745117,4
PART-6-1,15190,209.99617767333984,4
PART-6-1,15191,188.6224250793457,4
PART-6-1,15192,181.92770767211914,4
PART-6-1,15193,187.44181060791016,4
PART-6-1,15194,201.88032150268555,4
PART-6-1,15195,223.65271377563477,4
PART-6-1,15196,250.57720565795898,4
PART-6-1,15197,280.4341506958008,4
PART-6-1,15198,311.5905303955078,4
PART-6-1,15199,336.1556930541992,4
PART-6-1,15200,345.00000762939453,4
PART-6-1,15201,345.00006103515625,4
PART-6-1,15202,345.0000534057617,4
PART-6-1,15203,345.0000228881836,4
PART-6-1,15204,345.0000534057617,4
PART-6-1,15205,345.00001525878906,4
PART-6-1,15206,345.0000228881836,4
PART-6-1,15207,345.00001525878906,4
PART-6-1,15208,345.0,4
PART-6-1,15209,345.0,4
PART-6-1,15210,345.0,4
PART-6-1,15211,344.68280029296875,4
PART-6-1,15212,333.53260803222656,4
PART-6-1,15213,306.6104965209961,4
PART-6-1,15214,275.4674949645996,4
PART-6-1,15215,247.8140640258789,4
PART-6-1,15216,226.43665313720703,4
PART-6-1,15217,213.93660354614258,4
PART-6-1,15218,212.00661849975586,4
PART-6-1,15219,220.63681030273438,4
PART-6-1,15220,238.15087127685547,4
PART-6-1,15221,261.8559761047363,4
PART-6-1,15222,288.8066864013672,4
PART-6-1,15223,316.75833892822266,4
PART-6-1,15224,337.89415740966797,4
PART-6-1,15225,345.00000762939453,4
PART-6-1,15226,345.0000457763672,4
PART-6-1,15227,345.0000534057617,4
PART-6-1,15228,345.0000305175781,4
PART-6-1,15229,345.00006103515625,4
PART-6-1,15230,345.0,4
PART-6-1,15231,345.00001525878906,4
PART-6-1,15232,345.00000762939453,4
PART-6-1,15233,344.99999237060547,4
PART-6-1,15234,345.0,4
PART-6-1,15235,345.0,4
PART-6-1,15236,345.00000762939453,4
PART-6-1,15237,342.76778411865234,4
PART-6-1,15238,329.3205261230469,4
PART-6-1,15239,305.0026321411133,4
PART-6-1,15240,280.95953369140625,4
PART-6-1,15241,262.5330810546875,4
PART-6-1,15242,251.86677169799805,4
PART-6-1,15243,250.17578506469727,4
PART-6-1,15244,257.42520904541016,4
PART-6-1,15245,272.2519836425781,4
PART-6-1,15246,292.4757843017578,4
PART-6-1,15247,315.4520721435547,4
PART-6-1,15248,335.1158752441406,4
PART-6-1,15249,343.98036193847656,4
PART-6-1,15250,344.99999237060547,4
PART-6-1,15251,345.0000228881836,4
PART-6-1,15252,345.0000305175781,4
PART-6-1,15253,345.00001525878906,4
PART-6-1,15254,345.0000305175781,4
PART-6-1,15255,344.99998474121094,4
PART-6-1,15256,345.00000762939453,4
PART-6-1,15257,345.0,4
PART-6-1,15258,345.0,4
PART-6-1,15259,345.00001525878906,4
PART-6-1,15260,345.00001525878906,4
PART-6-1,15261,345.00001525878906,4
PART-6-1,15262,345.00000762939453,4
PART-6-1,15263,341.38289642333984,4
PART-6-1,15264,327.3203811645508,4
PART-6-1,15265,307.5854263305664,4
PART-6-1,15266,291.97350311279297,4
PART-6-1,15267,283.0565490722656,4
PART-6-1,15268,281.78623962402344,4
PART-6-1,15269,288.0072784423828,4
PART-6-1,15270,300.5987548828125,4
PART-6-1,15271,317.67220306396484,4
PART-6-1,15272,334.3706817626953,4
PART-6-1,15273,343.34520721435547,4
PART-6-1,15274,344.99999237060547,4
PART-6-1,15275,345.0,4
PART-6-1,15276,345.0000228881836,4
PART-6-1,15277,345.0000228881836,4
PART-6-1,15278,345.00001525878906,4
PART-6-1,15279,345.0000228881836,4
PART-6-1,15280,344.99999237060547,4
PART-6-1,15281,345.00000762939453,4
PART-6-1,15282,345.0,4
PART-6-1,15283,345.00000762939453,4
PART-6-1,15284,345.0000305175781,4
PART-6-1,15285,345.0000305175781,4
PART-6-1,15286,345.00001525878906,4
PART-6-1,15287,345.00000762939453,4
PART-6-1,15288,345.00000762939453,4
PART-6-1,15289,339.9592971801758,4
PART-6-1,15290,327.08958435058594,4
PART-6-1,15291,314.09737396240234,4
PART-6-1,15292,306.94215393066406,4
PART-6-1,15293,306.24633026123047,4
PART-6-1,15294,311.81920623779297,4
PART-6-1,15295,322.62718200683594,4
PART-6-1,15296,335.1715545654297,4
PART-6-1,15297,343.09230041503906,4
PART-6-1,15298,344.99999237060547,4
PART-6-1,15299,345.00000762939453,4
PART-6-1,15300,345.00000762939453,4
PART-6-1,15301,345.0000228881836,4
PART-6-1,15302,345.0000305175781,4
PART-6-1,15303,345.00003814697266,4
PART-6-1,15304,345.0000305175781,4
PART-6-1,15305,344.99999237060547,4
PART-6-1,15306,344.99999237060547,4
PART-6-1,15307,344.99999237060547,4
PART-6-1,15308,345.00001525878906,4
PART-6-1,15309,345.0000305175781,4
PART-6-1,15310,345.0000305175781,4
PART-6-1,15311,345.0000305175781,4
PART-6-1,15312,345.0000305175781,4
PART-6-1,15313,345.0000228881836,4
PART-6-1,15314,344.3156967163086,4
PART-6-1,15315,338.59476470947266,4
PART-6-1,15316,329.50367736816406,4
PART-6-1,15317,324.0964813232422,4
PART-6-1,15318,324.16353607177734,4
PART-6-1,15319,329.40472412109375,4
PART-6-1,15320,337.38643646240234,4
PART-6-1,15321,343.27337646484375,4
PART-6-1,15322,345.0,4
PART-6-1,15323,345.00000762939453,4
PART-6-1,15324,345.00001525878906,4
PART-6-1,15325,345.00000762939453,4
PART-6-1,15326,345.0000305175781,4
PART-6-1,15327,345.0000534057617,4
PART-6-1,15328,345.0000686645508,4
PART-6-1,15329,345.0000534057617,4
PART-6-1,15330,344.99999237060547,4
PART-6-1,15331,345.0,4
PART-6-1,15332,345.00000762939453,4
PART-6-1,15333,345.0000228881836,4
PART-6-1,15334,345.00003814697266,4
PART-6-1,15335,345.00003814697266,4
PART-6-1,15336,345.00003814697266,4
PART-6-1,15337,345.00003814697266,4
PART-6-1,15338,345.00001525878906,4
PART-6-1,15339,345.0,4
PART-6-1,15340,343.5658493041992,4
PART-6-1,15341,339.32984161376953,4
PART-6-1,15342,335.8669662475586,4
PART-6-1,15343,336.85003662109375,4
PART-6-1,15344,340.5999298095703,4
PART-6-1,15345,343.85286712646484,4
PART-6-1,15346,345.00000762939453,4
PART-6-1,15347,345.00001525878906,4
PART-6-1,15348,345.00001525878906,4
PART-6-1,15349,345.00000762939453,4
PART-6-1,15350,345.00001525878906,4
PART-6-1,15351,345.0000534057617,4
PART-6-1,15352,345.00006103515625,4
PART-6-1,15353,345.0000534057617,4
PART-6-1,15354,345.00006103515625,4
PART-6-1,15355,345.0,4
PART-6-1,15356,345.00000762939453,4
PART-6-1,15357,345.00001525878906,4
PART-6-1,15358,345.0000228881836,4
PART-6-1,15359,345.00003814697266,4
PART-6-1,15360,345.00003814697266,4
PART-6-1,15361,345.0000305175781,4
PART-6-1,15362,345.0000305175781,4
PART-6-1,15363,345.00001525878906,4
PART-6-1,15364,345.00000762939453,4
PART-6-1,15365,345.00000762939453,4
PART-6-1,15366,343.9875946044922,4
PART-6-1,15367,342.80554962158203,4
PART-6-1,15368,343.5333709716797,4
PART-6-1,15369,344.7154235839844,4
PART-6-1,15370,345.0,4
PART-6-1,15371,344.99999237060547,4
PART-6-1,15372,345.00001525878906,4
PART-6-1,15373,345.00001525878906,4
PART-6-1,15374,345.0,4
PART-6-1,15375,345.00001525878906,4
PART-6-1,15376,345.0000534057617,4
PART-6-1,15377,345.0000457763672,4
PART-6-1,15378,345.0000228881836,4
PART-6-1,15379,345.0000457763672,4
PART-6-1,15380,345.0,4
PART-6-1,15381,344.99999237060547,4
PART-6-1,15382,345.00000762939453,4
PART-6-1,15383,345.00001525878906,4
PART-6-1,15384,345.0000228881836,4
PART-6-1,15385,345.0000305175781,4
PART-6-1,15386,345.0000305175781,4
PART-6-1,15387,345.0000305175781,4
PART-6-1,15388,345.0000228881836,4
PART-6-1,15389,345.00000762939453,4
PART-6-1,15390,345.0,4
PART-6-1,15391,345.0,4
PART-6-1,15392,345.0,4
PART-6-1,15393,345.0,4
PART-6-1,15394,344.99999237060547,4
PART-6-1,15395,344.99999237060547,4
PART-6-1,15396,344.99999237060547,4
PART-6-1,15397,345.0,4
PART-6-1,15398,345.00001525878906,4
PART-6-1,15399,345.00001525878906,4
PART-6-1,15400,345.0000228881836,4
PART-6-1,15401,345.0000305175781,4
PART-6-1,15402,345.0000305175781,4
PART-6-1,15403,345.0000228881836,4
PART-6-1,15404,345.00003814697266,4
PART-6-1,15405,345.0,4
PART-6-1,15406,344.99999237060547,4
PART-6-1,15407,345.0,4
PART-6-1,15408,345.0,4
PART-6-1,15409,345.00001525878906,4
PART-6-1,15410,345.0000305175781,4
PART-6-1,15411,345.0000228881836,4
PART-6-1,15412,345.00001525878906,4
PART-6-1,15413,345.00001525878906,4
PART-6-1,15414,345.0,4
PART-6-1,15415,344.99999237060547,4
PART-6-1,15416,345.0,4
PART-6-1,15417,344.99999237060547,4
PART-6-1,15418,345.0,4
PART-6-1,15419,345.00000762939453,4
PART-6-1,15420,345.0,4
PART-6-1,15421,344.99999237060547,4
PART-6-1,15422,345.0,4
PART-6-1,15423,345.00001525878906,4
PART-6-1,15424,345.0000228881836,4
PART-6-1,15425,345.0000305175781,4
PART-6-1,15426,345.00003814697266,4
PART-6-1,15427,345.0000305175781,4
PART-6-1,15428,345.00001525878906,4
PART-6-1,15429,345.0000457763672,4
PART-6-1,15430,345.0,4
PART-6-1,15431,345.0,4
PART-6-1,15432,345.0,4
PART-6-1,15433,345.0,4
PART-6-1,15434,345.00001525878906,4
PART-6-1,15435,345.00003814697266,4
PART-6-1,15436,345.0000305175781,4
PART-6-1,15437,345.00001525878906,4
PART-6-1,15438,345.00001525878906,4
PART-6-1,15439,345.00001525878906,4
PART-6-1,15440,345.00001525878906,4
PART-6-1,15441,345.00001525878906,4
PART-6-1,15442,345.00000762939453,4
PART-6-1,15443,345.00001525878906,4
PART-6-1,15444,345.0000228881836,4
PART-6-1,15445,345.00001525878906,4
PART-6-1,15446,345.0000228881836,4
PART-6-1,15447,345.0000228881836,4
PART-6-1,15448,345.00001525878906,4
PART-6-1,15449,345.00000762939453,4
PART-6-1,15450,345.00001525878906,4
PART-6-1,15451,345.0000457763672,4
PART-6-1,15452,345.00006103515625,4
PART-6-1,15453,345.0000457763672,4
PART-6-1,15454,345.0000534057617,4
PART-6-1,15455,345.00000762939453,4
PART-6-1,15456,345.0,4
PART-6-1,15457,345.0,4
PART-6-1,15458,345.00000762939453,4
PART-6-1,15459,345.00000762939453,4
PART-6-1,15460,345.00000762939453,4
PART-6-1,15461,345.00001525878906,4
PART-6-1,15462,345.00001525878906,4
PART-6-1,15463,345.00001525878906,4
PART-6-1,15464,345.0000305175781,4
PART-6-1,15465,345.00003814697266,4
PART-6-1,15466,345.0000305175781,4
PART-6-1,15467,345.0000228881836,4
PART-6-1,15468,345.0000228881836,4
PART-6-1,15469,345.0000228881836,4
PART-6-1,15470,345.0000228881836,4
PART-6-1,15471,345.00003814697266,4
PART-6-1,15472,345.0000305175781,4
PART-6-1,15473,345.0000305175781,4
PART-6-1,15474,345.00001525878906,4
PART-6-1,15475,345.0,4
PART-6-1,15476,345.0000228881836,4
PART-6-1,15477,345.0000534057617,4
PART-6-1,15478,345.00006103515625,4
PART-6-1,15479,345.0000534057617,4
PART-6-1,15480,345.00001525878906,4
PART-6-1,15481,345.0,4
PART-6-1,15482,345.00000762939453,4
PART-6-1,15483,345.0000305175781,4
PART-6-1,15484,345.00000762939453,4
PART-6-1,15485,344.9999694824219,4
PART-6-1,15486,344.99998474121094,4
PART-6-1,15487,345.0,4
PART-6-1,15488,345.0,4
PART-6-1,15489,345.00001525878906,4
PART-6-1,15490,345.00003814697266,4
PART-6-1,15491,345.00003814697266,4
PART-6-1,15492,345.0000228881836,4
PART-6-1,15493,345.0000228881836,4
PART-6-1,15494,345.00003814697266,4
PART-6-1,15495,345.0000457763672,4
PART-6-1,15496,345.0000457763672,4
PART-6-1,15497,345.00003814697266,4
PART-6-1,15498,345.00003814697266,4
PART-6-1,15499,345.0000305175781,4
PART-6-1,15500,345.00001525878906,4
PART-6-1,15501,345.00001525878906,4
PART-6-1,15502,345.0000228881836,4
PART-6-1,15503,345.00003814697266,4
PART-6-1,15504,345.0000457763672,4
PART-6-1,15505,345.00000762939453,4
PART-6-1,15506,345.0,4
PART-6-1,15507,345.0000228881836,4
PART-6-1,15508,345.0000305175781,4
PART-6-1,15509,345.0,4
PART-6-1,15510,344.99998474121094,4
PART-6-1,15511,344.99999237060547,4
PART-6-1,15512,345.0,4
PART-6-1,15513,345.0,4
PART-6-1,15514,345.0,4
PART-6-1,15515,345.00001525878906,4
PART-6-1,15516,345.0000305175781,4
PART-6-1,15517,345.0000305175781,4
PART-6-1,15518,345.0000305175781,4
PART-6-1,15519,345.0000305175781,4
PART-6-1,15520,345.0000228881836,4
PART-6-1,15521,345.0000305175781,4
PART-6-1,15522,345.0000305175781,4
PART-6-1,15523,345.0000305175781,4
PART-6-1,15524,345.00003814697266,4
PART-6-1,15525,345.0000228881836,4
PART-6-1,15526,345.00001525878906,4
PART-6-1,15527,345.00001525878906,4
PART-6-1,15528,345.0000228881836,4
PART-6-1,15529,345.0000228881836,4
PART-6-1,15530,241.90533828735352,4
PART-6-1,15531,243.1437644958496,4
PART-6-1,15532,245.8505516052246,4
PART-6-1,15533,249.2271728515625,4
PART-6-1,15534,253.38845443725586,4
PART-6-1,15535,258.19505310058594,4
PART-6-1,15536,265.43128204345703,4
PART-6-1,15537,275.3616638183594,4
PART-6-1,15538,293.63587951660156,4
PART-6-1,15539,322.0071105957031,4
PART-6-1,15540,341.14125061035156,4
PART-6-1,15541,336.79590606689453,4
PART-6-1,15542,235.29558181762695,4
PART-6-1,15543,239.97529983520508,4
PART-6-1,15544,245.16569900512695,4
PART-6-1,15545,250.15724563598633,4
PART-6-1,15546,254.5620574951172,4
PART-6-1,15547,259.37560272216797,4
PART-6-1,15548,265.25724029541016,4
PART-6-1,15549,274.3956604003906,4
PART-6-1,15550,286.8815231323242,4
PART-6-1,15551,308.0027542114258,4
PART-6-1,15552,315.04833221435547,4
PART-6-1,15553,278.60070419311523,4
PART-6-1,15554,229.76336288452148,4
PART-6-1,15555,236.83417892456055,4
PART-6-1,15556,243.69086837768555,4
PART-6-1,15557,248.7553253173828,4
PART-6-1,15558,252.60562133789062,4
PART-6-1,15559,256.0664825439453,4
PART-6-1,15560,260.22679901123047,4
PART-6-1,15561,264.97117614746094,4
PART-6-1,15562,270.4710922241211,4
PART-6-1,15563,272.5953674316406,4
PART-6-1,15564,252.82670211791992,4
PART-6-1,15565,201.11663436889648,4
PART-6-1,15566,226.23687362670898,4
PART-6-1,15567,234.8410758972168,4
PART-6-1,15568,241.03984451293945,4
PART-6-1,15569,245.1251983642578,4
PART-6-1,15570,248.13103866577148,4
PART-6-1,15571,250.3219871520996,4
PART-6-1,15572,251.67445755004883,4
PART-6-1,15573,251.65516662597656,4
PART-6-1,15574,248.20595169067383,4
PART-6-1,15575,233.41471099853516,4
PART-6-1,15576,202.01448440551758,4
PART-6-1,15577,159.79541778564453,4
PART-6-1,15578,225.12690353393555,4
PART-6-1,15579,230.47843170166016,4
PART-6-1,15580,234.88756942749023,4
PART-6-1,15581,239.5362663269043,4
PART-6-1,15582,242.95103454589844,4
PART-6-1,15583,244.34350967407227,4
PART-6-1,15584,243.02349472045898,4
PART-6-1,15585,238.12287521362305,4
PART-6-1,15586,226.52730560302734,4
PART-6-1,15587,205.33454513549805,4
PART-6-1,15588,174.63692474365234,4
PART-6-1,15589,138.83135604858398,4
PART-6-1,15590,217.36749267578125,4
PART-6-1,15591,217.1132049560547,4
PART-6-1,15592,225.04680633544922,4
PART-6-1,15593,233.5015411376953,4
PART-6-1,15594,239.4364776611328,4
PART-6-1,15595,241.3744010925293,4
PART-6-1,15596,237.9567413330078,4
PART-6-1,15597,227.76357650756836,4
PART-6-1,15598,210.18157958984375,4
PART-6-1,15599,186.10784149169922,4
PART-6-1,15600,157.89158248901367,4
PART-6-1,15601,127.85837364196777,4
