instance,node_label,x_mm,y_mm,z_mm,u1_mm,u2_mm,u3_mm,u_mag_mm,x_deformed_mm,y_deformed_mm,z_deformed_mm
PART-1-1,1,-450.00146484375,-0.01730530336499214,-374.998779296875,0.01609545201063156,-0.08244164288043976,-0.7112570405006409,0.7161998783286567,-449.98536939173937,-0.0997469462454319,-375.71003633737564
PART-1-1,2,-200.00119018554688,0.045230433344841,-375.001953125,-0.11616236716508865,-0.015875745564699173,-0.7414635419845581,0.7506756416288719,-200.11735255271196,0.02935468778014183,-375.74341666698456
PART-1-1,3,-200.0,0.0,0.0,4.817765800897053e-33,9.93860086140097e-34,-1.2000000476837158,1.2000000476837158,-200.0,9.93860086140097e-34,-1.2000000476837158
PART-1-1,4,-450.0,0.0,0.0,4.817765800897053e-33,9.93860086140097e-34,-1.2000000476837158,1.2000000476837158,-450.0,9.93860086140097e-34,-1.2000000476837158
PART-1-1,5,-450.00146484375,-0.01730530336499214,-525.001220703125,0.016095446422696114,-0.08244170248508453,-0.4887429475784302,0.49590862718028733,-449.9853693973273,-0.09974700585007668,-525.4899636507034
PART-1-1,6,-200.00119018554688,0.045230433344841,-524.998046875,-0.11616235971450806,-0.015875782817602158,-0.4585364758968353,0.4732878976082142,-200.11735254526138,0.029354650527238846,-525.4565833508968
PART-1-1,7,200.00119018554688,0.045230433344841,-375.001953125,0.11616236716508865,-0.015875745564699173,-0.7414635419845581,0.7506756416288719,200.11735255271196,0.02935468778014183,-375.74341666698456
PART-1-1,8,450.00146484375,-0.01730530336499214,-374.998779296875,-0.01609545201063156,-0.08244164288043976,-0.7112570405006409,0.7161998783286567,449.98536939173937,-0.0997469462454319,-375.71003633737564
PART-1-1,9,450.0,0.0,0.0,4.817765800897053e-33,9.93860086140097e-34,-1.2000000476837158,1.2000000476837158,450.0,9.93860086140097e-34,-1.2000000476837158
PART-1-1,10,200.0,0.0,0.0,4.817765800897053e-33,9.93860086140097e-34,-1.2000000476837158,1.2000000476837158,200.0,9.93860086140097e-34,-1.2000000476837158
PART-1-1,11,450.00146484375,-0.01730530336499214,-525.001220703125,-0.016095446422696114,-0.08244170248508453,-0.4887429475784302,0.49590862718028733,449.9853693973273,-0.09974700585007668,-525.4899636507034
PART-1-1,12,200.00119018554688,0.045230433344841,-524.998046875,0.11616235971450806,-0.015875782817602158,-0.4585364758968353,0.4732878976082142,200.11735254526138,0.029354650527238846,-525.4565833508968
PART-1-1,13,200.0,0.0,-900.0,1.0049301205179736e-31,-1.1156005626591903e-31,-1.1124916152001355e-30,1.1225783204373332e-30,200.0,-1.1156005626591903e-31,-900.0
PART-1-1,14,450.0,0.0,-900.0,1.9625799480675547e-32,-1.1817040172799413e-31,-9.79240396777363e-31,9.865399994579533e-31,450.0,-1.1817040172799413e-31,-900.0
PART-1-1,15,75.00030517578125,3.400099515914917,-375.0008239746094,0.08421701192855835,2.6954431533813477,-0.6043789386749268,2.7636534152679832,75.08452218770981,6.095542669296265,-375.6052029132843
PART-1-1,16,75.0,0.0,0.0,4.817765800897053e-33,9.93860086140097e-34,-1.2000000476837158,1.2000000476837158,75.0,9.93860086140097e-34,-1.2000000476837158
PART-1-1,17,75.00030517578125,3.400099277496338,-524.9992065429688,0.08421700447797775,2.6954429149627686,-0.5956211090087891,2.7617511685818275,75.08452218025923,6.0955421924591064,-525.5948276519775
PART-1-1,18,75.0,0.0,-900.0,9.612940657486416e-32,1.4633698867672925e-33,-3.2687610882242196e-31,3.407212860664107e-31,75.0,1.4633698867672925e-33,-900.0
PART-1-1,19,-75.00030517578125,3.400099277496338,-524.9992065429688,-0.08421700447797775,2.6954429149627686,-0.5956211090087891,2.7617511685818275,-75.08452218025923,6.0955421924591064,-525.5948276519775
PART-1-1,20,-200.0,0.0,-900.0,1.717014035392994e-31,-1.1727124258916315e-31,-1.3314572485775234e-30,1.3475950137579912e-30,-200.0,-1.1727124258916315e-31,-900.0
PART-1-1,21,-75.0,0.0,-900.0,-9.612940657486416e-32,1.4633698867672925e-33,-3.2687610882242196e-31,3.407212860664107e-31,-75.0,1.4633698867672925e-33,-900.0
PART-1-1,22,-75.00030517578125,3.400099515914917,-375.0008239746094,-0.08421701192855835,2.6954431533813477,-0.6043789386749268,2.7636534152679832,-75.08452218770981,6.095542669296265,-375.6052029132843
PART-1-1,23,-75.0,0.0,0.0,4.817765800897053e-33,9.93860086140097e-34,-1.2000000476837158,1.2000000476837158,-75.0,9.93860086140097e-34,-1.2000000476837158
PART-1-1,24,450.0,100.0,0.0,4.817765800897053e-33,9.93860086140097e-34,-1.2000000476837158,1.2000000476837158,450.0,100.0,-1.2000000476837158
PART-1-1,25,450.0,100.0,-900.0,3.844257904244772e-36,-4.880728308898468e-35,5.098528126651645e-34,5.121980278993096e-34,450.0,100.0,-900.0
PART-1-1,26,200.0,100.0,0.0,4.817765800897053e-33,9.93860086140097e-34,-1.2000000476837158,1.2000000476837158,200.0,100.0,-1.2000000476837158
PART-1-1,27,200.0,100.0,-900.0,-1.6336284584068705e-36,-2.915041745075106e-35,2.0044871757444835e-34,2.025638268712707e-34,200.0,100.0,-900.0
PART-1-1,28,-200.0,100.0,0.0,4.817765800897053e-33,9.93860086140097e-34,-1.2000000476837158,1.2000000476837158,-200.0,100.0,-1.2000000476837158
PART-1-1,29,-200.0,100.0,-900.0,1.6336284584068705e-36,-2.915041745075106e-35,2.0044871757444835e-34,2.025638268712707e-34,-200.0,100.0,-900.0
PART-1-1,30,-450.0,100.0,0.0,4.817765800897053e-33,9.93860086140097e-34,-1.2000000476837158,1.2000000476837158,-450.0,100.0,-1.2000000476837158
PART-1-1,31,-450.0,100.0,-900.0,-3.844257904244772e-36,-4.880728308898468e-35,5.098528126651645e-34,5.121980278993096e-34,-450.0,100.0,-900.0
PART-1-1,32,-450.0,0.0,-900.0,-2.0205809846143166e-31,-1.6832811678810345e-32,-9.300201913592802e-31,9.51865733724466e-31,-450.0,-1.6832811678810345e-32,-900.0
PART-1-1,33,-400.0016784667969,-0.45692479610443115,-374.9994201660156,-0.0005099822301417589,-1.3786810636520386,-0.735113799571991,1.5624192886916626,-400.002188449027,-1.8356058597564697,-375.7345339655876
PART-1-1,34,-350.0016784667969,-0.8340169787406921,-374.9999694824219,-0.03011399507522583,-2.1660566329956055,-0.7504901885986328,2.2925845051440223,-350.0317924618721,-3.0000736117362976,-375.7504596710205
PART-1-1,35,-300.00164794921875,-0.9726758003234863,-375.0002136230469,-0.05344841256737709,-2.160305976867676,-0.7563588619232178,2.2895102914173506,-300.0550963617861,-3.132981777191162,-375.7565724849701
PART-1-1,36,-250.00152587890625,-0.7266542911529541,-375.00091552734375,-0.079438216984272,-1.396683931350708,-0.7602699995040894,1.5921830631421934,-250.08096409589052,-2.123338222503662,-375.76118552684784
PART-1-1,37,-200.0007781982422,0.03677158057689667,-328.1278076171875,-0.048535995185375214,-0.04331309720873833,-0.8109169006347656,0.8135219646411169,-200.04931419342756,-0.0065415166318416595,-328.93872451782227
PART-1-1,38,-200.00033569335938,0.02637547440826893,-281.2528381347656,0.021324515342712402,-0.03410462290048599,-0.8760936260223389,0.8770164775047021,-199.97901117801666,-0.007729148492217064,-282.12893176078796
PART-1-1,39,-199.99993896484375,0.017782147973775864,-234.37759399414062,0.06552328169345856,-0.017139727249741554,-0.9377121329307556,0.9401548356199754,-199.9344156831503,0.0006424207240343094,-235.31530612707138
PART-1-1,40,-199.99969482421875,0.009696039371192455,-187.5019989013672,0.08273298293352127,-0.008668060414493084,-0.9992889761924744,1.0027454012241748,-199.91696184128523,0.0010279789566993713,-188.50128787755966
PART-1-1,41,-199.99969482421875,0.005267768632620573,-140.62628173828125,0.0706624686717987,-0.008396185003221035,-1.0565595626831055,1.0589531575563276,-199.92903235554695,-0.003128416370600462,-141.68284130096436
PART-1-1,42,-199.9997100830078,0.0018731823656708002,-93.75080108642578,0.044501349329948425,-0.01600654050707817,-1.1089627742767334,1.109970726714331,-199.95520873367786,-0.01413335814140737,-94.85976386070251
PART-1-1,43,-200.0000457763672,0.0005744420923292637,-46.87530517578125,0.014820592477917671,-0.015941401943564415,-1.1540193557739258,1.1542246106188299,-199.98522518388927,-0.015366959851235151,-48.029324531555176
PART-1-1,44,-250.0,0.0,0.0,4.817765800897053e-33,9.93860086140097e-34,-1.2000000476837158,1.2000000476837158,-250.0,9.93860086140097e-34,-1.2000000476837158
PART-1-1,45,-300.0,0.0,0.0,4.817765800897053e-33,9.93860086140097e-34,-1.2000000476837158,1.2000000476837158,-300.0,9.93860086140097e-34,-1.2000000476837158
PART-1-1,46,-350.0,0.0,0.0,4.817765800897053e-33,9.93860086140097e-34,-1.2000000476837158,1.2000000476837158,-350.0,9.93860086140097e-34,-1.2000000476837158
PART-1-1,47,-400.0,0.0,0.0,4.817765800897053e-33,9.93860086140097e-34,-1.2000000476837158,1.2000000476837158,-400.0,9.93860086140097e-34,-1.2000000476837158
PART-1-1,48,-449.99969482421875,-0.0003294914204161614,-46.87479782104492,-0.038657449185848236,-0.02818380668759346,-1.1311928033828735,1.1322039938819173,-450.0383522734046,-0.02851329810800962,-48.005990624427795
PART-1-1,49,-449.9996643066406,-0.0009962829062715173,-93.74938201904297,-0.06629948318004608,-0.05550064891576767,-1.0853990316390991,1.088837454068837,-450.06596378982067,-0.05649693182203919,-94.83478105068207
PART-1-1,50,-449.99969482421875,-0.0025049804244190454,-140.6240234375,-0.0871473103761673,-0.08185601979494095,-1.0176403522491455,1.0246399114851201,-450.0868421345949,-0.08436100021936,-141.64166378974915
PART-1-1,51,-449.9998779296875,-0.004486731719225645,-187.49855041503906,-0.10288293659687042,-0.11316632479429245,-0.9580191373825073,0.970150598258521,-450.10276086628437,-0.1176530565135181,-188.45656955242157
PART-1-1,52,-450.000244140625,-0.007589436136186123,-234.3731689453125,-0.10923855751752853,-0.13167159259319305,-0.8919902443885803,0.9082494518737335,-450.10948269814253,-0.13926102872937918,-235.26515918970108
PART-1-1,53,-450.0006103515625,-0.01088737417012453,-281.2480773925781,-0.09539644420146942,-0.1375107318162918,-0.8327822089195251,0.8494326874001376,-450.09600679576397,-0.14839810598641634,-282.08085960149765
PART-1-1,54,-450.0011291503906,-0.014488236978650093,-328.1231689453125,-0.05101911723613739,-0.12112985551357269,-0.775378406047821,0.7864394857746865,-450.05214826762676,-0.13561809249222279,-328.8985473513603
PART-1-1,55,-400.0016784667969,-0.45692476630210876,-525.0006103515625,-0.0005099923582747579,-1.3786810636520386,-0.46488621830940247,1.4549504910267357,-400.00218845915515,-1.8356058299541473,-525.4654965698719
PART-1-1,56,-350.0016784667969,-0.8340169191360474,-525.0000610351562,-0.03011399321258068,-2.1660563945770264,-0.4495098292827606,2.212411861226804,-350.03179246000946,-3.0000733137130737,-525.449570864439
PART-1-1,57,-300.00164794921875,-0.9726757407188416,-524.9998168945312,-0.05344841629266739,-2.1603057384490967,-0.44364112615585327,2.2060360526512537,-300.0550963655114,-3.1329814791679382,-525.4434580206871
PART-1-1,58,-250.00152587890625,-0.7266542911529541,-524.9990844726562,-0.0794382095336914,-1.3966838121414185,-0.4397299885749817,1.4664237324470568,-250.08096408843994,-2.1233381032943726,-525.4388144612312
PART-1-1,59,-200.00143432617188,0.05102717876434326,-474.9991760253906,-0.16319246590137482,0.02333216369152069,-0.5512418150901794,0.575363980010406,-200.16462679207325,0.07435934245586395,-475.5504178404808
PART-1-1,60,-200.00143432617188,0.05102717876434326,-425.0008239746094,-0.163192480802536,0.02333218604326248,-0.6487582325935364,0.6693753962119705,-200.1646268069744,0.07435936480760574,-425.6495822072029
PART-1-1,61,-450.0017395019531,-0.01912616938352585,-424.9994812011719,0.0692201629281044,-0.04859989508986473,-0.6391061544418335,0.6446782588268104,-449.932519339025,-0.06772606447339058,-425.6385873556137
PART-1-1,62,-450.0017395019531,-0.01912616938352585,-475.0005187988281,0.0692201554775238,-0.048599909991025925,-0.5608938336372375,0.5672347607364568,-449.9325193464756,-0.06772607937455177,-475.56141263246536
PART-1-1,63,250.00152587890625,-0.7266542911529541,-375.00091552734375,0.079438216984272,-1.396683931350708,-0.7602699995040894,1.5921830631421934,250.08096409589052,-2.123338222503662,-375.76118552684784
PART-1-1,64,300.00164794921875,-0.9726758003234863,-375.0002136230469,0.05344841256737709,-2.160305976867676,-0.7563588619232178,2.2895102914173506,300.0550963617861,-3.132981777191162,-375.7565724849701
PART-1-1,65,350.0016784667969,-0.8340169787406921,-374.9999694824219,0.03011399507522583,-2.1660566329956055,-0.7504901885986328,2.2925845051440223,350.0317924618721,-3.0000736117362976,-375.7504596710205
PART-1-1,66,400.0016784667969,-0.45692479610443115,-374.9994201660156,0.0005099822301417589,-1.3786810636520386,-0.735113799571991,1.5624192886916626,400.002188449027,-1.8356058597564697,-375.7345339655876
PART-1-1,67,450.0011291503906,-0.014488236978650093,-328.1231689453125,0.05101911723613739,-0.12112985551357269,-0.775378406047821,0.7864394857746865,450.05214826762676,-0.13561809249222279,-328.8985473513603
PART-1-1,68,450.0006103515625,-0.01088737417012453,-281.2480773925781,0.09539644420146942,-0.1375107318162918,-0.8327822089195251,0.8494326874001376,450.09600679576397,-0.14839810598641634,-282.08085960149765
PART-1-1,69,450.000244140625,-0.007589436136186123,-234.3731689453125,0.10923855751752853,-0.13167159259319305,-0.8919902443885803,0.9082494518737335,450.10948269814253,-0.13926102872937918,-235.26515918970108
PART-1-1,70,449.9998779296875,-0.004486731719225645,-187.49855041503906,0.10288293659687042,-0.11316632479429245,-0.9580191373825073,0.970150598258521,450.10276086628437,-0.1176530565135181,-188.45656955242157
PART-1-1,71,449.99969482421875,-0.0025049804244190454,-140.6240234375,0.0871473103761673,-0.08185601979494095,-1.0176403522491455,1.0246399114851201,450.0868421345949,-0.08436100021936,-141.64166378974915
PART-1-1,72,449.9996643066406,-0.0009962829062715173,-93.74938201904297,0.06629948318004608,-0.05550064891576767,-1.0853990316390991,1.088837454068837,450.06596378982067,-0.05649693182203919,-94.83478105068207
PART-1-1,73,449.99969482421875,-0.0003294914204161614,-46.87479782104492,0.038657449185848236,-0.02818380668759346,-1.1311928033828735,1.1322039938819173,450.0383522734046,-0.02851329810800962,-48.005990624427795
PART-1-1,74,400.0,0.0,0.0,4.817765800897053e-33,9.93860086140097e-34,-1.2000000476837158,1.2000000476837158,400.0,9.93860086140097e-34,-1.2000000476837158
PART-1-1,75,350.0,0.0,0.0,4.817765800897053e-33,9.93860086140097e-34,-1.2000000476837158,1.2000000476837158,350.0,9.93860086140097e-34,-1.2000000476837158
PART-1-1,76,300.0,0.0,0.0,4.817765800897053e-33,9.93860086140097e-34,-1.2000000476837158,1.2000000476837158,300.0,9.93860086140097e-34,-1.2000000476837158
PART-1-1,77,250.0,0.0,0.0,4.817765800897053e-33,9.93860086140097e-34,-1.2000000476837158,1.2000000476837158,250.0,9.93860086140097e-34,-1.2000000476837158
PART-1-1,78,200.0000457763672,0.0005744420923292637,-46.87530517578125,-0.014820592477917671,-0.015941401943564415,-1.1540193557739258,1.1542246106188299,199.98522518388927,-0.015366959851235151,-48.029324531555176
PART-1-1,79,199.9997100830078,0.0018731823656708002,-93.75080108642578,-0.044501349329948425,-0.01600654050707817,-1.1089627742767334,1.109970726714331,199.95520873367786,-0.01413335814140737,-94.85976386070251
PART-1-1,80,199.99969482421875,0.005267768632620573,-140.62628173828125,-0.0706624686717987,-0.008396185003221035,-1.0565595626831055,1.0589531575563276,199.92903235554695,-0.003128416370600462,-141.68284130096436
PART-1-1,81,199.99969482421875,0.009696039371192455,-187.5019989013672,-0.08273298293352127,-0.008668060414493084,-0.9992889761924744,1.0027454012241748,199.91696184128523,0.0010279789566993713,-188.50128787755966
PART-1-1,82,199.99993896484375,0.017782147973775864,-234.37759399414062,-0.06552328169345856,-0.017139727249741554,-0.9377121329307556,0.9401548356199754,199.9344156831503,0.0006424207240343094,-235.31530612707138
PART-1-1,83,200.00033569335938,0.02637547440826893,-281.2528381347656,-0.021324515342712402,-0.03410462290048599,-0.8760936260223389,0.8770164775047021,199.97901117801666,-0.007729148492217064,-282.12893176078796
PART-1-1,84,200.0007781982422,0.03677158057689667,-328.1278076171875,0.048535995185375214,-0.04331309720873833,-0.8109169006347656,0.8135219646411169,200.04931419342756,-0.0065415166318416595,-328.93872451782227
PART-1-1,85,400.0016784667969,-0.45692476630210876,-525.0006103515625,0.0005099923582747579,-1.3786810636520386,-0.46488621830940247,1.4549504910267357,400.00218845915515,-1.8356058299541473,-525.4654965698719
PART-1-1,86,350.0016784667969,-0.8340169191360474,-525.0000610351562,0.03011399321258068,-2.1660563945770264,-0.4495098292827606,2.212411861226804,350.03179246000946,-3.0000733137130737,-525.449570864439
PART-1-1,87,300.00164794921875,-0.9726757407188416,-524.9998168945312,0.05344841629266739,-2.1603057384490967,-0.44364112615585327,2.2060360526512537,300.0550963655114,-3.1329814791679382,-525.4434580206871
PART-1-1,88,250.00152587890625,-0.7266542911529541,-524.9990844726562,0.0794382095336914,-1.3966838121414185,-0.4397299885749817,1.4664237324470568,250.08096408843994,-2.1233381032943726,-525.4388144612312
PART-1-1,89,200.0007781982422,0.03677158057689667,-571.8721923828125,0.04853598028421402,-0.04331314563751221,-0.3890830874443054,0.39448373718362456,200.0493141785264,-0.0065415650606155396,-572.2612754702568
PART-1-1,90,200.00033569335938,0.02637547254562378,-618.7471313476562,-0.021324533969163895,-0.03410464897751808,-0.32390639185905457,0.3263942608533936,199.9790111593902,-0.007729176431894302,-619.0710377395153
PART-1-1,91,199.99993896484375,0.017782146111130714,-665.6224365234375,-0.06552329659461975,-0.0171397365629673,-0.2622878849506378,0.2708911359900014,199.93441566824913,0.000642409548163414,-665.8847244083881
PART-1-1,92,199.99969482421875,0.00969603843986988,-712.4979858398438,-0.08273299783468246,-0.008668073453009129,-0.20071099698543549,0.2172666305233913,199.91696182638407,0.001027964986860752,-712.6986968368292
PART-1-1,93,199.99969482421875,0.005267767701297998,-759.3737182617188,-0.0706624761223793,-0.008396194316446781,-0.14344041049480438,0.1601213070570664,199.92903234809637,-0.0031284266151487827,-759.5171586722136
PART-1-1,94,199.9997100830078,0.0018731821328401566,-806.2492065429688,-0.044501349329948425,-0.01600654609501362,-0.09103727340698242,0.10258832662372247,199.95520873367786,-0.014133363962173462,-806.3402438163757
PART-1-1,95,200.0000457763672,0.00057444185949862,-853.1246948242188,-0.014820593409240246,-0.015941401943564415,-0.045980650931596756,0.05087237506763022,199.98522518295795,-0.015366960084065795,-853.1706754751503
PART-1-1,96,250.0,0.0,-900.0,1.5304856514090327e-31,-3.5303665919283917e-33,-6.648920014493945e-31,6.822885755831943e-31,250.0,-3.5303665919283917e-33,-900.0
PART-1-1,97,300.0,0.0,-900.0,1.6684058158438363e-31,2.3431738682635146e-33,-6.764095891382993e-31,6.9668587068020486e-31,300.0,2.3431738682635146e-33,-900.0
PART-1-1,98,350.0,0.0,-900.0,1.880665065870687e-31,-4.3856537101927956e-33,-7.340921313681777e-31,7.578123133038968e-31,350.0,-4.3856537101927956e-33,-900.0
PART-1-1,99,400.0,0.0,-900.0,2.368089088163727e-31,8.41355857168229e-34,-7.95976031467217e-31,8.30455904816613e-31,400.0,8.41355857168229e-34,-900.0
PART-1-1,100,449.99969482421875,-0.00032949133310467005,-853.1251831054688,0.038657449185848236,-0.02818380668759346,-0.06880725175142288,0.08380431510694282,450.0383522734046,-0.02851329802069813,-853.1939903572202
PART-1-1,101,449.9996643066406,-0.0009962827898561954,-806.2506103515625,0.06629948318004608,-0.05550065636634827,-0.11460095643997192,0.14355947737433788,450.06596378982067,-0.05649693915620446,-806.3652113080025
PART-1-1,102,449.99969482421875,-0.002504980191588402,-759.3759765625,0.0871473178267479,-0.08185604214668274,-0.18235960602760315,0.21805983708803037,450.0868421420455,-0.08436102233827114,-759.5583361685276
PART-1-1,103,449.9998779296875,-0.0044867307879030704,-712.50146484375,0.10288293659687042,-0.11316635459661484,-0.2419808804988861,0.2862625874655971,450.10276086628437,-0.11765308538451791,-712.7434457242489
PART-1-1,104,450.000244140625,-0.007589435204863548,-665.6268310546875,0.10923856496810913,-0.13167163729667664,-0.3080097734928131,0.35233578403530547,450.1094827055931,-0.13926107250154018,-665.9348408281803
PART-1-1,105,450.0006103515625,-0.010887373238801956,-618.7518920898438,0.09539647400379181,-0.13751080632209778,-0.3672178387641907,0.40355749307174654,450.0960068255663,-0.14839817956089973,-619.1191099286079
PART-1-1,106,450.0011291503906,-0.014488236047327518,-571.8768310546875,0.05101914331316948,-0.12112993746995926,-0.4246216118335724,0.4444985129019297,450.0521482937038,-0.13561817351728678,-572.3014526665211
PART-1-1,107,116.66712188720703,2.346665143966675,-375.0007019042969,0.11717785894870758,2.130157947540283,-0.6446407437324524,2.228646499689164,116.78429974615574,4.476823091506958,-375.6453426480293
PART-1-1,108,158.3340606689453,1.1113754510879517,-375.0012512207031,0.12475854903459549,1.2039260864257812,-0.688430666923523,1.392458078469324,158.4588192179799,2.315301537513733,-375.68968188762665
PART-1-1,109,158.3333282470703,0.0,0.0,4.817765800897053e-33,9.93860086140097e-34,-1.2000000476837158,1.2000000476837158,158.3333282470703,9.93860086140097e-34,-1.2000000476837158
PART-1-1,110,116.66666412353516,0.0,0.0,4.817765800897053e-33,9.93860086140097e-34,-1.2000000476837158,1.2000000476837158,116.66666412353516,9.93860086140097e-34,-1.2000000476837158
PART-1-1,111,75.00001525878906,-0.2658695876598358,-46.875247955322266,-0.013531111180782318,-0.4380688965320587,-1.2128077745437622,1.2895697526975403,74.98648414760828,-0.7039384841918945,-48.08805572986603
PART-1-1,112,75.00003814697266,-0.8996580243110657,-93.7504653930664,-0.017935477197170258,-1.4716219902038574,-1.1794288158416748,1.8860130686269243,74.98210266977549,-2.371280014514923,-94.92989420890808
PART-1-1,113,75.00001525878906,-1.5186604261398315,-140.62570190429688,-0.01736503094434738,-2.477402687072754,-1.1168005466461182,2.717548358208933,74.98265022784472,-3.9960631132125854,-141.742502450943
PART-1-1,114,75.00007629394531,-1.7268794775009155,-187.50086975097656,-0.00910764466971159,-2.8955466747283936,-1.0514625310897827,3.080559518822485,74.9909686492756,-4.622426152229309,-188.55233228206635
PART-1-1,115,75.00003814697266,-1.280448079109192,-234.37599182128906,-0.019487889483571053,-2.473806381225586,-0.9861446619033813,2.6631896447360797,74.98055025748909,-3.754254460334778,-235.36213648319244
PART-1-1,116,75.00013732910156,-0.16048850119113922,-281.25103759765625,-0.01178292278200388,-1.2678180932998657,-0.8916378617286682,1.5500063327083102,74.98835440631956,-1.428306594491005,-282.1426754593849
PART-1-1,117,75.00008392333984,1.4544113874435425,-328.12591552734375,-0.0019728613551706076,0.50518798828125,-0.7690717577934265,0.9201576844873133,74.99811106198467,1.9595993757247925,-328.8949872851372
PART-1-1,118,158.3340606689453,1.111375331878662,-524.998779296875,0.1247585341334343,1.2039259672164917,-0.5115693807601929,1.3140417260150667,158.45881920307875,2.315301299095154,-525.5103486776352
PART-1-1,119,116.66712188720703,2.3466649055480957,-524.9993286132812,0.11717784404754639,2.130157709121704,-0.5553593039512634,2.204478729621016,116.78429973125458,4.4768226146698,-525.5546879172325
PART-1-1,120,75.00008392333984,1.454411268234253,-571.8740844726562,-0.0019728634506464005,0.5051876306533813,-0.4309282600879669,0.6640162646334912,74.9981110598892,1.9595988988876343,-572.3050127327442
PART-1-1,121,75.00013732910156,-0.16048869490623474,-618.7489624023438,-0.011782923713326454,-1.2678184509277344,-0.30836212635040283,1.3048331934662667,74.98835440538824,-1.4283071458339691,-619.0573245286942
PART-1-1,122,75.00003814697266,-1.2804481983184814,-665.6240234375,-0.019487885758280754,-2.473806619644165,-0.2138553261756897,2.483109556507793,74.98055026121438,-3.7542548179626465,-665.8378787636757
PART-1-1,123,75.00007629394531,-1.726879596710205,-712.4991455078125,-0.00910764280706644,-2.8955469131469727,-0.14853747189044952,2.8993685960822693,74.99096865113825,-4.622426509857178,-712.647682979703
PART-1-1,124,75.00001525878906,-1.518660545349121,-759.374267578125,-0.017365029081702232,-2.477402687072754,-0.08319943398237228,2.4788601743473344,74.98265022970736,-3.996063232421875,-759.4574670121074
PART-1-1,125,75.00003814697266,-0.8996580839157104,-806.24951171875,-0.017935479059815407,-1.4716219902038574,-0.020571181550621986,1.4718750412215895,74.98210266791284,-2.371280074119568,-806.2700829003006
PART-1-1,126,75.00001525878906,-0.2658695876598358,-853.124755859375,-0.013531111180782318,-0.4380689263343811,0.012807792983949184,0.4384649527050752,74.98648414760828,-0.7039385139942169,-853.111948066391
PART-1-1,127,116.66666412353516,0.0,-900.0,7.34211302985464e-32,-1.0692654773514543e-34,-3.0971958069307454e-31,3.1830314555828167e-31,116.66666412353516,-1.0692654773514543e-34,-900.0
PART-1-1,128,158.3333282470703,0.0,-900.0,9.43844968830318e-32,7.584945624289952e-33,-3.909885111117502e-31,4.022909152259962e-31,158.3333282470703,7.584945624289952e-33,-900.0
PART-1-1,129,-116.66712188720703,2.3466649055480957,-524.9993286132812,-0.11717784404754639,2.130157709121704,-0.5553593039512634,2.204478729621016,-116.78429973125458,4.4768226146698,-525.5546879172325
PART-1-1,130,-158.3340606689453,1.111375331878662,-524.998779296875,-0.1247585341334343,1.2039259672164917,-0.5115693807601929,1.3140417260150667,-158.45881920307875,2.315301299095154,-525.5103486776352
PART-1-1,131,-200.0007781982422,0.03677158057689667,-571.8721923828125,-0.04853598028421402,-0.04331314563751221,-0.3890830874443054,0.39448373718362456,-200.0493141785264,-0.0065415650606155396,-572.2612754702568
PART-1-1,132,-200.00033569335938,0.02637547254562378,-618.7471313476562,0.021324533969163895,-0.03410464897751808,-0.32390639185905457,0.3263942608533936,-199.9790111593902,-0.007729176431894302,-619.0710377395153
PART-1-1,133,-199.99993896484375,0.017782146111130714,-665.6224365234375,0.06552329659461975,-0.0171397365629673,-0.2622878849506378,0.2708911359900014,-199.93441566824913,0.000642409548163414,-665.8847244083881
PART-1-1,134,-199.99969482421875,0.00969603843986988,-712.4979858398438,0.08273299783468246,-0.008668073453009129,-0.20071099698543549,0.2172666305233913,-199.91696182638407,0.001027964986860752,-712.6986968368292
PART-1-1,135,-199.99969482421875,0.005267767701297998,-759.3737182617188,0.0706624761223793,-0.008396194316446781,-0.14344041049480438,0.1601213070570664,-199.92903234809637,-0.0031284266151487827,-759.5171586722136
PART-1-1,136,-199.9997100830078,0.0018731821328401566,-806.2492065429688,0.044501349329948425,-0.01600654609501362,-0.09103727340698242,0.10258832662372247,-199.95520873367786,-0.014133363962173462,-806.3402438163757
PART-1-1,137,-200.0000457763672,0.00057444185949862,-853.1246948242188,0.014820593409240246,-0.015941401943564415,-0.045980650931596756,0.05087237506763022,-199.98522518295795,-0.015366960084065795,-853.1706754751503
PART-1-1,138,-158.3333282470703,0.0,-900.0,1.9353604653661427e-31,-3.783656237171824e-33,-5.752242579336417e-31,6.069212999053933e-31,-158.3333282470703,-3.783656237171824e-33,-900.0
PART-1-1,139,-116.66666412353516,0.0,-900.0,1.9851971940613448e-31,3.1252824683451483e-34,-5.071373211650872e-31,5.446085192002566e-31,-116.66666412353516,3.1252824683451483e-34,-900.0
PART-1-1,140,-75.00001525878906,-0.2658695876598358,-853.124755859375,0.013531111180782318,-0.4380689263343811,0.012807792983949184,0.4384649527050752,-74.98648414760828,-0.7039385139942169,-853.111948066391
PART-1-1,141,-75.00003814697266,-0.8996580839157104,-806.24951171875,0.017935479059815407,-1.4716219902038574,-0.020571181550621986,1.4718750412215895,-74.98210266791284,-2.371280074119568,-806.2700829003006
PART-1-1,142,-75.00001525878906,-1.518660545349121,-759.374267578125,0.017365029081702232,-2.477402687072754,-0.08319943398237228,2.4788601743473344,-74.98265022970736,-3.996063232421875,-759.4574670121074
PART-1-1,143,-75.00007629394531,-1.726879596710205,-712.4991455078125,0.00910764280706644,-2.8955469131469727,-0.14853747189044952,2.8993685960822693,-74.99096865113825,-4.622426509857178,-712.647682979703
PART-1-1,144,-75.00003814697266,-1.2804481983184814,-665.6240234375,0.019487885758280754,-2.473806619644165,-0.2138553261756897,2.483109556507793,-74.98055026121438,-3.7542548179626465,-665.8378787636757
PART-1-1,145,-75.00013732910156,-0.16048869490623474,-618.7489624023438,0.011782923713326454,-1.2678184509277344,-0.30836212635040283,1.3048331934662667,-74.98835440538824,-1.4283071458339691,-619.0573245286942
PART-1-1,146,-75.00008392333984,1.454411268234253,-571.8740844726562,0.0019728634506464005,0.5051876306533813,-0.4309282600879669,0.6640162646334912,-74.9981110598892,1.9595988988876343,-572.3050127327442
PART-1-1,147,-158.3340606689453,1.1113754510879517,-375.0012512207031,-0.12475854903459549,1.2039260864257812,-0.688430666923523,1.392458078469324,-158.4588192179799,2.315301537513733,-375.68968188762665
PART-1-1,148,-116.66712188720703,2.346665143966675,-375.0007019042969,-0.11717785894870758,2.130157947540283,-0.6446407437324524,2.228646499689164,-116.78429974615574,4.476823091506958,-375.6453426480293
PART-1-1,149,-75.00008392333984,1.4544113874435425,-328.12591552734375,0.0019728613551706076,0.50518798828125,-0.7690717577934265,0.9201576844873133,-74.99811106198467,1.9595993757247925,-328.8949872851372
PART-1-1,150,-75.00013732910156,-0.16048850119113922,-281.25103759765625,0.01178292278200388,-1.2678180932998657,-0.8916378617286682,1.5500063327083102,-74.98835440631956,-1.428306594491005,-282.1426754593849
PART-1-1,151,-75.00003814697266,-1.280448079109192,-234.37599182128906,0.019487889483571053,-2.473806381225586,-0.9861446619033813,2.6631896447360797,-74.98055025748909,-3.754254460334778,-235.36213648319244
PART-1-1,152,-75.00007629394531,-1.7268794775009155,-187.50086975097656,0.00910764466971159,-2.8955466747283936,-1.0514625310897827,3.080559518822485,-74.9909686492756,-4.622426152229309,-188.55233228206635
PART-1-1,153,-75.00001525878906,-1.5186604261398315,-140.62570190429688,0.01736503094434738,-2.477402687072754,-1.1168005466461182,2.717548358208933,-74.98265022784472,-3.9960631132125854,-141.742502450943
PART-1-1,154,-75.00003814697266,-0.8996580243110657,-93.7504653930664,0.017935477197170258,-1.4716219902038574,-1.1794288158416748,1.8860130686269243,-74.98210266977549,-2.371280014514923,-94.92989420890808
PART-1-1,155,-75.00001525878906,-0.2658695876598358,-46.875247955322266,0.013531111180782318,-0.4380688965320587,-1.2128077745437622,1.2895697526975403,-74.98648414760828,-0.7039384841918945,-48.08805572986603
PART-1-1,156,-116.66666412353516,0.0,0.0,4.817765800897053e-33,9.93860086140097e-34,-1.2000000476837158,1.2000000476837158,-116.66666412353516,9.93860086140097e-34,-1.2000000476837158
PART-1-1,157,-158.3333282470703,0.0,0.0,4.817765800897053e-33,9.93860086140097e-34,-1.2000000476837158,1.2000000476837158,-158.3333282470703,9.93860086140097e-34,-1.2000000476837158
PART-1-1,158,200.00143432617188,0.05102717876434326,-474.9991760253906,0.16319246590137482,0.02333216369152069,-0.5512418150901794,0.575363980010406,200.16462679207325,0.07435934245586395,-475.5504178404808
PART-1-1,159,200.00143432617188,0.05102717876434326,-425.0008239746094,0.163192480802536,0.02333218604326248,-0.6487582325935364,0.6693753962119705,200.1646268069744,0.07435936480760574,-425.6495822072029
PART-1-1,160,75.00047302246094,5.0,-425.0002136230469,0.3352603316307068,4.858917713165283,-0.5513260960578918,4.90157538934891,75.33573335409164,9.858917713165283,-425.55153971910477
PART-1-1,161,75.00047302246094,5.0,-474.9997863769531,0.3352603018283844,4.858917713165283,-0.6486738920211792,4.913477244425104,75.33573332428932,9.858917713165283,-475.6484602689743
PART-1-1,162,-25.0,0.0,-900.0,-1.2311240332277769e-31,-1.1505307079016608e-33,-3.265556690623878e-31,3.4899368557268174e-31,-25.0,-1.1505307079016608e-33,-900.0
PART-1-1,163,25.0,0.0,-900.0,-1.788841442205639e-31,5.532108873569335e-35,-4.040234269086964e-31,4.418534481080725e-31,25.0,5.532108873569335e-35,-900.0
PART-1-1,164,25.00003433227539,3.807574510574341,-524.9990844726562,-0.004905265290290117,2.7557520866394043,-0.5905988216400146,2.8183329456910466,24.9951290669851,6.563326597213745,-525.5896832942963
PART-1-1,165,-25.00003433227539,3.807574510574341,-524.9990844726562,0.004905265290290117,2.7557520866394043,-0.5905988216400146,2.8183329456910466,-24.9951290669851,6.563326597213745,-525.5896832942963
PART-1-1,166,-25.00003433227539,3.807574510574341,-375.00091552734375,0.004905263427644968,2.7557523250579834,-0.6094011664390564,2.822333205050222,-24.995129068847746,6.563326835632324,-375.6103166937828
PART-1-1,167,25.00003433227539,3.807574510574341,-375.00091552734375,-0.004905263427644968,2.7557523250579834,-0.6094011664390564,2.822333205050222,24.995129068847746,6.563326835632324,-375.6103166937828
PART-1-1,168,25.0,0.0,0.0,4.817765800897053e-33,9.93860086140097e-34,-1.2000000476837158,1.2000000476837158,25.0,9.93860086140097e-34,-1.2000000476837158
PART-1-1,169,-25.0,0.0,0.0,4.817765800897053e-33,9.93860086140097e-34,-1.2000000476837158,1.2000000476837158,-25.0,9.93860086140097e-34,-1.2000000476837158
PART-1-1,170,450.0,50.0,0.0,4.817765800897053e-33,9.93860086140097e-34,-1.2000000476837158,1.2000000476837158,450.0,50.0,-1.2000000476837158
PART-1-1,171,450.026611328125,99.99951171875,-47.36928939819336,0.3239496946334839,0.013108794577419758,-1.106238842010498,1.1527704111058403,450.3505610227585,100.01262051332742,-48.47552824020386
PART-1-1,172,450.07623291015625,99.99879455566406,-94.73847198486328,1.0565534830093384,-0.02040119655430317,-1.0554474592208862,1.493549734845089,451.1327863931656,99.97839335910976,-95.79391944408417
PART-1-1,173,450.0927429199219,99.99723815917969,-142.1078643798828,1.7824044227600098,-0.06292972713708878,-1.0086320638656616,2.0489666461633522,451.8751473426819,99.9343084320426,-143.11649644374847
PART-1-1,174,450.0369873046875,99.99507904052734,-189.47708129882812,2.124333620071411,-0.09259732067584991,-0.9974093437194824,2.348657700070613,452.1613209247589,99.9024817198515,-190.4744906425476
PART-1-1,175,449.8943786621094,99.99211120605469,-236.8460693359375,1.8296672105789185,-0.10541141778230667,-0.9900128841400146,2.0830072441616103,451.7240458726883,99.88669978827238,-237.83608222007751
PART-1-1,176,449.67999267578125,99.98881530761719,-284.2146911621094,0.7255499362945557,-0.0906091183423996,-0.9723385572433472,1.216583327308859,450.4055426120758,99.89820618927479,-285.1870297193527
PART-1-1,177,449.4375915527344,99.98548889160156,-331.58251953125,-1.049234390258789,-0.08241260051727295,-0.9137081503868103,1.3937529287894028,448.3883571624756,99.90307629108429,-332.4962276816368
PART-1-1,178,449.2269287109375,99.9828872680664,-378.94989013671875,-2.905900001525879,-0.09356050193309784,-0.8110945224761963,3.01842387857984,446.3210287094116,99.88932676613331,-379.76098465919495
PART-1-1,179,449.1047668457031,99.98141479492188,-426.3166198730469,-4.082692623138428,-0.11364966630935669,-0.6718161106109619,4.139158391286519,445.0220742225647,99.86776512861252,-426.98843598365784
PART-1-1,180,449.1047668457031,99.98141479492188,-473.6833801269531,-4.082692623138428,-0.11364968121051788,-0.5281839966773987,4.118285279022605,445.0220742225647,99.86776511371136,-474.2115641236305
PART-1-1,181,449.2269287109375,99.9828872680664,-521.050048828125,-2.9059009552001953,-0.09356053173542023,-0.3889055550098419,2.9333021435320186,446.3210277557373,99.88932673633099,-521.4389543831348
PART-1-1,182,449.4375915527344,99.98548889160156,-568.4175415039062,-1.0492321252822876,-0.08241265267133713,-0.2862917482852936,1.0907075057873958,448.3883594274521,99.90307623893023,-568.7038332521915
PART-1-1,183,449.67999267578125,99.98881530761719,-615.7853393554688,0.7255524396896362,-0.09060921519994736,-0.22766141593456268,0.7658107422360066,450.4055451154709,99.89820609241724,-616.0130007714033
PART-1-1,184,449.8943786621094,99.99211120605469,-663.1539306640625,1.8296685218811035,-0.10541149973869324,-0.20998713374137878,1.8446932212638127,451.7240471839905,99.886699706316,-663.3639177978039
PART-1-1,185,450.0369873046875,99.99507904052734,-710.5228881835938,2.1243343353271484,-0.09259737282991409,-0.2025906890630722,2.1359807183118225,452.16132164001465,99.90248166769743,-710.7254788726568
PART-1-1,186,450.0927429199219,99.99723815917969,-757.8921508789062,1.7824050188064575,-0.06292977184057236,-0.19136792421340942,1.7937529065253397,451.87514793872833,99.93430838733912,-758.0835188031197
PART-1-1,187,450.07623291015625,99.99879455566406,-805.2615356445312,1.0565532445907593,-0.020401189103722572,-0.14455252885818481,1.0665910185124394,451.132786154747,99.97839336656034,-805.4060881733894
PART-1-1,188,450.026611328125,99.99951171875,-852.6307373046875,0.32394957542419434,0.013108794577419758,-0.09376109391450882,0.3375000898441867,450.3505609035492,100.01262051332742,-852.724498398602
PART-1-1,189,450.0,50.0,-900.0,-7.724445212321879e-33,-6.285555197448552e-32,-8.515038455322641e-31,8.538555418945815e-31,450.0,50.0,-900.0
PART-1-1,190,450.0017395019531,-0.01912616938352585,-475.0005187988281,-0.0692201554775238,-0.048599909991025925,-0.5608938336372375,0.5672347607364568,449.9325193464756,-0.06772607937455177,-475.56141263246536
PART-1-1,191,450.0017395019531,-0.01912616938352585,-424.9994812011719,-0.0692201629281044,-0.04859989508986473,-0.6391061544418335,0.6446782588268104,449.932519339025,-0.06772606447339058,-425.6385873556137
PART-1-1,192,200.0,50.0,0.0,4.817765800897053e-33,9.93860086140097e-34,-1.2000000476837158,1.2000000476837158,200.0,50.0,-1.2000000476837158
PART-1-1,193,199.85391235351562,100.00114440917969,-47.36615753173828,-0.4908122718334198,0.017315173521637917,-1.1510862112045288,1.2514775135980527,199.3631000816822,100.01845958270133,-48.51724374294281
PART-1-1,194,199.5334930419922,100.00254821777344,-94.73241424560547,-1.673296570777893,-0.0023473065812140703,-1.1002839803695679,2.0026362028793803,197.8601964712143,100.00020091119222,-95.83269822597504
PART-1-1,195,199.28016662597656,100.00626373291016,-142.09811401367188,-2.8862905502319336,-0.038443420082330704,-1.0434759855270386,3.0693636423984385,196.39387607574463,99.96782031282783,-143.1415899991989
PART-1-1,196,199.2903594970703,100.01123809814453,-189.46408081054688,-3.4740712642669678,-0.05951038748025894,-1.0053857564926147,3.6171139261546306,195.81628823280334,99.95172771066427,-190.4694665670395
PART-1-1,197,199.66244506835938,100.01890563964844,-236.83050537109375,-2.9557461738586426,-0.03612251952290535,-0.9669867753982544,3.110113133712631,196.70669889450073,99.98278312012553,-237.797492146492
PART-1-1,198,200.36953735351562,100.02747344970703,-284.1981201171875,-1.193162202835083,0.00523353461176157,-0.8880055546760559,1.4873524455536187,199.17637515068054,100.03270698431879,-285.08612567186356
PART-1-1,199,201.25160217285156,100.03684997558594,-331.56793212890625,1.4231517314910889,-0.01053507812321186,-0.765086829662323,1.6158062060902882,202.67475390434265,100.02631489746273,-332.3330189585686
PART-1-1,200,202.06040954589844,100.04424285888672,-378.939453125,3.9515178203582764,-0.11432288587093353,-0.6627225279808044,4.008336806698777,206.0119273662567,99.92991997301579,-379.6021756529808
PART-1-1,201,202.54364013671875,100.04861450195312,-426.3131408691406,5.468906402587891,-0.21936576068401337,-0.6085140705108643,5.507027142772859,208.01254653930664,99.82924874126911,-426.9216549396515
PART-1-1,202,202.54364013671875,100.04861450195312,-473.6868591308594,5.468906402587891,-0.21936580538749695,-0.5914859771728516,5.50517159206071,208.01254653930664,99.82924869656563,-474.2783451080322
PART-1-1,203,202.06040954589844,100.04424285888672,-521.060546875,3.9515187740325928,-0.11432294547557831,-0.5372775793075562,3.9895159549274704,206.01192831993103,99.92991991341114,-521.5978244543076
PART-1-1,204,201.25160217285156,100.03684997558594,-568.43212890625,1.4231491088867188,-0.010535027831792831,-0.43491309881210327,1.488157846619378,202.67475128173828,100.02631494775414,-568.8670420050621
PART-1-1,205,200.36953735351562,100.02747344970703,-615.8018798828125,-1.1931648254394531,0.005233463831245899,-0.311994343996048,1.2332924067288982,199.17637252807617,100.03270691353828,-616.1138742268085
PART-1-1,206,199.66244506835938,100.01890563964844,-663.1694946289062,-2.955747127532959,-0.03612257540225983,-0.23301318287849426,2.9651376132935545,196.70669794082642,99.98278306424618,-663.4025078117847
PART-1-1,207,199.2903594970703,100.01123809814453,-710.535888671875,-3.474071741104126,-0.059510428458452225,-0.19461429119110107,3.480027395836041,195.8162877559662,99.95172766968608,-710.7305029630661
PART-1-1,208,199.28016662597656,100.00626373291016,-757.90185546875,-2.886291027069092,-0.03844344615936279,-0.15652407705783844,2.890787708945603,196.39387559890747,99.9678202867508,-758.0583795458078
PART-1-1,209,199.5334930419922,100.00254821777344,-805.2676391601562,-1.6732959747314453,-0.0023472977336496115,-0.09971592575311661,1.6762661467404003,197.86019706726074,100.00020092003979,-805.3673550859094
PART-1-1,210,199.85391235351562,100.00114440917969,-852.6338500976562,-0.4908120334148407,0.017315171658992767,-0.04891378805041313,0.49354718718257506,199.36310032010078,100.01845958083868,-852.6827638857067
PART-1-1,211,200.0,50.0,-900.0,2.287101272443605e-34,-3.229189363947573e-32,-6.106372477662879e-31,6.114905290049327e-31,200.0,50.0,-900.0
PART-1-1,212,-200.0,50.0,0.0,4.817765800897053e-33,9.93860086140097e-34,-1.2000000476837158,1.2000000476837158,-200.0,50.0,-1.2000000476837158
PART-1-1,213,-199.85391235351562,100.00114440917969,-47.36615753173828,0.4908122718334198,0.017315173521637917,-1.1510862112045288,1.2514775135980527,-199.3631000816822,100.01845958270133,-48.51724374294281
PART-1-1,214,-199.5334930419922,100.00254821777344,-94.73241424560547,1.673296570777893,-0.0023473065812140703,-1.1002839803695679,2.0026362028793803,-197.8601964712143,100.00020091119222,-95.83269822597504
PART-1-1,215,-199.28016662597656,100.00626373291016,-142.09811401367188,2.8862905502319336,-0.038443420082330704,-1.0434759855270386,3.0693636423984385,-196.39387607574463,99.96782031282783,-143.1415899991989
PART-1-1,216,-199.2903594970703,100.01123809814453,-189.46408081054688,3.4740712642669678,-0.05951038748025894,-1.0053857564926147,3.6171139261546306,-195.81628823280334,99.95172771066427,-190.4694665670395
PART-1-1,217,-199.66244506835938,100.01890563964844,-236.83050537109375,2.9557461738586426,-0.03612251952290535,-0.9669867753982544,3.110113133712631,-196.70669889450073,99.98278312012553,-237.797492146492
PART-1-1,218,-200.36953735351562,100.02747344970703,-284.1981201171875,1.193162202835083,0.00523353461176157,-0.8880055546760559,1.4873524455536187,-199.17637515068054,100.03270698431879,-285.08612567186356
PART-1-1,219,-201.25160217285156,100.03684997558594,-331.56793212890625,-1.4231517314910889,-0.01053507812321186,-0.765086829662323,1.6158062060902882,-202.67475390434265,100.02631489746273,-332.3330189585686
PART-1-1,220,-202.06040954589844,100.04424285888672,-378.939453125,-3.9515178203582764,-0.11432288587093353,-0.6627225279808044,4.008336806698777,-206.0119273662567,99.92991997301579,-379.6021756529808
PART-1-1,221,-202.54364013671875,100.04861450195312,-426.3131408691406,-5.468906402587891,-0.21936576068401337,-0.6085140705108643,5.507027142772859,-208.01254653930664,99.82924874126911,-426.9216549396515
PART-1-1,222,-202.54364013671875,100.04861450195312,-473.6868591308594,-5.468906402587891,-0.21936580538749695,-0.5914859771728516,5.50517159206071,-208.01254653930664,99.82924869656563,-474.2783451080322
PART-1-1,223,-202.06040954589844,100.04424285888672,-521.060546875,-3.9515187740325928,-0.11432294547557831,-0.5372775793075562,3.9895159549274704,-206.01192831993103,99.92991991341114,-521.5978244543076
PART-1-1,224,-201.25160217285156,100.03684997558594,-568.43212890625,-1.4231491088867188,-0.010535027831792831,-0.43491309881210327,1.488157846619378,-202.67475128173828,100.02631494775414,-568.8670420050621
PART-1-1,225,-200.36953735351562,100.02747344970703,-615.8018798828125,1.1931648254394531,0.005233463831245899,-0.311994343996048,1.2332924067288982,-199.17637252807617,100.03270691353828,-616.1138742268085
PART-1-1,226,-199.66244506835938,100.01890563964844,-663.1694946289062,2.955747127532959,-0.03612257540225983,-0.23301318287849426,2.9651376132935545,-196.70669794082642,99.98278306424618,-663.4025078117847
PART-1-1,227,-199.2903594970703,100.01123809814453,-710.535888671875,3.474071741104126,-0.059510428458452225,-0.19461429119110107,3.480027395836041,-195.8162877559662,99.95172766968608,-710.7305029630661
PART-1-1,228,-199.28016662597656,100.00626373291016,-757.90185546875,2.886291027069092,-0.03844344615936279,-0.15652407705783844,2.890787708945603,-196.39387559890747,99.9678202867508,-758.0583795458078
PART-1-1,229,-199.5334930419922,100.00254821777344,-805.2676391601562,1.6732959747314453,-0.0023472977336496115,-0.09971592575311661,1.6762661467404003,-197.86019706726074,100.00020092003979,-805.3673550859094
PART-1-1,230,-199.85391235351562,100.00114440917969,-852.6338500976562,0.4908120334148407,0.017315171658992767,-0.04891378805041313,0.49354718718257506,-199.36310032010078,100.01845958083868,-852.6827638857067
PART-1-1,231,-200.0,50.0,-900.0,-2.287101272443605e-34,-3.229189363947573e-32,-6.106372477662879e-31,6.114905290049327e-31,-200.0,50.0,-900.0
PART-1-1,232,-75.00047302246094,5.0,-474.9997863769531,-0.3352603018283844,4.858917713165283,-0.6486738920211792,4.913477244425104,-75.33573332428932,9.858917713165283,-475.6484602689743
PART-1-1,233,-75.00047302246094,5.0,-425.0002136230469,-0.3352603316307068,4.858917713165283,-0.5513260960578918,4.90157538934891,-75.33573335409164,9.858917713165283,-425.55153971910477
PART-1-1,234,-450.0,50.0,0.0,4.817765800897053e-33,9.93860086140097e-34,-1.2000000476837158,1.2000000476837158,-450.0,50.0,-1.2000000476837158
PART-1-1,235,-450.026611328125,99.99951171875,-47.36928939819336,-0.3239496946334839,0.013108794577419758,-1.106238842010498,1.1527704111058403,-450.3505610227585,100.01262051332742,-48.47552824020386
PART-1-1,236,-450.07623291015625,99.99879455566406,-94.73847198486328,-1.0565534830093384,-0.02040119655430317,-1.0554474592208862,1.493549734845089,-451.1327863931656,99.97839335910976,-95.79391944408417
PART-1-1,237,-450.0927429199219,99.99723815917969,-142.1078643798828,-1.7824044227600098,-0.06292972713708878,-1.0086320638656616,2.0489666461633522,-451.8751473426819,99.9343084320426,-143.11649644374847
PART-1-1,238,-450.0369873046875,99.99507904052734,-189.47708129882812,-2.124333620071411,-0.09259732067584991,-0.9974093437194824,2.348657700070613,-452.1613209247589,99.9024817198515,-190.4744906425476
PART-1-1,239,-449.8943786621094,99.99211120605469,-236.8460693359375,-1.8296672105789185,-0.10541141778230667,-0.9900128841400146,2.0830072441616103,-451.7240458726883,99.88669978827238,-237.83608222007751
PART-1-1,240,-449.67999267578125,99.98881530761719,-284.2146911621094,-0.7255499362945557,-0.0906091183423996,-0.9723385572433472,1.216583327308859,-450.4055426120758,99.89820618927479,-285.1870297193527
PART-1-1,241,-449.4375915527344,99.98548889160156,-331.58251953125,1.049234390258789,-0.08241260051727295,-0.9137081503868103,1.3937529287894028,-448.3883571624756,99.90307629108429,-332.4962276816368
PART-1-1,242,-449.2269287109375,99.9828872680664,-378.94989013671875,2.905900001525879,-0.09356050193309784,-0.8110945224761963,3.01842387857984,-446.3210287094116,99.88932676613331,-379.76098465919495
PART-1-1,243,-449.1047668457031,99.98141479492188,-426.3166198730469,4.082692623138428,-0.11364966630935669,-0.6718161106109619,4.139158391286519,-445.0220742225647,99.86776512861252,-426.98843598365784
PART-1-1,244,-449.1047668457031,99.98141479492188,-473.6833801269531,4.082692623138428,-0.11364968121051788,-0.5281839966773987,4.118285279022605,-445.0220742225647,99.86776511371136,-474.2115641236305
PART-1-1,245,-449.2269287109375,99.9828872680664,-521.050048828125,2.9059009552001953,-0.09356053173542023,-0.3889055550098419,2.9333021435320186,-446.3210277557373,99.88932673633099,-521.4389543831348
PART-1-1,246,-449.4375915527344,99.98548889160156,-568.4175415039062,1.0492321252822876,-0.08241265267133713,-0.2862917482852936,1.0907075057873958,-448.3883594274521,99.90307623893023,-568.7038332521915
PART-1-1,247,-449.67999267578125,99.98881530761719,-615.7853393554688,-0.7255524396896362,-0.09060921519994736,-0.22766141593456268,0.7658107422360066,-450.4055451154709,99.89820609241724,-616.0130007714033
PART-1-1,248,-449.8943786621094,99.99211120605469,-663.1539306640625,-1.8296685218811035,-0.10541149973869324,-0.20998713374137878,1.8446932212638127,-451.7240471839905,99.886699706316,-663.3639177978039
PART-1-1,249,-450.0369873046875,99.99507904052734,-710.5228881835938,-2.1243343353271484,-0.09259737282991409,-0.2025906890630722,2.1359807183118225,-452.16132164001465,99.90248166769743,-710.7254788726568
PART-1-1,250,-450.0927429199219,99.99723815917969,-757.8921508789062,-1.7824050188064575,-0.06292977184057236,-0.19136792421340942,1.7937529065253397,-451.87514793872833,99.93430838733912,-758.0835188031197
PART-1-1,251,-450.07623291015625,99.99879455566406,-805.2615356445312,-1.0565532445907593,-0.020401189103722572,-0.14455252885818481,1.0665910185124394,-451.132786154747,99.97839336656034,-805.4060881733894
PART-1-1,252,-450.026611328125,99.99951171875,-852.6307373046875,-0.32394957542419434,0.013108794577419758,-0.09376109391450882,0.3375000898441867,-450.3505609035492,100.01262051332742,-852.724498398602
PART-1-1,253,-450.0,50.0,-900.0,7.724445212321879e-33,-6.285555197448552e-32,-8.515038455322641e-31,8.538555418945815e-31,-450.0,50.0,-900.0
PART-1-1,254,-449.99969482421875,-0.00032949133310467005,-853.1251831054688,-0.038657449185848236,-0.02818380668759346,-0.06880725175142288,0.08380431510694282,-450.0383522734046,-0.02851329802069813,-853.1939903572202
PART-1-1,255,-449.9996643066406,-0.0009962827898561954,-806.2506103515625,-0.06629948318004608,-0.05550065636634827,-0.11460095643997192,0.14355947737433788,-450.06596378982067,-0.05649693915620446,-806.3652113080025
PART-1-1,256,-449.99969482421875,-0.002504980191588402,-759.3759765625,-0.0871473178267479,-0.08185604214668274,-0.18235960602760315,0.21805983708803037,-450.0868421420455,-0.08436102233827114,-759.5583361685276
PART-1-1,257,-449.9998779296875,-0.0044867307879030704,-712.50146484375,-0.10288293659687042,-0.11316635459661484,-0.2419808804988861,0.2862625874655971,-450.10276086628437,-0.11765308538451791,-712.7434457242489
PART-1-1,258,-450.000244140625,-0.007589435204863548,-665.6268310546875,-0.10923856496810913,-0.13167163729667664,-0.3080097734928131,0.35233578403530547,-450.1094827055931,-0.13926107250154018,-665.9348408281803
PART-1-1,259,-450.0006103515625,-0.010887373238801956,-618.7518920898438,-0.09539647400379181,-0.13751080632209778,-0.3672178387641907,0.40355749307174654,-450.0960068255663,-0.14839817956089973,-619.1191099286079
PART-1-1,260,-450.0011291503906,-0.014488236047327518,-571.8768310546875,-0.05101914331316948,-0.12112993746995926,-0.4246216118335724,0.4444985129019297,-450.0521482937038,-0.13561817351728678,-572.3014526665211
PART-1-1,261,-400.0,0.0,-900.0,2.538536768203157e-32,-1.0718790053695154e-32,-7.646737923991703e-31,7.651701236553192e-31,-400.0,-1.0718790053695154e-32,-900.0
PART-1-1,262,-350.0,0.0,-900.0,7.175444975576127e-32,4.0968068302049276e-33,-6.418459174840092e-31,6.45857311390717e-31,-350.0,4.0968068302049276e-33,-900.0
PART-1-1,263,-300.0,0.0,-900.0,1.396693705584882e-31,-5.084813138148922e-33,-6.888193770394783e-31,7.028552643196955e-31,-300.0,-5.084813138148922e-33,-900.0
PART-1-1,264,-250.0,0.0,-900.0,1.5367505661011752e-31,2.9978601204952105e-33,-6.638396989065384e-31,6.814016114111768e-31,-250.0,2.9978601204952105e-33,-900.0
PART-1-1,265,-400.0011901855469,-0.28746166825294495,-328.1242980957031,-0.03710678219795227,-0.5378182530403137,-0.8141615390777588,0.9764652570889997,-400.0382969677448,-0.8252799212932587,-328.9384596347809
PART-1-1,266,-350.0011901855469,-0.4994922876358032,-328.12481689453125,-0.03988884389400482,-0.759611189365387,-0.8420186042785645,1.1347227012920469,-350.0410790294409,-1.2591034770011902,-328.9668354988098
PART-1-1,267,-300.0011291503906,-0.5625820159912109,-328.1254577636719,-0.045335326343774796,-0.7138223052024841,-0.8501904606819153,1.1110451811937319,-300.0464644767344,-1.276404321193695,-328.9756482243538
PART-1-1,268,-250.00100708007812,-0.3992762267589569,-328.12615966796875,-0.04994433373212814,-0.4472750723361969,-0.841163158416748,0.9539941749732728,-250.05095141381025,-0.8465512990951538,-328.9673228263855
PART-1-1,269,-400.0006408691406,-0.10593492537736893,-281.2491149902344,-0.07824070006608963,0.3366909921169281,-0.8770999908447266,0.9427549126147965,-400.0788815692067,0.23075606673955917,-282.1262149810791
PART-1-1,270,-350.0006103515625,-0.14377249777317047,-281.2499084472656,-0.051895108073949814,0.7119505405426025,-0.9138761758804321,1.1596276726875543,-350.05250545963645,0.5681780427694321,-282.16378462314606
PART-1-1,271,-300.00054931640625,-0.13170963525772095,-281.2504577636719,-0.028998838737607002,0.7981470823287964,-0.9246063232421875,1.221792351693829,-300.02954815514386,0.6664374470710754,-282.17506408691406
PART-1-1,272,-250.0004119873047,-0.060726847499608994,-281.25140380859375,-0.004035530146211386,0.5334654450416565,-0.9044981598854065,1.0501040842664788,-250.0044475174509,0.4727385975420475,-282.15590196847916
PART-1-1,273,-400.0001220703125,0.039532165974378586,-234.3741912841797,-0.1035735234618187,0.9276329278945923,-0.9239765405654907,1.3133784569544156,-400.1036955937743,0.9671650938689709,-235.29816782474518
PART-1-1,274,-350.0000915527344,0.13393834233283997,-234.37486267089844,-0.06544528156518936,1.7570894956588745,-0.9511062502861023,1.9990622001246472,-350.06553683429956,1.8910278379917145,-235.32596892118454
PART-1-1,275,-300.0000305175781,0.20147232711315155,-234.37554931640625,-0.007196062710136175,1.8845146894454956,-0.9603163599967957,2.1151016309699817,-300.00722658028826,2.085987016558647,-235.33586567640305
PART-1-1,276,-249.99993896484375,0.1928752213716507,-234.3763427734375,0.044222380965948105,1.2168259620666504,-0.9499114155769348,1.544329219558156,-249.9557165838778,1.409701183438301,-235.32625418901443
PART-1-1,277,-399.999755859375,0.11673225462436676,-187.49929809570312,-0.10251860320568085,1.0689504146575928,-0.9621307849884033,1.4418254750219544,-400.1022744625807,1.1856826692819595,-188.46142888069153
PART-1-1,278,-349.9997253417969,0.27462124824523926,-187.49990844726562,-0.06098858267068863,1.986754298210144,-0.9670714139938354,2.2104613474197414,-350.06071392446756,2.2613755464553833,-188.46697986125946
PART-1-1,279,-299.9996643066406,0.3636704087257385,-187.50051879882812,0.003933996893465519,2.1228621006011963,-0.9711690545082092,2.334465314999315,-299.99573030974716,2.486532509326935,-188.47168785333633
PART-1-1,280,-249.9996337890625,0.3116019070148468,-187.50119018554688,0.06191054731607437,1.3771907091140747,-0.9841930270195007,1.693848599956003,-249.93772324174643,1.6887926161289215,-188.48538321256638
PART-1-1,281,-399.99957275390625,0.12185613065958023,-140.62445068359375,-0.07628997415304184,0.8334160447120667,-1.012071967124939,1.3132753444650975,-400.0758627280593,0.9552721753716469,-141.6365226507187
PART-1-1,282,-349.99951171875,0.2702089846134186,-140.62496948242188,-0.04466623440384865,1.5083091259002686,-0.9980716109275818,1.8091817024028929,-350.04417795315385,1.7785181105136871,-141.62304109334946
PART-1-1,283,-299.99951171875,0.3523067533969879,-140.6254119873047,0.00444784015417099,1.6180217266082764,-1.005745530128479,1.9051346835412661,-299.99506387859583,1.9703284800052643,-141.63115751743317
PART-1-1,284,-249.99951171875,0.29246899485588074,-140.62594604492188,0.04764658212661743,1.0783025026321411,-1.0247042179107666,1.488296078801259,-249.95186513662338,1.3707714974880219,-141.65065026283264
PART-1-1,285,-399.9995422363281,0.07584891468286514,-93.74969482421875,-0.0489167682826519,0.4280198812484741,-1.0621514320373535,1.1461934974262318,-400.0484590046108,0.5038687959313393,-94.8118462562561
PART-1-1,286,-349.99951171875,0.1682140827178955,-93.74994659423828,-0.025618065148591995,0.7883017659187317,-1.061601996421814,1.3225259007744723,-350.0251297838986,0.9565158486366272,-94.8115485906601
PART-1-1,287,-299.99951171875,0.22278963029384613,-93.75032043457031,0.001774050877429545,0.8630180358886719,-1.059637427330017,1.3666143402307156,-299.99773766787257,1.085807666182518,-94.80995786190033
PART-1-1,288,-249.9996337890625,0.1830212026834488,-93.7505874633789,0.025516675785183907,0.5781401991844177,-1.0771257877349854,1.2227416543407021,-249.97411711327732,0.7611614018678665,-94.82771325111389
PART-1-1,289,-399.99969482421875,0.02236052230000496,-46.87482452392578,-0.022155556827783585,0.10525181144475937,-1.1420427560806274,1.1470965387564325,-400.02185038104653,0.12761233374476433,-48.01686728000641
PART-1-1,290,-349.9996643066406,0.05049172788858414,-46.87500762939453,-0.008272344246506691,0.21223174035549164,-1.1279516220092773,1.1477741959492787,-350.00793665088713,0.2627234682440758,-48.00295925140381
PART-1-1,291,-299.99969482421875,0.06996733695268631,-46.8751220703125,-0.0015114693669602275,0.23586344718933105,-1.1304265260696411,1.1547718307533998,-300.0012062935857,0.30583078414201736,-48.00554859638214
PART-1-1,292,-249.99977111816406,0.056618932634592056,-46.875301361083984,0.01000228337943554,0.15852902829647064,-1.1394610404968262,1.150479448445532,-249.98976883478463,0.2151479609310627,-48.01476240158081
PART-1-1,293,-400.001953125,-0.5667832493782043,-475.0001220703125,0.022694598883390427,-1.8934109210968018,-0.558846652507782,1.9742921622612675,-399.9792585261166,-2.460194170475006,-475.5589687228203
PART-1-1,294,-350.00201416015625,-1.0527561902999878,-475.0000915527344,-0.02476753108203411,-3.079198122024536,-0.5509250164031982,3.1281932291618744,-350.0267816912383,-4.131954312324524,-475.5510165691376
PART-1-1,295,-300.0019836425781,-1.241408109664917,-474.9998474121094,-0.056059084832668304,-3.140843391418457,-0.544700562953949,3.188218708572488,-300.0580427274108,-4.382251501083374,-475.5445479750633
PART-1-1,296,-250.00186157226562,-0.945179283618927,-474.9997863769531,-0.09028775990009308,-2.0385901927948,-0.5408961176872253,2.1110590858325184,-250.09214933216572,-2.983769476413727,-475.54068249464035
PART-1-1,297,-400.001953125,-0.5667833089828491,-424.9998779296875,0.022694597020745277,-1.8934109210968018,-0.6411533951759338,1.9991492282989283,-399.97925852797925,-2.460194230079651,-425.64103132486343
PART-1-1,298,-350.00201416015625,-1.0527561902999878,-424.9999084472656,-0.024767527356743813,-3.079198122024536,-0.6490749716758728,3.1469624757767343,-350.026781687513,-4.131954312324524,-425.6489834189415
PART-1-1,299,-300.0019836425781,-1.241408109664917,-425.0001525878906,-0.0560590885579586,-3.140843391418457,-0.6552994847297668,3.208965136226014,-300.0580427311361,-4.382251501083374,-425.6554520726204
PART-1-1,300,-250.00186157226562,-0.9451793432235718,-425.0002136230469,-0.09028775244951248,-2.0385901927948,-0.6591038703918457,2.144392632977234,-250.09214932471514,-2.9837695360183716,-425.6593174934387
PART-1-1,301,250.00100708007812,-0.3992762267589569,-328.12615966796875,0.04994433373212814,-0.4472750723361969,-0.841163158416748,0.9539941749732728,250.05095141381025,-0.8465512990951538,-328.9673228263855
PART-1-1,302,300.0011291503906,-0.5625820159912109,-328.1254577636719,0.045335326343774796,-0.7138223052024841,-0.8501904606819153,1.1110451811937319,300.0464644767344,-1.276404321193695,-328.9756482243538
PART-1-1,303,350.0011901855469,-0.4994922876358032,-328.12481689453125,0.03988884389400482,-0.759611189365387,-0.8420186042785645,1.1347227012920469,350.0410790294409,-1.2591034770011902,-328.9668354988098
PART-1-1,304,400.0011901855469,-0.28746166825294495,-328.1242980957031,0.03710678219795227,-0.5378182530403137,-0.8141615390777588,0.9764652570889997,400.0382969677448,-0.8252799212932587,-328.9384596347809
PART-1-1,305,250.0004119873047,-0.060726847499608994,-281.25140380859375,0.004035530146211386,0.5334654450416565,-0.9044981598854065,1.0501040842664788,250.0044475174509,0.4727385975420475,-282.15590196847916
PART-1-1,306,300.00054931640625,-0.13170963525772095,-281.2504577636719,0.028998838737607002,0.7981470823287964,-0.9246063232421875,1.221792351693829,300.02954815514386,0.6664374470710754,-282.17506408691406
PART-1-1,307,350.0006103515625,-0.14377249777317047,-281.2499084472656,0.051895108073949814,0.7119505405426025,-0.9138761758804321,1.1596276726875543,350.05250545963645,0.5681780427694321,-282.16378462314606
PART-1-1,308,400.0006408691406,-0.10593492537736893,-281.2491149902344,0.07824070006608963,0.3366909921169281,-0.8770999908447266,0.9427549126147965,400.0788815692067,0.23075606673955917,-282.1262149810791
PART-1-1,309,249.99993896484375,0.1928752213716507,-234.3763427734375,-0.044222380965948105,1.2168259620666504,-0.9499114155769348,1.544329219558156,249.9557165838778,1.409701183438301,-235.32625418901443
PART-1-1,310,300.0000305175781,0.20147232711315155,-234.37554931640625,0.007196062710136175,1.8845146894454956,-0.9603163599967957,2.1151016309699817,300.00722658028826,2.085987016558647,-235.33586567640305
PART-1-1,311,350.0000915527344,0.13393834233283997,-234.37486267089844,0.06544528156518936,1.7570894956588745,-0.9511062502861023,1.9990622001246472,350.06553683429956,1.8910278379917145,-235.32596892118454
PART-1-1,312,400.0001220703125,0.039532165974378586,-234.3741912841797,0.1035735234618187,0.9276329278945923,-0.9239765405654907,1.3133784569544156,400.1036955937743,0.9671650938689709,-235.29816782474518
PART-1-1,313,249.9996337890625,0.3116019070148468,-187.50119018554688,-0.06191054731607437,1.3771907091140747,-0.9841930270195007,1.693848599956003,249.93772324174643,1.6887926161289215,-188.48538321256638
PART-1-1,314,299.9996643066406,0.3636704087257385,-187.50051879882812,-0.003933996893465519,2.1228621006011963,-0.9711690545082092,2.334465314999315,299.99573030974716,2.486532509326935,-188.47168785333633
PART-1-1,315,349.9997253417969,0.27462124824523926,-187.49990844726562,0.06098858267068863,1.986754298210144,-0.9670714139938354,2.2104613474197414,350.06071392446756,2.2613755464553833,-188.46697986125946
PART-1-1,316,399.999755859375,0.11673225462436676,-187.49929809570312,0.10251860320568085,1.0689504146575928,-0.9621307849884033,1.4418254750219544,400.1022744625807,1.1856826692819595,-188.46142888069153
PART-1-1,317,249.99951171875,0.29246899485588074,-140.62594604492188,-0.04764658212661743,1.0783025026321411,-1.0247042179107666,1.488296078801259,249.95186513662338,1.3707714974880219,-141.65065026283264
PART-1-1,318,299.99951171875,0.3523067533969879,-140.6254119873047,-0.00444784015417099,1.6180217266082764,-1.005745530128479,1.9051346835412661,299.99506387859583,1.9703284800052643,-141.63115751743317
PART-1-1,319,349.99951171875,0.2702089846134186,-140.62496948242188,0.04466623440384865,1.5083091259002686,-0.9980716109275818,1.8091817024028929,350.04417795315385,1.7785181105136871,-141.62304109334946
PART-1-1,320,399.99957275390625,0.12185613065958023,-140.62445068359375,0.07628997415304184,0.8334160447120667,-1.012071967124939,1.3132753444650975,400.0758627280593,0.9552721753716469,-141.6365226507187
PART-1-1,321,249.9996337890625,0.1830212026834488,-93.7505874633789,-0.025516675785183907,0.5781401991844177,-1.0771257877349854,1.2227416543407021,249.97411711327732,0.7611614018678665,-94.82771325111389
PART-1-1,322,299.99951171875,0.22278963029384613,-93.75032043457031,-0.001774050877429545,0.8630180358886719,-1.059637427330017,1.3666143402307156,299.99773766787257,1.085807666182518,-94.80995786190033
PART-1-1,323,349.99951171875,0.1682140827178955,-93.74994659423828,0.025618065148591995,0.7883017659187317,-1.061601996421814,1.3225259007744723,350.0251297838986,0.9565158486366272,-94.8115485906601
PART-1-1,324,399.9995422363281,0.07584891468286514,-93.74969482421875,0.0489167682826519,0.4280198812484741,-1.0621514320373535,1.1461934974262318,400.0484590046108,0.5038687959313393,-94.8118462562561
PART-1-1,325,249.99977111816406,0.056618932634592056,-46.875301361083984,-0.01000228337943554,0.15852902829647064,-1.1394610404968262,1.150479448445532,249.98976883478463,0.2151479609310627,-48.01476240158081
PART-1-1,326,299.99969482421875,0.06996733695268631,-46.8751220703125,0.0015114693669602275,0.23586344718933105,-1.1304265260696411,1.1547718307533998,300.0012062935857,0.30583078414201736,-48.00554859638214
PART-1-1,327,349.9996643066406,0.05049172788858414,-46.87500762939453,0.008272344246506691,0.21223174035549164,-1.1279516220092773,1.1477741959492787,350.00793665088713,0.2627234682440758,-48.00295925140381
PART-1-1,328,399.99969482421875,0.02236052230000496,-46.87482452392578,0.022155556827783585,0.10525181144475937,-1.1420427560806274,1.1470965387564325,400.02185038104653,0.12761233374476433,-48.01686728000641
PART-1-1,329,400.0011901855469,-0.28746163845062256,-571.875732421875,0.03710678964853287,-0.5378180146217346,-0.38583844900131226,0.6629452763369108,400.0382969751954,-0.8252796530723572,-572.2615708708763
PART-1-1,330,350.0011901855469,-0.49949219822883606,-571.8751831054688,0.03988884389400482,-0.7596108317375183,-0.357981413602829,0.8406844997055937,350.0410790294409,-1.2591030299663544,-572.2331645190716
PART-1-1,331,300.0011291503906,-0.5625818967819214,-571.87451171875,0.0453353188931942,-0.7138219475746155,-0.34980952739715576,0.7962184181719147,300.0464644692838,-1.2764038443565369,-572.2243212461472
PART-1-1,332,250.00100708007812,-0.39927616715431213,-571.8738403320312,0.049944326281547546,-0.4472748637199402,-0.3588368594646454,0.5755980638899495,250.05095140635967,-0.8465510308742523,-572.2326771914959
PART-1-1,333,400.0006408691406,-0.10593488067388535,-618.7509155273438,0.07824071496725082,0.33669137954711914,-0.32290002703666687,0.4730191560605226,400.0788815841079,0.2307564988732338,-619.0738155543804
PART-1-1,334,350.0006103515625,-0.1437724232673645,-618.7501220703125,0.051895108073949814,0.7119510769844055,-0.2861238420009613,0.7690476521143881,350.05250545963645,0.568178653717041,-619.0362459123135
PART-1-1,335,300.00054931640625,-0.13170954585075378,-618.74951171875,0.028998829424381256,0.7981475591659546,-0.27539366483688354,0.8448207673482258,300.02954814583063,0.6664380133152008,-619.0249053835869
PART-1-1,336,250.0004119873047,-0.06072678416967392,-618.7485961914062,0.004035515710711479,0.5334656834602356,-0.2955018877983093,0.6098551356749505,250.0044475030154,0.4727388992905617,-619.0440980792046
PART-1-1,337,400.0001220703125,0.03953219950199127,-665.6257934570312,0.10357353091239929,0.9276332855224609,-0.2760234475135803,0.9733549878087334,400.1036956012249,0.9671654850244522,-665.9018169045448
PART-1-1,338,350.0000915527344,0.13393840193748474,-665.6251220703125,0.06544528156518936,1.7570900917053223,-0.24889376759529114,1.7758369246065202,350.06553683429956,1.891028493642807,-665.8740158379078
PART-1-1,339,300.0000305175781,0.20147240161895752,-665.6244506835938,0.007196050137281418,1.8845151662826538,-0.2396836280822754,1.899709829594404,300.0072265677154,2.0859875679016113,-665.864134311676
PART-1-1,340,249.99993896484375,0.19287528097629547,-665.6236572265625,-0.0442223995923996,1.2168262004852295,-0.25008857250213623,1.2430470292427338,249.95571656525135,1.409701481461525,-665.8737457990646
PART-1-1,341,399.999755859375,0.11673228442668915,-712.500732421875,0.10251861065626144,1.0689506530761719,-0.2378692328929901,1.0998851468221416,400.10227447003126,1.185682937502861,-712.738601654768
PART-1-1,342,349.9997253417969,0.27462127804756165,-712.5000610351562,0.06098857894539833,1.9867546558380127,-0.2329285740852356,2.0012919301993852,350.0607139207423,2.2613759338855743,-712.7329896092415
PART-1-1,343,299.9996643066406,0.3636704683303833,-712.49951171875,-0.003934006672352552,2.1228623390197754,-0.2288309633731842,2.1351635995012908,299.9957302999683,2.4865328073501587,-712.7283426821232
PART-1-1,344,249.9996337890625,0.3116019666194916,-712.4988403320312,-0.061910565942525864,1.3771908283233643,-0.2158070057630539,1.39537097559385,249.93772322311997,1.6887927949428558,-712.7146473377943
PART-1-1,345,399.99957275390625,0.12185614556074142,-759.3755493164062,0.07628996670246124,0.8334161639213562,-0.18792802095413208,0.8577409879238536,400.0758627206087,0.9552723094820976,-759.5634773373604
PART-1-1,346,349.99951171875,0.27020901441574097,-759.3750610351562,0.04466623067855835,1.508309245109558,-0.20192842185497284,1.5224214063782848,350.04417794942856,1.778518259525299,-759.5769894570112
PART-1-1,347,299.99951171875,0.3523067831993103,-759.3745727539062,-0.0044478485360741615,1.618021845817566,-0.19425451755523682,1.6296469846227744,299.9950638702139,1.9703286290168762,-759.5688272714615
PART-1-1,348,249.99951171875,0.2924690246582031,-759.3740844726562,-0.04764658957719803,1.0783025026321411,-0.17529578506946564,1.093496729279149,249.9518651291728,1.3707715272903442,-759.5493802577257
PART-1-1,349,399.9995422363281,0.07584892213344574,-806.2503051757812,0.0489167645573616,0.4280199110507965,-0.1378486007452011,0.4523230381465242,400.0484590008855,0.5038688331842422,-806.3881537765265
PART-1-1,350,349.99951171875,0.1682140976190567,-806.2500610351562,0.025618059560656548,0.7883018255233765,-0.13839805126190186,0.8007684270076045,350.02512977831066,0.9565159231424332,-806.3884590864182
PART-1-1,351,299.99951171875,0.22278964519500732,-806.2496948242188,-0.001774053554981947,0.8630180954933167,-0.14036262035369873,0.8743597918520064,299.997737665195,1.085807740688324,-806.3900574445724
PART-1-1,352,249.9996337890625,0.1830212026834488,-806.2493896484375,-0.025516679510474205,0.5781401991844177,-0.1228741779923439,0.5916039675860302,249.97411710955203,0.7611614018678665,-806.3722638264298
PART-1-1,353,399.99969482421875,0.02236052416265011,-853.1251831054688,0.022155554965138435,0.10525182634592056,-0.05795722454786301,0.12217960321697113,400.0218503791839,0.12761235050857067,-853.1831403300166
PART-1-1,354,349.9996643066406,0.050491731613874435,-853.125,0.008272342383861542,0.21223174035549164,-0.07204842567443848,0.22428044699661567,350.0079366490245,0.2627234719693661,-853.1970484256744
PART-1-1,355,299.99969482421875,0.0699673444032669,-853.1248779296875,0.001511467038653791,0.23586344718933105,-0.06957351416349411,0.24591527834947793,300.0012062912574,0.30583079159259796,-853.194451443851
PART-1-1,356,249.99977111816406,0.056618932634592056,-853.1246948242188,-0.01000228337943554,0.15852902829647064,-0.060538943856954575,0.1699895944131323,249.98976883478463,0.2151479609310627,-853.1852337680757
PART-1-1,357,116.66697692871094,1.1115989685058594,-328.12615966796875,0.013878528960049152,0.4449954628944397,-0.7608271241188049,0.881516584278267,116.68085545767099,1.556594431400299,-328.88698679208755
PART-1-1,358,158.33384704589844,0.5625248551368713,-328.1266174316406,0.027370061725378036,0.2583775520324707,-0.7807043194770813,0.8228045418708599,158.36121710762382,0.820902407169342,-328.9073217511177
PART-1-1,359,116.66682434082031,-0.062412139028310776,-281.25128173828125,-0.026728233322501183,-0.9981763362884521,-0.8747276663780212,1.3274859272737765,116.64009610749781,-1.060588475316763,-282.12600940465927
PART-1-1,360,158.3336181640625,0.030731892213225365,-281.25189208984375,-0.025240305811166763,-0.568656861782074,-0.8645219802856445,1.0350874136449977,158.30837785825133,-0.5379249695688486,-282.1164140701294
PART-1-1,361,116.66680145263672,-0.8425222635269165,-234.37628173828125,-0.02928227186203003,-1.94868004322052,-0.9607497453689575,2.1728440890956366,116.63751918077469,-2.7912023067474365,-235.3370314836502
PART-1-1,362,158.33340454101562,-0.35372698307037354,-234.3767852783203,-0.052599649876356125,-1.1080758571624756,-0.943445086479187,1.456258033315247,158.28080489113927,-1.4618028402328491,-235.3202303647995
PART-1-1,363,116.66667175292969,-1.1593174934387207,-187.50112915039062,-0.033822786062955856,-2.2669150829315186,-1.0357990264892578,2.4925744918368173,116.63284896686673,-3.4262325763702393,-188.53692817687988
PART-1-1,364,158.33331298828125,-0.5079627633094788,-187.50148010253906,-0.05895255506038666,-1.2693287134170532,-1.0158884525299072,1.6268681982375675,158.27436043322086,-1.777291476726532,-188.51736855506897
PART-1-1,365,116.66668701171875,-1.0199661254882812,-140.62583923339844,-0.032339055091142654,-1.927018642425537,-1.1021714210510254,2.2201865921857524,116.63434795662761,-2.9469847679138184,-141.72801065444946
PART-1-1,366,158.33319091796875,-0.4553467035293579,-140.62611389160156,-0.059175796806812286,-1.0643082857131958,-1.0843143463134766,1.520523430791747,158.27401512116194,-1.5196549892425537,-141.71042823791504
PART-1-1,367,116.66665649414062,-0.5990449786186218,-93.7505874633789,-0.032896947115659714,-1.1345986127853394,-1.1646075248718262,1.6262554867707684,116.63375954702497,-1.7336435914039612,-94.91519498825073
PART-1-1,368,158.33328247070312,-0.2680816650390625,-93.75064086914062,-0.0415739081799984,-0.6229092478752136,-1.1379224061965942,1.2979259314206146,158.29170856252313,-0.8909909129142761,-94.88856327533722
PART-1-1,369,116.66667938232422,-0.17491066455841064,-46.875267028808594,-0.017778823152184486,-0.3344048261642456,-1.1965478658676147,1.2425254402333012,116.64890055917203,-0.5093154907226562,-48.07181489467621
PART-1-1,370,158.33331298828125,-0.0770735815167427,-46.87532043457031,-0.019881635904312134,-0.18148797750473022,-1.1783437728881836,1.1924039636504686,158.31343135237694,-0.25856155902147293,-48.053664207458496
PART-1-1,371,158.33384704589844,0.5625247955322266,-571.8734130859375,0.02737005427479744,0.258377343416214,-0.41929569840431213,0.4932715825609513,158.36121710017323,0.8209021389484406,-572.2927087843418
PART-1-1,372,116.66697692871094,1.1115988492965698,-571.8738403320312,0.01387852057814598,0.4449951648712158,-0.4391728937625885,0.6253688037534367,116.68085544928908,1.5565940141677856,-572.3130132257938
PART-1-1,373,158.3336181640625,0.030731813982129097,-618.7481079101562,-0.02524031326174736,-0.5686571002006531,-0.3354780375957489,0.6607219420688717,158.30837785080075,-0.537925286218524,-619.083585947752
PART-1-1,374,116.66682434082031,-0.06241228058934212,-618.7487182617188,-0.026728233322501183,-0.9981766939163208,-0.3252723515033722,1.0501777056226207,116.64009610749781,-1.060588974505663,-619.0739906132221
PART-1-1,375,158.33340454101562,-0.3537270426750183,-665.6232299804688,-0.05259965360164642,-1.1080760955810547,-0.2565549314022064,1.138604316689498,158.28080488741398,-1.461803138256073,-665.879784911871
PART-1-1,376,116.66680145263672,-0.842522382736206,-665.6237182617188,-0.02928227186203003,-1.9486804008483887,-0.23925024271011353,1.9635308591241663,116.63751918077469,-2.7912027835845947,-665.8629685044289
PART-1-1,377,158.33331298828125,-0.5079628229141235,-712.49853515625,-0.058952562510967255,-1.2693288326263428,-0.1841115653514862,1.2839657933369324,158.27436042577028,-1.7772916555404663,-712.6826467216015
PART-1-1,378,116.66667175292969,-1.1593176126480103,-712.4988403320312,-0.033822786062955856,-2.2669150829315186,-0.16420099139213562,2.2731057915666035,116.63284896686673,-3.426232695579529,-712.6630413234234
PART-1-1,379,158.33319091796875,-0.4553467333316803,-759.3739013671875,-0.059175796806812286,-1.0643084049224854,-0.11568562686443329,1.072211415710252,158.27401512116194,-1.5196551382541656,-759.4895869940519
PART-1-1,380,116.66668701171875,-1.0199661254882812,-759.3741455078125,-0.032339055091142654,-1.9270187616348267,-0.09782860428094864,1.9297713745395768,116.63434795662761,-2.946984887123108,-759.4719741120934
PART-1-1,381,158.33328247070312,-0.2680816948413849,-806.2493896484375,-0.041573911905288696,-0.6229092478752136,-0.062077634036540985,0.627373854959822,158.29170855879784,-0.8909909427165985,-806.311467282474
PART-1-1,382,116.66665649414062,-0.5990449786186218,-806.2493896484375,-0.032896947115659714,-1.134598731994629,-0.03539244085550308,1.1356271908699,116.63375954702497,-1.7336437106132507,-806.284782089293
PART-1-1,383,158.33331298828125,-0.0770735889673233,-853.1246948242188,-0.019881635904312134,-0.18148797750473022,-0.021656183525919914,0.18385362577305192,158.31343135237694,-0.25856156647205353,-853.1463510077447
PART-1-1,384,116.66667938232422,-0.17491066455841064,-853.124755859375,-0.017778823152184486,-0.3344048261642456,-0.003452177159488201,0.3348948967090369,116.64890055917203,-0.5093154907226562,-853.1282080365345
PART-1-1,385,-116.66697692871094,1.1115988492965698,-571.8738403320312,-0.01387852057814598,0.4449951648712158,-0.4391728937625885,0.6253688037534367,-116.68085544928908,1.5565940141677856,-572.3130132257938
PART-1-1,386,-158.33384704589844,0.5625247955322266,-571.8734130859375,-0.02737005427479744,0.258377343416214,-0.41929569840431213,0.4932715825609513,-158.36121710017323,0.8209021389484406,-572.2927087843418
PART-1-1,387,-116.66682434082031,-0.06241228058934212,-618.7487182617188,0.026728233322501183,-0.9981766939163208,-0.3252723515033722,1.0501777056226207,-116.64009610749781,-1.060588974505663,-619.0739906132221
PART-1-1,388,-158.3336181640625,0.030731813982129097,-618.7481079101562,0.02524031326174736,-0.5686571002006531,-0.3354780375957489,0.6607219420688717,-158.30837785080075,-0.537925286218524,-619.083585947752
PART-1-1,389,-116.66680145263672,-0.842522382736206,-665.6237182617188,0.02928227186203003,-1.9486804008483887,-0.23925024271011353,1.9635308591241663,-116.63751918077469,-2.7912027835845947,-665.8629685044289
PART-1-1,390,-158.33340454101562,-0.3537270426750183,-665.6232299804688,0.05259965360164642,-1.1080760955810547,-0.2565549314022064,1.138604316689498,-158.28080488741398,-1.461803138256073,-665.879784911871
PART-1-1,391,-116.66667175292969,-1.1593176126480103,-712.4988403320312,0.033822786062955856,-2.2669150829315186,-0.16420099139213562,2.2731057915666035,-116.63284896686673,-3.426232695579529,-712.6630413234234
PART-1-1,392,-158.33331298828125,-0.5079628229141235,-712.49853515625,0.058952562510967255,-1.2693288326263428,-0.1841115653514862,1.2839657933369324,-158.27436042577028,-1.7772916555404663,-712.6826467216015
PART-1-1,393,-116.66668701171875,-1.0199661254882812,-759.3741455078125,0.032339055091142654,-1.9270187616348267,-0.09782860428094864,1.9297713745395768,-116.63434795662761,-2.946984887123108,-759.4719741120934
PART-1-1,394,-158.33319091796875,-0.4553467333316803,-759.3739013671875,0.059175796806812286,-1.0643084049224854,-0.11568562686443329,1.072211415710252,-158.27401512116194,-1.5196551382541656,-759.4895869940519
PART-1-1,395,-116.66665649414062,-0.5990449786186218,-806.2493896484375,0.032896947115659714,-1.134598731994629,-0.03539244085550308,1.1356271908699,-116.63375954702497,-1.7336437106132507,-806.284782089293
PART-1-1,396,-158.33328247070312,-0.2680816948413849,-806.2493896484375,0.041573911905288696,-0.6229092478752136,-0.062077634036540985,0.627373854959822,-158.29170855879784,-0.8909909427165985,-806.311467282474
PART-1-1,397,-116.66667938232422,-0.17491066455841064,-853.124755859375,0.017778823152184486,-0.3344048261642456,-0.003452177159488201,0.3348948967090369,-116.64890055917203,-0.5093154907226562,-853.1282080365345
PART-1-1,398,-158.33331298828125,-0.0770735889673233,-853.1246948242188,0.019881635904312134,-0.18148797750473022,-0.021656183525919914,0.18385362577305192,-158.31343135237694,-0.25856156647205353,-853.1463510077447
PART-1-1,399,-158.33384704589844,0.5625248551368713,-328.1266174316406,-0.027370061725378036,0.2583775520324707,-0.7807043194770813,0.8228045418708599,-158.36121710762382,0.820902407169342,-328.9073217511177
PART-1-1,400,-116.66697692871094,1.1115989685058594,-328.12615966796875,-0.013878528960049152,0.4449954628944397,-0.7608271241188049,0.881516584278267,-116.68085545767099,1.556594431400299,-328.88698679208755
PART-1-1,401,-158.3336181640625,0.030731892213225365,-281.25189208984375,0.025240305811166763,-0.568656861782074,-0.8645219802856445,1.0350874136449977,-158.30837785825133,-0.5379249695688486,-282.1164140701294
PART-1-1,402,-116.66682434082031,-0.062412139028310776,-281.25128173828125,0.026728233322501183,-0.9981763362884521,-0.8747276663780212,1.3274859272737765,-116.64009610749781,-1.060588475316763,-282.12600940465927
PART-1-1,403,-158.33340454101562,-0.35372698307037354,-234.3767852783203,0.052599649876356125,-1.1080758571624756,-0.943445086479187,1.456258033315247,-158.28080489113927,-1.4618028402328491,-235.3202303647995
PART-1-1,404,-116.66680145263672,-0.8425222635269165,-234.37628173828125,0.02928227186203003,-1.94868004322052,-0.9607497453689575,2.1728440890956366,-116.63751918077469,-2.7912023067474365,-235.3370314836502
PART-1-1,405,-158.33331298828125,-0.5079627633094788,-187.50148010253906,0.05895255506038666,-1.2693287134170532,-1.0158884525299072,1.6268681982375675,-158.27436043322086,-1.777291476726532,-188.51736855506897
PART-1-1,406,-116.66667175292969,-1.1593174934387207,-187.50112915039062,0.033822786062955856,-2.2669150829315186,-1.0357990264892578,2.4925744918368173,-116.63284896686673,-3.4262325763702393,-188.53692817687988
PART-1-1,407,-158.33319091796875,-0.4553467035293579,-140.62611389160156,0.059175796806812286,-1.0643082857131958,-1.0843143463134766,1.520523430791747,-158.27401512116194,-1.5196549892425537,-141.71042823791504
PART-1-1,408,-116.66668701171875,-1.0199661254882812,-140.62583923339844,0.032339055091142654,-1.927018642425537,-1.1021714210510254,2.2201865921857524,-116.63434795662761,-2.9469847679138184,-141.72801065444946
PART-1-1,409,-158.33328247070312,-0.2680816650390625,-93.75064086914062,0.0415739081799984,-0.6229092478752136,-1.1379224061965942,1.2979259314206146,-158.29170856252313,-0.8909909129142761,-94.88856327533722
PART-1-1,410,-116.66665649414062,-0.5990449786186218,-93.7505874633789,0.032896947115659714,-1.1345986127853394,-1.1646075248718262,1.6262554867707684,-116.63375954702497,-1.7336435914039612,-94.91519498825073
PART-1-1,411,-158.33331298828125,-0.0770735815167427,-46.87532043457031,0.019881635904312134,-0.18148797750473022,-1.1783437728881836,1.1924039636504686,-158.31343135237694,-0.25856155902147293,-48.053664207458496
PART-1-1,412,-116.66667938232422,-0.17491066455841064,-46.875267028808594,0.017778823152184486,-0.3344048261642456,-1.1965478658676147,1.2425254402333012,-116.64890055917203,-0.5093154907226562,-48.07181489467621
PART-1-1,413,116.66728210449219,3.203120470046997,-474.9996643066406,0.25204595923423767,3.47682523727417,-0.6219242811203003,3.540992898546945,116.91932806372643,6.679945707321167,-475.6215885877609
PART-1-1,414,158.33419799804688,1.497509241104126,-474.9996643066406,0.21152807772159576,1.9464787244796753,-0.5690169930458069,2.038946760190542,158.54572607576847,3.4439879655838013,-475.56868129968643
PART-1-1,415,116.66728210449219,3.203120470046997,-425.0003356933594,0.25204595923423767,3.47682523727417,-0.5780757665634155,3.5335552193224284,116.91932806372643,6.679945707321167,-425.5784114599228
PART-1-1,416,158.33419799804688,1.497509241104126,-425.0003356933594,0.21152807772159576,1.9464787244796753,-0.6309829950332642,2.0571006520191872,158.54572607576847,3.4439879655838013,-425.63131868839264
PART-1-1,417,-25.000076293945312,1.647155523300171,-571.8740844726562,-0.015221025794744492,0.5293554067611694,-0.42435428500175476,0.6786202071062118,-25.015297319740057,2.1765109300613403,-572.298438757658
PART-1-1,418,-24.999980926513672,-0.25314459204673767,-618.7490844726562,0.013209600001573563,-1.4136983156204224,-0.2871803939342499,1.4426330093895856,-24.9867713265121,-1.66684290766716,-619.0362648665905
PART-1-1,419,-25.000064849853516,-1.588234543800354,-665.6241455078125,-0.0005761557840742171,-2.751763343811035,-0.19626523554325104,2.7587536814620517,-25.00064100563759,-4.339997887611389,-665.8204107433558
PART-1-1,420,-24.999990463256836,-2.1257474422454834,-712.499267578125,0.0051144566386938095,-3.231048107147217,-0.13471537828445435,3.2338593447323345,-24.994876006618142,-5.3567955493927,-712.6339829564095
PART-1-1,421,-25.000038146972656,-1.8710585832595825,-759.3743896484375,0.001494911964982748,-2.7770121097564697,-0.07580498605966568,2.7780469557599936,-24.998543235007674,-4.648070693016052,-759.4501946344972
PART-1-1,422,-25.0,-1.114122748374939,-806.2495727539062,0.007079627364873886,-1.6586850881576538,-0.010062234476208687,1.6587307169528283,-24.992920372635126,-2.7728078365325928,-806.2596349883825
PART-1-1,423,-25.000015258789062,-0.3317691683769226,-853.124755859375,0.004119561053812504,-0.49627888202667236,0.02221468649804592,0.49679290637561074,-24.99589569773525,-0.828048050403595,-853.102541172877
PART-1-1,424,25.000076293945312,1.647155523300171,-571.8740844726562,0.015221025794744492,0.5293554067611694,-0.42435428500175476,0.6786202071062118,25.015297319740057,2.1765109300613403,-572.298438757658
PART-1-1,425,24.999980926513672,-0.25314459204673767,-618.7490844726562,-0.013209600001573563,-1.4136983156204224,-0.2871803939342499,1.4426330093895856,24.9867713265121,-1.66684290766716,-619.0362648665905
PART-1-1,426,25.000064849853516,-1.588234543800354,-665.6241455078125,0.0005761557840742171,-2.751763343811035,-0.19626523554325104,2.7587536814620517,25.00064100563759,-4.339997887611389,-665.8204107433558
PART-1-1,427,24.999990463256836,-2.1257474422454834,-712.499267578125,-0.0051144566386938095,-3.231048107147217,-0.13471537828445435,3.2338593447323345,24.994876006618142,-5.3567955493927,-712.6339829564095
PART-1-1,428,25.000038146972656,-1.8710585832595825,-759.3743896484375,-0.001494911964982748,-2.7770121097564697,-0.07580498605966568,2.7780469557599936,24.998543235007674,-4.648070693016052,-759.4501946344972
PART-1-1,429,25.0,-1.114122748374939,-806.2495727539062,-0.007079627364873886,-1.6586850881576538,-0.010062234476208687,1.6587307169528283,24.992920372635126,-2.7728078365325928,-806.2596349883825
PART-1-1,430,25.000015258789062,-0.3317691683769226,-853.124755859375,-0.004119561053812504,-0.49627888202667236,0.02221468649804592,0.49679290637561074,24.99589569773525,-0.828048050403595,-853.102541172877
PART-1-1,431,-25.000015258789062,-0.3317691385746002,-46.875213623046875,0.0041195605881512165,-0.49627888202667236,-1.222214698791504,1.3191355007985683,-24.99589569820091,-0.8280480206012726,-48.09742832183838
PART-1-1,432,-25.0,-1.114122748374939,-93.75041961669922,0.007079627364873886,-1.6586850881576538,-1.189937710762024,2.0413814191115183,-24.992920372635126,-2.7728078365325928,-94.94035732746124
PART-1-1,433,-25.000038146972656,-1.871058464050293,-140.62559509277344,0.001494911964982748,-2.7770121097564697,-1.1241949796676636,2.9959327170024768,-24.998543235007674,-4.648070573806763,-141.7497900724411
PART-1-1,434,-24.999990463256836,-2.1257474422454834,-187.500732421875,0.005114458501338959,-3.2310478687286377,-1.0652846097946167,3.402135768538184,-24.994876004755497,-5.356795310974121,-188.56601703166962
PART-1-1,435,-25.000064849853516,-1.5882344245910645,-234.37583923339844,-0.0005761554930359125,-2.751763105392456,-1.0037347078323364,2.9291097425432104,-25.00064100534655,-4.3399975299835205,-235.37957394123077
PART-1-1,436,-24.999980926513672,-0.25314435362815857,-281.2508850097656,0.013209601864218712,-1.4136979579925537,-0.9128196239471436,1.6828416669065251,-24.986771324649453,-1.6668423116207123,-282.16370463371277
PART-1-1,437,-25.000076293945312,1.64715576171875,-328.12591552734375,-0.015221028588712215,0.5293557047843933,-0.7756457328796387,0.9391887163043815,-25.015297322534025,2.1765114665031433,-328.9015612602234
PART-1-1,438,25.000015258789062,-0.3317691385746002,-46.875213623046875,-0.0041195605881512165,-0.49627888202667236,-1.222214698791504,1.3191355007985683,24.99589569820091,-0.8280480206012726,-48.09742832183838
PART-1-1,439,25.0,-1.114122748374939,-93.75041961669922,-0.007079627364873886,-1.6586850881576538,-1.189937710762024,2.0413814191115183,24.992920372635126,-2.7728078365325928,-94.94035732746124
PART-1-1,440,25.000038146972656,-1.871058464050293,-140.62559509277344,-0.001494911964982748,-2.7770121097564697,-1.1241949796676636,2.9959327170024768,24.998543235007674,-4.648070573806763,-141.7497900724411
PART-1-1,441,24.999990463256836,-2.1257474422454834,-187.500732421875,-0.005114458501338959,-3.2310478687286377,-1.0652846097946167,3.402135768538184,24.994876004755497,-5.356795310974121,-188.56601703166962
PART-1-1,442,25.000064849853516,-1.5882344245910645,-234.37583923339844,0.0005761554930359125,-2.751763105392456,-1.0037347078323364,2.9291097425432104,25.00064100534655,-4.3399975299835205,-235.37957394123077
PART-1-1,443,24.999980926513672,-0.25314435362815857,-281.2508850097656,-0.013209601864218712,-1.4136979579925537,-0.9128196239471436,1.6828416669065251,24.986771324649453,-1.6668423116207123,-282.16370463371277
PART-1-1,444,25.000076293945312,1.64715576171875,-328.12591552734375,0.015221028588712215,0.5293557047843933,-0.7756457328796387,0.9391887163043815,25.015297322534025,2.1765114665031433,-328.9015612602234
PART-1-1,445,450.015625,49.99979019165039,-47.12190246582031,0.17114482820034027,-0.010079292580485344,-1.1338508129119873,1.1467387716039872,450.18676982820034,49.989710899069905,-48.2557532787323
PART-1-1,446,450.0450134277344,49.99888610839844,-94.24394226074219,0.5712507367134094,-0.03503129258751869,-1.0578426122665405,1.2027408648511382,450.6162641644478,49.96385481581092,-95.30178487300873
PART-1-1,447,450.0593566894531,49.997554779052734,-141.36578369140625,0.9538779258728027,-0.06894131004810333,-1.016158103942871,1.3954258467963534,451.0132346153259,49.92861346900463,-142.38194179534912
PART-1-1,448,450.0361022949219,49.99523162841797,-188.4877166748047,1.1462233066558838,-0.09574978798627853,-0.9744172692298889,1.507476336528703,451.18232560157776,49.89948184043169,-189.46213394403458
PART-1-1,449,449.9646301269531,49.99237823486328,-235.60952758789062,1.0017744302749634,-0.11001412570476532,-0.9438143968582153,1.3807391979386072,450.9664045572281,49.882364109158516,-236.55334198474884
PART-1-1,450,449.8518981933594,49.98884201049805,-282.7311706542969,0.4512309730052948,-0.10917183011770248,-0.9049025177955627,1.0170429913249992,450.30312916636467,49.879670180380344,-283.63607317209244
PART-1-1,451,449.72088623046875,49.9854850769043,-329.85284423828125,-0.45672309398651123,-0.09688608348369598,-0.8459587097167969,0.9662448117838093,449.26416313648224,49.8885989934206,-330.69880294799805
PART-1-1,452,449.6042175292969,49.98263168334961,-376.9742126464844,-1.4260189533233643,-0.09061962366104126,-0.7569311261177063,1.6169992891512819,448.1781985759735,49.89201205968857,-377.7311437726021
PART-1-1,453,449.5328063964844,49.981021881103516,-425.6581726074219,-2.04164981842041,-0.08825330436229706,-0.6497732996940613,2.144371229004499,447.49115657806396,49.89276857674122,-426.30794590711594
PART-1-1,454,449.5328063964844,49.981021881103516,-474.3418273925781,-2.04164981842041,-0.08825331181287766,-0.5502268075942993,2.11633460679011,447.49115657806396,49.89276856929064,-474.8920542001724
PART-1-1,455,449.6042175292969,49.98263168334961,-523.0258178710938,-1.4260188341140747,-0.09061966836452484,-0.44306889176368713,1.496011925885373,448.1781986951828,49.892012014985085,-523.4688867628574
PART-1-1,456,449.72088623046875,49.9854850769043,-570.1471557617188,-0.45672327280044556,-0.09688614308834076,-0.35404133796691895,0.5859422681710978,449.2641629576683,49.888598933815956,-570.5011970996857
PART-1-1,457,449.8518981933594,49.98884201049805,-617.268798828125,0.4512311518192291,-0.10917189717292786,-0.2950974702835083,0.5501005112451456,450.3031293451786,49.87967011332512,-617.5638962984085
PART-1-1,458,449.9646301269531,49.99237823486328,-664.3904418945312,1.001774787902832,-0.11001419275999069,-0.2561856210231781,1.0398494702145247,450.96640491485596,49.88236404210329,-664.6466275155544
PART-1-1,459,450.0361022949219,49.99523162841797,-711.5123291015625,1.1462236642837524,-0.09574981778860092,-0.22558270394802094,1.1721280955983961,451.1823259592056,49.89948181062937,-711.7379118055105
PART-1-1,460,450.0593566894531,49.997554779052734,-758.6342163085938,0.9538780450820923,-0.06894131749868393,-0.18384192883968353,0.9738758057101448,451.0132347345352,49.92861346155405,-758.8180582374334
PART-1-1,461,450.0450134277344,49.99888610839844,-805.756103515625,0.5712506771087646,-0.03503129258751869,-0.14215733110904694,0.5897145363187358,450.61626410484314,49.96385481581092,-805.898260846734
PART-1-1,462,450.015625,49.99979019165039,-852.8781127929688,0.17114479839801788,-0.01007929164916277,-0.06614914536476135,0.18376028834145694,450.186769798398,49.98971090000123,-852.9442619383335
PART-1-1,463,199.92210388183594,50.00032424926758,-47.12091064453125,-0.2482268065214157,4.3501207983354107e-05,-1.159133791923523,1.1854145675446968,199.67387707531452,50.00036775047556,-48.28004443645477
PART-1-1,464,199.7565155029297,50.002349853515625,-94.2415771484375,-0.8309340476989746,-0.005647407379001379,-1.100477695465088,1.3789613638719749,198.9255814552307,49.996702446136624,-95.34205484390259
PART-1-1,465,199.61973571777344,50.00518035888672,-141.36256408691406,-1.432288408279419,-0.02185993455350399,-1.0496114492416382,1.7758412472992644,198.18744730949402,49.983320424333215,-142.4121755361557
PART-1-1,466,199.61102294921875,50.0108757019043,-188.4833984375,-1.7241281270980835,-0.030264023691415787,-1.0016149282455444,1.9941830844396076,197.88689482212067,49.98061167821288,-189.48501336574554
PART-1-1,467,199.78929138183594,50.017887115478516,-235.60459899902344,-1.4813436269760132,-0.024612396955490112,-0.9516505599021912,1.760858739203261,198.30794775485992,49.993274718523026,-236.55624955892563
PART-1-1,468,200.1452178955078,50.02745819091797,-282.7262878417969,-0.6439259648323059,-0.012374273501336575,-0.8862360119819641,1.0955400676212614,199.5012919306755,50.01508391741663,-283.61252385377884
PART-1-1,469,200.60374450683594,50.0367317199707,-329.8482666015625,0.6255394220352173,-0.01584370993077755,-0.7966023683547974,1.0129787386381792,201.22928392887115,50.020888010039926,-330.6448689699173
PART-1-1,470,201.0381622314453,50.045166015625,-376.9712219238281,1.9199484586715698,-0.05018961429595947,-0.6948506832122803,2.0424344673205765,202.95811069011688,49.99497640132904,-377.6660726070404
PART-1-1,471,201.3137969970703,50.04997634887695,-425.6568298339844,2.727077007293701,-0.08705224841833115,-0.6274524927139282,2.799682790652823,204.040874004364,49.96292410045862,-426.2842823266983
PART-1-1,472,201.3137969970703,50.04997634887695,-474.3431701660156,2.727076768875122,-0.08705224096775055,-0.5725475549697876,2.787891048570185,204.04087376594543,49.9629241079092,-474.9157177209854
PART-1-1,473,201.0381622314453,50.045166015625,-523.0287475585938,1.9199482202529907,-0.05018964782357216,-0.5051493644714355,1.9859244823575684,202.9581104516983,49.99497636780143,-523.5338969230652
PART-1-1,474,200.60374450683594,50.0367317199707,-570.1516723632812,0.625540018081665,-0.01584375835955143,-0.40339767932891846,0.7445005215502019,201.2292845249176,50.02088796161115,-570.5550700426102
PART-1-1,475,200.1452178955078,50.02745819091797,-617.273681640625,-0.643925666809082,-0.01237429492175579,-0.3137640655040741,0.7164085959506463,199.50129222869873,50.01508389599621,-617.5874457061291
PART-1-1,476,199.78929138183594,50.017887115478516,-664.3953857421875,-1.4813437461853027,-0.024612419307231903,-0.24834945797920227,1.5022191979950945,198.30794763565063,49.993274696171284,-664.6437352001667
PART-1-1,477,199.61102294921875,50.0108757019043,-711.5166015625,-1.724128246307373,-0.03026404045522213,-0.19838500022888184,1.7357680519514773,197.88689470291138,49.980611661449075,-711.7149865627289
PART-1-1,478,199.61973571777344,50.00518035888672,-758.637451171875,-1.4322882890701294,-0.021859945729374886,-0.15038858354091644,1.4403278537521147,198.1874474287033,49.983320413157344,-758.7878397554159
PART-1-1,479,199.7565155029297,50.002349853515625,-805.7584228515625,-0.8309338688850403,-0.005647408775985241,-0.09952225536108017,0.8368916698105558,198.92558163404465,49.99670244473964,-805.8579451069236
PART-1-1,480,199.92210388183594,50.00032424926758,-852.8790893554688,-0.24822673201560974,4.3500807805685326e-05,-0.0408661887049675,0.25156819703360683,199.67387714982033,50.000367750075384,-852.9199555441737
PART-1-1,481,250.00186157226562,-0.945179283618927,-474.9997863769531,0.09028775990009308,-2.0385901927948,-0.5408961176872253,2.1110590858325184,250.09214933216572,-2.983769476413727,-475.54068249464035
PART-1-1,482,300.0019836425781,-1.241408109664917,-474.9998474121094,0.056059084832668304,-3.140843391418457,-0.544700562953949,3.188218708572488,300.0580427274108,-4.382251501083374,-475.5445479750633
PART-1-1,483,350.00201416015625,-1.0527561902999878,-475.0000915527344,0.02476753108203411,-3.079198122024536,-0.5509250164031982,3.1281932291618744,350.0267816912383,-4.131954312324524,-475.5510165691376
PART-1-1,484,400.001953125,-0.5667832493782043,-475.0001220703125,-0.022694598883390427,-1.8934109210968018,-0.558846652507782,1.9742921622612675,399.9792585261166,-2.460194170475006,-475.5589687228203
PART-1-1,485,250.00186157226562,-0.9451793432235718,-425.0002136230469,0.09028775244951248,-2.0385901927948,-0.6591038703918457,2.144392632977234,250.09214932471514,-2.9837695360183716,-425.6593174934387
PART-1-1,486,300.0019836425781,-1.241408109664917,-425.0001525878906,0.0560590885579586,-3.140843391418457,-0.6552994847297668,3.208965136226014,300.0580427311361,-4.382251501083374,-425.6554520726204
PART-1-1,487,350.00201416015625,-1.0527561902999878,-424.9999084472656,0.024767527356743813,-3.079198122024536,-0.6490749716758728,3.1469624757767343,350.026781687513,-4.131954312324524,-425.6489834189415
PART-1-1,488,400.001953125,-0.5667833089828491,-424.9998779296875,-0.022694597020745277,-1.8934109210968018,-0.6411533951759338,1.9991492282989283,399.97925852797925,-2.460194230079651,-425.64103132486343
PART-1-1,489,-199.92210388183594,50.00032424926758,-47.12091064453125,0.2482268065214157,4.3501207983354107e-05,-1.159133791923523,1.1854145675446968,-199.67387707531452,50.00036775047556,-48.28004443645477
PART-1-1,490,-199.7565155029297,50.002349853515625,-94.2415771484375,0.8309340476989746,-0.005647407379001379,-1.100477695465088,1.3789613638719749,-198.9255814552307,49.996702446136624,-95.34205484390259
PART-1-1,491,-199.61973571777344,50.00518035888672,-141.36256408691406,1.432288408279419,-0.02185993455350399,-1.0496114492416382,1.7758412472992644,-198.18744730949402,49.983320424333215,-142.4121755361557
PART-1-1,492,-199.61102294921875,50.0108757019043,-188.4833984375,1.7241281270980835,-0.030264023691415787,-1.0016149282455444,1.9941830844396076,-197.88689482212067,49.98061167821288,-189.48501336574554
PART-1-1,493,-199.78929138183594,50.017887115478516,-235.60459899902344,1.4813436269760132,-0.024612396955490112,-0.9516505599021912,1.760858739203261,-198.30794775485992,49.993274718523026,-236.55624955892563
PART-1-1,494,-200.1452178955078,50.02745819091797,-282.7262878417969,0.6439259648323059,-0.012374273501336575,-0.8862360119819641,1.0955400676212614,-199.5012919306755,50.01508391741663,-283.61252385377884
PART-1-1,495,-200.60374450683594,50.0367317199707,-329.8482666015625,-0.6255394220352173,-0.01584370993077755,-0.7966023683547974,1.0129787386381792,-201.22928392887115,50.020888010039926,-330.6448689699173
PART-1-1,496,-201.0381622314453,50.045166015625,-376.9712219238281,-1.9199484586715698,-0.05018961429595947,-0.6948506832122803,2.0424344673205765,-202.95811069011688,49.99497640132904,-377.6660726070404
PART-1-1,497,-201.3137969970703,50.04997634887695,-425.6568298339844,-2.727077007293701,-0.08705224841833115,-0.6274524927139282,2.799682790652823,-204.040874004364,49.96292410045862,-426.2842823266983
PART-1-1,498,-201.3137969970703,50.04997634887695,-474.3431701660156,-2.727076768875122,-0.08705224096775055,-0.5725475549697876,2.787891048570185,-204.04087376594543,49.9629241079092,-474.9157177209854
PART-1-1,499,-201.0381622314453,50.045166015625,-523.0287475585938,-1.9199482202529907,-0.05018964782357216,-0.5051493644714355,1.9859244823575684,-202.9581104516983,49.99497636780143,-523.5338969230652
PART-1-1,500,-200.60374450683594,50.0367317199707,-570.1516723632812,-0.625540018081665,-0.01584375835955143,-0.40339767932891846,0.7445005215502019,-201.2292845249176,50.02088796161115,-570.5550700426102
PART-1-1,501,-200.1452178955078,50.02745819091797,-617.273681640625,0.643925666809082,-0.01237429492175579,-0.3137640655040741,0.7164085959506463,-199.50129222869873,50.01508389599621,-617.5874457061291
PART-1-1,502,-199.78929138183594,50.017887115478516,-664.3953857421875,1.4813437461853027,-0.024612419307231903,-0.24834945797920227,1.5022191979950945,-198.30794763565063,49.993274696171284,-664.6437352001667
PART-1-1,503,-199.61102294921875,50.0108757019043,-711.5166015625,1.724128246307373,-0.03026404045522213,-0.19838500022888184,1.7357680519514773,-197.88689470291138,49.980611661449075,-711.7149865627289
PART-1-1,504,-199.61973571777344,50.00518035888672,-758.637451171875,1.4322882890701294,-0.021859945729374886,-0.15038858354091644,1.4403278537521147,-198.1874474287033,49.983320413157344,-758.7878397554159
PART-1-1,505,-199.7565155029297,50.002349853515625,-805.7584228515625,0.8309338688850403,-0.005647408775985241,-0.09952225536108017,0.8368916698105558,-198.92558163404465,49.99670244473964,-805.8579451069236
PART-1-1,506,-199.92210388183594,50.00032424926758,-852.8790893554688,0.24822673201560974,4.3500807805685326e-05,-0.0408661887049675,0.25156819703360683,-199.67387714982033,50.000367750075384,-852.9199555441737
PART-1-1,507,-116.66728210449219,3.203120470046997,-425.0003356933594,-0.25204595923423767,3.47682523727417,-0.5780757665634155,3.5335552193224284,-116.91932806372643,6.679945707321167,-425.5784114599228
PART-1-1,508,-158.33419799804688,1.497509241104126,-425.0003356933594,-0.21152807772159576,1.9464787244796753,-0.6309829950332642,2.0571006520191872,-158.54572607576847,3.4439879655838013,-425.63131868839264
PART-1-1,509,-116.66728210449219,3.203120470046997,-474.9996643066406,-0.25204595923423767,3.47682523727417,-0.6219242811203003,3.540992898546945,-116.91932806372643,6.679945707321167,-475.6215885877609
PART-1-1,510,-158.33419799804688,1.497509241104126,-474.9996643066406,-0.21152807772159576,1.9464787244796753,-0.5690169930458069,2.038946760190542,-158.54572607576847,3.4439879655838013,-475.56868129968643
PART-1-1,511,-450.015625,49.99979019165039,-47.12190246582031,-0.17114482820034027,-0.010079292580485344,-1.1338508129119873,1.1467387716039872,-450.18676982820034,49.989710899069905,-48.2557532787323
PART-1-1,512,-450.0450134277344,49.99888610839844,-94.24394226074219,-0.5712507367134094,-0.03503129258751869,-1.0578426122665405,1.2027408648511382,-450.6162641644478,49.96385481581092,-95.30178487300873
PART-1-1,513,-450.0593566894531,49.997554779052734,-141.36578369140625,-0.9538779258728027,-0.06894131004810333,-1.016158103942871,1.3954258467963534,-451.0132346153259,49.92861346900463,-142.38194179534912
PART-1-1,514,-450.0361022949219,49.99523162841797,-188.4877166748047,-1.1462233066558838,-0.09574978798627853,-0.9744172692298889,1.507476336528703,-451.18232560157776,49.89948184043169,-189.46213394403458
PART-1-1,515,-449.9646301269531,49.99237823486328,-235.60952758789062,-1.0017744302749634,-0.11001412570476532,-0.9438143968582153,1.3807391979386072,-450.9664045572281,49.882364109158516,-236.55334198474884
PART-1-1,516,-449.8518981933594,49.98884201049805,-282.7311706542969,-0.4512309730052948,-0.10917183011770248,-0.9049025177955627,1.0170429913249992,-450.30312916636467,49.879670180380344,-283.63607317209244
PART-1-1,517,-449.72088623046875,49.9854850769043,-329.85284423828125,0.45672309398651123,-0.09688608348369598,-0.8459587097167969,0.9662448117838093,-449.26416313648224,49.8885989934206,-330.69880294799805
PART-1-1,518,-449.6042175292969,49.98263168334961,-376.9742126464844,1.4260189533233643,-0.09061962366104126,-0.7569311261177063,1.6169992891512819,-448.1781985759735,49.89201205968857,-377.7311437726021
PART-1-1,519,-449.5328063964844,49.981021881103516,-425.6581726074219,2.04164981842041,-0.08825330436229706,-0.6497732996940613,2.144371229004499,-447.49115657806396,49.89276857674122,-426.30794590711594
PART-1-1,520,-449.5328063964844,49.981021881103516,-474.3418273925781,2.04164981842041,-0.08825331181287766,-0.5502268075942993,2.11633460679011,-447.49115657806396,49.89276856929064,-474.8920542001724
PART-1-1,521,-449.6042175292969,49.98263168334961,-523.0258178710938,1.4260188341140747,-0.09061966836452484,-0.44306889176368713,1.496011925885373,-448.1781986951828,49.892012014985085,-523.4688867628574
PART-1-1,522,-449.72088623046875,49.9854850769043,-570.1471557617188,0.45672327280044556,-0.09688614308834076,-0.35404133796691895,0.5859422681710978,-449.2641629576683,49.888598933815956,-570.5011970996857
PART-1-1,523,-449.8518981933594,49.98884201049805,-617.268798828125,-0.4512311518192291,-0.10917189717292786,-0.2950974702835083,0.5501005112451456,-450.3031293451786,49.87967011332512,-617.5638962984085
PART-1-1,524,-449.9646301269531,49.99237823486328,-664.3904418945312,-1.001774787902832,-0.11001419275999069,-0.2561856210231781,1.0398494702145247,-450.96640491485596,49.88236404210329,-664.6466275155544
PART-1-1,525,-450.0361022949219,49.99523162841797,-711.5123291015625,-1.1462236642837524,-0.09574981778860092,-0.22558270394802094,1.1721280955983961,-451.1823259592056,49.89948181062937,-711.7379118055105
PART-1-1,526,-450.0593566894531,49.997554779052734,-758.6342163085938,-0.9538780450820923,-0.06894131749868393,-0.18384192883968353,0.9738758057101448,-451.0132347345352,49.92861346155405,-758.8180582374334
PART-1-1,527,-450.0450134277344,49.99888610839844,-805.756103515625,-0.5712506771087646,-0.03503129258751869,-0.14215733110904694,0.5897145363187358,-450.61626410484314,49.96385481581092,-805.898260846734
PART-1-1,528,-450.015625,49.99979019165039,-852.8781127929688,-0.17114479839801788,-0.01007929164916277,-0.06614914536476135,0.18376028834145694,-450.186769798398,49.98971090000123,-852.9442619383335
PART-1-1,529,-250.00100708007812,-0.39927616715431213,-571.8738403320312,-0.049944326281547546,-0.4472748637199402,-0.3588368594646454,0.5755980638899495,-250.05095140635967,-0.8465510308742523,-572.2326771914959
PART-1-1,530,-300.0011291503906,-0.5625818967819214,-571.87451171875,-0.0453353188931942,-0.7138219475746155,-0.34980952739715576,0.7962184181719147,-300.0464644692838,-1.2764038443565369,-572.2243212461472
PART-1-1,531,-350.0011901855469,-0.49949219822883606,-571.8751831054688,-0.03988884389400482,-0.7596108317375183,-0.357981413602829,0.8406844997055937,-350.0410790294409,-1.2591030299663544,-572.2331645190716
PART-1-1,532,-400.0011901855469,-0.28746163845062256,-571.875732421875,-0.03710678964853287,-0.5378180146217346,-0.38583844900131226,0.6629452763369108,-400.0382969751954,-0.8252796530723572,-572.2615708708763
PART-1-1,533,-250.0004119873047,-0.06072678416967392,-618.7485961914062,-0.004035515710711479,0.5334656834602356,-0.2955018877983093,0.6098551356749505,-250.0044475030154,0.4727388992905617,-619.0440980792046
PART-1-1,534,-300.00054931640625,-0.13170954585075378,-618.74951171875,-0.028998829424381256,0.7981475591659546,-0.27539366483688354,0.8448207673482258,-300.02954814583063,0.6664380133152008,-619.0249053835869
PART-1-1,535,-350.0006103515625,-0.1437724232673645,-618.7501220703125,-0.051895108073949814,0.7119510769844055,-0.2861238420009613,0.7690476521143881,-350.05250545963645,0.568178653717041,-619.0362459123135
PART-1-1,536,-400.0006408691406,-0.10593488067388535,-618.7509155273438,-0.07824071496725082,0.33669137954711914,-0.32290002703666687,0.4730191560605226,-400.0788815841079,0.2307564988732338,-619.0738155543804
PART-1-1,537,-249.99993896484375,0.19287528097629547,-665.6236572265625,0.0442223995923996,1.2168262004852295,-0.25008857250213623,1.2430470292427338,-249.95571656525135,1.409701481461525,-665.8737457990646
PART-1-1,538,-300.0000305175781,0.20147240161895752,-665.6244506835938,-0.007196050137281418,1.8845151662826538,-0.2396836280822754,1.899709829594404,-300.0072265677154,2.0859875679016113,-665.864134311676
PART-1-1,539,-350.0000915527344,0.13393840193748474,-665.6251220703125,-0.06544528156518936,1.7570900917053223,-0.24889376759529114,1.7758369246065202,-350.06553683429956,1.891028493642807,-665.8740158379078
PART-1-1,540,-400.0001220703125,0.03953219950199127,-665.6257934570312,-0.10357353091239929,0.9276332855224609,-0.2760234475135803,0.9733549878087334,-400.1036956012249,0.9671654850244522,-665.9018169045448
PART-1-1,541,-249.9996337890625,0.3116019666194916,-712.4988403320312,0.061910565942525864,1.3771908283233643,-0.2158070057630539,1.39537097559385,-249.93772322311997,1.6887927949428558,-712.7146473377943
PART-1-1,542,-299.9996643066406,0.3636704683303833,-712.49951171875,0.003934006672352552,2.1228623390197754,-0.2288309633731842,2.1351635995012908,-299.9957302999683,2.4865328073501587,-712.7283426821232
PART-1-1,543,-349.9997253417969,0.27462127804756165,-712.5000610351562,-0.06098857894539833,1.9867546558380127,-0.2329285740852356,2.0012919301993852,-350.0607139207423,2.2613759338855743,-712.7329896092415
PART-1-1,544,-399.999755859375,0.11673228442668915,-712.500732421875,-0.10251861065626144,1.0689506530761719,-0.2378692328929901,1.0998851468221416,-400.10227447003126,1.185682937502861,-712.738601654768
PART-1-1,545,-249.99951171875,0.2924690246582031,-759.3740844726562,0.04764658957719803,1.0783025026321411,-0.17529578506946564,1.093496729279149,-249.9518651291728,1.3707715272903442,-759.5493802577257
PART-1-1,546,-299.99951171875,0.3523067831993103,-759.3745727539062,0.0044478485360741615,1.618021845817566,-0.19425451755523682,1.6296469846227744,-299.9950638702139,1.9703286290168762,-759.5688272714615
PART-1-1,547,-349.99951171875,0.27020901441574097,-759.3750610351562,-0.04466623067855835,1.508309245109558,-0.20192842185497284,1.5224214063782848,-350.04417794942856,1.778518259525299,-759.5769894570112
PART-1-1,548,-399.99957275390625,0.12185614556074142,-759.3755493164062,-0.07628996670246124,0.8334161639213562,-0.18792802095413208,0.8577409879238536,-400.0758627206087,0.9552723094820976,-759.5634773373604
PART-1-1,549,-249.9996337890625,0.1830212026834488,-806.2493896484375,0.025516679510474205,0.5781401991844177,-0.1228741779923439,0.5916039675860302,-249.97411710955203,0.7611614018678665,-806.3722638264298
PART-1-1,550,-299.99951171875,0.22278964519500732,-806.2496948242188,0.001774053554981947,0.8630180954933167,-0.14036262035369873,0.8743597918520064,-299.997737665195,1.085807740688324,-806.3900574445724
PART-1-1,551,-349.99951171875,0.1682140976190567,-806.2500610351562,-0.025618059560656548,0.7883018255233765,-0.13839805126190186,0.8007684270076045,-350.02512977831066,0.9565159231424332,-806.3884590864182
PART-1-1,552,-399.9995422363281,0.07584892213344574,-806.2503051757812,-0.0489167645573616,0.4280199110507965,-0.1378486007452011,0.4523230381465242,-400.0484590008855,0.5038688331842422,-806.3881537765265
PART-1-1,553,-249.99977111816406,0.056618932634592056,-853.1246948242188,0.01000228337943554,0.15852902829647064,-0.060538943856954575,0.1699895944131323,-249.98976883478463,0.2151479609310627,-853.1852337680757
PART-1-1,554,-299.99969482421875,0.0699673444032669,-853.1248779296875,-0.001511467038653791,0.23586344718933105,-0.06957351416349411,0.24591527834947793,-300.0012062912574,0.30583079159259796,-853.194451443851
PART-1-1,555,-349.9996643066406,0.050491731613874435,-853.125,-0.008272342383861542,0.21223174035549164,-0.07204842567443848,0.22428044699661567,-350.0079366490245,0.2627234719693661,-853.1970484256744
PART-1-1,556,-399.99969482421875,0.02236052416265011,-853.1251831054688,-0.022155554965138435,0.10525182634592056,-0.05795722454786301,0.12217960321697113,-400.0218503791839,0.12761235050857067,-853.1831403300166
